docid	audio_s	compute_s	generated	deleted
0	0.88	0.00013637542724609375		
0	1.76	0.039969682693481445		
0	2.64	0.0388791561126709		
0	3.52	0.38995862007141113	tous.	
0	4.4	0.48891544342041016	Bonjour à Aujourd'hui, je vais présenter	tous.
0	5.28	0.5291860103607178	nos travaux de recherche.	
0	6.16	0.6609499454498291	travail de recherche, intitulé « Apprendre à raisonner ».	nos travaux de recherche.
0	7.04	0.7848961353302002	notre travail de recherche, intitulé « Apprendre à raisonner déductive ».	travail de recherche, intitulé « Apprendre à raisonner ».
0	7.92	0.5258071422576904	de manière déductive intitulé « Apprendre à raisonner de manière déductive : les problèmes de métro ».	déductive ».
0	8.8	0.5428977012634277	: raisonner de manière déductive : la résolution de problèmes de type Metro comme ordinateur ».	intitulé « Apprendre à raisonner de manière déductive : les problèmes de métro ».
0	9.680000000000001	0.5793421268463135	la résolution de problèmes de type Metro comme extraction de régions complexes ».	raisonner de manière déductive : la résolution de problèmes de type Metro comme ordinateur ».
0	10.560000000000002	0.30683040618896484		
0	11.440000000000003	0.41776514053344727	Je suis Alan de Biden's.	extraction de régions complexes ».
0	12.320000000000004	0.6750154495239258	complexes ». Je suis Alan du laboratoire d'intelligence artificielle de Biden et ceci	de Biden's.
0	13.200000000000005	0.897451639175415	du laboratoire d'intelligence artificielle de suis Alan du laboratoire d'intelligence artificielle de Biden, et il s'agit d'un travail conjoint que nous	complexes ». Je suis Alan du laboratoire d'intelligence artificielle de Biden et ceci
0	14.080000000000005	0.6421051025390625	Biden, et il s'agit d'un travail conjoint du laboratoire d'intelligence artificielle de Biden, et il s'agit d'un travail conjoint avec Thierry du	suis Alan du laboratoire d'intelligence artificielle de Biden, et il s'agit d'un travail conjoint que nous
0	14.960000000000006	0.44254016876220703	avec Thierry l'Université de	du laboratoire d'intelligence artificielle de Biden, et il s'agit d'un travail conjoint avec Thierry du
0	15.840000000000007	0.4692082405090332	l'Université Texas à Austin.	l'Université de
0	16.720000000000006	0.4067230224609375	du Texas à Austin et où	Texas à Austin.
0	17.600000000000005	0.4509410858154297	Weidu de SUDD.	où
0	18.480000000000004	0.375124454498291	Weiru de SUDD.	Weidu de SUDD.
0	19.360000000000003	0.6962833404541016	d'abord, je voudrais parler	
0	20.240000000000002	0.6046528816223145	Tout motivation.	d'abord, je voudrais parler
0	21.12	0.43850088119506836	de notre motivation pour le raisonnement.	motivation.
0	22.0	0.3519713878631592		
0	22.88	0.3530726432800293	Voici donc un exemple.	motivation pour le raisonnement.
0	23.759999999999998	0.3489105701446533	exemples où	un exemple.
0	24.639999999999997	0.5476117134094238	un exemple illustrant le raisonnement en plusieurs étapes.	exemples où
0	25.519999999999996	0.6629226207733154	peut être utile.	illustrant le raisonnement en plusieurs étapes.
0	26.399999999999995	0.6842286586761475	montrant Cette figure	peut être utile.
0	27.279999999999994	0.7908544540405273	est extraite de	Cette figure
0	28.159999999999993	0.8486788272857666	comment le raisonnement en plusieurs étapes peut être utile. Cette figure papier PELM.	est extraite de
0	29.039999999999992	0.5890100002288818	provient du papier papier PELM, où ils ont préféré	papier PELM.
0	29.91999999999999	0.5140578746795654	PELM, où ils prompting.	papier PELM, où ils ont préféré
0	30.79999999999999	0.43273496627807617	effectuent un pour résoudre le	prompting.
0	31.67999999999999	0.48325061798095703	prompting problème de type Metro.	pour résoudre le
0	32.55999999999999	0.47072339057922363	en plusieurs étapes peut être utile. Cette figure provient du papier PELM, où ils effectuent un prompting pour résoudre le problème de méthode dans une certaine mesure.	type Metro.
0	33.43999999999999	0.607234001159668	méthode dans plusieurs étapes peut être utile. Cette figure provient du papier PELM, où ils effectuent un prompting pour résoudre le problème de méthode dans un scénario d'apprentissage par quelques exemples.	en plusieurs étapes peut être utile. Cette figure provient du papier PELM, où ils effectuent un prompting pour résoudre le problème de méthode dans une certaine mesure.
0	34.31999999999999	0.5234622955322266		
0	35.199999999999996	0.3213636875152588	raisonnement. Voici donc un exemple montrant comment le raisonnement en plusieurs étapes peut être utile. Cette figure provient du papier PELM, où ils effectuent un prompting pour résoudre le problème de méthode dans un scénario d'apprentissage par quelques exemples. Sur le réseau	plusieurs étapes peut être utile. Cette figure provient du papier PELM, où ils effectuent un prompting pour résoudre le problème de méthode dans un scénario d'apprentissage par quelques exemples.
0	36.08	0.4153876304626465	PELM, où ils effectuent un prompting pour résoudre le problème de méthode dans un scénario d'apprentissage par quelques exemples. Du côté NetPen, nous	raisonnement. Voici donc un exemple montrant comment le raisonnement en plusieurs étapes peut être utile. Cette figure provient du papier PELM, où ils effectuent un prompting pour résoudre le problème de méthode dans un scénario d'apprentissage par quelques exemples. Sur le réseau
0	36.96	0.5503003597259521	peut être utile. Cette figure provient du papier PELM, où ils effectuent un prompting pour résoudre le problème de méthode dans un scénario d'apprentissage par quelques exemples. Du côté NetPen, nous pouvons voir si nous	PELM, où ils effectuent un prompting pour résoudre le problème de méthode dans un scénario d'apprentissage par quelques exemples. Du côté NetPen, nous
0	37.84	0.5202121734619141	pouvons voir	peut être utile. Cette figure provient du papier PELM, où ils effectuent un prompting pour résoudre le problème de méthode dans un scénario d'apprentissage par quelques exemples. Du côté NetPen, nous pouvons voir si nous
0	38.720000000000006	0.496732234954834	que si nous exemples. Du côté NetPen, nous pouvons voir que si nous fournissons certains exemples avec seulement	
0	39.60000000000001	0.5946166515350342	fournissons question et une réponse.	exemples. Du côté NetPen, nous pouvons voir que si nous fournissons certains exemples avec seulement
0	40.48000000000001	0.6902310848236084	quelques exemples contenant uniquement peut être utile. Cette figure provient du papier PELM, où ils effectuent un prompting pour résoudre le problème de méthode dans un scénario d'apprentissage par quelques exemples. Du côté NetPen, nous pouvons voir que si nous fournissons quelques exemples contenant uniquement des questions et des réponses, nous pourrions	question et une réponse.
0	41.360000000000014	0.7884783744812012	questions et des réponses, nous pourrions ne pas être en mesure d'obtenir	peut être utile. Cette figure provient du papier PELM, où ils effectuent un prompting pour résoudre le problème de méthode dans un scénario d'apprentissage par quelques exemples. Du côté NetPen, nous pouvons voir que si nous fournissons quelques exemples contenant uniquement des questions et des réponses, nous pourrions
0	42.240000000000016	0.4460427761077881	ne pas le problème de méthode dans un scénario d'apprentissage par quelques exemples. Du côté NetPen, nous pouvons voir que si nous fournissons quelques exemples contenant uniquement des questions et des réponses, nous pourrions ne pas obtenir les bonnes réponses.	questions et des réponses, nous pourrions ne pas être en mesure d'obtenir
0	43.12000000000002	0.296032190322876		le problème de méthode dans un scénario d'apprentissage par quelques exemples. Du côté NetPen, nous pouvons voir que si nous fournissons quelques exemples contenant uniquement des questions et des réponses, nous pourrions ne pas obtenir les bonnes réponses.
0	44.00000000000002	0.46944427490234375	nous pouvons voir que si nous fournissons quelques exemples contenant uniquement des questions et des réponses, nous pourrions ne pas obtenir les bonnes réponses. Mais si nous en fournissons davantage	
0	44.880000000000024	0.6074845790863037	Mais si nous description de raisonnement supplémentaire,	nous pouvons voir que si nous fournissons quelques exemples contenant uniquement des questions et des réponses, nous pourrions ne pas obtenir les bonnes réponses. Mais si nous en fournissons davantage
0	45.760000000000026	0.5896508693695068	fournissons une le modèle	description de raisonnement supplémentaire,
0	46.64000000000003	0.4699089527130127	capable de prédire	
0	47.52000000000003	0.5605323314666748	est raisonnement.	capable de prédire
0	48.400000000000034	0.41446733474731445	cette description de description de raisonnement supplémentaire, le modèle est capable de prédire cette description de raisonnement.	raisonnement.
0	49.28000000000004	0.22832751274108887	et des réponses, nous pourrions ne pas obtenir les bonnes réponses. Mais si nous fournissons une description de raisonnement supplémentaire, le modèle est capable de prédire cette description de raisonnement.	description de raisonnement supplémentaire, le modèle est capable de prédire cette description de raisonnement.
0	50.16000000000004	0.2337782382965088	bonnes réponses. Mais si nous fournissons une description de raisonnement supplémentaire, le modèle est capable de prédire cette description de raisonnement.	et des réponses, nous pourrions ne pas obtenir les bonnes réponses. Mais si nous fournissons une description de raisonnement supplémentaire, le modèle est capable de prédire cette description de raisonnement.
0	51.04000000000004	0.6048870086669922	ici.	bonnes réponses. Mais si nous fournissons une description de raisonnement supplémentaire, le modèle est capable de prédire cette description de raisonnement.
0	51.920000000000044	0.48682475090026855	Il peut également effectuer une prédiction correcte	ici.
0	52.80000000000005	0.13262677192687988		
0	53.68000000000005	0.44967007637023926	bonnes réponses. Mais si nous fournissons une description de raisonnement supplémentaire, le modèle est capable de prédire cette description de raisonnement. Il peut également effectuer une prédiction correcte ici. C'est donc une bonne chose	
0	54.56000000000005	0.6035981178283691	d'avoir une interprétabilité	bonnes réponses. Mais si nous fournissons une description de raisonnement supplémentaire, le modèle est capable de prédire cette description de raisonnement. Il peut également effectuer une prédiction correcte ici. C'est donc une bonne chose
0	55.440000000000055	0.8013229370117188	Il est donc bon d'avoir étapes interprétable.	d'avoir une interprétabilité
0	56.32000000000006	0.633737325668335	un raisonnement en plusieurs étapes raisonnement supplémentaire, le modèle est capable de prédire cette description de raisonnement. Il peut également effectuer une prédiction correcte ici. Il est donc bon d'avoir un raisonnement en plusieurs étapes interprétable en sortie.	étapes interprétable.
0	57.20000000000006	0.3597533702850342		raisonnement supplémentaire, le modèle est capable de prédire cette description de raisonnement. Il peut également effectuer une prédiction correcte ici. Il est donc bon d'avoir un raisonnement en plusieurs étapes interprétable en sortie.
0	58.08000000000006	0.4300837516784668	nous fournissons une description de raisonnement supplémentaire, le modèle est capable de prédire cette description de raisonnement. Il peut également effectuer une prédiction correcte ici. Il est donc bon d'avoir un raisonnement en plusieurs étapes interprétable en sortie. Nous pensons également que	
0	58.960000000000065	0.6062979698181152	problème de type Metro	nous fournissons une description de raisonnement supplémentaire, le modèle est capable de prédire cette description de raisonnement. Il peut également effectuer une prédiction correcte ici. Il est donc bon d'avoir un raisonnement en plusieurs étapes interprétable en sortie. Nous pensons également que
0	59.84000000000007	0.5587160587310791	le problème de supplémentaire, le modèle est capable de prédire cette description de raisonnement. Il peut également effectuer une prédiction correcte ici. Il est donc bon d'avoir un raisonnement en plusieurs étapes interprétable en sortie. Nous pensons également que le problème de méthode va poser un problème.	problème de type Metro
0	60.72000000000007	0.456162691116333	méthode problème de méthode est une application simple.	supplémentaire, le modèle est capable de prédire cette description de raisonnement. Il peut également effectuer une prédiction correcte ici. Il est donc bon d'avoir un raisonnement en plusieurs étapes interprétable en sortie. Nous pensons également que le problème de méthode va poser un problème.
0	61.60000000000007	0.5995104312896729	est une application correcte ici. Il est donc bon d'avoir un raisonnement en plusieurs étapes interprétable en sortie. Nous pensons également que le problème de méthode est une application simple et directe pour évaluer.	problème de méthode est une application simple.
0	62.480000000000075	0.5883255004882812	simple correcte ici. Il est donc bon d'avoir un raisonnement en plusieurs étapes interprétable en sortie. Nous pensons également que le problème de méthode est une application simple pour évaluer ce type de raisonnement.	correcte ici. Il est donc bon d'avoir un raisonnement en plusieurs étapes interprétable en sortie. Nous pensons également que le problème de méthode est une application simple et directe pour évaluer.
0	63.36000000000008	0.5561933517456055	raisonnement.	correcte ici. Il est donc bon d'avoir un raisonnement en plusieurs étapes interprétable en sortie. Nous pensons également que le problème de méthode est une application simple pour évaluer ce type de raisonnement.
0	64.24000000000008	0.26840686798095703	Il peut également effectuer une prédiction correcte ici. Il est donc bon d'avoir un raisonnement en plusieurs étapes interprétable en sortie. Nous pensons également que le problème de méthode est une application simple pour évaluer ce type de raisonnement.	
0	65.12000000000008	0.2553234100341797	raisonnement.	raisonnement. Il peut également effectuer une prédiction correcte ici. Il est donc bon d'avoir un raisonnement en plusieurs étapes interprétable en sortie. Nous pensons également que le problème de méthode est une application simple pour évaluer ce type de raisonnement.
0	66.00000000000007	0.38528966903686523	Donc, ici	raisonnement.
0	66.88000000000007	0.42696619033813477	en plusieurs étapes interprétable en sortie. Nous pensons également que le problème de méthode est une application simple pour évaluer ce type de raisonnement. Voici donc notre problème.	Donc, ici
0	67.76000000000006	0.4892919063568115	Voici donc notre configuration de problème	en plusieurs étapes interprétable en sortie. Nous pensons également que le problème de méthode est une application simple pour évaluer ce type de raisonnement. Voici donc notre problème.
0	68.64000000000006	0.5574498176574707	configuration de problème : étant donné la question	
0	69.52000000000005	0.6601016521453857	: étant donné donné les questions à résoudre, nous devons	configuration de problème : étant donné la question
0	70.40000000000005	0.6457624435424805	les résoudre cette question et	donné les questions à résoudre, nous devons
0	71.28000000000004	0.6066136360168457	questions, nous devons	résoudre cette question et
0	72.16000000000004	0.47972965240478516	obtenir numérique.	
0	73.04000000000003	0.44785022735595703	numériques.	numérique.
0	73.92000000000003	0.5818300247192383	des réponses Dans nos données	numériques.
0	74.80000000000003	0.6192789077758789	Nous pensons également que le problème de méthode est une application simple pour évaluer ce type de raisonnement. Voici donc notre configuration de problème : étant donné les questions, nous devons résoudre cette question et obtenir des réponses numériques. Dans nos jeux de données, nous sommes	données
0	75.68000000000002	0.5899684429168701	également que le problème de méthode est une application simple pour évaluer ce type de raisonnement. Voici donc notre configuration de problème : étant donné les questions, nous devons résoudre cette question et obtenir des réponses numériques. Dans nos jeux de données, nous sommes également fournis	Nous pensons également que le problème de méthode est une application simple pour évaluer ce type de raisonnement. Voici donc notre configuration de problème : étant donné les questions, nous devons résoudre cette question et obtenir des réponses numériques. Dans nos jeux de données, nous sommes
0	76.56000000000002	0.5892994403839111	Nous pensons également que le problème de méthode est une application simple pour évaluer ce type de raisonnement. Voici donc notre configuration de problème : étant donné les questions, nous devons résoudre cette question et obtenir des réponses numériques. Dans nos jeux de données, nous sommes également fournis avec des exemples mathématiques.	que le problème de méthode est une application simple pour évaluer ce type de raisonnement. Voici donc notre configuration de problème : étant donné les questions, nous devons résoudre cette question et obtenir des réponses numériques. Dans nos jeux de données, nous sommes également fournis
0	77.44000000000001	0.5707025527954102	avec Nous pensons également que le problème de méthode est une application simple pour évaluer ce type de raisonnement. Voici donc notre configuration de problème : étant donné les questions, nous devons résoudre cette question et obtenir des réponses numériques. Dans nos jeux de données, nous sommes également fournis avec l'expression mathématique.	Nous pensons également que le problème de méthode est une application simple pour évaluer ce type de raisonnement. Voici donc notre configuration de problème : étant donné les questions, nous devons résoudre cette question et obtenir des réponses numériques. Dans nos jeux de données, nous sommes également fournis avec des exemples mathématiques.
0	78.32000000000001	0.6546740531921387	l'expression également que le problème de méthode est une application simple pour évaluer ce type de raisonnement. Voici donc notre configuration de problème : étant donné les questions, nous devons résoudre cette question et obtenir des réponses numériques. Dans nos jeux de données, nous sommes également fournis avec l'expression mathématique qui mène à	Nous pensons également que le problème de méthode est une application simple pour évaluer ce type de raisonnement. Voici donc notre configuration de problème : étant donné les questions, nous devons résoudre cette question et obtenir des réponses numériques. Dans nos jeux de données, nous sommes également fournis avec l'expression mathématique.
0	79.2	0.5461552143096924	à	également que le problème de méthode est une application simple pour évaluer ce type de raisonnement. Voici donc notre configuration de problème : étant donné les questions, nous devons résoudre cette question et obtenir des réponses numériques. Dans nos jeux de données, nous sommes également fournis avec l'expression mathématique qui mène à
0	80.08	0.4889183044433594	ce type de raisonnement. Voici donc notre configuration de problème : étant donné les questions, nous devons résoudre cette question et obtenir des réponses numériques. Dans nos jeux de données, nous sommes également fournis avec l'expression mathématique qui mène à cette expression particulière.	à
0	80.96	0.47898435592651367	cette réponse particulière.	ce type de raisonnement. Voici donc notre configuration de problème : étant donné les questions, nous devons résoudre cette question et obtenir des réponses numériques. Dans nos jeux de données, nous sommes également fournis avec l'expression mathématique qui mène à cette expression particulière.
0	81.83999999999999	0.2542433738708496		
0	82.71999999999998	0.3215749263763428		réponse particulière.
0	83.59999999999998	0.4757659435272217	hypothèses	
0	84.47999999999998	0.5434987545013428	Certaines sont également	hypothèses
0	85.35999999999997	0.7333228588104248	s'appliquent également, comme dans le projet.	sont également
0	86.23999999999997	0.8007643222808838	précédents.	le projet.
0	87.11999999999996	0.8123762607574463	les travaux les questions, nous devons résoudre cette question et obtenir des réponses numériques. Dans nos jeux de données, nous sommes également fournis avec l'expression mathématique qui mène à cette réponse particulière. Certaines hypothèses s'appliquent également, comme dans les travaux précédents. Nous supposons que la probabilité	précédents.
0	87.99999999999996	0.6643128395080566	Nous supposons que la quantités	les questions, nous devons résoudre cette question et obtenir des réponses numériques. Dans nos jeux de données, nous sommes également fournis avec l'expression mathématique qui mène à cette réponse particulière. Certaines hypothèses s'appliquent également, comme dans les travaux précédents. Nous supposons que la probabilité
0	88.87999999999995	0.5787174701690674	précision des est connue.	quantités
0	89.75999999999995	0.5407743453979492	nous devons résoudre cette question et obtenir des réponses numériques. Dans nos jeux de données, nous sommes également fournis avec l'expression mathématique qui mène à cette réponse particulière. Certaines hypothèses s'appliquent également, comme dans les travaux précédents. Nous supposons que la précision des quantités est connue et nous ne pouvons	connue.
0	90.63999999999994	0.6087450981140137	connue et nous ne	nous devons résoudre cette question et obtenir des réponses numériques. Dans nos jeux de données, nous sommes également fournis avec l'expression mathématique qui mène à cette réponse particulière. Certaines hypothèses s'appliquent également, comme dans les travaux précédents. Nous supposons que la précision des quantités est connue et nous ne pouvons
0	91.51999999999994	0.7138242721557617	considérons que numériques. Dans nos jeux de données, nous sommes également fournis avec l'expression mathématique qui mène à cette réponse particulière. Certaines hypothèses s'appliquent également, comme dans les travaux précédents. Nous supposons que la précision des quantités est connue et nous ne considérons que des opérateurs de base tels que	
0	92.39999999999993	0.7757053375244141	réponses numériques. Dans nos jeux de données, nous sommes également fournis avec l'expression mathématique qui mène à cette réponse particulière. Certaines hypothèses s'appliquent également, comme dans les travaux précédents. Nous supposons que la précision des quantités est connue et nous ne considérons que des opérateurs de base tels que l'addition.	numériques. Dans nos jeux de données, nous sommes également fournis avec l'expression mathématique qui mène à cette réponse particulière. Certaines hypothèses s'appliquent également, comme dans les travaux précédents. Nous supposons que la précision des quantités est connue et nous ne considérons que des opérateurs de base tels que
0	93.27999999999993	0.6322615146636963	l'addition, la soustraction,	réponses numériques. Dans nos jeux de données, nous sommes également fournis avec l'expression mathématique qui mène à cette réponse particulière. Certaines hypothèses s'appliquent également, comme dans les travaux précédents. Nous supposons que la précision des quantités est connue et nous ne considérons que des opérateurs de base tels que l'addition.
0	94.15999999999993	0.754727840423584	l'addition, la soustraction et la multiplication.	soustraction,
0	95.03999999999992	0.669147253036499	l'addition, la soustraction, la multiplication et la division.	l'addition, la soustraction et la multiplication.
0	95.91999999999992	0.8294579982757568	soustraction, la division et l'exponentiation.	l'addition, la soustraction, la multiplication et la division.
0	96.79999999999991	0.47064661979675293	multiplication, la	division et l'exponentiation.
0	97.67999999999991	0.15403985977172852		
0	98.5599999999999	0.6399946212768555	réponses numériques. Dans nos jeux de données, nous sommes également fournis avec l'expression mathématique qui mène à cette réponse particulière. Certaines hypothèses s'appliquent également, comme dans les travaux précédents. Nous supposons que la précision des quantités est connue et nous ne considérons que des opérateurs de base tels que l'addition, la soustraction, la multiplication, la division et l'exponentiation. De plus, les opérateurs complexes	
0	99.4399999999999	0.764061450958252	hypothèses s'appliquent également, comme dans les travaux précédents. Nous supposons que la précision des quantités est connue et nous ne considérons que des opérateurs de base tels que l'addition, la soustraction, la multiplication, la division et l'exponentiation. De plus, les opérateurs complexes peuvent en fait être	réponses numériques. Dans nos jeux de données, nous sommes également fournis avec l'expression mathématique qui mène à cette réponse particulière. Certaines hypothèses s'appliquent également, comme dans les travaux précédents. Nous supposons que la précision des quantités est connue et nous ne considérons que des opérateurs de base tels que l'addition, la soustraction, la multiplication, la division et l'exponentiation. De plus, les opérateurs complexes
0	100.3199999999999	0.6509764194488525	peuvent en décomposés.	hypothèses s'appliquent également, comme dans les travaux précédents. Nous supposons que la précision des quantités est connue et nous ne considérons que des opérateurs de base tels que l'addition, la soustraction, la multiplication, la division et l'exponentiation. De plus, les opérateurs complexes peuvent en fait être
0	101.19999999999989	0.8369662761688232	décomposés en ces opérateurs de base.	décomposés.
0	102.07999999999988	0.8145971298217773	hypothèses s'appliquent également, comme dans les travaux précédents. Nous supposons que la précision des quantités est connue et nous ne considérons que des opérateurs de base tels que l'addition, la soustraction, la multiplication, la division et l'exponentiation. De plus, les opérateurs complexes peuvent en réalité être décomposés en ces opérateurs de base.	décomposés en ces opérateurs de base.
0	102.95999999999988	0.597916841506958		hypothèses s'appliquent également, comme dans les travaux précédents. Nous supposons que la précision des quantités est connue et nous ne considérons que des opérateurs de base tels que l'addition, la soustraction, la multiplication, la division et l'exponentiation. De plus, les opérateurs complexes peuvent en réalité être décomposés en ces opérateurs de base.
0	103.83999999999988	0.6424586772918701	dans les travaux précédents. Nous supposons que la précision des quantités est connue et nous ne considérons que des opérateurs de base tels que l'addition, la soustraction, la multiplication, la division et l'exponentiation. De plus, les opérateurs complexes peuvent en réalité être décomposés en ces opérateurs de base. Les travaux précédents dans le monde	
0	104.71999999999987	0.7328197956085205	Les travaux précédents dans le Methropic	dans les travaux précédents. Nous supposons que la précision des quantités est connue et nous ne considérons que des opérateurs de base tels que l'addition, la soustraction, la multiplication, la division et l'exponentiation. De plus, les opérateurs complexes peuvent en réalité être décomposés en ces opérateurs de base. Les travaux précédents dans le monde
0	105.59999999999987	0.6673612594604492	domaine de dans les travaux précédents. Nous supposons que la précision des quantités est connue et nous ne considérons que des opérateurs de base tels que l'addition, la soustraction, la multiplication, la division et l'exponentiation. De plus, les opérateurs complexes peuvent en réalité être décomposés en ces opérateurs de base. Les travaux précédents dans le domaine de la résolution de problèmes de méthode	Methropic
0	106.47999999999986	0.6631011962890625	peuvent en réalité être décomposés en ces opérateurs de base. Les travaux précédents dans le domaine de la résolution de problèmes de méthode peuvent donc	dans les travaux précédents. Nous supposons que la précision des quantités est connue et nous ne considérons que des opérateurs de base tels que l'addition, la soustraction, la multiplication, la division et l'exponentiation. De plus, les opérateurs complexes peuvent en réalité être décomposés en ces opérateurs de base. Les travaux précédents dans le domaine de la résolution de problèmes de méthode
0	107.35999999999986	0.24353814125061035		en réalité être décomposés en ces opérateurs de base. Les travaux précédents dans le domaine de la résolution de problèmes de méthode peuvent donc
0	108.23999999999985	0.5168869495391846	catégoriser	
0	109.11999999999985	0.6499006748199463	séquences	catégoriser
0	109.99999999999984	1.0464317798614502	être catégorisés en supposons que la précision des quantités est connue et nous ne considérons que des opérateurs de base tels que l'addition, la soustraction, la multiplication, la division et l'exponentiation. De plus, les opérateurs complexes peuvent en réalité être décomposés en ces opérateurs de base. Les travaux précédents dans le domaine de la résolution de problèmes de méthode peuvent donc être catégorisés en apprentissage séquentiel à séquentiel et séquentiel à	séquences
0	110.87999999999984	0.9218173027038574	séquence-à-arbre.	supposons que la précision des quantités est connue et nous ne considérons que des opérateurs de base tels que l'addition, la soustraction, la multiplication, la division et l'exponentiation. De plus, les opérateurs complexes peuvent en réalité être décomposés en ces opérateurs de base. Les travaux précédents dans le domaine de la résolution de problèmes de méthode peuvent donc être catégorisés en apprentissage séquentiel à séquentiel et séquentiel à
0	111.75999999999983	0.663501501083374	modèles séquence-à-séquence et	séquence-à-arbre.
0	112.63999999999983	0.3971686363220215		
0	113.51999999999983	0.7351202964782715	traditionnel séquence-à-séquence	
0	114.39999999999982	0.7610886096954346	Le	traditionnel séquence-à-séquence
0	115.27999999999982	0.8662986755371094	modèle traditionnel séquence-à-séquence convertit l'expérience.	
0	116.15999999999981	0.7734634876251221	un sous-système.	l'expérience.
0	117.03999999999981	0.8754346370697021	l'expression en séquence-à-séquence et séquence-à-arbre. Le modèle traditionnel séquence-à-séquence convertit l'expression en une séquence spécifique pour le cas général.	un sous-système.
0	117.9199999999998	0.6761765480041504	une séquence spécifique pour génération.	séquence-à-séquence et séquence-à-arbre. Le modèle traditionnel séquence-à-séquence convertit l'expression en une séquence spécifique pour le cas général.
0	118.7999999999998	0.7142798900604248	la est assez simple.	génération.
0	119.6799999999998	0.7588410377502441	assez facile à implémenter.	est assez simple.
0	120.55999999999979	0.820864200592041	génération	assez facile à implémenter.
0	121.43999999999978	0.9774813652038574	également, comme dans les travaux précédents. Nous supposons que la précision des quantités est connue et nous ne considérons que des opérateurs de base tels que l'addition, la soustraction, la multiplication, la division et l'exponentiation. De plus, les opérateurs complexes peuvent en réalité être décomposés en ces opérateurs de base. Les travaux précédents dans le domaine de la résolution de problèmes de méthode peuvent donc être catégorisés en modèles séquence-à-séquence et séquence-à-arbre. Le modèle traditionnel séquence-à-séquence convertit l'expression en une séquence spécifique pour la génération et c'est assez facile à implémenter, et il peut généraliser davantage.	
0	122.31999999999978	0.9560952186584473	et l'exponentiation. De plus, les opérateurs complexes peuvent en réalité être décomposés en ces opérateurs de base. Les travaux précédents dans le domaine de la résolution de problèmes de méthode peuvent donc être catégorisés en modèles séquence-à-séquence et séquence-à-arbre. Le modèle traditionnel séquence-à-séquence convertit l'expression en une séquence spécifique pour la génération ; c'est assez facile à implémenter et il peut généraliser à M	également, comme dans les travaux précédents. Nous supposons que la précision des quantités est connue et nous ne considérons que des opérateurs de base tels que l'addition, la soustraction, la multiplication, la division et l'exponentiation. De plus, les opérateurs complexes peuvent en réalité être décomposés en ces opérateurs de base. Les travaux précédents dans le domaine de la résolution de problèmes de méthode peuvent donc être catégorisés en modèles séquence-à-séquence et séquence-à-arbre. Le modèle traditionnel séquence-à-séquence convertit l'expression en une séquence spécifique pour la génération et c'est assez facile à implémenter, et il peut généraliser davantage.
0	123.19999999999978	1.0545532703399658	; c'est assez facile à implémenter et il peut généraliser à	et l'exponentiation. De plus, les opérateurs complexes peuvent en réalité être décomposés en ces opérateurs de base. Les travaux précédents dans le domaine de la résolution de problèmes de méthode peuvent donc être catégorisés en modèles séquence-à-séquence et séquence-à-arbre. Le modèle traditionnel séquence-à-séquence convertit l'expression en une séquence spécifique pour la génération ; c'est assez facile à implémenter et il peut généraliser à M
0	124.07999999999977	0.5620007514953613	de nombreuses l'exponentiation. De plus, les opérateurs complexes peuvent en réalité être décomposés en ces opérateurs de base. Les travaux précédents dans le domaine de la résolution de problèmes de méthode peuvent donc être catégorisés en modèles séquence-à-séquence et séquence-à-arbre. Le modèle traditionnel séquence-à-séquence convertit l'expression en une séquence spécifique pour la génération ; c'est assez facile à implémenter et il peut généraliser à de nombreuses commandes différentes.	
0	124.95999999999977	0.5458848476409912	complexes peuvent en réalité être décomposés en ces opérateurs de base. Les travaux précédents dans le domaine de la résolution de problèmes de méthode peuvent donc être catégorisés en modèles séquence-à-séquence et séquence-à-arbre. Le modèle traditionnel séquence-à-séquence convertit l'expression en une séquence spécifique pour la génération ; c'est assez facile à implémenter et il peut généraliser à de nombreuses autres problèmes complexes.	l'exponentiation. De plus, les opérateurs complexes peuvent en réalité être décomposés en ces opérateurs de base. Les travaux précédents dans le domaine de la résolution de problèmes de méthode peuvent donc être catégorisés en modèles séquence-à-séquence et séquence-à-arbre. Le modèle traditionnel séquence-à-séquence convertit l'expression en une séquence spécifique pour la génération ; c'est assez facile à implémenter et il peut généraliser à de nombreuses commandes différentes.
0	125.83999999999976	0.7519054412841797	Cependant, le bémol	
0	126.71999999999976	0.7635860443115234	Cependant, complexes peuvent en réalité être décomposés en ces opérateurs de base. Les travaux précédents dans le domaine de la résolution de problèmes de méthode peuvent donc être catégorisés en modèles séquence-à-séquence et séquence-à-arbre. Le modèle traditionnel séquence-à-séquence convertit l'expression en une séquence spécifique pour la génération ; c'est assez facile à implémenter et il peut généraliser à de nombreuses autres problèmes complexes. Cependant, les inconvénients sont les performances	complexes peuvent en réalité être décomposés en ces opérateurs de base. Les travaux précédents dans le domaine de la résolution de problèmes de méthode peuvent donc être catégorisés en modèles séquence-à-séquence et séquence-à-arbre. Le modèle traditionnel séquence-à-séquence convertit l'expression en une séquence spécifique pour la génération ; c'est assez facile à implémenter et il peut généraliser à de nombreuses autres problèmes complexes. Cependant, le bémol
0	127.59999999999975	0.8224895000457764	les inconvénients précision des quantités est connue et nous ne considérons que des opérateurs de base tels que l'addition, la soustraction, la multiplication, la division et l'exponentiation. De plus, les opérateurs complexes peuvent en réalité être décomposés en ces opérateurs de base. Les travaux précédents dans le domaine de la résolution de problèmes de méthode peuvent donc être catégorisés en modèles séquence-à-séquence et séquence-à-arbre. Le modèle traditionnel séquence-à-séquence convertit l'expression en une séquence spécifique pour la génération ; c'est assez facile à implémenter et il peut généraliser à de nombreuses autres problèmes complexes. Cependant, les inconvénients de la performance sont en fait juste	complexes peuvent en réalité être décomposés en ces opérateurs de base. Les travaux précédents dans le domaine de la résolution de problèmes de méthode peuvent donc être catégorisés en modèles séquence-à-séquence et séquence-à-arbre. Le modèle traditionnel séquence-à-séquence convertit l'expression en une séquence spécifique pour la génération ; c'est assez facile à implémenter et il peut généraliser à de nombreuses autres problèmes complexes. Cependant, les inconvénients sont les performances
0	128.47999999999976	0.6093885898590088	de la performance sont	précision des quantités est connue et nous ne considérons que des opérateurs de base tels que l'addition, la soustraction, la multiplication, la division et l'exponentiation. De plus, les opérateurs complexes peuvent en réalité être décomposés en ces opérateurs de base. Les travaux précédents dans le domaine de la résolution de problèmes de méthode peuvent donc être catégorisés en modèles séquence-à-séquence et séquence-à-arbre. Le modèle traditionnel séquence-à-séquence convertit l'expression en une séquence spécifique pour la génération ; c'est assez facile à implémenter et il peut généraliser à de nombreuses autres problèmes complexes. Cependant, les inconvénients de la performance sont en fait juste
0	129.35999999999976	0.7427189350128174	généralement	
0	130.23999999999975	0.884044885635376	que modèle traditionnel séquence-à-séquence convertit l'expression en une séquence spécifique pour la génération ; c'est assez facile à implémenter et il peut généraliser à de nombreuses autres problèmes complexes. Cependant, les inconvénients de la performance sont généralement que les modèles génératifs ne sont pas meilleurs que les modèles structurés.	
0	131.11999999999975	0.947575569152832	les modèles génératifs ne sont pas meilleurs que les modèles modèle traditionnel séquence-à-séquence convertit l'expression en une séquence spécifique pour la génération ; c'est assez facile à implémenter et il peut généraliser à de nombreuses autres problèmes complexes. Cependant, les inconvénients de la performance sont généralement que les modèles génératifs ne sont pas meilleurs que les modèles structurés et sont moins	modèle traditionnel séquence-à-séquence convertit l'expression en une séquence spécifique pour la génération ; c'est assez facile à implémenter et il peut généraliser à de nombreuses autres problèmes complexes. Cependant, les inconvénients de la performance sont généralement que les modèles génératifs ne sont pas meilleurs que les modèles structurés.
0	131.99999999999974	0.6656906604766846	structurés et domaine de la résolution de problèmes de méthode peuvent donc être catégorisés en modèles séquence-à-séquence et séquence-à-arbre. Le modèle traditionnel séquence-à-séquence convertit l'expression en une séquence spécifique pour la génération ; c'est assez facile à implémenter et il peut généraliser à de nombreuses autres problèmes complexes. Cependant, les inconvénients de la performance sont généralement que les modèles génératifs ne sont pas meilleurs que les modèles structurés et ils manquent de	modèle traditionnel séquence-à-séquence convertit l'expression en une séquence spécifique pour la génération ; c'est assez facile à implémenter et il peut généraliser à de nombreuses autres problèmes complexes. Cependant, les inconvénients de la performance sont généralement que les modèles génératifs ne sont pas meilleurs que les modèles structurés et sont moins
0	132.87999999999974	0.6917498111724854	ils manquent l'exponentiation. De plus, les opérateurs complexes peuvent en réalité être décomposés en ces opérateurs de base. Les travaux précédents dans le domaine de la résolution de problèmes de méthode peuvent donc être catégorisés en modèles séquence-à-séquence et séquence-à-arbre. Le modèle traditionnel séquence-à-séquence convertit l'expression en une séquence spécifique pour la génération ; c'est assez facile à implémenter et il peut généraliser à de nombreuses autres problèmes complexes. Cependant, les inconvénients de la performance sont généralement que les modèles génératifs ne sont pas meilleurs que les modèles structurés et ils manquent d'interprétabilité.	domaine de la résolution de problèmes de méthode peuvent donc être catégorisés en modèles séquence-à-séquence et séquence-à-arbre. Le modèle traditionnel séquence-à-séquence convertit l'expression en une séquence spécifique pour la génération ; c'est assez facile à implémenter et il peut généraliser à de nombreuses autres problèmes complexes. Cependant, les inconvénients de la performance sont généralement que les modèles génératifs ne sont pas meilleurs que les modèles structurés et ils manquent de
0	133.75999999999974	0.7238359451293945	l'exponentiation. De plus, les opérateurs complexes peuvent en réalité être décomposés en ces opérateurs de base. Les travaux précédents dans le domaine de la résolution de problèmes de méthode peuvent donc être catégorisés en modèles séquence-à-séquence et séquence-à-arbre. Le modèle traditionnel séquence-à-séquence convertit l'expression en une séquence spécifique pour la génération ; c'est assez facile à implémenter et il peut généraliser à de nombreuses autres problèmes complexes. Cependant, les inconvénients de la performance sont généralement que les modèles génératifs ne sont pas meilleurs que les modèles structurés et ils manquent d'interprétabilité pour les prédictions.	l'exponentiation. De plus, les opérateurs complexes peuvent en réalité être décomposés en ces opérateurs de base. Les travaux précédents dans le domaine de la résolution de problèmes de méthode peuvent donc être catégorisés en modèles séquence-à-séquence et séquence-à-arbre. Le modèle traditionnel séquence-à-séquence convertit l'expression en une séquence spécifique pour la génération ; c'est assez facile à implémenter et il peut généraliser à de nombreuses autres problèmes complexes. Cependant, les inconvénients de la performance sont généralement que les modèles génératifs ne sont pas meilleurs que les modèles structurés et ils manquent d'interprétabilité.
0	134.63999999999973	0.46559906005859375		l'exponentiation. De plus, les opérateurs complexes peuvent en réalité être décomposés en ces opérateurs de base. Les travaux précédents dans le domaine de la résolution de problèmes de méthode peuvent donc être catégorisés en modèles séquence-à-séquence et séquence-à-arbre. Le modèle traditionnel séquence-à-séquence convertit l'expression en une séquence spécifique pour la génération ; c'est assez facile à implémenter et il peut généraliser à de nombreuses autres problèmes complexes. Cependant, les inconvénients de la performance sont généralement que les modèles génératifs ne sont pas meilleurs que les modèles structurés et ils manquent d'interprétabilité pour les prédictions.
0	135.51999999999973	0.6145124435424805	donc être catégorisés en modèles séquence-à-séquence et séquence-à-arbre. Le modèle traditionnel séquence-à-séquence convertit l'expression en une séquence spécifique pour la génération ; c'est assez facile à implémenter et il peut généraliser à de nombreuses autres problèmes complexes. Cependant, les inconvénients de la performance sont généralement que les modèles génératifs ne sont pas meilleurs que les modèles structurés et ils manquent d'interprétabilité pour les prédictions. En fait, cette direction	
0	136.39999999999972	0.6995265483856201	En assez facile à implémenter et il peut généraliser à de nombreuses autres problèmes complexes. Cependant, les inconvénients de la performance sont généralement que les modèles génératifs ne sont pas meilleurs que les modèles structurés et ils manquent d'interprétabilité pour les prédictions. En réalité, cette direction reste encore très	donc être catégorisés en modèles séquence-à-séquence et séquence-à-arbre. Le modèle traditionnel séquence-à-séquence convertit l'expression en une séquence spécifique pour la génération ; c'est assez facile à implémenter et il peut généraliser à de nombreuses autres problèmes complexes. Cependant, les inconvénients de la performance sont généralement que les modèles génératifs ne sont pas meilleurs que les modèles structurés et ils manquent d'interprétabilité pour les prédictions. En fait, cette direction
0	137.27999999999972	0.7423210144042969	populaire car	
0	138.1599999999997	0.5088052749633789		assez facile à implémenter et il peut généraliser à de nombreuses autres problèmes complexes. Cependant, les inconvénients de la performance sont généralement que les modèles génératifs ne sont pas meilleurs que les modèles structurés et ils manquent d'interprétabilité pour les prédictions. En réalité, cette direction reste encore très populaire car
0	139.0399999999997	0.5675935745239258		
0	139.9199999999997	0.6290435791015625	modèle traditionnel séquence-à-séquence convertit l'expression en une séquence spécifique pour la génération ; c'est assez facile à implémenter et il peut généraliser à de nombreuses autres problèmes complexes. Cependant, les inconvénients de la performance sont généralement que les modèles génératifs ne sont pas meilleurs que les modèles structurés et ils manquent d'interprétabilité pour les prédictions. En réalité, cette direction reste encore très populaire car les modèles transformers sont utilisés.	
0	140.7999999999997	0.3388233184814453		modèle traditionnel séquence-à-séquence convertit l'expression en une séquence spécifique pour la génération ; c'est assez facile à implémenter et il peut généraliser à de nombreuses autres problèmes complexes. Cependant, les inconvénients de la performance sont généralement que les modèles génératifs ne sont pas meilleurs que les modèles structurés et ils manquent d'interprétabilité pour les prédictions. En réalité, cette direction reste encore très populaire car les modèles transformers sont utilisés.
0	141.6799999999997	0.13676738739013672		
0	142.5599999999997	0.5002737045288086		
0	143.43999999999969	0.7662801742553711	modèles séquence-à-séquence et séquence-à-arbre. Le modèle traditionnel séquence-à-séquence convertit l'expression en une séquence spécifique pour la génération ; c'est assez facile à implémenter et il peut généraliser à de nombreuses autres problèmes complexes. Cependant, les inconvénients de la performance sont généralement que les modèles génératifs ne sont pas meilleurs que les modèles structurés et ils manquent d'interprétabilité pour les prédictions. En réalité, cette direction reste encore très populaire car les modèles transformers sont utilisés. Concernant les modèles basés sur les arbres	
0	144.31999999999968	0.8674430847167969	modèle traditionnel séquence-à-séquence convertit l'expression en une séquence spécifique pour la génération ; c'est assez facile à implémenter et il peut généraliser à de nombreuses autres problèmes complexes. Cependant, les inconvénients de la performance sont généralement que les modèles génératifs ne sont pas meilleurs que les modèles structurés et ils manquent d'interprétabilité pour les prédictions. En réalité, cette direction reste encore très populaire car les modèles transformers sont utilisés. Dans les modèles basés sur des arbres, nous avons en fait	modèles séquence-à-séquence et séquence-à-arbre. Le modèle traditionnel séquence-à-séquence convertit l'expression en une séquence spécifique pour la génération ; c'est assez facile à implémenter et il peut généraliser à de nombreuses autres problèmes complexes. Cependant, les inconvénients de la performance sont généralement que les modèles génératifs ne sont pas meilleurs que les modèles structurés et ils manquent d'interprétabilité pour les prédictions. En réalité, cette direction reste encore très populaire car les modèles transformers sont utilisés. Concernant les modèles basés sur les arbres
0	145.19999999999968	0.9543397426605225	Dans les modèles basés sur des arbres, nous l'expression en une séquence spécifique pour la génération ; c'est assez facile à implémenter et il peut généraliser à de nombreuses autres problèmes complexes. Cependant, les inconvénients de la performance sont généralement que les modèles génératifs ne sont pas meilleurs que les modèles structurés et ils manquent d'interprétabilité pour les prédictions. En réalité, cette direction reste encore très populaire car les modèles transformers sont utilisés. Dans les modèles basés sur des arbres, nous structurons en réalité cette expression.	modèle traditionnel séquence-à-séquence convertit l'expression en une séquence spécifique pour la génération ; c'est assez facile à implémenter et il peut généraliser à de nombreuses autres problèmes complexes. Cependant, les inconvénients de la performance sont généralement que les modèles génératifs ne sont pas meilleurs que les modèles structurés et ils manquent d'interprétabilité pour les prédictions. En réalité, cette direction reste encore très populaire car les modèles transformers sont utilisés. Dans les modèles basés sur des arbres, nous avons en fait
0	146.07999999999967	0.6841411590576172	structurons en réalité quantités est connue et nous ne considérons que des opérateurs de base tels que l'addition, la soustraction, la multiplication, la division et l'exponentiation. De plus, les opérateurs complexes peuvent en réalité être décomposés en ces opérateurs de base. Les travaux précédents dans le domaine de la résolution de problèmes de méthode peuvent donc être catégorisés en modèles séquence-à-séquence et séquence-à-arbre. Le modèle traditionnel séquence-à-séquence convertit l'expression en une séquence spécifique pour la génération ; c'est assez facile à implémenter et il peut généraliser à de nombreuses autres problèmes complexes. Cependant, les inconvénients de la performance sont généralement que les modèles génératifs ne sont pas meilleurs que les modèles structurés et ils manquent d'interprétabilité pour les prédictions. En réalité, cette direction reste encore très populaire car les modèles transformers sont utilisés. Dans les modèles basés sur des arbres, nous structurons en réalité ces expressions en un	l'expression en une séquence spécifique pour la génération ; c'est assez facile à implémenter et il peut généraliser à de nombreuses autres problèmes complexes. Cependant, les inconvénients de la performance sont généralement que les modèles génératifs ne sont pas meilleurs que les modèles structurés et ils manquent d'interprétabilité pour les prédictions. En réalité, cette direction reste encore très populaire car les modèles transformers sont utilisés. Dans les modèles basés sur des arbres, nous structurons en réalité cette expression.
0	146.95999999999967	0.6866960525512695	ces expressions séquence-à-arbre. Le modèle traditionnel séquence-à-séquence convertit l'expression en une séquence spécifique pour la génération ; c'est assez facile à implémenter et il peut généraliser à de nombreuses autres problèmes complexes. Cependant, les inconvénients de la performance sont généralement que les modèles génératifs ne sont pas meilleurs que les modèles structurés et ils manquent d'interprétabilité pour les prédictions. En réalité, cette direction reste encore très populaire car les modèles transformers sont utilisés. Dans les modèles basés sur des arbres, nous structurons en réalité ces expressions sous forme d'arbre.	quantités est connue et nous ne considérons que des opérateurs de base tels que l'addition, la soustraction, la multiplication, la division et l'exponentiation. De plus, les opérateurs complexes peuvent en réalité être décomposés en ces opérateurs de base. Les travaux précédents dans le domaine de la résolution de problèmes de méthode peuvent donc être catégorisés en modèles séquence-à-séquence et séquence-à-arbre. Le modèle traditionnel séquence-à-séquence convertit l'expression en une séquence spécifique pour la génération ; c'est assez facile à implémenter et il peut généraliser à de nombreuses autres problèmes complexes. Cependant, les inconvénients de la performance sont généralement que les modèles génératifs ne sont pas meilleurs que les modèles structurés et ils manquent d'interprétabilité pour les prédictions. En réalité, cette direction reste encore très populaire car les modèles transformers sont utilisés. Dans les modèles basés sur des arbres, nous structurons en réalité ces expressions en un
0	147.83999999999966	0.7703497409820557	sous forme	séquence-à-arbre. Le modèle traditionnel séquence-à-séquence convertit l'expression en une séquence spécifique pour la génération ; c'est assez facile à implémenter et il peut généraliser à de nombreuses autres problèmes complexes. Cependant, les inconvénients de la performance sont généralement que les modèles génératifs ne sont pas meilleurs que les modèles structurés et ils manquent d'interprétabilité pour les prédictions. En réalité, cette direction reste encore très populaire car les modèles transformers sont utilisés. Dans les modèles basés sur des arbres, nous structurons en réalité ces expressions sous forme d'arbre.
0	148.71999999999966	0.8215899467468262	d'arbre et nous suivons une implémenter et il peut généraliser à de nombreuses autres problèmes complexes. Cependant, les inconvénients de la performance sont généralement que les modèles génératifs ne sont pas meilleurs que les modèles structurés et ils manquent d'interprétabilité pour les prédictions. En réalité, cette direction reste encore très populaire car les modèles transformers sont utilisés. Dans les modèles basés sur des arbres, nous structurons en réalité ces expressions sous forme d'arbre et nous suivons une pré-ordre	
0	149.59999999999965	0.7350730895996094	en une séquence spécifique pour la génération ; c'est assez facile à implémenter et il peut généraliser à de nombreuses autres problèmes complexes. Cependant, les inconvénients de la performance sont généralement que les modèles génératifs ne sont pas meilleurs que les modèles structurés et ils manquent d'interprétabilité pour les prédictions. En réalité, cette direction reste encore très populaire car les modèles transformers sont utilisés. Dans les modèles basés sur des arbres, nous structurons en réalité ces expressions sous forme d'arbre et nous suivons une traversal en profondeur avant dans l'arbre général.	implémenter et il peut généraliser à de nombreuses autres problèmes complexes. Cependant, les inconvénients de la performance sont généralement que les modèles génératifs ne sont pas meilleurs que les modèles structurés et ils manquent d'interprétabilité pour les prédictions. En réalité, cette direction reste encore très populaire car les modèles transformers sont utilisés. Dans les modèles basés sur des arbres, nous structurons en réalité ces expressions sous forme d'arbre et nous suivons une pré-ordre
0	150.47999999999965	0.8489949703216553	traversal en profondeur avant génération ; c'est assez facile à implémenter et il peut généraliser à de nombreuses autres problèmes complexes. Cependant, les inconvénients de la performance sont généralement que les modèles génératifs ne sont pas meilleurs que les modèles structurés et ils manquent d'interprétabilité pour les prédictions. En réalité, cette direction reste encore très populaire car les modèles transformers sont utilisés. Dans les modèles basés sur des arbres, nous structurons en réalité ces expressions sous forme d'arbre et nous suivons une traversal en profondeur avant lors de la génération d'arbres.	en une séquence spécifique pour la génération ; c'est assez facile à implémenter et il peut généraliser à de nombreuses autres problèmes complexes. Cependant, les inconvénients de la performance sont généralement que les modèles génératifs ne sont pas meilleurs que les modèles structurés et ils manquent d'interprétabilité pour les prédictions. En réalité, cette direction reste encore très populaire car les modèles transformers sont utilisés. Dans les modèles basés sur des arbres, nous structurons en réalité ces expressions sous forme d'arbre et nous suivons une traversal en profondeur avant dans l'arbre général.
0	151.35999999999964	0.9211194515228271		génération ; c'est assez facile à implémenter et il peut généraliser à de nombreuses autres problèmes complexes. Cependant, les inconvénients de la performance sont généralement que les modèles génératifs ne sont pas meilleurs que les modèles structurés et ils manquent d'interprétabilité pour les prédictions. En réalité, cette direction reste encore très populaire car les modèles transformers sont utilisés. Dans les modèles basés sur des arbres, nous structurons en réalité ces expressions sous forme d'arbre et nous suivons une traversal en profondeur avant lors de la génération d'arbres.
0	152.23999999999964	0.8001308441162109	Ici, nous	
0	153.11999999999964	0.8299465179443359	continuons à générer les	
0	153.99999999999963	0.7300994396209717	opérateurs jusqu'à la génération ; c'est assez facile à implémenter et il peut généraliser à de nombreuses autres problèmes complexes. Cependant, les inconvénients de la performance sont généralement que les modèles génératifs ne sont pas meilleurs que les modèles structurés et ils manquent d'interprétabilité pour les prédictions. En réalité, cette direction reste encore très populaire car les modèles transformers sont utilisés. Dans les modèles basés sur des arbres, nous structurons en réalité ces expressions sous forme d'arbre et nous suivons une traversal en profondeur avant lors de la génération d'arbres. Ici, nous continuons à générer les opérateurs jusqu'à atteindre la limite.	
0	154.87999999999963	0.7588703632354736	atteindre	la génération ; c'est assez facile à implémenter et il peut généraliser à de nombreuses autres problèmes complexes. Cependant, les inconvénients de la performance sont généralement que les modèles génératifs ne sont pas meilleurs que les modèles structurés et ils manquent d'interprétabilité pour les prédictions. En réalité, cette direction reste encore très populaire car les modèles transformers sont utilisés. Dans les modèles basés sur des arbres, nous structurons en réalité ces expressions sous forme d'arbre et nous suivons une traversal en profondeur avant lors de la génération d'arbres. Ici, nous continuons à générer les opérateurs jusqu'à atteindre la limite.
0	155.75999999999962	0.7281975746154785	les feuilles, qui sont les quantités.	
0	156.63999999999962	0.6391699314117432		
0	157.5199999999996	0.6387369632720947	Voici donc le bon	
0	158.3999999999996	0.6189725399017334	point :	
0	159.2799999999996	0.6794600486755371	cela	
0	160.1599999999996	0.8400940895080566	nous donne en réalité cette	
0	161.0399999999996	0.371889591217041	structure d'arbre binaire.	
0	161.9199999999996	0.5695633888244629		
0	162.79999999999959	0.6675822734832764	Et c'est	
0	163.67999999999958	0.8243167400360107	mais mais	
0	164.55999999999958	0.7944917678833008		
0	165.43999999999957	0.8226537704467773	en réalité, c'est assez	
0	166.31999999999957	0.6669912338256836	contre-intuitif car	
0	167.19999999999956	0.680156946182251	nous	
0	168.07999999999956	0.7552947998046875	générons	
0	168.95999999999955	0.9432969093322754		
0	169.83999999999955	0.9478826522827148	l'opérateur d'abord, puis à la fin nous générons	
0	170.71999999999954	0.5755453109741211		
0	171.59999999999954	0.285581111907959	les quantités.	
0	172.47999999999954	0.5896363258361816		
0	173.35999999999953	0.6595780849456787		
0	174.23999999999953	0.7464423179626465	La deuxième chose est	
0	175.11999999999952	0.7021775245666504	qu'il contient également	
0	175.99999999999952	0.6244828701019287		
0	176.8799999999995	0.7837738990783691	certains calculs	
0	177.7599999999995	0.8584418296813965	répétitifs.	
0	178.6399999999995	0.7384755611419678		
0	179.5199999999995	0.9566459655761719		
0	180.3999999999995	1.0823440551757812		
0	181.2799999999995	1.2505884170532227		
0	182.15999999999948	1.2432844638824463	Voici donc, si nous regardons cette expression, a fois trois plus trois, elle est en réalité générée deux fois.	
0	183.03999999999948	0.14689183235168457		
0	183.91999999999948	0.7366034984588623		
0	184.79999999999947	0.8560643196105957	Mais en fait, nous devrions	
0	185.67999999999947	0.5776333808898926	utiliser	
0	186.55999999999946	0.24341654777526855	les résultats.	
0	187.43999999999946	0.14135169982910156		
0	188.31999999999945	0.6244401931762695		
0	189.19999999999945	0.746396541595459		
0	190.07999999999944	0.7671067714691162	Dans notre approche proposée, nous voulons	
0	190.95999999999944	0.5989181995391846	résoudre	
0	191.83999999999943	0.563807487487793	ces	
0	192.71999999999943	0.6331501007080078	problèmes	
0	193.59999999999943	0.582775354385376	étape par	
0	194.47999999999942	0.6983959674835205	étape et	
0	195.35999999999942	0.34380435943603516	de manière interprétable.	
0	196.2399999999994	0.6026849746704102		
0	197.1199999999994	0.7573068141937256	Par exemple,	
0	197.9999999999994	0.6771330833435059	ici, à la deuxième	
0	198.8799999999994	0.6507539749145508		
0	199.7599999999994	0.7128615379333496	étape, nous pouvons obtenir	
0	200.6399999999994	0.5730893611907959		
0	201.51999999999938	0.7699007987976074	ces	
0	202.39999999999938	0.750523567199707	diviseurs, qui sont	
0	203.27999999999938	0.7462499141693115	27.	
0	204.15999999999937	0.74247145652771	Et nous pouvons également	
0	205.03999999999937	0.6822304725646973	faire référence	
0	205.91999999999936	0.6214439868927002		
0	206.79999999999936	0.7719159126281738	aux questions originales pour trouver	
0	207.67999999999935	0.6126902103424072	les	
0	208.55999999999935	0.6715586185455322	contenus pertinents.	
0	209.43999999999934	0.6060197353363037	Et dans	
0	210.31999999999934	0.6717910766601562	ces étapes,	
0	211.19999999999933	0.65838623046875	nous obtenons les	
0	212.07999999999933	0.2506279945373535	diviseurs.	
0	212.95999999999933	0.4716172218322754		
0	213.83999999999932	0.6048288345336914		
0	214.71999999999932	0.7199440002441406		
0	215.5999999999993	0.8631350994110107	Et ensuite, à cette troisième	
0	216.4799999999993	0.7784881591796875	étape, nous obtenons en réalité	
0	217.3599999999993	0.6652271747589111	le	
0	218.2399999999993	0.7435810565948486	quotient,	
0	219.1199999999993	0.7633285522460938		
0	219.9999999999993	0.7632114887237549	d'accord, et après	
0	220.87999999999928	0.7998721599578857	ces trois	
0	221.75999999999928	0.8481619358062744	étapes, nous pouvons en réalité	
0	222.63999999999928	0.7427186965942383	réutiliser les résultats de	
0	223.51999999999927	0.6579141616821289	la deuxième	
0	224.39999999999927	0.6109619140625		
0	225.27999999999926	0.6058070659637451	étape et ensuite obtenir	
0	226.15999999999926	0.5423247814178467		
0	227.03999999999925	0.6708905696868896	les	
0	227.91999999999925	0.34067559242248535	résultats de la quatrième étape.	
0	228.79999999999924	0.6115138530731201		
0	229.67999999999924	0.6869068145751953	Et enfin, nous	
0	230.55999999999923	0.648252010345459	pouvons obtenir	
0	231.43999999999923	0.5805258750915527		
0	232.31999999999923	0.2759888172149658	les dividendes.	
0	233.19999999999922	0.5136301517486572		
0	234.07999999999922	0.7972722053527832	Voici	
0	234.9599999999992	0.7022237777709961	donc, nous	
0	235.8399999999992	0.7697827816009521	générons en réalité	
0	236.7199999999992	0.7163338661193848	l'expression complète	
0	237.5999999999992	0.6701767444610596	directement plutôt que	
0	238.4799999999992	0.608182430267334	de générer	
0	239.3599999999992	0.587986946105957	un seul	
0	240.23999999999918	0.6885828971862793		
0	241.11999999999918	0.8231635093688965	opérateur ou une seule quantité.	
0	241.99999999999918	0.6272330284118652	Cela rend	
0	242.87999999999917	0.625999927520752	le processus plus	
0	243.75999999999917	0.21211814880371094	précis.	
0	244.63999999999916	0.15100860595703125		
0	245.51999999999916	0.6917433738708496		
0	246.39999999999915	0.9509530067443848	Dans notre système	
0	247.27999999999915	0.8566441535949707	déductif, nous commençons d'abord par	
0	248.15999999999914	0.6731894016265869		
0	249.03999999999914	0.8229660987854004	un ensemble de	
0	249.91999999999913	0.7273468971252441	quantités présentées dans	
0	250.79999999999913	0.605959415435791	les	
0	251.67999999999913	0.6926050186157227		
0	252.55999999999912	0.8910641670227051	questions, y compris certaines	
0	253.43999999999912	0.7584154605865479	constantes, comme	
0	254.3199999999991	0.6679980754852295		
0	255.1999999999991	0.6640799045562744	nos états initiaux.	
0	256.07999999999913	0.6379330158233643		
0	256.9599999999991	0.7647111415863037	L'expression est	
0	257.8399999999991	0.7002122402191162	représentée par	
0	258.7199999999991	0.28668856620788574	Eij OP.	
0	259.5999999999991	0.6118931770324707		
0	260.4799999999991	0.7301533222198486	Où nous effectuons	
0	261.3599999999991	0.6654183864593506	un opérateur	
0	262.2399999999991	0.7074658870697021		
0	263.1199999999991	0.8445339202880859	de QI à	
0	263.9999999999991	0.7942569255828857	QJ, et telle expression	
0	264.8799999999991	0.6801767349243164	est en réalité	
0	265.7599999999991	0.6307411193847656	dirigée.	
0	266.6399999999991	0.6331734657287598		
0	267.5199999999991	0.7398900985717773	Nous avons également	
0	268.39999999999907	0.6656889915466309		
0	269.27999999999906	0.9771883487701416	une soustraction	
0	270.15999999999906	0.8656573295593262	avec des mots ici pour représenter	
0	271.03999999999905	0.7449641227722168	la direction opposée.	
0	271.91999999999905	0.6971642971038818	C'est	
0	272.79999999999905	0.7999165058135986	assez similaire à	
0	273.67999999999904	0.6929647922515869	l'extraction de relations.	
0	274.55999999999904	0.7473371028900146		
0	275.43999999999903	0.7669639587402344		
0	276.319999999999	0.9622337818145752	Dans un système déductif formel,	
0	277.199999999999	0.7682681083679199	à	
0	278.079999999999	0.8916373252868652	l'étape temporelle	
0	278.959999999999	0.8047678470611572	T, nous	
0	279.839999999999	0.7444741725921631	appliquons l'opérateur	
0	280.719999999999	0.7226831912994385	entre	
0	281.599999999999	0.704364538192749		
0	282.479999999999	0.8850176334381104	la paire	
0	283.359999999999	0.880918025970459		
0	284.239999999999	0.9797401428222656	qi et qj, puis nous obtenons	
0	285.119999999999	0.8385841846466064		
0	285.999999999999	0.8477303981781006	cette nouvelle expression. Nous l'ajoutons à	
0	286.879999999999	0.6332581043243408		
0	287.75999999999897	0.8587355613708496	l'état	
0	288.63999999999896	0.7074587345123291	suivant pour devenir une nouvelle quantité.	
0	289.51999999999896	0.4765956401824951		
0	290.39999999999895	0.7079832553863525		
0	291.27999999999895	0.5955448150634766		
0	292.15999999999894	0.8022260665893555	Cette	
0	293.03999999999894	0.8249330520629883		
0	293.91999999999894	0.857196569442749		
0	294.79999999999893	0.998455286026001		
0	295.6799999999989	1.0903067588806152		
0	296.5599999999989	1.2667217254638672	slice visualise en réalité l'évolution des états où nous	
0	297.4399999999989	0.8624045848846436	ajoutons continuellement des expressions	
0	298.3199999999989	0.3412010669708252	aux états actuels.	
0	299.1999999999989	0.6109628677368164		
0	300.0799999999989	0.7322137355804443	Dans	
0	300.9599999999989	0.9441111087799072	nos implémentations de	
0	301.8399999999989	1.067612648010254	modèle, nous utilisons d'abord un	
0	302.7199999999989	0.8448243141174316	modèle de langage pré-entraîné	
0	303.5999999999989	0.7350192070007324	qui peut	
0	304.4799999999989	0.7327837944030762	être Bird ou	
0	305.3599999999989	0.7882440090179443		
0	306.2399999999989	0.915562629699707	Robot Head, puis nous codons une	
0	307.11999999999887	0.800119161605835		
0	307.99999999999886	0.8375422954559326	phrase et ensuite nous obtenons	
0	308.87999999999886	0.7208383083343506		
0	309.75999999999885	0.8701846599578857	ces représentations de quantités.	
0	310.63999999999885	0.8709080219268799	Une fois que	
0	311.51999999999884	0.8208837509155273	nous avons obtenu	
0	312.39999999999884	0.8991498947143555	les représentations de quantités,	
0	313.27999999999884	0.8180027008056641	nous pouvons commencer à faire	
0	314.15999999999883	0.8151390552520752	des inférences.	
0	315.0399999999988	0.7520222663879395	Voici donc un	
0	315.9199999999988	0.763200044631958	exemple de	
0	316.7999999999988	0.7520313262939453		
0	317.6799999999988	0.8692505359649658	l'obtention de la	
0	318.5599999999988	0.8091216087341309	représentation pour	
0	319.4399999999988	0.9330897331237793	Q1 divisé par	
0	320.3199999999988	0.8566339015960693	Q2 puis multiplié par	
0	321.1999999999988	0.26080870628356934	Q3.	
0	322.0799999999988	0.756213903427124		
0	322.9599999999988	0.8417227268218994	D'abord, nous obtenons	
0	323.8399999999988	0.7169027328491211	la	
0	324.7199999999988	0.7870235443115234	représentation de	
0	325.5999999999988	0.9082787036895752	paire, qui est essentiellement	
0	326.47999999999877	0.6954762935638428	juste la	
0	327.35999999999876	0.8438332080841064	concaténation	
0	328.23999999999876	0.8325154781341553	entre	
0	329.11999999999875	0.9496860504150391	q1 et	
0	329.99999999999875	0.9340789318084717	Q2, puis nous appliquons un	
0	330.87999999999874	0.7575099468231201	réseau de propagation	
0	331.75999999999874	0.7358801364898682		
0	332.63999999999874	0.906085729598999	avant qui est	
0	333.51999999999873	0.44399523735046387	paramétré par l'opérateur.	
0	334.3999999999987	0.7616534233093262		
0	335.2799999999987	0.8444375991821289	Et enfin, nous	
0	336.1599999999987	0.8932368755340576	obtenons	
0	337.0399999999987	0.8999474048614502	la représentation de l'expression	
0	337.9199999999987	0.7776248455047607		
0	338.7999999999987	0.8224186897277832		
0	339.6799999999987	0.9091935157775879	q1 divisé par	
0	340.5599999999987	0.8251094818115234	Q2. Mais en fait,	
0	341.4399999999987	0.8808746337890625	en	
0	342.3199999999987	1.0856258869171143	pratique,	
0	343.1999999999987	0.9823598861694336	à l'étape d'inférence, nous pourrions	
0	344.0799999999987	0.7348380088806152	être	
0	344.9599999999987	0.8492898941040039	capables d'obtenir	
0	345.83999999999867	0.6956095695495605	une représentation	
0	346.71999999999866	0.7662880420684814	incorrecte	
0	347.59999999999866	0.7497024536132812	ou une expression	
0	348.47999999999865	0.2771451473236084	incorrecte également.	
0	349.35999999999865	0.6196150779724121		
0	350.23999999999864	0.7475850582122803		
0	351.11999999999864	0.7393677234649658	Voici donc	
0	351.99999999999864	0.3079981803894043	toutes les expressions possibles	
0	352.87999999999863	0.6452598571777344		
0	353.7599999999986	0.7354061603546143	sont égales à	
0	354.6399999999986	0.834500789642334	trois fois le	
0	355.5199999999986	0.3724393844604492	nombre d'opérateurs.	
0	356.3999999999986	0.6468398571014404		
0	357.2799999999986	0.7434513568878174		
0	358.1599999999986	0.7766189575195312	La bonne chose ici est que	
0	359.0399999999986	0.6840603351593018	nous	
0	359.9199999999986	0.7057631015777588	pouvons facilement ajouter	
0	360.7999999999986	0.7090144157409668	des contraintes	
0	361.6799999999986	0.7772109508514404	pour contrôler	
0	362.5599999999986	0.7739579677581787	cette recherche,	
0	363.4399999999986	0.8401660919189453	cet espace de recherche.	
0	364.3199999999986	0.7588398456573486	Par exemple, si	
0	365.19999999999857	0.7874026298522949	cette expression	
0	366.07999999999856	0.8337030410766602	n'est pas	
0	366.95999999999856	0.8208222389221191	autorisée, nous pouvons simplement	
0	367.83999999999855	0.6581652164459229		
0	368.71999999999855	0.8032348155975342	supprimer cette	
0	369.59999999999854	0.38418030738830566	expression dans notre espace de recherche.	
0	370.47999999999854	0.7684328556060791		
0	371.35999999999854	0.9209678173065186	Donc, à la deuxième étape,	
0	372.23999999999853	0.8209991455078125	nous faisons la	
0	373.1199999999985	0.8388473987579346	même chose, mais	
0	373.9999999999985	0.7107467651367188	la seule différence est que	
0	374.8799999999985	0.6031007766723633		
0	375.7599999999985	0.5512170791625977		
0	376.6399999999985	0.564856767654419		
0	377.5199999999985	0.742800235748291		
0	378.3999999999985	0.8888282775878906	nous avons une quantité de plus.	
0	379.2799999999985	0.7554025650024414		
0	380.1599999999985	0.7413594722747803	Cette quantité vient	
0	381.0399999999985	0.8071401119232178		
0	381.9199999999985	0.4449477195739746	de l'expression calculée précédemment.	
0	382.7999999999985	0.5293560028076172		
0	383.6799999999985	0.8464410305023193		
0	384.55999999999847	0.8343172073364258	Finalement, nous pouvons obtenir	
0	385.43999999999846	0.6614153385162354		
0	386.31999999999846	0.7584857940673828	cette expression	
0	387.19999999999845	0.7548165321350098	finale Q3	
0	388.07999999999845	0.2882802486419678	fois Q4.	
0	388.95999999999844	0.7117035388946533		
0	389.83999999999844	0.7646355628967285	Et nous pouvons également	
0	390.71999999999844	0.8483388423919678	voir le nombre	
0	391.59999999999843	0.7262783050537109		
0	392.4799999999984	0.793799638748169	de toutes les expressions	
0	393.3599999999984	0.8154873847961426	possibles est	
0	394.2399999999984	0.746772050857544	différent de l'étape précédente.	
0	395.1199999999984	0.6404731273651123		
0	395.9999999999984	0.7200839519500732	Donc,	
0	396.8799999999984	0.7771663665771484	cette différence	
0	397.7599999999984	0.9384770393371582	rend difficile	
0	398.6399999999984	0.8279974460601807	l'application de la	
0	399.5199999999984	0.8590240478515625	recherche par faisceau car	
0	400.3999999999984	0.7906816005706787	la distribution de probabilité	
0	401.2799999999984	0.6990883350372314	entre ces	
0	402.1599999999984	0.726142406463623	deux étapes	
0	403.0399999999984	0.7157905101776123	est	
0	403.91999999999837	0.31072306632995605	déséquilibrée.	
0	404.79999999999836	0.1549394130706787		
0	405.67999999999836	0.8081386089324951		
0	406.55999999999835	1.0066018104553223	Donc, la procédure	
0	407.43999999999835	1.1868071556091309	d'entraînement est similaire à	
0	408.31999999999834	1.062856674194336		
0	409.19999999999834	1.165574073791504		
0	410.07999999999834	1.062959909439087	l'entraînement d'un modèle	
0	410.95999999999833	1.192121982574463		
0	411.8399999999983	1.2604718208312988		
0	412.7199999999983	1.3378710746765137	séquence, où nous optimisons la perte à chaque étape temporelle, et	
0	413.5999999999983	0.8751969337463379	ici nous utilisons également	
0	414.4799999999983	0.7225549221038818	ce tau pour	
0	415.3599999999983	0.819730281829834	représenter	
0	416.2399999999983	0.8040876388549805		
0	417.1199999999983	0.8501064777374268	quand nous devrions	
0	417.9999999999983	0.725862979888916	arrêter	
0	418.8799999999983	0.7336874008178711		
0	419.7599999999983	0.3121194839477539	ce processus de génération.	
0	420.6399999999983	0.7921969890594482		
0	421.5199999999983	0.8835244178771973	Et ici, l'espace	
0	422.3999999999983	0.7863755226135254	est	
0	423.27999999999827	0.8901669979095459	différent	
0	424.15999999999826	0.8853363990783691	du	
0	425.03999999999826	1.0392515659332275		
0	425.91999999999825	1.2474546432495117	séquence-à-séquence, car l'espace est	
0	426.79999999999825	1.0198023319244385	différent à chaque étape	
0	427.67999999999824	1.114281177520752	temporelle, tandis que dans le	
0	428.55999999999824	0.8812563419342041		
0	429.43999999999824	1.0742623805999756	modèle traditionnel	
0	430.31999999999823	1.0826895236968994	séquence-à-séquence, c'est le nombre de	
0	431.1999999999982	0.26308751106262207	vocabulaire.	
0	432.0799999999982	0.5655224323272705		
0	432.9599999999982	0.742849588394165		
0	433.8399999999982	0.8276991844177246	Et cela permet également	
0	434.7199999999982	0.8177473545074463	d'imposer certaines	
0	435.5999999999982	0.8095948696136475		
0	436.4799999999982	0.7982547283172607	contraintes	
0	437.3599999999982	0.4987320899963379	issues de connaissances antérieures.	
0	438.2399999999982	0.7298970222473145		
0	439.1199999999982	0.8201949596405029		
0	439.9999999999982	0.9101972579956055	Nous menons donc des expériences sur	
0	440.8799999999982	0.7722578048706055		
0	441.7599999999982	0.9607062339782715	les	
0	442.63999999999817	1.0123250484466553	jeux de données de problèmes de méthode couramment	
0	443.51999999999816	0.769660234451294	utilisés,	
0	444.39999999999816	0.8962011337280273		
0	445.27999999999815	0.939692497253418		
0	446.15999999999815	1.0658795833587646		
0	447.03999999999814	1.033757209777832		
0	447.91999999999814	0.9138827323913574		
0	448.79999999999814	1.3032512664794922	MAWPS, Math23K, MathQA et SWAM.	
0	449.67999999999813	1.064626693725586	Et ici, nous	
0	450.5599999999981	0.8870606422424316	montrons brièvement les résultats	
0	451.4399999999981	0.7648088932037354		
0	452.3199999999981	0.8735759258270264	comparés aux	
0	453.1999999999981	1.1420660018920898	meilleures approches précédentes.	
0	454.0799999999981	0.7302370071411133	Notre	
0	454.9599999999981	0.8007731437683105		
0	455.8399999999981	0.9384431838989258	meilleure arme performante est	
0	456.7199999999981	0.7768416404724121		
0	457.5999999999981	1.00160551071167		
0	458.4799999999981	1.0585603713989258		
0	459.3599999999981	1.32826828956604	Roberta Deductive	
0	460.2399999999981	1.25840425491333		
0	461.1199999999981	1.3525424003601074	Reasoner et en fait, nous n'utilisons pas de recherche par	
0	461.99999999999807	1.0303244590759277		
0	462.87999999999806	1.1003735065460205	faisceau, contrairement aux approches évidentes	
0	463.75999999999806	0.726433515548706	utilisant	
0	464.63999999999805	0.8810906410217285		
0	465.51999999999805	0.8893451690673828	la recherche par faisceau. D'accord.	
0	466.39999999999804	0.772782564163208		
0	467.27999999999804	0.885037899017334	Donc,	
0	468.15999999999804	1.0230965614318848	les meilleures approches sont souvent	
0	469.03999999999803	0.8430848121643066	des modèles basés sur des arbres.	
0	469.919999999998	0.5672836303710938		
0	470.799999999998	0.5653679370880127		
0	471.679999999998	0.4254746437072754		
0	472.559999999998	0.7599804401397705		
0	473.439999999998	0.95638108253479	Donc,	
0	474.319999999998	0.976604700088501	dans l'ensemble, notre raisonneur est	
0	475.199999999998	0.7002346515655518	capable de	
0	476.079999999998	0.6389603614807129	sélectionner	
0	476.959999999998	0.7074429988861084		
0	477.839999999998	0.7595100402832031	significativement	
0	478.719999999998	0.8709216117858887	mieux que	
0	479.599999999998	0.9265446662902832	ce modèle basé sur des	
0	480.479999999998	0.9400341510772705	arbres, mais nous pouvons voir	
0	481.35999999999797	0.6728367805480957		
0	482.23999999999796	0.8173301219940186	le nombre absolu	
0	483.11999999999796	0.7593812942504883	sur	
0	483.99999999999795	0.8471493721008301		
0	484.87999999999795	0.8921792507171631	Math ou SWAM n'est	
0	485.75999999999794	0.9724769592285156		
0	486.63999999999794	1.0137789249420166	pas vraiment élevé.	
0	487.51999999999794	1.0026791095733643		
0	488.39999999999793	1.0987896919250488	Donc, nous investiguons davantage les résultats sur	
0	489.2799999999979	0.9259467124938965		
0	490.1599999999979	1.0956687927246094	SWAM, et ce jeu de données est difficile car	
0	491.0399999999979	0.8013157844543457	l'auteur a essayé	
0	491.9199999999979	0.6604151725769043	de	
0	492.7999999999979	0.69114089012146		
0	493.6799999999979	0.84442138671875		
0	494.5599999999979	1.1055152416229248	manuellement rajouter quelque chose	
0	495.4399999999979	0.9533436298370361	pour confondre	
0	496.3199999999979	0.8598823547363281	le modèle NLP, comme	
0	497.1999999999979	0.8215816020965576	ajouter	
0	498.0799999999979	0.9178597927093506	des informations	
0	498.9599999999979	0.9351997375488281	inutiles et	
0	499.8399999999979	0.8456113338470459	des quantités supplémentaires.	
0	500.71999999999787	0.7548155784606934		
0	501.59999999999786	0.9419500827789307	Donc, dans	
0	502.47999999999786	0.9765019416809082	nos prédictions, nous trouvons	
0	503.35999999999785	0.872506856918335		
0	504.23999999999785	1.0098042488098145	que certaines valeurs intermédiaires sont	
0	505.11999999999784	0.7933011054992676	en réalité négatives.	
0	505.99999999999784	0.7107486724853516		
0	506.87999999999784	0.7782628536224365	Par exemple,	
0	507.75999999999783	0.742851972579956		
0	508.6399999999978	0.8861823081970215	dans cette	
0	509.5199999999978	0.8791277408599854	question, nous demandons	
0	510.3999999999978	0.8206040859222412	combien de pommes	
0	511.2799999999978	0.913409948348999		
0	512.1599999999978	0.9330611228942871	Jake a, mais nous avons	
0	513.0399999999978	0.9051909446716309	certaines informations supplémentaires	
0	513.9199999999978	0.9032654762268066	comme	
0	514.7999999999978	0.9009294509887695		
0	515.6799999999978	1.0150172710418701	17 peu de points et Steven	
0	516.5599999999978	0.909574031829834	a huit	
0	517.4399999999978	0.945976972579956	points, ce qui est totalement	
0	518.3199999999978	0.774773120880127	irrélévant.	
0	519.1999999999978	0.8021531105041504		
0	520.0799999999978	0.9095396995544434	Donc, notre modèle	
0	520.9599999999978	0.8436071872711182	fait certaines prédictions	
0	521.8399999999978	0.8208351135253906	comme	
0	522.7199999999978	0.8904547691345215	ceci, qui sont	
0	523.5999999999977	0.843564510345459		
0	524.4799999999977	0.37725281715393066	produisant des valeurs négatives.	
0	525.3599999999977	0.829620361328125		
0	526.2399999999977	0.8602395057678223	Et nous	
0	527.1199999999977	0.9324495792388916	observons ces deux	
0	527.9999999999977	0.904346227645874	représentations, ces deux	
0	528.8799999999977	0.9298174381256104	expressions	
0	529.7599999999977	0.8621354103088379	ont en réalité	
0	530.6399999999977	0.8772270679473877	des scores similaires.	
0	531.5199999999977	0.8458766937255859	Donc, nous pouvons	
0	532.3999999999977	0.7976300716400146	en réalité limiter	
0	533.2799999999977	0.7820017337799072		
0	534.1599999999977	0.8814504146575928	cet espace de recherche	
0	535.0399999999977	0.8642828464508057	en supprimant comme	
0	535.9199999999977	0.8178980350494385	ces	
0	536.7999999999977	0.9226102828979492	résultats sont négatifs.	
0	537.6799999999977	0.791008710861206	Donc, nous	
0	538.5599999999977	0.7267651557922363	pouvons faire	
0	539.4399999999977	0.9128038883209229		
0	540.3199999999977	0.9147195816040039	en sorte que la réponse soit correcte.	
0	541.1999999999977	0.1581587791442871		
0	542.0799999999977	0.15767216682434082		
0	542.9599999999976	0.6889529228210449		
0	543.8399999999976	0.8056812286376953		
0	544.7199999999976	0.9404160976409912	Donc, nous	
0	545.5999999999976	0.9038169384002686	trouvons également	
0	546.4799999999976	0.8805408477783203	que cette contrainte	
0	547.3599999999976	0.821753740310669	améliore	
0	548.2399999999976	0.7606656551361084		
0	549.1199999999976	0.8513092994689941		
0	549.9999999999976	1.0095620155334473		
0	550.8799999999976	1.1570627689361572	considérablement certaines modèles. Par exemple, pour	
0	551.7599999999976	0.9261379241943359	Bird, nous	
0	552.6399999999976	0.9303381443023682	améliorons de sept	
0	553.5199999999976	0.9411423206329346	points, et ensuite pour	
0	554.3999999999976	1.012721061706543	le	
0	555.2799999999976	1.0916457176208496	modèle basé sur Roberta, nous améliorons en	
0	556.1599999999976	0.7896959781646729	réalité de deux points.	
0	557.0399999999976	0.8058788776397705		
0	557.9199999999976	0.9630892276763916	Donc, un meilleur	
0	558.7999999999976	0.9476332664489746	modèle de langage a	
0	559.6799999999976	0.9649837017059326	une meilleure	
0	560.5599999999976	1.0028088092803955	capacité de compréhension	
0	561.4399999999976	0.8931519985198975		
0	562.3199999999975	0.9318225383758545	du langage,	
0	563.1999999999975	0.9018170833587646	donc	
0	564.0799999999975	1.026968240737915		
0	564.9599999999975	1.051708698272705		
0	565.8399999999975	1.2455227375030518		
0	566.7199999999975	1.4724185466766357	le score ici est plus élevé pour Roberta et plus faible pour Bird. Et nous essayons également	
0	567.5999999999975	0.919151782989502	d'analyser	
0	568.4799999999975	0.8245258331298828	la difficulté derrière	
0	569.3599999999975	0.7223865985870361		
0	570.2399999999975	0.7665116786956787		
0	571.1199999999975	1.053769588470459	tous ces	
0	571.9999999999975	1.0451960563659668		
0	572.8799999999975	1.1976606845855713	données. Nous supposons	
0	573.7599999999975	1.1559813022613525	que le nombre de quantités inutilisées peut être considéré	
0	574.6399999999975	0.9222111701965332	comme	
0	575.5199999999975	0.9250595569610596	des informations inutiles ici.	
0	576.3999999999975	0.7941923141479492		
0	577.2799999999975	0.9788486957550049	Donc,	
0	578.1599999999975	0.8941478729248047	ici, nous pouvons voir que	
0	579.0399999999975	0.7339448928833008	nous	
0	579.9199999999975	0.8255150318145752	avons	
0	580.7999999999975	0.9857478141784668	le nombre de	
0	581.6799999999974	1.0653154850006104	pourcentage	
0	582.5599999999974	1.1088182926177979	d'échantillons avec des quantités	
0	583.4399999999974	1.0179853439331055	inutilisées et	
0	584.3199999999974	1.071932077407837	le jeu de données SWAM a	
0	585.1999999999974	0.8366096019744873		
0	586.0799999999974	1.042222023010254	la plus grande portion.	
0	586.9599999999974	1.0417139530181885	Et ici, nous	
0	587.8399999999974	0.4053173065185547	montrons également la performance globale.	
0	588.7199999999974	0.16170907020568848		
0	589.5999999999974	0.16302227973937988		
0	590.4799999999974	0.9110901355743408		
0	591.3599999999974	1.0903337001800537	Pour ceux d'entre	
0	592.2399999999974	0.41188955307006836	eux sans quantités inutilisées.	
0	593.1199999999974	0.9121804237365723		
0	593.9999999999974	1.0635862350463867	Donc, la performance globale est	
0	594.8799999999974	0.8178925514221191	en réalité plus élevée	
0	595.7599999999974	0.7667341232299805	que	
0	596.6399999999974	0.8019802570343018	la performance	
0	597.5199999999974	0.7401010990142822	globale.	
0	598.3999999999974	0.9309535026550293		
0	599.2799999999974	0.9457707405090332	Mais avec ceux d'entre	
0	600.1599999999974	0.9478752613067627	eux	
0	601.0399999999973	0.8991644382476807	avec des quantités	
0	601.9199999999973	0.9602181911468506		
0	602.7999999999973	1.0046913623809814	inutilisées, c'est en réalité beaucoup	
0	603.6799999999973	0.7766516208648682	pire que	
0	604.5599999999973	0.7648541927337646		
0	605.4399999999973	0.9217190742492676		
0	606.3199999999973	0.8091068267822266		
0	607.1999999999973	0.9170787334442139	la performance globale.	
0	608.0799999999973	0.9284205436706543	Pour	
0	608.9599999999973	0.9123115539550781	MAWPS, nous ne	
0	609.8399999999973	0.7100350856781006		
0	610.7199999999973	0.9644784927368164		
0	611.5999999999973	1.0447540283203125	avons pas vraiment trop de cas de test.	
0	612.4799999999973	0.911689281463623	Donc, je	
0	613.3599999999973	0.8333256244659424		
0	614.2399999999973	0.33256101608276367	ignore juste cette partie.	
0	615.1199999999973	0.16760015487670898		
0	615.9999999999973	0.7326958179473877		
0	616.8799999999973	0.9279117584228516		
0	617.7599999999973	1.1022427082061768	Donc, enfin, nous voulons montrer	
0	618.6399999999973	0.9142487049102783		
0	619.5199999999973	1.138756275177002	l'interprétabilité à travers	
0	620.3999999999972	0.9306952953338623	un	
0	621.2799999999972	1.0113637447357178	exemple de crash et de participation.	
0	622.1599999999972	0.8650963306427002	Donc,	
0	623.0399999999972	0.9005959033966064	ici, notre modèle	
0	623.9199999999972	0.80226731300354	fait en réalité	
0	624.7999999999972	0.9170737266540527	une	
0	625.6799999999972	0.8383634090423584		
0	626.5599999999972	0.9317572116851807	mauvaise prédiction à	
0	627.4399999999972	0.29817986488342285	la première étape.	
0	628.3199999999972	0.8751461505889893		
0	629.1999999999972	0.8972768783569336	Donc, nous pouvons en réalité	
0	630.0799999999972	0.7434461116790771		
0	630.9599999999972	0.8682363033294678		
0	631.8399999999972	0.9644613265991211		
0	632.7199999999972	1.0010592937469482	corrélater cette expression avec la	
0	633.5999999999972	1.0649194717407227	phrase ici.	
0	634.4799999999972	1.0869622230529785		
0	635.3599999999972	1.2497172355651855		
0	636.2399999999972	1.267824649810791		
0	637.1199999999972	1.2389247417449951		
0	637.9999999999972	1.3792459964752197	D'accord. Donc, nous pensons que cette phrase pourrait tromper le	
0	638.8799999999972	0.9178426265716553	modèle vers une	
0	639.7599999999971	1.052596092224121	prédiction incorrecte.	
0	640.6399999999971	0.9826114177703857	Donc, ici,	
0	641.5199999999971	0.9433681964874268	en plantant un autre	
0	642.3999999999971	0.8732492923736572		
0	643.2799999999971	0.950871467590332	trente-cinq,	
0	644.1599999999971	0.8764219284057617		
0	645.0399999999971	1.0123291015625	le modèle pense qu'il devrait	
0	645.9199999999971	0.9688148498535156	être	
0	646.7999999999971	1.1423747539520264	un opérateur d'addition.	
0	647.6799999999971	1.0417506694793701	Donc, nous essayons de	
0	648.5599999999971	0.9641611576080322	réviser la	
0	649.4399999999971	1.0336134433746338	phrase pour	
0	650.3199999999971	1.0210809707641602		
0	651.1999999999971	1.3310110569000244	être quelque chose comme le nombre de	
0	652.0799999999971	1.148801326751709		
0	652.9599999999971	1.120563268661499	pommiers est de	
0	653.8399999999971	1.1326148509979248		
0	654.7199999999971	1.360933780670166	trente-cinq moins que les arbres de pommes. Donc, nous faisons	
0	655.5999999999971	1.0607492923736572	en sorte	
0	656.4799999999971	1.0994765758514404	de transmettre une sémantique plus	
0	657.3599999999971	1.0301752090454102	précise, de sorte que	
0	658.239999999997	0.9028546810150146	le modèle soit capable de	
0	659.119999999997	0.8557631969451904	faire	
0	659.999999999997	0.9004778861999512	la prédiction	
0	660.879999999997	0.8799030780792236	correcte.	
0	661.759999999997	0.8112614154815674		
0	662.639999999997	0.8383595943450928	Cette étude montre	
0	663.519999999997	0.9050416946411133	comment	
0	664.399999999997	0.9109811782836914		
0	665.279999999997	1.0127418041229248	les prédictions interprétables	
0	666.159999999997	0.9747066497802734	nous aident	
0	667.039999999997	0.9596257209777832	à comprendre le	
0	667.919999999997	0.31409454345703125	comportement du modèle.	
0	668.799999999997	0.1726534366607666		
0	669.679999999997	0.7900385856628418		
0	670.559999999997	0.9766874313354492	Donc,	
0	671.439999999997	1.0724482536315918	pour conclure notre	
0	672.319999999997	1.0823559761047363	travail, d'abord, notre	
0	673.199999999997	0.9306282997131348	modèle est en réalité	
0	674.079999999997	0.9617631435394287	assez	
0	674.959999999997	0.9511642456054688	efficace et nous sommes capables de	
0	675.839999999997	0.8511302471160889		
0	676.719999999997	0.9010741710662842	fournir une	
0	677.599999999997	0.953244686126709		
0	678.479999999997	0.9547855854034424	procédure de résolution interprétable.	
0	679.359999999997	0.7379014492034912		
0	680.2399999999969	1.0779545307159424		
0	681.1199999999969	1.168168544769287	Et nous pouvons facilement incorporer certaines connaissances	
0	681.9999999999969	1.0080244541168213	antérieures comme	
0	682.8799999999969	1.0442652702331543	des contraintes qui peuvent	
0	683.7599999999969	0.8998801708221436	aider à améliorer la performance.	
0	684.6399999999969	0.7410132884979248		
0	685.5199999999969	0.9143266677856445	Et	
0	686.3999999999969	1.0033724308013916	la dernière chose est que	
0	687.2799999999969	0.989138126373291	le	
0	688.1599999999969	1.106459140777588	mécanisme sous-jacent ne	
0	689.0399999999969	1.0425541400909424	s'applique pas seulement	
0	689.9199999999969	1.0319347381591797		
0	690.7999999999969	1.1338768005371094	aux tâches de résolution de problèmes de type	
0	691.6799999999969	1.0635313987731934	Metro, mais aussi à	
0	692.5599999999969	1.0933809280395508	d'autres tâches impliquant	
0	693.4399999999969	0.4030942916870117	un raisonnement en plusieurs étapes.	
0	694.3199999999969	0.8677632808685303		
0	695.1999999999969	0.9532663822174072	Mais nous avons également	
0	696.0799999999969	0.2712256908416748	certaines limites.	
0	696.9599999999969	0.8603315353393555		
0	697.8399999999968	1.1331372261047363	Si nous avons	
0	698.7199999999968	1.122452735900879	un grand nombre	
0	699.5999999999968	1.1498308181762695	d'opérateurs ou de	
0	700.4799999999968	0.8455376625061035		
0	701.3599999999968	0.9090547561645508	constantes, la	
0	702.2399999999968	0.886030912399292	consommation de mémoire	
0	703.1199999999968	0.912238597869873	pourrait être	
0	703.9999999999968	0.93684983253479	assez élevée.	
0	704.8799999999968	0.9288015365600586	Et la deuxième	
0	705.7599999999968	0.9863367080688477	chose est	
0	706.6399999999968	0.9829225540161133	que, comme	
0	707.5199999999968	1.0225281715393066	mentionné,	
0	708.3999999999968	1.1147704124450684	car la distribution de probabilité	
0	709.2799999999968	0.9518311023712158	est déséquilibrée	
0	710.1599999999968	0.8551201820373535	entre	
0	711.0399999999968	0.9882214069366455		
0	711.9199999999968	1.115370512008667	les différentes étapes	
0	712.7999999999968	1.1362016201019287	temporelles, c'est aussi assez	
0	713.6799999999968	1.0660502910614014	difficile	
0	714.5599999999968	1.061086893081665	d'appliquer la recherche par faisceau.	
0	715.4399999999968	0.7256712913513184		
0	716.3199999999968	0.7226262092590332		
0	717.1999999999967	0.7188246250152588		
0	718.0799999999967	0.8606526851654053		
0	718.9599999999967	1.0258052349090576	Donc, c'est	
0	719.8399999999967	0.9329454898834229	la fin	
0	720.7199999999967	1.0898821353912354	de la	
0	721.5999999999967	1.1005055904388428		
0	722.4799999999967	1.1037533283233643		
0	723.0229374999967	0.6953632831573486	présentation, et les questions sont les bienvenues. Merci.	
1	0.88	0.00012302398681640625		
1	1.76	0.19950437545776367	Bonjour,	
1	2.64	0.391765832901001	je m'appelle Antoine.	
1	3.52	0.547553539276123	m'appelle Antoine et je viens de MasterQ.	Antoine.
1	4.4	0.6149153709411621	Antoine et je viens de l'Université de Maastricht.	m'appelle Antoine et je viens de MasterQ.
1	5.28	0.5506839752197266	Je vais présenter	
1	6.16	0.37216758728027344	mon John Will.	
1	7.04	0.3838977813720703	travail sur John avec Jerry.	John Will.
1	7.92	0.6096739768981934	Jerry, qui porte sur la nouvelle vie.	John avec Jerry.
1	8.8	0.6722331047058105	un nouveau jeu de données pour le statut.	Jerry, qui porte sur la nouvelle vie.
1	9.680000000000001	0.7905130386352539	John avec Jerry, qui porte sur un nouveau jeu de données pour le données pour le retrait des articles statutaires.	un nouveau jeu de données pour le statut.
1	10.560000000000002	0.3972971439361572	statutaires.	données pour le retrait des articles statutaires.
1	11.440000000000003	0.3648390769958496	rappel d'articles	statutaires.
1	12.320000000000004	0.2759275436401367	juridique.	
1	13.200000000000005	0.5326581001281738	questions juridiques constituent une partie intégrante des données.	juridique.
1	14.080000000000005	0.5195841789245605	Les questions juridiques constituent une partie intégrante nombreuses.	questions juridiques constituent une partie intégrante des données.
1	14.960000000000006	0.41005587577819824	de d'articles statutaires. Les questions juridiques constituent une partie intégrante de la vie de nombreuses personnes.	nombreuses.
1	15.840000000000007	0.3422508239746094		d'articles statutaires. Les questions juridiques constituent une partie intégrante de la vie de nombreuses personnes.
1	16.720000000000006	0.3700706958770752	Mais la majorité des citoyens	
1	17.600000000000005	0.47062015533447266	ont peu	Mais la majorité des citoyens
1	18.480000000000004	0.6874761581420898	Cependant, la majorité des citoyens personnes. Cependant, la majorité des citoyens ont peu ou pas de connaissances à ce sujet.	ont peu
1	19.360000000000003	0.49245214462280273	ont peu ou pas de connaissances connaissances sur leurs droits.	personnes. Cependant, la majorité des citoyens ont peu ou pas de connaissances à ce sujet.
1	20.240000000000002	0.4056365489959717	sur leurs droits et fondamentaux.	connaissances sur leurs droits.
1	21.12	0.4379270076751709	problèmes juridiques fondamentaux.	fondamentaux.
1	22.0	0.3757896423339844	les processus juridiques fondamentaux.	problèmes juridiques fondamentaux.
1	22.88	0.2942180633544922		
1	23.759999999999998	0.30694127082824707	En conséquence, beaucoup	processus juridiques fondamentaux.
1	24.639999999999997	0.5163919925689697	citoyens vulnérables	beaucoup
1	25.519999999999996	0.5987873077392578	de nombreux qui ne peuvent pas se permettre	citoyens vulnérables
1	26.399999999999995	0.550084114074707	les processus juridiques fondamentaux. En conséquence, de nombreux citoyens vulnérables qui ne peuvent pas se permettre l'aide coûteuse.	
1	27.279999999999994	0.4861302375793457	processus juridiques fondamentaux. En conséquence, de nombreux citoyens vulnérables qui ne peuvent pas se permettre l'assistance coûteuse d'un processus juridique.	les processus juridiques fondamentaux. En conséquence, de nombreux citoyens vulnérables qui ne peuvent pas se permettre l'aide coûteuse.
1	28.159999999999993	0.4857981204986572	expert juridique	processus juridiques fondamentaux. En conséquence, de nombreux citoyens vulnérables qui ne peuvent pas se permettre l'assistance coûteuse d'un processus juridique.
1	29.039999999999992	0.7098793983459473	l'aide coûteuse d'un sont laissés sans protection professionnelle.	expert juridique
1	29.91999999999999	0.5758984088897705	sans protection ou dans l'angoisse.	professionnelle.
1	30.79999999999999	0.42505598068237305	pire, exploités.	sans protection ou dans l'angoisse.
1	31.67999999999999	0.37831926345825195	ou,	pire, exploités.
1	32.55999999999999	0.2951164245605469	Ou travailler.	
1	33.43999999999999	0.3400282859802246	travail vise à	Ou travailler.
1	34.31999999999999	0.5080039501190186	intégrante de la vie de nombreuses personnes. Cependant, la majorité des citoyens ont peu ou pas de connaissances sur leurs droits et les processus juridiques fondamentaux. En conséquence, de nombreux citoyens vulnérables qui ne peuvent pas se permettre l'aide coûteuse d'un expert juridique sont laissés sans protection ou, pire, exploités. Notre travail vise à combler ce fossé.	travail vise à
1	35.199999999999996	0.6126163005828857	Notre travail vise à combler entre les personnes.	intégrante de la vie de nombreuses personnes. Cependant, la majorité des citoyens ont peu ou pas de connaissances sur leurs droits et les processus juridiques fondamentaux. En conséquence, de nombreux citoyens vulnérables qui ne peuvent pas se permettre l'aide coûteuse d'un expert juridique sont laissés sans protection ou, pire, exploités. Notre travail vise à combler ce fossé.
1	36.08	0.5930519104003906	le fossé entre les les gens et la loi en leur donnant	entre les personnes.
1	36.96	0.5441198348999023	efficaces.	les gens et la loi en leur donnant
1	37.84	0.6214580535888672	personnes et la loi en développant des systèmes de rappel efficaces.	efficaces.
1	38.720000000000006	0.5210399627685547	systèmes de rappel efficaces pour les textes statutaires.	efficaces.
1	39.60000000000001	0.41785454750061035	efficaces pour les systèmes de rappel efficaces pour les articles statutaires.	systèmes de rappel efficaces pour les textes statutaires.
1	40.48000000000001	0.2640061378479004		systèmes de rappel efficaces pour les articles statutaires.
1	41.360000000000014	0.3208160400390625	Un tel système pourrait	
1	42.240000000000016	0.45964622497558594	le fossé entre les personnes et la loi en développant des systèmes de rappel efficaces pour les articles statutaires. Un tel système pourrait fournir un accès gratuit	
1	43.12000000000002	0.39241909980773926	fournir un accès professionnel gratuit.	le fossé entre les personnes et la loi en développant des systèmes de rappel efficaces pour les articles statutaires. Un tel système pourrait fournir un accès gratuit
1	44.00000000000002	0.4374575614929199	professionnels.	professionnel gratuit.
1	44.880000000000024	0.529221773147583	gratuit à des juridique sont laissés sans protection ou, pire, exploités. Notre travail vise à combler le fossé entre les personnes et la loi en développant des systèmes de rappel efficaces pour les articles statutaires. Un tel système pourrait fournir un accès gratuit à des services professionnels d'aide juridique pour	professionnels.
1	45.760000000000026	0.5315046310424805	services qualifiés.	juridique sont laissés sans protection ou, pire, exploités. Notre travail vise à combler le fossé entre les personnes et la loi en développant des systèmes de rappel efficaces pour les articles statutaires. Un tel système pourrait fournir un accès gratuit à des services professionnels d'aide juridique pour
1	46.64000000000003	0.4427957534790039	juridiques professionnels pour les humains non	qualifiés.
1	47.52000000000003	0.15987563133239746		
1	48.400000000000034	0.882225513458252	le fossé entre les personnes et la loi en développant des systèmes de rappel efficaces pour les articles statutaires. Un tel système pourrait fournir un accès gratuit à des services juridiques professionnels pour les humains non qualifiés. Avant d'aborder le contrôle principal du système, il faut rappeler que le système est le système.	
1	49.28000000000004	0.5904879570007324	Avant d'aborder contribution de ce travail.	le fossé entre les personnes et la loi en développant des systèmes de rappel efficaces pour les articles statutaires. Un tel système pourrait fournir un accès gratuit à des services juridiques professionnels pour les humains non qualifiés. Avant d'aborder le contrôle principal du système, il faut rappeler que le système est le système.
1	50.16000000000004	0.5985233783721924	la principale contribution de ce d'aborder la principale contribution de ce travail, regardons d'abord	contribution de ce travail.
1	51.04000000000004	0.5108344554901123	travail, le	d'aborder la principale contribution de ce travail, regardons d'abord
1	51.920000000000044	0.5928771495819092	décrivons d'abord problème du statut.	le
1	52.80000000000005	0.4900939464569092	statutaires. Un tel système pourrait fournir un accès gratuit à des services juridiques professionnels pour les humains non qualifiés. Avant d'aborder la principale contribution de ce travail, décrivons d'abord le problème du rappel d'articles statutaires.	statut.
1	53.68000000000005	0.4390082359313965	statutaires.	statutaires. Un tel système pourrait fournir un accès gratuit à des services juridiques professionnels pour les humains non qualifiés. Avant d'aborder la principale contribution de ce travail, décrivons d'abord le problème du rappel d'articles statutaires.
1	54.56000000000005	0.39777636528015137	un exemple simple	statutaires.
1	55.440000000000055	0.4022562503814697	Étant donné question simple	un exemple simple
1	56.32000000000006	0.471146821975708	une des services juridiques professionnels pour les humains non qualifiés. Avant d'aborder la principale contribution de ce travail, décrivons d'abord le problème du rappel d'articles statutaires. Étant donné une question simple sur un sujet juridique.	question simple
1	57.20000000000006	0.4322195053100586	sur juridique, telle que	des services juridiques professionnels pour les humains non qualifiés. Avant d'aborder la principale contribution de ce travail, décrivons d'abord le problème du rappel d'articles statutaires. Étant donné une question simple sur un sujet juridique.
1	58.08000000000006	0.6506397724151611	une matière	juridique, telle que
1	58.960000000000065	0.5597696304321289	« risquerais-je si je »	
1	59.84000000000007	0.6152305603027344	Que risquerais-je si je professionnels pour les humains non qualifiés. Avant d'aborder la principale contribution de ce travail, décrivons d'abord le problème du rappel d'articles statutaires. Étant donné une question simple sur une matière juridique, telle que « Que risquerais-je si je viole ».	risquerais-je si je »
1	60.72000000000007	0.4745655059814453	viole professionnels pour les humains non qualifiés. Avant d'aborder la principale contribution de ce travail, décrivons d'abord le problème du rappel d'articles statutaires. Étant donné une question simple sur une matière juridique, telle que « Que risquerais-je si je viole le secret professionnel ? »	professionnels pour les humains non qualifiés. Avant d'aborder la principale contribution de ce travail, décrivons d'abord le problème du rappel d'articles statutaires. Étant donné une question simple sur une matière juridique, telle que « Que risquerais-je si je viole ».
1	61.60000000000007	0.31387758255004883		professionnels pour les humains non qualifiés. Avant d'aborder la principale contribution de ce travail, décrivons d'abord le problème du rappel d'articles statutaires. Étant donné une question simple sur une matière juridique, telle que « Que risquerais-je si je viole le secret professionnel ? »
1	62.480000000000075	0.3932192325592041	Un tel système pourrait fournir un accès gratuit à des services juridiques professionnels pour les humains non qualifiés. Avant d'aborder la principale contribution de ce travail, décrivons d'abord le problème du rappel d'articles statutaires. Étant donné une question simple sur une matière juridique, telle que « Que risquerais-je si je viole le secret professionnel ? » un modèle est requis.	
1	63.36000000000008	0.5363640785217285	un modèle est rappel.	Un tel système pourrait fournir un accès gratuit à des services juridiques professionnels pour les humains non qualifiés. Avant d'aborder la principale contribution de ce travail, décrivons d'abord le problème du rappel d'articles statutaires. Étant donné une question simple sur une matière juridique, telle que « Que risquerais-je si je viole le secret professionnel ? » un modèle est requis.
1	64.24000000000008	0.5473072528839111	requis pour tous les éléments pertinents.	rappel.
1	65.12000000000008	0.5441782474517822	récupérer tous les statutaires. Étant donné une question simple sur une matière juridique, telle que « Que risquerais-je si je viole le secret professionnel ? » un modèle est requis pour récupérer tous les articles statutaires pertinents.	tous les éléments pertinents.
1	66.00000000000007	0.6862020492553711	articles statutaires statutaires. Étant donné une question simple sur une matière juridique, telle que « Que risquerais-je si je viole le secret professionnel ? » un modèle est requis pour récupérer tous les articles statutaires pertinents à partir d'une base de données juridique.	statutaires. Étant donné une question simple sur une matière juridique, telle que « Que risquerais-je si je viole le secret professionnel ? » un modèle est requis pour récupérer tous les articles statutaires pertinents.
1	66.88000000000007	0.5902805328369141	pertinents à partir vaste corpus de	statutaires. Étant donné une question simple sur une matière juridique, telle que « Que risquerais-je si je viole le secret professionnel ? » un modèle est requis pour récupérer tous les articles statutaires pertinents à partir d'une base de données juridique.
1	67.76000000000006	0.5610198974609375	d'un vaste corpus d'articles statutaires. Étant donné une question simple sur une matière juridique, telle que « Que risquerais-je si je viole le secret professionnel ? » un modèle est requis pour récupérer tous les articles statutaires pertinents à partir d'un vaste corpus législatif.	vaste corpus de
1	68.64000000000006	0.31625795364379883		d'articles statutaires. Étant donné une question simple sur une matière juridique, telle que « Que risquerais-je si je viole le secret professionnel ? » un modèle est requis pour récupérer tous les articles statutaires pertinents à partir d'un vaste corpus législatif.
1	69.52000000000005	0.4132237434387207	Cette information attribue.	
1	70.40000000000005	0.5844271183013916	tâche de récupération d'informations commence	information attribue.
1	71.28000000000004	0.6785173416137695	ses propres défis.	d'informations commence
1	72.16000000000004	0.5143685340881348	d'information de Maastricht. Je vais présenter mon travail sur John avec Jerry, qui porte sur un nouveau jeu de données pour le rappel d'articles statutaires. Les questions juridiques constituent une partie intégrante de la vie de nombreuses personnes. Cependant, la majorité des citoyens ont peu ou pas de connaissances sur leurs droits et les processus juridiques fondamentaux. En conséquence, de nombreux citoyens vulnérables qui ne peuvent pas se permettre l'aide coûteuse d'un expert juridique sont laissés sans protection ou, pire, exploités. Notre travail vise à combler le fossé entre les personnes et la loi en développant des systèmes de rappel efficaces pour les articles statutaires. Un tel système pourrait fournir un accès gratuit à des services juridiques professionnels pour les humains non qualifiés. Avant d'aborder la principale contribution de ce travail, décrivons d'abord le problème du rappel d'articles statutaires. Étant donné une question simple sur une matière juridique, telle que « Que risquerais-je si je viole le secret professionnel ? » un modèle est requis pour récupérer tous les articles statutaires pertinents à partir d'un vaste corpus législatif. Cette tâche de récupération d'information présente ses propres défis.	ses propres défis.
1	73.04000000000003	0.31925368309020996		de Maastricht. Je vais présenter mon travail sur John avec Jerry, qui porte sur un nouveau jeu de données pour le rappel d'articles statutaires. Les questions juridiques constituent une partie intégrante de la vie de nombreuses personnes. Cependant, la majorité des citoyens ont peu ou pas de connaissances sur leurs droits et les processus juridiques fondamentaux. En conséquence, de nombreux citoyens vulnérables qui ne peuvent pas se permettre l'aide coûteuse d'un expert juridique sont laissés sans protection ou, pire, exploités. Notre travail vise à combler le fossé entre les personnes et la loi en développant des systèmes de rappel efficaces pour les articles statutaires. Un tel système pourrait fournir un accès gratuit à des services juridiques professionnels pour les humains non qualifiés. Avant d'aborder la principale contribution de ce travail, décrivons d'abord le problème du rappel d'articles statutaires. Étant donné une question simple sur une matière juridique, telle que « Que risquerais-je si je viole le secret professionnel ? » un modèle est requis pour récupérer tous les articles statutaires pertinents à partir d'un vaste corpus législatif. Cette tâche de récupération d'information présente ses propres défis.
1	73.92000000000003	0.34859776496887207	Premièrement,	
1	74.80000000000003	0.4558272361755371	elle traite de	
1	75.68000000000002	0.5744881629943848	législatif. Cette tâche de récupération d'information présente ses propres défis. Premièrement, elle traite de deux types de législation.	
1	76.56000000000002	0.48172926902770996	deux types de deux types de langage.	législatif. Cette tâche de récupération d'information présente ses propres défis. Premièrement, elle traite de deux types de législation.
1	77.44000000000001	0.4156076908111572	courant	deux types de langage.
1	78.32000000000001	0.6224095821380615	langage : pour récupérer tous les articles statutaires pertinents à partir d'un vaste corpus législatif. Cette tâche de récupération d'information présente ses propres défis. Premièrement, elle traite de deux types de langage : le langage naturel courant pour le	courant
1	79.2	0.6022326946258545	langage naturel courant pour questions et	pour récupérer tous les articles statutaires pertinents à partir d'un vaste corpus législatif. Cette tâche de récupération d'information présente ses propres défis. Premièrement, elle traite de deux types de langage : le langage naturel courant pour le
1	80.08	0.570911169052124	les questions, et le langage complexe.	questions et
1	80.96	0.5468981266021729	juridique complexe.	questions, et le langage complexe.
1	81.83999999999999	0.6839809417724609	questions et le langage juridique statutaires. Étant donné une question simple sur une matière juridique, telle que « Que risquerais-je si je viole le secret professionnel ? » un modèle est requis pour récupérer tous les articles statutaires pertinents à partir d'un vaste corpus législatif. Cette tâche de récupération d'information présente ses propres défis. Premièrement, elle traite de deux types de langage : le langage naturel courant pour les questions et le langage juridique complexe pour les statuts.	juridique complexe.
1	82.71999999999998	0.5216004848480225	législatif. Cette tâche de récupération d'information présente ses propres défis. Premièrement, elle traite de deux types de langage : le langage naturel courant pour les questions et le langage juridique complexe pour les statuts.	statutaires. Étant donné une question simple sur une matière juridique, telle que « Que risquerais-je si je viole le secret professionnel ? » un modèle est requis pour récupérer tous les articles statutaires pertinents à partir d'un vaste corpus législatif. Cette tâche de récupération d'information présente ses propres défis. Premièrement, elle traite de deux types de langage : le langage naturel courant pour les questions et le langage juridique complexe pour les statuts.
1	83.59999999999998	0.15177559852600098		législatif. Cette tâche de récupération d'information présente ses propres défis. Premièrement, elle traite de deux types de langage : le langage naturel courant pour les questions et le langage juridique complexe pour les statuts.
1	84.47999999999998	0.47103166580200195	Cette différence de langage	
1	85.35999999999997	0.5789799690246582	statuts. Cette différence dans les distributions linguistiques.	de langage
1	86.23999999999997	0.6827695369720459	dans juridiques constituent une partie intégrante de la vie de nombreuses personnes. Cependant, la majorité des citoyens ont peu ou pas de connaissances sur leurs droits et les processus juridiques fondamentaux. En conséquence, de nombreux citoyens vulnérables qui ne peuvent pas se permettre l'aide coûteuse d'un expert juridique sont laissés sans protection ou, pire, exploités. Notre travail vise à combler le fossé entre les personnes et la loi en développant des systèmes de rappel efficaces pour les articles statutaires. Un tel système pourrait fournir un accès gratuit à des services juridiques professionnels pour les humains non qualifiés. Avant d'aborder la principale contribution de ce travail, décrivons d'abord le problème du rappel d'articles statutaires. Étant donné une question simple sur une matière juridique, telle que « Que risquerais-je si je viole le secret professionnel ? » un modèle est requis pour récupérer tous les articles statutaires pertinents à partir d'un vaste corpus législatif. Cette tâche de récupération d'information présente ses propres défis. Premièrement, elle traite de deux types de langage : le langage naturel courant pour les questions et le langage juridique complexe pour les statuts. Cette différence dans la distribution des langages rend cela plus difficile pour	statuts. Cette différence dans les distributions linguistiques.
1	87.11999999999996	0.6808807849884033	la distribution des langages rend un système	juridiques constituent une partie intégrante de la vie de nombreuses personnes. Cependant, la majorité des citoyens ont peu ou pas de connaissances sur leurs droits et les processus juridiques fondamentaux. En conséquence, de nombreux citoyens vulnérables qui ne peuvent pas se permettre l'aide coûteuse d'un expert juridique sont laissés sans protection ou, pire, exploités. Notre travail vise à combler le fossé entre les personnes et la loi en développant des systèmes de rappel efficaces pour les articles statutaires. Un tel système pourrait fournir un accès gratuit à des services juridiques professionnels pour les humains non qualifiés. Avant d'aborder la principale contribution de ce travail, décrivons d'abord le problème du rappel d'articles statutaires. Étant donné une question simple sur une matière juridique, telle que « Que risquerais-je si je viole le secret professionnel ? » un modèle est requis pour récupérer tous les articles statutaires pertinents à partir d'un vaste corpus législatif. Cette tâche de récupération d'information présente ses propres défis. Premièrement, elle traite de deux types de langage : le langage naturel courant pour les questions et le langage juridique complexe pour les statuts. Cette différence dans la distribution des langages rend cela plus difficile pour
1	87.99999999999996	0.581758975982666	plus difficile pour récupération d'information présente ses propres défis. Premièrement, elle traite de deux types de langage : le langage naturel courant pour les questions et le langage juridique complexe pour les statuts. Cette différence dans la distribution des langages rend plus difficile pour un système de récupérer	un système
1	88.87999999999995	0.5618903636932373	candidats pertinents.	récupération d'information présente ses propres défis. Premièrement, elle traite de deux types de langage : le langage naturel courant pour les questions et le langage juridique complexe pour les statuts. Cette différence dans la distribution des langages rend plus difficile pour un système de récupérer
1	89.75999999999995	0.56022047996521	des candidats candidats pertinents, car il	candidats pertinents.
1	90.63999999999994	0.6076631546020508	pertinents, car indirectement	candidats pertinents, car il
1	91.51999999999994	0.4988276958465576	cela nécessite indirectement un	indirectement
1	92.39999999999993	0.5998847484588623	une compréhension inhérente	un
1	93.27999999999993	0.5856761932373047	inhérente.	compréhension inhérente
1	94.15999999999993	0.5651991367340088	interprétation et	inhérente.
1	95.03999999999992	0.6160848140716553	inhérente traduire.	et
1	95.91999999999992	0.6255464553833008	capable de naturel courant pour les questions et le langage juridique complexe pour les statuts. Cette différence dans la distribution des langages rend plus difficile pour un système de récupérer des candidats pertinents, car cela nécessite indirectement une interprétation inhérente capable de traduire un langage naturel.	traduire.
1	96.79999999999991	0.5454411506652832	traduire question naturelle.	naturel courant pour les questions et le langage juridique complexe pour les statuts. Cette différence dans la distribution des langages rend plus difficile pour un système de récupérer des candidats pertinents, car cela nécessite indirectement une interprétation inhérente capable de traduire un langage naturel.
1	97.67999999999991	0.56673264503479	une question questions et le langage juridique complexe pour les statuts. Cette différence dans la distribution des langages rend plus difficile pour un système de récupérer des candidats pertinents, car cela nécessite indirectement une interprétation inhérente capable de traduire une question naturelle en langage juridique.	question naturelle.
1	98.5599999999999	0.5559020042419434	naturelle en question juridique qui	questions et le langage juridique complexe pour les statuts. Cette différence dans la distribution des langages rend plus difficile pour un système de récupérer des candidats pertinents, car cela nécessite indirectement une interprétation inhérente capable de traduire une question naturelle en langage juridique.
1	99.4399999999999	0.6429648399353027	une question juridique le secret professionnel ? » un modèle est requis pour récupérer tous les articles statutaires pertinents à partir d'un vaste corpus législatif. Cette tâche de récupération d'information présente ses propres défis. Premièrement, elle traite de deux types de langage : le langage naturel courant pour les questions et le langage juridique complexe pour les statuts. Cette différence dans la distribution des langages rend plus difficile pour un système de récupérer des candidats pertinents, car cela nécessite indirectement une interprétation inhérente capable de traduire une question naturelle en une question juridique correspondant à la terminologie.	question juridique qui
1	100.3199999999999	0.6316158771514893	correspondant à la statuts. Cette différence dans la distribution des langages rend plus difficile pour un système de récupérer des candidats pertinents, car cela nécessite indirectement une interprétation inhérente capable de traduire une question naturelle en une question juridique correspondant à la terminologie des statuts.	le secret professionnel ? » un modèle est requis pour récupérer tous les articles statutaires pertinents à partir d'un vaste corpus législatif. Cette tâche de récupération d'information présente ses propres défis. Premièrement, elle traite de deux types de langage : le langage naturel courant pour les questions et le langage juridique complexe pour les statuts. Cette différence dans la distribution des langages rend plus difficile pour un système de récupérer des candidats pertinents, car cela nécessite indirectement une interprétation inhérente capable de traduire une question naturelle en une question juridique correspondant à la terminologie.
1	101.19999999999989	0.34397363662719727		statuts. Cette différence dans la distribution des langages rend plus difficile pour un système de récupérer des candidats pertinents, car cela nécessite indirectement une interprétation inhérente capable de traduire une question naturelle en une question juridique correspondant à la terminologie des statuts.
1	102.07999999999988	0.44187450408935547	plus,	
1	102.95999999999988	0.6438148021697998	De statutaire est	plus,
1	103.83999999999988	0.7228119373321533	le droit statutaire pas une pile de	statutaire est
1	104.71999999999987	0.6909098625183105	n'est pas une pile pertinents, car cela nécessite indirectement une interprétation inhérente capable de traduire une question naturelle en une question juridique correspondant à la terminologie des statuts. De plus, le droit statutaire n'est pas une pile d'arguments indépendants.	pas une pile de
1	105.59999999999987	0.6731290817260742	qui peuvent être	pertinents, car cela nécessite indirectement une interprétation inhérente capable de traduire une question naturelle en une question juridique correspondant à la terminologie des statuts. De plus, le droit statutaire n'est pas une pile d'arguments indépendants.
1	106.47999999999986	0.7546322345733643	d'articles indépendants être traités comme un	qui peuvent être
1	107.35999999999986	0.7113387584686279	traités comme être traités comme une source d'information complète.	être traités comme un
1	108.23999999999985	0.7113499641418457	une source d'information d'information présente ses propres défis. Premièrement, elle traite de deux types de langage : le langage naturel courant pour les questions et le langage juridique complexe pour les statuts. Cette différence dans la distribution des langages rend plus difficile pour un système de récupérer des candidats pertinents, car cela nécessite indirectement une interprétation inhérente capable de traduire une question naturelle en une question juridique correspondant à la terminologie des statuts. De plus, le droit statutaire n'est pas une pile d'articles indépendants qui peuvent être traités comme une source d'information complète en eux-mêmes.	être traités comme une source d'information complète.
1	109.11999999999985	0.3312947750091553		d'information présente ses propres défis. Premièrement, elle traite de deux types de langage : le langage naturel courant pour les questions et le langage juridique complexe pour les statuts. Cette différence dans la distribution des langages rend plus difficile pour un système de récupérer des candidats pertinents, car cela nécessite indirectement une interprétation inhérente capable de traduire une question naturelle en une question juridique correspondant à la terminologie des statuts. De plus, le droit statutaire n'est pas une pile d'articles indépendants qui peuvent être traités comme une source d'information complète en eux-mêmes.
1	109.99999999999984	0.676032543182373	statuts. De plus, le droit statutaire n'est pas une pile d'articles indépendants qui peuvent être traités comme une source d'information complète en eux-mêmes. Contrairement aux actualités ou aux recettes.	
1	110.87999999999984	0.7007279396057129	Contrairement aux nouvelles ou aux recettes par exemple.	statuts. De plus, le droit statutaire n'est pas une pile d'articles indépendants qui peuvent être traités comme une source d'information complète en eux-mêmes. Contrairement aux actualités ou aux recettes.
1	111.75999999999983	0.6297430992126465	recettes, par exemple.	recettes par exemple.
1	112.63999999999983	0.7613067626953125	n'est pas une pile d'articles indépendants qui peuvent être traités comme une source d'information complète en eux-mêmes. Contrairement aux nouvelles ou aux recettes, par exemple. Il s'agit plutôt d'un	
1	113.51999999999983	0.7666411399841309	Il s'agit plutôt collection structurée.	n'est pas une pile d'articles indépendants qui peuvent être traités comme une source d'information complète en eux-mêmes. Contrairement aux nouvelles ou aux recettes, par exemple. Il s'agit plutôt d'un
1	114.39999999999982	0.6791524887084961	d'une collection juridique correspondant à la terminologie des statuts. De plus, le droit statutaire n'est pas une pile d'articles indépendants qui peuvent être traités comme une source d'information complète en eux-mêmes. Contrairement aux nouvelles ou aux recettes, par exemple. Il s'agit plutôt d'une collection structurée de processus juridiques.	collection structurée.
1	115.27999999999982	0.6478009223937988	structurée de dispositions juridiques qui ont une	juridique correspondant à la terminologie des statuts. De plus, le droit statutaire n'est pas une pile d'articles indépendants qui peuvent être traités comme une source d'information complète en eux-mêmes. Contrairement aux nouvelles ou aux recettes, par exemple. Il s'agit plutôt d'une collection structurée de processus juridiques.
1	116.15999999999981	0.6391055583953857	capable de traduire une question naturelle en une question juridique correspondant à la terminologie des statuts. De plus, le droit statutaire n'est pas une pile d'articles indépendants qui peuvent être traités comme une source d'information complète en eux-mêmes. Contrairement aux nouvelles ou aux recettes, par exemple. Il s'agit plutôt d'une collection structurée de dispositions juridiques qui ont un sens global.	une
1	117.03999999999981	0.77372145652771	un sens terminologie des statuts. De plus, le droit statutaire n'est pas une pile d'articles indépendants qui peuvent être traités comme une source d'information complète en eux-mêmes. Contrairement aux nouvelles ou aux recettes, par exemple. Il s'agit plutôt d'une collection structurée de dispositions juridiques qui ont un sens complet uniquement lorsqu'elles sont considérées ensemble.	capable de traduire une question naturelle en une question juridique correspondant à la terminologie des statuts. De plus, le droit statutaire n'est pas une pile d'articles indépendants qui peuvent être traités comme une source d'information complète en eux-mêmes. Contrairement aux nouvelles ou aux recettes, par exemple. Il s'agit plutôt d'une collection structurée de dispositions juridiques qui ont un sens global.
1	117.9199999999998	0.7973802089691162	complet uniquement lorsqu'elles sont considérées en une question juridique correspondant à la terminologie des statuts. De plus, le droit statutaire n'est pas une pile d'articles indépendants qui peuvent être traités comme une source d'information complète en eux-mêmes. Contrairement aux nouvelles ou aux recettes, par exemple. Il s'agit plutôt d'une collection structurée de dispositions juridiques qui ont un sens complet uniquement lorsqu'elles sont considérées dans leur ensemble.	terminologie des statuts. De plus, le droit statutaire n'est pas une pile d'articles indépendants qui peuvent être traités comme une source d'information complète en eux-mêmes. Contrairement aux nouvelles ou aux recettes, par exemple. Il s'agit plutôt d'une collection structurée de dispositions juridiques qui ont un sens complet uniquement lorsqu'elles sont considérées ensemble.
1	118.7999999999998	0.5457744598388672	dans leur contexte global.	en une question juridique correspondant à la terminologie des statuts. De plus, le droit statutaire n'est pas une pile d'articles indépendants qui peuvent être traités comme une source d'information complète en eux-mêmes. Contrairement aux nouvelles ou aux recettes, par exemple. Il s'agit plutôt d'une collection structurée de dispositions juridiques qui ont un sens complet uniquement lorsqu'elles sont considérées dans leur ensemble.
1	119.6799999999998	0.7836637496948242	n'est pas une pile d'articles indépendants qui peuvent être traités comme une source d'information complète en eux-mêmes. Contrairement aux nouvelles ou aux recettes, par exemple. Il s'agit plutôt d'une collection structurée de dispositions juridiques qui ont un sens complet uniquement lorsqu'elles sont considérées dans leur contexte global. C'est-à-dire ensemble avec	
1	120.55999999999979	0.8695111274719238	le droit statutaire n'est pas une pile d'articles indépendants qui peuvent être traités comme une source d'information complète en eux-mêmes. Contrairement aux nouvelles ou aux recettes, par exemple. Il s'agit plutôt d'une collection structurée de dispositions juridiques qui ont un sens complet uniquement lorsqu'elles sont considérées dans leur contexte global. C'est-à-dire, ensemble avec les dispositions complémentaires	n'est pas une pile d'articles indépendants qui peuvent être traités comme une source d'information complète en eux-mêmes. Contrairement aux nouvelles ou aux recettes, par exemple. Il s'agit plutôt d'une collection structurée de dispositions juridiques qui ont un sens complet uniquement lorsqu'elles sont considérées dans leur contexte global. C'est-à-dire ensemble avec
1	121.43999999999978	0.9350123405456543	C'est-à-dire, ensemble avec les	le droit statutaire n'est pas une pile d'articles indépendants qui peuvent être traités comme une source d'information complète en eux-mêmes. Contrairement aux nouvelles ou aux recettes, par exemple. Il s'agit plutôt d'une collection structurée de dispositions juridiques qui ont un sens complet uniquement lorsqu'elles sont considérées dans leur contexte global. C'est-à-dire, ensemble avec les dispositions complémentaires
1	122.31999999999978	0.660045862197876	informations complémentaires provenant d'articles indépendants qui peuvent être traités comme une source d'information complète en eux-mêmes. Contrairement aux nouvelles ou aux recettes, par exemple. Il s'agit plutôt d'une collection structurée de dispositions juridiques qui ont un sens complet uniquement lorsqu'elles sont considérées dans leur contexte global. C'est-à-dire, ensemble avec les informations complémentaires provenant des articles voisins.	
1	123.19999999999978	0.5302996635437012	des articles terminologie des statuts. De plus, le droit statutaire n'est pas une pile d'articles indépendants qui peuvent être traités comme une source d'information complète en eux-mêmes. Contrairement aux nouvelles ou aux recettes, par exemple. Il s'agit plutôt d'une collection structurée de dispositions juridiques qui ont un sens complet uniquement lorsqu'elles sont considérées dans leur contexte global. C'est-à-dire, ensemble avec les informations complémentaires provenant des articles voisins,	d'articles indépendants qui peuvent être traités comme une source d'information complète en eux-mêmes. Contrairement aux nouvelles ou aux recettes, par exemple. Il s'agit plutôt d'une collection structurée de dispositions juridiques qui ont un sens complet uniquement lorsqu'elles sont considérées dans leur contexte global. C'est-à-dire, ensemble avec les informations complémentaires provenant des articles voisins.
1	124.07999999999977	0.7224686145782471	d'articles indépendants qui peuvent être traités comme une source d'information complète en eux-mêmes. Contrairement aux nouvelles ou aux recettes, par exemple. Il s'agit plutôt d'une collection structurée de dispositions juridiques qui ont un sens complet uniquement lorsqu'elles sont considérées dans leur contexte global. C'est-à-dire, ensemble avec les informations complémentaires provenant des articles voisins, des champs et des sous-faits.	terminologie des statuts. De plus, le droit statutaire n'est pas une pile d'articles indépendants qui peuvent être traités comme une source d'information complète en eux-mêmes. Contrairement aux nouvelles ou aux recettes, par exemple. Il s'agit plutôt d'une collection structurée de dispositions juridiques qui ont un sens complet uniquement lorsqu'elles sont considérées dans leur contexte global. C'est-à-dire, ensemble avec les informations complémentaires provenant des articles voisins,
1	124.95999999999977	0.7782022953033447	des champs et leur contexte global. C'est-à-dire, ensemble avec les informations complémentaires provenant des articles voisins, des champs et sous-champs auxquels elles appartiennent.	d'articles indépendants qui peuvent être traités comme une source d'information complète en eux-mêmes. Contrairement aux nouvelles ou aux recettes, par exemple. Il s'agit plutôt d'une collection structurée de dispositions juridiques qui ont un sens complet uniquement lorsqu'elles sont considérées dans leur contexte global. C'est-à-dire, ensemble avec les informations complémentaires provenant des articles voisins, des champs et des sous-faits.
1	125.83999999999976	0.7631537914276123	sous-champs auxquels elles indépendants qui peuvent être traités comme une source d'information complète en eux-mêmes. Contrairement aux nouvelles ou aux recettes, par exemple. Il s'agit plutôt d'une collection structurée de dispositions juridiques qui ont un sens complet uniquement lorsqu'elles sont considérées dans leur contexte global. C'est-à-dire, ensemble avec les informations complémentaires provenant des articles voisins, des champs et sous-champs auxquels elles appartiennent, et les	leur contexte global. C'est-à-dire, ensemble avec les informations complémentaires provenant des articles voisins, des champs et sous-champs auxquels elles appartiennent.
1	126.71999999999976	0.7406935691833496	appartiennent, et leur contexte global. C'est-à-dire, ensemble avec les informations complémentaires provenant des articles voisins, des champs et sous-champs auxquels elles appartiennent, et de leur place dans le	indépendants qui peuvent être traités comme une source d'information complète en eux-mêmes. Contrairement aux nouvelles ou aux recettes, par exemple. Il s'agit plutôt d'une collection structurée de dispositions juridiques qui ont un sens complet uniquement lorsqu'elles sont considérées dans leur contexte global. C'est-à-dire, ensemble avec les informations complémentaires provenant des articles voisins, des champs et sous-champs auxquels elles appartiennent, et les
1	127.59999999999975	0.730487585067749	de leur place dans structure du droit.	leur contexte global. C'est-à-dire, ensemble avec les informations complémentaires provenant des articles voisins, des champs et sous-champs auxquels elles appartiennent, et de leur place dans le
1	128.47999999999976	0.30699729919433594	la	structure du droit.
1	129.35999999999976	0.4981679916381836	Enfin,	
1	130.23999999999975	0.644585371017456	statutaires.	
1	131.11999999999975	0.7633557319641113	les articles n'est pas une pile d'articles indépendants qui peuvent être traités comme une source d'information complète en eux-mêmes. Contrairement aux nouvelles ou aux recettes, par exemple. Il s'agit plutôt d'une collection structurée de dispositions juridiques qui ont un sens complet uniquement lorsqu'elles sont considérées dans leur contexte global. C'est-à-dire, ensemble avec les informations complémentaires provenant des articles voisins, des champs et sous-champs auxquels elles appartiennent, et de leur place dans la structure du droit. Enfin, les articles statutaires ne sont pas petits.	statutaires.
1	131.99999999999974	0.7577798366546631	statutaires ne sont pas dispositions juridiques qui ont un sens complet uniquement lorsqu'elles sont considérées dans leur contexte global. C'est-à-dire, ensemble avec les informations complémentaires provenant des articles voisins, des champs et sous-champs auxquels elles appartiennent, et de leur place dans la structure du droit. Enfin, les articles statutaires ne sont pas de petits paragraphes.	n'est pas une pile d'articles indépendants qui peuvent être traités comme une source d'information complète en eux-mêmes. Contrairement aux nouvelles ou aux recettes, par exemple. Il s'agit plutôt d'une collection structurée de dispositions juridiques qui ont un sens complet uniquement lorsqu'elles sont considérées dans leur contexte global. C'est-à-dire, ensemble avec les informations complémentaires provenant des articles voisins, des champs et sous-champs auxquels elles appartiennent, et de leur place dans la structure du droit. Enfin, les articles statutaires ne sont pas petits.
1	132.87999999999974	0.6945617198944092	de petits dispositions juridiques qui ont un sens complet uniquement lorsqu'elles sont considérées dans leur contexte global. C'est-à-dire, ensemble avec les informations complémentaires provenant des articles voisins, des champs et sous-champs auxquels elles appartiennent, et de leur place dans la structure du droit. Enfin, les articles statutaires ne sont pas de petits paragraphes, qui habituellement	dispositions juridiques qui ont un sens complet uniquement lorsqu'elles sont considérées dans leur contexte global. C'est-à-dire, ensemble avec les informations complémentaires provenant des articles voisins, des champs et sous-champs auxquels elles appartiennent, et de leur place dans la structure du droit. Enfin, les articles statutaires ne sont pas de petits paragraphes.
1	133.75999999999974	0.766944169998169	paragraphes, complet uniquement lorsqu'elles sont considérées dans leur contexte global. C'est-à-dire, ensemble avec les informations complémentaires provenant des articles voisins, des champs et sous-champs auxquels elles appartiennent, et de leur place dans la structure du droit. Enfin, les articles statutaires ne sont pas de petits paragraphes, ce qui est généralement le cas typique	dispositions juridiques qui ont un sens complet uniquement lorsqu'elles sont considérées dans leur contexte global. C'est-à-dire, ensemble avec les informations complémentaires provenant des articles voisins, des champs et sous-champs auxquels elles appartiennent, et de leur place dans la structure du droit. Enfin, les articles statutaires ne sont pas de petits paragraphes, qui habituellement
1	134.63999999999973	0.8265938758850098	ce qui est généralement	complet uniquement lorsqu'elles sont considérées dans leur contexte global. C'est-à-dire, ensemble avec les informations complémentaires provenant des articles voisins, des champs et sous-champs auxquels elles appartiennent, et de leur place dans la structure du droit. Enfin, les articles statutaires ne sont pas de petits paragraphes, ce qui est généralement le cas typique
1	135.51999999999973	0.9585063457489014	l'unité de rappel typique dans	
1	136.39999999999972	0.40424537658691406	la plupart des travaux de récupération.	
1	137.27999999999972	0.55238938331604	dans leur contexte global. C'est-à-dire, ensemble avec les informations complémentaires provenant des articles voisins, des champs et sous-champs auxquels elles appartiennent, et de leur place dans la structure du droit. Enfin, les articles statutaires ne sont pas de petits paragraphes, ce qui est généralement l'unité de rappel typique dans la plupart des travaux de récupération. Ici, dans le	
1	138.1599999999997	0.6504943370819092	Ici, sont considérées dans leur contexte global. C'est-à-dire, ensemble avec les informations complémentaires provenant des articles voisins, des champs et sous-champs auxquels elles appartiennent, et de leur place dans la structure du droit. Enfin, les articles statutaires ne sont pas de petits paragraphes, ce qui est généralement l'unité de rappel typique dans la plupart des travaux de récupération. Ici, ils sont plus longs.	dans leur contexte global. C'est-à-dire, ensemble avec les informations complémentaires provenant des articles voisins, des champs et sous-champs auxquels elles appartiennent, et de leur place dans la structure du droit. Enfin, les articles statutaires ne sont pas de petits paragraphes, ce qui est généralement l'unité de rappel typique dans la plupart des travaux de récupération. Ici, dans le
1	139.0399999999997	0.6141362190246582	ils sont global. C'est-à-dire, ensemble avec les informations complémentaires provenant des articles voisins, des champs et sous-champs auxquels elles appartiennent, et de leur place dans la structure du droit. Enfin, les articles statutaires ne sont pas de petits paragraphes, ce qui est généralement l'unité de rappel typique dans la plupart des travaux de récupération. Ici, ils sont de longs documents.	sont considérées dans leur contexte global. C'est-à-dire, ensemble avec les informations complémentaires provenant des articles voisins, des champs et sous-champs auxquels elles appartiennent, et de leur place dans la structure du droit. Enfin, les articles statutaires ne sont pas de petits paragraphes, ce qui est généralement l'unité de rappel typique dans la plupart des travaux de récupération. Ici, ils sont plus longs.
1	139.9199999999997	0.6877472400665283	de longs	global. C'est-à-dire, ensemble avec les informations complémentaires provenant des articles voisins, des champs et sous-champs auxquels elles appartiennent, et de leur place dans la structure du droit. Enfin, les articles statutaires ne sont pas de petits paragraphes, ce qui est généralement l'unité de rappel typique dans la plupart des travaux de récupération. Ici, ils sont de longs documents.
1	140.7999999999997	0.8121566772460938	documents pouvant atteindre structurée de dispositions juridiques qui ont un sens complet uniquement lorsqu'elles sont considérées dans leur contexte global. C'est-à-dire, ensemble avec les informations complémentaires provenant des articles voisins, des champs et sous-champs auxquels elles appartiennent, et de leur place dans la structure du droit. Enfin, les articles statutaires ne sont pas de petits paragraphes, ce qui est généralement l'unité de rappel typique dans la plupart des travaux de récupération. Ici, ils sont de longs documents pouvant atteindre 6 000 mots.	
1	141.6799999999997	0.4047868251800537		structurée de dispositions juridiques qui ont un sens complet uniquement lorsqu'elles sont considérées dans leur contexte global. C'est-à-dire, ensemble avec les informations complémentaires provenant des articles voisins, des champs et sous-champs auxquels elles appartiennent, et de leur place dans la structure du droit. Enfin, les articles statutaires ne sont pas de petits paragraphes, ce qui est généralement l'unité de rappel typique dans la plupart des travaux de récupération. Ici, ils sont de longs documents pouvant atteindre 6 000 mots.
1	142.5599999999997	0.14327621459960938		
1	143.43999999999969	0.6257486343383789	dans leur contexte global. C'est-à-dire, ensemble avec les informations complémentaires provenant des articles voisins, des champs et sous-champs auxquels elles appartiennent, et de leur place dans la structure du droit. Enfin, les articles statutaires ne sont pas de petits paragraphes, ce qui est généralement l'unité de rappel typique dans la plupart des travaux de récupération. Ici, ils sont de longs documents pouvant atteindre 6 000 mots. Les récents progrès dans le	
1	144.31999999999968	0.7965686321258545	Les récents progrès	dans leur contexte global. C'est-à-dire, ensemble avec les informations complémentaires provenant des articles voisins, des champs et sous-champs auxquels elles appartiennent, et de leur place dans la structure du droit. Enfin, les articles statutaires ne sont pas de petits paragraphes, ce qui est généralement l'unité de rappel typique dans la plupart des travaux de récupération. Ici, ils sont de longs documents pouvant atteindre 6 000 mots. Les récents progrès dans le
1	145.19999999999968	0.750664234161377	en TALN ont	
1	146.07999999999967	0.7797577381134033	suscité un immense	
1	146.95999999999967	0.7484962940216064	intérêt dans de juridique, telle que « Que risquerais-je si je viole le secret professionnel ? » un modèle est requis pour récupérer tous les articles statutaires pertinents à partir d'un vaste corpus législatif. Cette tâche de récupération d'information présente ses propres défis. Premièrement, elle traite de deux types de langage : le langage naturel courant pour les questions et le langage juridique complexe pour les statuts. Cette différence dans la distribution des langages rend plus difficile pour un système de récupérer des candidats pertinents, car cela nécessite indirectement une interprétation inhérente capable de traduire une question naturelle en une question juridique correspondant à la terminologie des statuts. De plus, le droit statutaire n'est pas une pile d'articles indépendants qui peuvent être traités comme une source d'information complète en eux-mêmes. Contrairement aux nouvelles ou aux recettes, par exemple. Il s'agit plutôt d'une collection structurée de dispositions juridiques qui ont un sens complet uniquement lorsqu'elles sont considérées dans leur contexte global. C'est-à-dire, ensemble avec les informations complémentaires provenant des articles voisins, des champs et sous-champs auxquels elles appartiennent, et de leur place dans la structure du droit. Enfin, les articles statutaires ne sont pas de petits paragraphes, ce qui est généralement l'unité de rappel typique dans la plupart des travaux de récupération. Ici, ils sont de longs documents pouvant atteindre 6 000 mots. Les récents progrès en TALN ont suscité un immense intérêt dans de nombreuses tâches juridiques, telles que	
1	147.83999999999966	0.752002477645874		juridique, telle que « Que risquerais-je si je viole le secret professionnel ? » un modèle est requis pour récupérer tous les articles statutaires pertinents à partir d'un vaste corpus législatif. Cette tâche de récupération d'information présente ses propres défis. Premièrement, elle traite de deux types de langage : le langage naturel courant pour les questions et le langage juridique complexe pour les statuts. Cette différence dans la distribution des langages rend plus difficile pour un système de récupérer des candidats pertinents, car cela nécessite indirectement une interprétation inhérente capable de traduire une question naturelle en une question juridique correspondant à la terminologie des statuts. De plus, le droit statutaire n'est pas une pile d'articles indépendants qui peuvent être traités comme une source d'information complète en eux-mêmes. Contrairement aux nouvelles ou aux recettes, par exemple. Il s'agit plutôt d'une collection structurée de dispositions juridiques qui ont un sens complet uniquement lorsqu'elles sont considérées dans leur contexte global. C'est-à-dire, ensemble avec les informations complémentaires provenant des articles voisins, des champs et sous-champs auxquels elles appartiennent, et de leur place dans la structure du droit. Enfin, les articles statutaires ne sont pas de petits paragraphes, ce qui est généralement l'unité de rappel typique dans la plupart des travaux de récupération. Ici, ils sont de longs documents pouvant atteindre 6 000 mots. Les récents progrès en TALN ont suscité un immense intérêt dans de nombreuses tâches juridiques, telles que
1	148.71999999999966	0.6842544078826904		
1	149.59999999999965	0.8075730800628662	la prédiction des jugements	
1	150.47999999999965	0.697258710861206	juridiques ou	
1	151.35999999999964	0.6541776657104492	la	
1	152.23999999999964	0.31563425064086914	révision automatique	
1	153.11999999999964	0.6994009017944336		
1	153.99999999999963	0.9365794658660889	des contrats. Mais	
1	154.87999999999963	0.7840390205383301	le rappel d'articles statutaires est	
1	155.75999999999962	0.7436611652374268	resté principalement	
1	156.63999999999962	0.7282247543334961	inchangé en raison les articles statutaires ne sont pas de petits paragraphes, ce qui est généralement l'unité de rappel typique dans la plupart des travaux de récupération. Ici, ils sont de longs documents pouvant atteindre 6 000 mots. Les récents progrès en TALN ont suscité un immense intérêt dans de nombreuses tâches juridiques, telles que la prédiction des jugements juridiques ou la révision automatique des contrats. Mais le rappel d'articles statutaires est resté principalement inchangé en raison du manque de grands	
1	157.5199999999996	0.7922654151916504	et sous-champs auxquels elles appartiennent, et de leur place dans la structure du droit. Enfin, les articles statutaires ne sont pas de petits paragraphes, ce qui est généralement l'unité de rappel typique dans la plupart des travaux de récupération. Ici, ils sont de longs documents pouvant atteindre 6 000 mots. Les récents progrès en TALN ont suscité un immense intérêt dans de nombreuses tâches juridiques, telles que la prédiction des jugements juridiques ou la révision automatique des contrats. Mais le rappel d'articles statutaires est resté principalement inchangé en raison du manque de grands jeux de données de haute qualité.	les articles statutaires ne sont pas de petits paragraphes, ce qui est généralement l'unité de rappel typique dans la plupart des travaux de récupération. Ici, ils sont de longs documents pouvant atteindre 6 000 mots. Les récents progrès en TALN ont suscité un immense intérêt dans de nombreuses tâches juridiques, telles que la prédiction des jugements juridiques ou la révision automatique des contrats. Mais le rappel d'articles statutaires est resté principalement inchangé en raison du manque de grands
1	158.3999999999996	0.7583503723144531	jeux de données sous-champs auxquels elles appartiennent, et de leur place dans la structure du droit. Enfin, les articles statutaires ne sont pas de petits paragraphes, ce qui est généralement l'unité de rappel typique dans la plupart des travaux de récupération. Ici, ils sont de longs documents pouvant atteindre 6 000 mots. Les récents progrès en TALN ont suscité un immense intérêt dans de nombreuses tâches juridiques, telles que la prédiction des jugements juridiques ou la révision automatique des contrats. Mais le rappel d'articles statutaires est resté principalement inchangé en raison du manque de grands jeux de données étiquetés de haute qualité.	et sous-champs auxquels elles appartiennent, et de leur place dans la structure du droit. Enfin, les articles statutaires ne sont pas de petits paragraphes, ce qui est généralement l'unité de rappel typique dans la plupart des travaux de récupération. Ici, ils sont de longs documents pouvant atteindre 6 000 mots. Les récents progrès en TALN ont suscité un immense intérêt dans de nombreuses tâches juridiques, telles que la prédiction des jugements juridiques ou la révision automatique des contrats. Mais le rappel d'articles statutaires est resté principalement inchangé en raison du manque de grands jeux de données de haute qualité.
1	159.2799999999996	0.679412841796875		sous-champs auxquels elles appartiennent, et de leur place dans la structure du droit. Enfin, les articles statutaires ne sont pas de petits paragraphes, ce qui est généralement l'unité de rappel typique dans la plupart des travaux de récupération. Ici, ils sont de longs documents pouvant atteindre 6 000 mots. Les récents progrès en TALN ont suscité un immense intérêt dans de nombreuses tâches juridiques, telles que la prédiction des jugements juridiques ou la révision automatique des contrats. Mais le rappel d'articles statutaires est resté principalement inchangé en raison du manque de grands jeux de données étiquetés de haute qualité.
1	160.1599999999996	0.14687275886535645		
1	161.0399999999996	0.6659400463104248		
1	161.9199999999996	0.720266580581665	Dans ce travail, nous présentons	
1	162.79999999999959	0.7093260288238525	un nouveau	
1	163.67999999999958	0.8685474395751953	jeu de données	
1	164.55999999999958	0.7986063957214355	centré sur	
1	165.43999999999957	0.8439395427703857	les citoyens	
1	166.31999999999957	0.7808241844177246	francophones natifs pour	
1	167.19999999999956	0.8482584953308105	étudier si	
1	168.07999999999956	0.6860294342041016	les modèles de rappel peuvent	
1	168.95999999999955	0.6333928108215332	approximer	
1	169.83999999999955	0.6654829978942871	l'efficacité et	
1	170.71999999999954	0.567363977432251	la fiabilité	
1	171.59999999999954	0.5782387256622314		
1	172.47999999999954	0.7066583633422852		
1	173.35999999999953	0.8371257781982422	d'un expert juridique pour	
1	174.23999999999953	0.7437727451324463	la tâche de rappel	
1	175.11999999999952	0.34229302406311035	d'articles statutaires.	
1	175.99999999999952	0.15454411506652832		
1	176.8799999999995	0.699073314666748		
1	177.7599999999995	0.8417279720306396	Ou	
1	178.6399999999995	0.8142480850219727		
1	179.5199999999995	0.8613877296447754	jeu de données belge	
1	180.3999999999995	0.8541364669799805	sur le rappel d'articles	
1	181.2799999999995	0.6953744888305664	statutaires comprend plus	
1	182.15999999999948	0.7661135196685791		
1	183.03999999999948	0.8278329372406006	de 1 100 questions	
1	183.91999999999948	0.7338879108428955	juridiques	
1	184.79999999999947	0.7011654376983643	posées par	
1	185.67999999999947	0.31084609031677246	des citoyens belges.	
1	186.55999999999946	0.14973688125610352		
1	187.43999999999946	0.8214685916900635		
1	188.31999999999945	0.929311990737915	Ces questions couvrent un large éventail de	
1	189.19999999999945	0.6897344589233398	sujets allant	
1	190.07999999999944	0.8409574031829834	de la famille au logement,	
1	190.95999999999944	0.6696188449859619		
1	191.83999999999943	0.8329153060913086	de l'argent au	
1	192.71999999999943	0.3748588562011719	travail et à la sécurité sociale.	
1	193.59999999999943	0.1580183506011963		
1	194.47999999999942	0.875016450881958		
1	195.35999999999942	0.9695007801055908	Chacune d'elles a été	
1	196.2399999999994	0.818056583404541	étiquetée par	
1	197.1199999999994	0.6993939876556396	des juristes	
1	197.9999999999994	0.6625025272369385	expérimentés avec	
1	198.8799999999994	0.7148134708404541	des références	
1	199.7599999999994	0.8292768001556396		
1	200.6399999999994	1.0790953636169434	à des articles pertinents provenant d'un corpus de plus de	
1	201.51999999999938	0.5973889827728271		
1	202.39999999999938	0.7217471599578857		
1	203.27999999999938	0.8300104141235352		
1	204.15999999999937	0.9667887687683105	vingt-deux mille six cents articles juridiques	
1	205.03999999999937	0.7708156108856201	belges issus des codes	
1	205.91999999999936	0.29924583435058594	de loi belges.	
1	206.79999999999936	0.5896213054656982		
1	207.67999999999935	0.9015648365020752	Parlons maintenant de	
1	208.55999999999935	0.8583402633666992	la manière dont nous avons collecté	
1	209.43999999999934	0.30254101753234863	ce jeu de données.	
1	210.31999999999934	0.7320566177368164		
1	211.19999999999933	0.7948412895202637	Tout d'abord, nous avons commencé par	
1	212.07999999999933	0.5944263935089111	compiler un	
1	212.95999999999933	0.677626371383667	vaste corpus	
1	213.83999999999932	0.3147568702697754	d'articles juridiques.	
1	214.71999999999932	0.620084285736084		
1	215.5999999999993	0.6896963119506836	Nous avons considéré	
1	216.4799999999993	0.748375415802002	32	
1	217.3599999999993	0.6988785266876221		
1	218.2399999999993	0.7805271148681641	codes belges publiquement disponibles et	
1	219.1199999999993	0.6075665950775146	extrait tous	
1	219.9999999999993	0.6588692665100098	leurs	
1	220.87999999999928	0.7211017608642578	articles ainsi que	
1	221.75999999999928	0.6559023857116699		
1	222.63999999999928	0.3704085350036621	les titres de sections correspondants.	
1	223.51999999999927	0.5861625671386719		
1	224.39999999999927	0.722675085067749	Ensuite, nous	
1	225.27999999999926	0.6882317066192627	avons recueilli des	
1	226.15999999999926	0.6290850639343262	questions	
1	227.03999999999925	0.769935131072998	juridiques avec des	
1	227.91999999999925	0.6972694396972656	références à des	
1	228.79999999999924	0.7195549011230469	statuts pertinents.	
1	229.67999999999924	0.7679755687713623	Pour ce faire,	
1	230.55999999999923	0.711085319519043	nous avons collaboré avec	
1	231.43999999999923	0.7014029026031494		
1	232.31999999999923	0.8188271522521973	un cabinet d'avocats belge qui reçoit	
1	233.19999999999922	0.6289520263671875	chaque	
1	234.07999999999922	0.8050990104675293	année environ	
1	234.9599999999992	0.8507940769195557	4 000	
1	235.8399999999992	0.6979906558990479	e-mails de citoyens belges.	
1	236.7199999999992	0.44397950172424316		
1	237.5999999999992	0.43906092643737793		
1	238.4799999999992	0.4453094005584717		
1	239.3599999999992	0.6622159481048584		
1	240.23999999999918	1.0279715061187744	citoyens belges demandant des conseils sur une question juridique personnelle.	
1	241.11999999999918	0.8585636615753174	Nous avons eu la chance	
1	241.99999999999918	0.7141244411468506	d'accéder à	
1	242.87999999999917	0.6637563705444336	leurs sites	
1	243.75999999999917	0.7539288997650146	web où leur équipe	
1	244.63999999999916	0.1449425220489502		
1	245.51999999999916	0.8261616230010986		
1	246.39999999999915	0.9953570365905762	de juristes expérimentés	
1	247.27999999999915	0.5225067138671875	aborde les problèmes juridiques les plus courants en Belgique.	
1	248.15999999999914	0.16094017028808594		
1	249.03999999999914	0.719841718673706		
1	249.91999999999913	0.7919085025787354	Nous avons recueilli des milliers de	
1	250.79999999999913	0.7299087047576904		
1	251.67999999999913	0.7188441753387451	questions, annotées avec	
1	252.55999999999912	0.7503938674926758	des	
1	253.43999999999912	0.8546302318572998		
1	254.3199999999991	0.8611416816711426	catégories, des sous-catégories et des	
1	255.1999999999991	0.7368924617767334	références	
1	256.07999999999913	0.3785288333892822	juridiques aux statuts pertinents.	
1	256.9599999999991	0.14943170547485352		
1	257.8399999999991	0.14821958541870117		
1	258.7199999999991	0.770409107208252		
1	259.5999999999991	0.7746729850769043	Enfin, nous avons transmis les références	
1	260.4799999999991	0.6602497100830078	juridiques et	
1	261.3599999999991	0.6432831287384033		
1	262.2399999999991	0.6044168472290039	filtré les	
1	263.1199999999991	0.6493024826049805	questions	
1	263.9999999999991	0.8017034530639648	dont les références	
1	264.8799999999991	0.6956512928009033	n'étaient pas des articles.	
1	265.7599999999991	0.46704745292663574		
1	266.6399999999991	0.46472740173339844		
1	267.5199999999991	0.4668114185333252		
1	268.39999999999907	1.143308401107788		
1	269.27999999999906	0.5855705738067627	des articles dans l'un des codes de loi que nous	
1	270.15999999999906	0.891880989074707		
1	271.03999999999905	0.9649543762207031	avons considérés. Les références restantes ont été	
1	271.91999999999905	0.6495163440704346	correspondances et	
1	272.79999999999905	0.7046527862548828	converties en	
1	273.67999999999904	0.7627789974212646		
1	274.55999999999904	0.9302654266357422	les identifiants d'article	
1	275.43999999999903	0.7540912628173828	correspondants	
1	276.319999999999	0.5959892272949219		
1	277.199999999999	0.3442652225494385	d'Orcorpus.	
1	278.079999999999	0.669034481048584		
1	278.959999999999	0.89410400390625	Nous sommes finalement arrivés à	
1	279.839999999999	0.7370612621307373	1	
1	280.719999999999	0.34543800354003906	108 questions.	
1	281.599999999999	0.7212529182434082		
1	282.479999999999	0.9241960048675537	chacune soigneusement	
1	283.359999999999	0.9326331615447998	étiquetée avec	
1	284.239999999999	0.8692448139190674	les identifiants des articles	
1	285.119999999999	0.7027938365936279	pertinents	
1	285.999999999999	0.7061402797698975	de notre vaste	
1	286.879999999999	0.7389640808105469	corpus de	
1	287.75999999999897	0.811924934387207	vingt-deux mille	
1	288.63999999999896	0.7707319259643555	six cent	
1	289.51999999999896	0.7450101375579834	trente-trois	
1	290.39999999999895	0.2867753505706787	articles statutaires.	
1	291.27999999999895	0.5755348205566406		
1	292.15999999999894	0.6672110557556152		
1	293.03999999999894	0.8222148418426514	En outre, chaque	
1	293.91999999999894	0.7739584445953369	question est accompagnée	
1	294.79999999999893	0.8180282115936279	d'une catégorie	
1	295.6799999999989	0.85111403465271	principale et d'une	
1	296.5599999999989	0.7854280471801758	concaténation de	
1	297.4399999999989	0.7388331890106201		
1	298.3199999999989	0.9302933216094971	sous-catégories, et chaque article	
1	299.1999999999989	0.8678715229034424	est accompagné d'une	
1	300.0799999999989	0.8741230964660645	concaténation de	
1	300.9599999999989	0.6751184463500977	leurs	
1	301.8399999999989	0.870009183883667	titres de	
1	302.7199999999989	0.828533411026001	sous-séquence dans la structure du	
1	303.5999999999989	0.671471357345581	droit.	
1	304.4799999999989	0.7495336532592773	Cette information	
1	305.3599999999989	0.8126072883605957	supplémentaire n'est pas	
1	306.2399999999989	0.7412967681884766	utilisée dans le	
1	307.11999999999887	0.8898062705993652	présent travail mais pourrait être	
1	307.99999999999886	0.7284424304962158	intéressante pour	
1	308.87999999999886	0.7709035873413086		
1	309.75999999999885	0.9008216857910156	les recherches futures sur	
1	310.63999999999885	0.886967658996582	la récupération d'informations juridiques	
1	311.51999999999884	0.7206478118896484	ou	
1	312.39999999999884	0.3452417850494385	la classification de texte juridique.	
1	313.27999999999884	0.15070891380310059		
1	314.15999999999883	0.7511889934539795		
1	315.0399999999988	0.850053071975708		
1	315.9199999999988	0.9518313407897949	Examinons maintenant certaines caractéristiques de	
1	316.7999999999988	0.8265001773834229	notre jeu de données.	
1	317.6799999999988	0.8704493045806885	Les questions sont comprises entre	
1	318.5599999999988	0.8053810596466064		
1	319.4399999999988	0.9820888042449951		
1	320.3199999999988	1.1185472011566162	5 et 44 mots de long, avec une médiane de	
1	321.1999999999988	0.31049656867980957	40 mots.	
1	322.0799999999988	0.6554462909698486		
1	322.9599999999988	0.7379803657531738	Les articles sont	
1	323.8399999999988	0.7749006748199463	beaucoup plus	
1	324.7199999999988	0.8987331390380859	longs, avec une	
1	325.5999999999988	0.7973892688751221	longueur médiane de 77 mots.	
1	326.47999999999877	0.5105366706848145		
1	327.35999999999876	0.5114972591400146		
1	328.23999999999876	0.5472443103790283		
1	329.11999999999875	1.0816597938537598		
1	329.99999999999875	1.1408073902130127	77 mots, dont 142 dépassent	
1	330.87999999999874	0.4063758850097656	1 000 mots.	
1	331.75999999999874	0.617175817489624		
1	332.63999999999874	0.6756064891815186		
1	333.51999999999873	0.9683759212493896		
1	334.3999999999987	0.9595718383789062	Le plus long atteint jusqu'à 5	
1	335.2799999999987	0.7068123817443848		
1	336.1599999999987	0.7001175880432129	790 mots.	
1	337.0399999999987	0.41445207595825195		
1	337.9199999999987	0.7053623199462891		
1	338.7999999999987	0.8285782337188721	Comme mentionné	
1	339.6799999999987	0.805652379989624	précédemment,	
1	340.5599999999987	0.9001679420471191	les questions couvrent un	
1	341.4399999999987	0.7013299465179443	large éventail de	
1	342.3199999999987	0.7653548717498779		
1	343.1999999999987	0.9299852848052979	sujets, avec environ 85	
1	344.0799999999987	0.7440693378448486	% d'entre elles concernant	
1	344.9599999999987	0.6432030200958252	soit	
1	345.83999999999867	0.827984094619751	la famille,	
1	346.71999999999866	0.8588645458221436	le logement,	
1	347.59999999999866	0.7444660663604736	l'argent ou	
1	348.47999999999865	0.7491326332092285	la	
1	349.35999999999865	0.8933365345001221	justice, tandis que	
1	350.23999999999864	0.8419992923736572	les	
1	351.11999999999864	0.9420225620269775	15 % restants concernent soit	
1	351.99999999999864	0.778700590133667	la sécurité	
1	352.87999999999863	0.7958264350891113	sociale,	
1	353.7599999999986	0.3481142520904541	les étrangers ou le travail.	
1	354.6399999999986	0.15283513069152832		
1	355.5199999999986	0.15785813331604004		
1	356.3999999999986	0.7000219821929932		
1	357.2799999999986	0.7857372760772705	Les articles sont également très	
1	358.1599999999986	0.7999045848846436		
1	359.0399999999986	0.8908770084381104		
1	359.9199999999986	1.0026743412017822	diversifiés car ils proviennent de	
1	360.7999999999986	0.7787594795227051	32 codes belges différents.	
1	361.6799999999986	0.5226507186889648		
1	362.5599999999986	0.5190534591674805		
1	363.4399999999986	0.15626907348632812		
1	364.3199999999986	0.6796915531158447		
1	365.19999999999857	0.9407262802124023	Voici le nombre	
1	366.07999999999856	0.8177704811096191	total d'articles collectés	
1	366.95999999999856	0.8717811107635498		
1	367.83999999999855	0.4871675968170166	à partir de chacun de ces codes belges.	
1	368.71999999999855	0.16568970680236816		
1	369.59999999999854	0.8304300308227539		
1	370.47999999999854	0.8283305168151855	Sur les 22	
1	371.35999999999854	0.7383620738983154		
1	372.23999999999853	0.7341964244842529	633 articles,	
1	373.1199999999985	0.6767284870147705		
1	373.9999999999985	0.7685408592224121	seulement	
1	374.8799999999985	0.8550465106964111		
1	375.7599999999985	0.8527774810791016		
1	376.6399999999985	0.9925534725189209	1 612 sont	
1	377.5199999999985	0.733302116394043		
1	378.3999999999985	0.896186113357544	référencés comme	
1	379.2799999999985	0.9042818546295166	pertinents pour au moins	
1	380.1599999999985	0.780247688293457	une question dans	
1	381.0399999999985	0.3105010986328125	le jeu de données.	
1	381.9199999999985	0.9156858921051025		
1	382.7999999999985	0.8128387928009033	Et environ 80 % de	
1	383.6799999999985	0.7828421592712402	ces	
1	384.55999999999847	0.8062455654144287	articles cités proviennent	
1	385.43999999999846	0.7604894638061523	soit du	
1	386.31999999999846	0.7709605693817139	Code civil,	
1	387.19999999999845	0.9615004062652588	soit du Code judiciaire,	
1	388.07999999999845	0.9882173538208008	soit du Code d'instruction	
1	388.95999999999844	0.8179926872253418	criminelle, soit du Code pénal.	
1	389.83999999999844	0.5402214527130127		
1	390.71999999999844	0.6565043926239014		
1	391.59999999999843	0.8794910907745361		
1	392.4799999999984	0.8907663822174072	Parallèlement, 18 sur	
1	393.3599999999984	0.7692151069641113	32	
1	394.2399999999984	0.7641074657440186	Codes ont moins de	
1	395.1199999999984	0.7879161834716797	cinq	
1	395.9999999999984	0.8455750942230225	articles mentionnés comme	
1	396.8799999999984	0.8133106231689453	pertinents pour	
1	397.7599999999984	0.6915013790130615	au moins	
1	398.6399999999984	0.8739244937896729	une	
1	399.5199999999984	0.936575174331665	question, ce qui peut	
1	400.3999999999984	0.9742825031280518	s'expliquer par le fait que	
1	401.2799999999984	0.8063530921936035	ces codes se concentrent	
1	402.1599999999984	0.6911890506744385	moins sur	
1	403.0399999999984	0.7606503963470459	les	
1	403.91999999999837	0.34424829483032227	individus et leurs préoccupations.	
1	404.79999999999836	0.15323400497436523		
1	405.67999999999836	0.16386961936950684		
1	406.55999999999835	0.9035139083862305		
1	407.43999999999835	0.9237234592437744	Globalement, la médiane du nombre de	
1	408.31999999999834	0.7917845249176025	citations pour ces	
1	409.19999999999834	0.6553678512573242	articles cités est	
1	410.07999999999834	0.667644739151001		
1	410.95999999999833	0.722496747970581	de	
1	411.8399999999983	0.9182217121124268	2, et moins	
1	412.7199999999983	0.893855094909668	de 25 %	
1	413.5999999999983	0.9668326377868652	d'entre eux	
1	414.4799999999983	0.8557882308959961	sont cités plus de	
1	415.3599999999983	0.6904659271240234		
1	416.2399999999983	0.2834935188293457	5 fois.	
1	417.1199999999983	0.7380280494689941		
1	417.9999999999983	0.8336532115936279	En utilisant nos	
1	418.8799999999983	0.8846080303192139	jeux de données, nous	
1	419.7599999999983	0.8143401145935059	avons évalué	
1	420.6399999999983	0.8207523822784424	plusieurs	
1	421.5199999999983	0.8760209083557129	approches de rappel, incluant	
1	422.3999999999983	0.8245961666107178	lexicales et	
1	423.27999999999827	0.3202190399169922	d'architecture dense.	
1	424.15999999999826	0.8324456214904785		
1	425.03999999999826	0.9073994159698486	Étant donné une requête et un	
1	425.91999999999825	0.7480146884918213	article,	
1	426.79999999999825	0.7751641273498535	un modèle lexical	
1	427.67999999999824	0.8772280216217041	attribue un	
1	428.55999999999824	0.7642629146575928	score	
1	429.43999999999824	0.8287444114685059	au couple requête-article	
1	430.31999999999823	0.7843942642211914	en	
1	431.1999999999982	0.8617403507232666	calculant la	
1	432.0799999999982	0.8695929050445557	somme sur	
1	432.9599999999982	0.9289226531982422	les termes de la requête	
1	433.8399999999982	0.8551969528198242	des poids de	
1	434.7199999999982	0.8228456974029541	chacun de ces termes dans	
1	435.5999999999982	0.24799203872680664	cet article.	
1	436.4799999999982	0.15248346328735352		
1	437.3599999999982	0.8749275207519531		
1	438.2399999999982	1.0148038864135742	Nous expérimentons avec le TF-IDF	
1	439.1199999999982	0.8840491771697998	standard et	
1	439.9999999999982	0.8127739429473877		
1	440.8799999999982	0.8854727745056152	les fonctions de classement BM25.	
1	441.7599999999982	0.7992959022521973		
1	442.63999999999817	0.8921120166778564	Le principal problème avec ces	
1	443.51999999999816	0.8703691959381104	approches est	
1	444.39999999999816	0.8886106014251709	qu'elles ne peuvent	
1	445.27999999999815	0.8948533535003662	récupérer que	
1	446.15999999999815	0.8902921676635742	les articles contenant des	
1	447.03999999999814	0.8615407943725586	mots-clés	
1	447.91999999999814	0.34316325187683105	présents dans la requête.	
1	448.79999999999814	0.9266154766082764		
1	449.67999999999813	0.9373221397399902	Pour surmonter cette limitation, nous	
1	450.5599999999981	0.7147517204284668		
1	451.4399999999981	0.9856090545654297	expérimentons avec	
1	452.3199999999981	0.9096262454986572		
1	453.1999999999981	1.009002447128296	une architecture basée sur	
1	454.0799999999981	1.1133215427398682	les réseaux de neurones capable de capturer	
1	454.9599999999981	0.9146769046783447	les relations	
1	455.8399999999981	0.9837019443511963	sémantiques entre les	
1	456.7199999999981	0.7721292972564697	requêtes et les articles.	
1	457.5999999999981	0.8364582061767578		
1	458.4799999999981	0.912883996963501	Nous utilisons	
1	459.3599999999981	0.9011640548706055	un modèle	
1	460.2399999999981	0.9792711734771729	BERT qui mappe les requêtes	
1	461.1199999999981	0.8608651161193848	et les	
1	461.99999999999807	0.9647865295410156	articles	
1	462.87999999999806	0.4871692657470703	vers des représentations vectorielles denses.	
1	463.75999999999806	0.7769794464111328		
1	464.63999999999805	0.8651695251464844	et calcule	
1	465.51999999999805	0.871314525604248	un score de	
1	466.39999999999804	0.8624727725982666	pertinence entre	
1	467.27999999999804	0.7784848213195801	un couple	
1	468.15999999999804	0.8948714733123779	requête-article par	
1	469.03999999999803	0.8301651477813721	la similarité de leurs	
1	469.919999999998	0.22066068649291992	embeddings.	
1	470.799999999998	0.6382687091827393		
1	471.679999999998	0.7098627090454102	Ces embeddings	
1	472.559999999998	0.7745356559753418		
1	473.439999999998	0.8957736492156982	résultent	
1	474.319999999998	0.960524320602417	typiquement d'une opération de pooling sur	
1	475.199999999998	0.9291284084320068	la sortie d'un	
1	476.079999999998	0.38647985458374023	modèle d'embedding de mots.	
1	476.959999999998	0.15650248527526855		
1	477.839999999998	0.8463399410247803		
1	478.719999999998	0.9606163501739502	D'abord, nous étudions	
1	479.599999999998	0.8956813812255859		
1	480.479999999998	0.9013824462890625	l'efficacité des	
1	481.35999999999797	0.9331858158111572		
1	482.23999999999796	1.0985352993011475	codeurs siamois dans	
1	483.11999999999796	1.138073444366455	un cadre d'évaluation à	
1	483.99999999999795	1.032620906829834	zéro-shot, c'est-à-dire	
1	484.87999999999795	1.0234713554382324		
1	485.75999999999794	1.135727882385254	que	
1	486.63999999999794	1.1662673950195312		
1	487.51999999999794	1.2055771350860596	les modèles d'embedding de mots pré-entraînés sont appliqués hors	
1	488.39999999999793	0.8200435638427734	boîte sans	
1	489.2799999999979	0.7485086917877197	aucun	
1	490.1599999999979	0.8252699375152588	ajustement supplémentaire.	
1	491.0399999999979	0.8397388458251953	Nous expérimentons	
1	491.9199999999979	0.8726451396942139	avec	
1	492.7999999999979	0.8258345127105713		
1	493.6799999999979	0.9128222465515137		
1	494.5599999999979	0.9731981754302979	un encodeur de texte indépendant du	
1	495.4399999999979	0.8704314231872559	contexte, à savoir	
1	496.3199999999979	0.8564519882202148		
1	497.1999999999979	0.9510912895202637	Word2Vec et	
1	498.0799999999979	0.9037151336669922	FastText, et	
1	498.9599999999979	0.942737340927124		
1	499.8399999999979	1.005448818206787	des modèles d'embedding dépendants du	
1	500.71999999999787	0.9837837219238281	contexte, à savoir	
1	501.59999999999786	0.9128215312957764	RoBERTa et	
1	502.47999999999786	1.0129551887512207	plus	
1	503.35999999999785	1.1776387691497803	spécifiquement CamemBERT, qui est	
1	504.23999999999785	0.4289741516113281	un modèle RoBERTa en français.	
1	505.11999999999784	0.7625646591186523		
1	505.99999999999784	0.8865156173706055	De plus, nous	
1	506.87999999999784	0.8838825225830078		
1	507.75999999999783	0.9900646209716797	formons notre propre	
1	508.6399999999978	0.8520028591156006	modèle basé sur CamemBERT.	
1	509.5199999999978	0.6190769672393799		
1	510.3999999999978	0.6220858097076416		
1	511.2799999999978	0.6443748474121094		
1	512.1599999999978	0.756633996963501		
1	513.0399999999978	0.9793169498443604	Notez que pour	
1	513.9199999999978	0.9780538082122803	l'entraînement, nous	
1	514.7999999999978	0.8816485404968262	expérimentons avec les	
1	515.6799999999978	0.9227066040039062	deux	
1	516.5599999999978	0.8829407691955566	variantes de l'architecture	
1	517.4399999999978	0.2687840461730957	BeyondCoder.	
1	518.3199999999978	0.7863240242004395		
1	519.1999999999978	0.8537704944610596	Siamois, qui	
1	520.0799999999978	0.9474215507507324	utilise	
1	520.9599999999978	0.8796095848083496	un modèle d'embedding de mots	
1	521.8399999999978	0.7507205009460449	unique	
1	522.7199999999978	0.9052646160125732	qui mappe	
1	523.5999999999977	0.8854305744171143	la requête et	
1	524.4799999999977	0.9154994487762451	l'article	
1	525.3599999999977	0.9207830429077148	ensemble dans un espace	
1	526.2399999999977	0.3269035816192627	vectoriel dense partagé.	
1	527.1199999999977	0.761146068572998		
1	527.9999999999977	0.8541779518127441	Et	
1	528.8799999999977	0.9811506271362305		
1	529.7599999999977	1.097895622253418		
1	530.6399999999977	1.1537163257598877		
1	531.5199999999977	1.4154715538024902	Tower, qui utilise deux modèles d'embedding de mots indépendants qui	
1	532.3999999999977	1.0246646404266357	encodent la requête et l'article	
1	533.2799999999977	0.8503837585449219		
1	534.1599999999977	0.9477486610412598	séparément dans des	
1	535.0399999999977	0.3673417568206787	espaces d'embedding différents.	
1	535.9199999999977	0.7523186206817627		
1	536.7999999999977	0.9391138553619385	Nous expérimentons avec	
1	537.6799999999977	0.919642448425293		
1	538.5599999999977	0.9714996814727783	le pooling moyen, maximum et	
1	539.4399999999977	1.0535273551940918	CLS, ainsi que	
1	540.3199999999977	1.0014395713806152	le produit scalaire et	
1	541.1999999999977	0.9667832851409912	la cosinus pour	
1	542.0799999999977	0.3634757995605469	calculer les similarités.	
1	542.9599999999976	0.17174100875854492		
1	543.8399999999976	0.17206597328186035		
1	544.7199999999976	0.7612018585205078		
1	545.5999999999976	1.0037891864776611	Voici les résultats de	
1	546.4799999999976	0.9708149433135986	notre ligne de base sur	
1	547.3599999999976	0.9811341762542725	l'ensemble de	
1	548.2399999999976	1.0229787826538086	test avec les méthodes	
1	549.1199999999976	1.0547301769256592	lexicales ci-dessus, le	
1	549.9999999999976	0.9211993217468262	Siamois	
1	550.8799999999976	1.0160267353057861	BeyondCoder évalué dans	
1	551.7599999999976	0.9132049083709717	un cadre à	
1	552.6399999999976	0.8985354900360107	zéro-shot au	
1	553.5199999999976	0.9232172966003418	milieu, et	
1	554.3999999999976	0.9054393768310547	les BeyondCoder	
1	555.2799999999976	0.33306169509887695	affinés en bas.	
1	556.1599999999976	0.834845781326294		
1	557.0399999999976	1.0571274757385254	Globalement, les	
1	557.9199999999976	0.9336655139923096	BeyondCoder affinés	
1	558.7999999999976	0.9996342658996582	surpassent	
1	559.6799999999976	0.9921588897705078	significativement toutes les autres lignes de base.	
1	560.5599999999976	0.949887752532959		
1	561.4399999999976	0.8617165088653564	Le modèle Two-Tower	
1	562.3199999999975	0.8905837535858154	améliore	
1	563.1999999999975	0.9201357364654541	sa variante	
1	564.0799999999975	1.013624668121338	Siamois sur le	
1	564.9599999999975	1.091813564300537	rappel à	
1	565.8399999999975	1.1909117698669434		
1	566.7199999999975	1.1905255317687988		
1	567.5999999999975	0.7303133010864258	100, mais performe de manière similaire sur les autres métriques.	
1	568.4799999999975	0.8465754985809326		
1	569.3599999999975	1.0531065464019775	Bien que BM25	
1	570.2399999999975	0.9669027328491211	sous-performe	
1	571.1199999999975	1.0710539817810059		
1	571.9999999999975	1.0344951152801514		
1	572.8799999999975	1.2156076431274414		
1	573.7599999999975	1.3328521251678467	l'encodeur BERT entraîné de manière significative, ses performances indiquent	
1	574.6399999999975	1.0052709579467773	qu'il reste	
1	575.5199999999975	0.9725477695465088	une ligne de base solide pour	
1	576.3999999999975	0.8882834911346436		
1	577.2799999999975	0.3813021183013916	la récupération spécifique au domaine.	
1	578.1599999999975	0.8472411632537842		
1	579.0399999999975	0.9879412651062012	Concernant	
1	579.9199999999975	1.1168708801269531	l'évaluation à zéro-shot	
1	580.7999999999975	0.9923300743103027	du Siamois Biancoder,	
1	581.6799999999974	0.8339598178863525	nous	
1	582.5599999999974	1.0009925365447998	trouvons que	
1	583.4399999999974	1.0053086280822754	l'utilisation directe	
1	584.3199999999974	1.144864559173584	des embeddings d'un modèle	
1	585.1999999999974	0.9626133441925049	CamemBERT	
1	586.0799999999974	0.9894657135009766	pré-entraîné sans	
1	586.9599999999974	0.9906206130981445	optimisation pour	
1	587.8399999999974	0.9751436710357666	la	
1	588.7199999999974	1.0720317363739014	tâche de récupération d'information	
1	589.5999999999974	0.8321223258972168	donne de mauvais résultats.	
1	590.4799999999974	0.9051332473754883		
1	591.3599999999974	1.0565752983093262		
1	592.2399999999974	0.575566291809082	ce qui est cohérent avec des conclusions précédentes.	
1	593.1199999999974	1.227597713470459		
1	593.9999999999974	0.8796815872192383	De plus, nous	
1	594.8799999999974	0.9003329277038574	observons que	
1	595.7599999999974	0.7003400325775146	le	
1	596.6399999999974	0.9760587215423584		
1	597.5199999999974	0.9210128784179688		
1	598.3999999999974	1.0342860221862793	BeyondCoder basé sur	
1	599.2799999999974	1.0151238441467285		
1	600.1599999999974	1.221891164779663		
1	601.0399999999973	1.085601806640625		
1	601.9199999999973	1.255786657333374	les mots surpassait significativement le modèle	
1	602.7999999999973	1.298837423324585	FastText et	
1	603.6799999999973	1.3512756824493408	basé sur les oiseaux, suggérant peut-être que les modèles pré-entraînés	
1	604.5599999999973	0.8556725978851318		
1	605.4399999999973	0.9319839477539062	de niveau mot sont	
1	606.3199999999973	0.9136881828308105	plus	
1	607.1999999999973	0.9820187091827393	appropriés pour la	
1	608.0799999999973	0.9057502746582031	tâche que	
1	608.9599999999973	1.0208861827850342		
1	609.8399999999973	0.9743878841400146		
1	610.7199999999973	1.0045502185821533		
1	611.5999999999973	1.119128942489624	les embeddings de niveau caractère ou	
1	612.4799999999973	1.001471757888794	sous-mot lorsqu'ils sont	
1	613.3599999999973	0.29730224609375	utilisés hors boîte.	
1	614.2399999999973	0.1665971279144287		
1	615.1199999999973	0.836292028427124		
1	615.9999999999973	1.0230469703674316	Bien que	
1	616.8799999999973	1.1233761310577393	prometteurs, ces résultats	
1	617.7599999999973	1.036137580871582	suggèrent de	
1	618.6399999999973	0.9547185897827148	grandes possibilités	
1	619.5199999999973	1.0536003112792969	d'amélioration par rapport à	
1	620.3999999999972	0.9264860153198242	un expert	
1	621.2799999999972	0.8098113536834717		
1	622.1599999999972	1.0891802310943604	qualifié qui	
1	623.0399999999972	1.000598430633545	pourra éventuellement récupérer	
1	623.9199999999972	0.9924221038818359	tous les articles	
1	624.7999999999972	0.9444634914398193	pertinents pour toute	
1	625.6799999999972	0.9498212337493896	question et	
1	626.5599999999972	0.8831629753112793	ainsi obtenir	
1	627.4399999999972	0.3708195686340332		
1	628.3199999999972	0.6424603462219238		
1	629.1999999999972	1.104985237121582	des	
1	630.0799999999972	1.123976230621338		
1	630.9599999999972	1.2579569816589355		
1	631.8399999999972	1.3840067386627197		
1	632.7199999999972	1.3958709239959717		
1	633.5999999999972	1.6694397926330566		
1	634.4799999999972	1.7312846183776855	scores parfaits. Concluons en discutant deux limites de nos jeux de données. Premièrement, le corpus d'articles est	
1	635.3599999999972	0.9332950115203857	limité à	
1	636.2399999999972	1.0359976291656494	ceux collectés à partir	
1	637.1199999999972	1.0138022899627686	des 32	
1	637.9999999999972	0.8748784065246582	codes belges considérés.	
1	638.8799999999972	0.6789534091949463		
1	639.7599999999971	0.6972072124481201		
1	640.6399999999971	0.6947200298309326		
1	641.5199999999971	1.1710410118103027		
1	642.3999999999971	1.308035135269165	Ce qui ne couvre pas l'ensemble du droit belge car les articles	
1	643.2799999999971	1.0417797565460205		
1	644.1599999999971	1.055366039276123	provenant des décrets,	
1	645.0399999999971	1.043611764907837		
1	645.9199999999971	1.0900442600250244		
1	646.7999999999971	1.232346773147583	directives et ordonnances sont manquants. Pendant	
1	647.6799999999971	1.0010721683502197	la construction du jeu de données,	
1	648.5599999999971	0.9587419033050537	toutes les références	
1	649.4399999999971	0.9402315616607666	à ces	
1	650.3199999999971	0.990624189376831	articles non collectés	
1	651.1999999999971	0.9904735088348389	ont été	
1	652.0799999999971	0.9873864650726318	ignorées, ce qui cause	
1	652.9599999999971	0.9721879959106445	certaines questions à	
1	653.8399999999971	0.9378585815429688		
1	654.7199999999971	1.1007111072540283		
1	655.5999999999971	1.2168424129486084	se retrouver avec seulement une fraction du nombre initial	
1	656.4799999999971	0.36404967308044434	d'articles pertinents.	
1	657.3599999999971	0.8035895824432373		
1	658.239999999997	0.983403205871582	Cette	
1	659.119999999997	1.0969583988189697	perte d'information implique que	
1	659.999999999997	0.9672036170959473	la réponse	
1	660.879999999997	1.0714540481567383	contenue dans	
1	661.759999999997	0.9102294445037842	les articles pertinents	
1	662.639999999997	0.9632117748260498	restants	
1	663.519999999997	0.3262813091278076	pourrait être incomplète.	
1	664.399999999997	0.9544031620025635		
1	665.279999999997	0.998741865158081	bien qu'elle soit toujours	
1	666.159999999997	0.29250574111938477	complètement appropriée.	
1	667.039999999997	0.8788962364196777		
1	667.919999999997	0.17301392555236816		
1	668.799999999997	1.0378398895263672		
1	669.679999999997	1.1854536533355713	Deuxièmement, nous devons noter que	
1	670.559999999997	1.0953502655029297		
1	671.439999999997	1.2441675662994385	toutes les questions juridiques ne peuvent pas être	
1	672.319999999997	0.43453216552734375	répondues avec les statuts seuls.	
1	673.199999999997	0.8458499908447266		
1	674.079999999997	1.0026543140411377	Par exemple, la	
1	674.959999999997	1.1676769256591797	question	
1	675.839999999997	1.1204466819763184		
1	676.719999999997	1.2681925296783447		
1	677.599999999997	1.4446654319763184	« Puis-je expulser mes locataires s'ils font trop de bruit	
1	678.479999999997	1.159299612045288		
1	679.359999999997	1.2839992046356201	? » n'a peut-être pas de réponse	
1	680.2399999999969	0.9931480884552002	détaillée dans	
1	681.1199999999969	0.9392085075378418	le droit	
1	681.9999999999969	0.9220929145812988	statutaire qui quantifie	
1	682.8799999999969	0.9247171878814697	un	
1	683.7599999999969	1.1326420307159424	seuil	
1	684.6399999999969	1.223120927810669	de bruit spécifique au-delà duquel	
1	685.5199999999969	0.43686532974243164	l'expulsion est autorisée.	
1	686.3999999999969	0.9536342620849609		
1	687.2799999999969	1.1074810028076172	Au lieu de cela, le propriétaire	
1	688.1599999999969	1.1099469661712646	devrait probablement s'appuyer	
1	689.0399999999969	0.9846210479736328	davantage sur la	
1	689.9199999999969	1.0482630729675293	jurisprudence et trouver	
1	690.7999999999969	1.012605905532837	des précédents similaires à	
1	691.6799999999969	0.30172228813171387	sa situation actuelle.	
1	692.5599999999969	0.96175217628479		
1	693.4399999999969	1.0496985912322998	Par exemple, le	
1	694.3199999999969	1.0231034755706787	locataire fait deux parties	
1	695.1999999999969	1.0569498538970947	par semaine jusqu'à	
1	696.0799999999969	0.9946727752685547	2 heures du matin.	
1	696.9599999999969	0.8905622959136963	Donc,	
1	697.8399999999968	0.9422423839569092	certaines	
1	698.7199999999968	0.991523265838623	questions sont	
1	699.5999999999968	1.0481669902801514	mieux adaptées que	
1	700.4799999999968	1.1442716121673584	d'autres	
1	701.3599999999968	1.1427836418151855	à la tâche de rappel d'articles	
1	702.2399999999968	0.9965310096740723	statutaires, et le	
1	703.1199999999968	1.0284647941589355	domaine	
1	703.9999999999968	1.059483528137207		
1	704.8799999999968	1.0469720363616943	de celles qui sont moins adaptées reste à	
1	705.7599999999968	0.23170685768127441	déterminer.	
1	706.6399999999968	0.8631985187530518		
1	707.5199999999968	0.9766921997070312	Nous espérons que	
1	708.3999999999968	1.0383257865905762		
1	709.2799999999968	1.0713634490966797	tout ce travail suscite	
1	710.1599999999968	0.9723825454711914	l'intérêt pour développer	
1	711.0399999999968	0.950453519821167	des	
1	711.9199999999968	0.9752132892608643		
1	712.7999999999968	1.1449346542358398		
1	713.6799999999968	0.6137716770172119	modèles de rappel d'articles statutaires pratiques et fiables.	
1	714.5599999999968	0.8455066680908203		
1	715.4399999999968	1.0190091133117676		
1	716.3199999999968	1.109095811843872	qui peuvent aider à améliorer	
1	717.1999999999967	1.0278537273406982	l'accès à la	
1	718.0799999999967	0.9582395553588867	justice pour tous.	
1	718.9599999999967	0.9275095462799072	Vous pouvez	
1	719.8399999999967	0.9732122421264648	consulter notre	
1	720.7199999999967	1.2018687725067139		
1	721.5999999999967	1.1308667659759521	papier,	
1	722.0012499999967	0.9035730361938477	jeu de données et code aux liens suivants. Merci.	
2	0.88	0.00010800361633300781		
2	1.76	0.17453265190124512	Non	
2	2.64	0.39554405212402344	Ainsi, nous sommes heureux de présenter	Non
2	3.52	0.4955291748046875	notre travail avec	
2	4.4	0.31507110595703125	sur Valve.	avec
2	5.28	0.31304931640625	voyelles.	Valve.
2	6.16	0.41143250465393066	les voyelles, une tâche indépendante.	voyelles.
2	7.04	0.3606600761413574		
2	7.92	0.26264190673828125	benchmark qui	voyelles, une tâche indépendante.
2	8.8	0.28658008575439453	destiné à	benchmark qui
2	9.680000000000001	0.51324462890625	Le benchmark tester la vision.	destiné à
2	10.560000000000002	0.5510525703430176	modèles de vision et de langage.	tester la vision.
2	11.440000000000003	0.5564651489257812	est modèles de vision et de langage avec	modèles de vision et de langage.
2	12.320000000000004	0.6259522438049316	conçu pour tester les	modèles de vision et de langage avec
2	13.200000000000005	0.36327433586120605	des linguistiques spécifiques.	
2	14.080000000000005	0.35735201835632324		
2	14.960000000000006	0.3378143310546875	phénomènes	linguistiques spécifiques.
2	15.840000000000007	0.4071333408355713	Pourquoi l'avons-nous fait ?	
2	16.720000000000006	0.4195833206176758	la peine de	l'avons-nous fait ?
2	17.600000000000005	0.5468690395355225	avons-nous pris mettre en place ?	la peine de
2	18.480000000000004	0.3648381233215332	ce benchmark ?	mettre en place ?
2	19.360000000000003	0.34110426902770996	mettre en place	ce benchmark ?
2	20.240000000000002	0.3480055332183838	bien, pendant le	
2	21.12	0.5384521484375	Eh bien, l'année dernière.	bien, pendant le
2	22.0	0.4472036361694336	au cours années, nous avons	l'année dernière.
2	22.88	0.42548584938049316	des dernières vu un	années, nous avons
2	23.759999999999998	0.3584001064300537	explosion de.	vu un
2	24.639999999999997	0.42702293395996094	constaté une explosion de mettre en place ce benchmark ? Eh bien, au cours des dernières années, nous avons constaté une explosion des transformeurs.	explosion de.
2	25.519999999999996	0.5204257965087891	des vision basés sur les transformeurs.	de mettre en place ce benchmark ? Eh bien, au cours des dernières années, nous avons constaté une explosion des transformeurs.
2	26.399999999999995	0.6065573692321777	modèles de vision avons-nous pris la peine de mettre en place ce benchmark ? Eh bien, au cours des dernières années, nous avons constaté une explosion des modèles de vision et de langage basés sur les transformeurs.	vision basés sur les transformeurs.
2	27.279999999999994	0.45093488693237305		avons-nous pris la peine de mettre en place ce benchmark ? Eh bien, au cours des dernières années, nous avons constaté une explosion des modèles de vision et de langage basés sur les transformeurs.
2	28.159999999999993	0.36171936988830566	Pré-entraînés sur	
2	29.039999999999992	0.525017261505127	Pré-entraînés sur de grandes quantités de	
2	29.91999999999999	0.5126528739929199	grandes quantités d'images et de texte.	Pré-entraînés sur de grandes quantités de
2	30.79999999999999	0.49858736991882324	paires d'images et de texte.	d'images et de texte.
2	31.67999999999999	0.4583933353424072	de	paires d'images et de texte.
2	32.55999999999999	0.35948777198791504	modèles de vision et de langage basés sur les transformeurs. Pré-entraînés sur de grandes quantités de paires d'images et de texte. Chaque l'un de ces modèles	
2	33.43999999999999	0.39925551414489746	pousse	modèles de vision et de langage basés sur les transformeurs. Pré-entraînés sur de grandes quantités de paires d'images et de texte. Chaque l'un de ces modèles
2	34.31999999999999	0.6898372173309326	l'état de l'art.	pousse
2	35.199999999999996	0.7495989799499512	Chaque l'un de ces modèles pousse l'état de vision et de langage basés sur les transformeurs. Pré-entraînés sur de grandes quantités de paires d'images et de texte. Chaque l'un de ces modèles pousse l'état de l'art en vision et	l'état de l'art.
2	36.08	0.564507007598877	l'art d'images et de texte. Chaque l'un de ces modèles pousse l'état de l'art sur les tâches de vision et de langage.	vision et de langage basés sur les transformeurs. Pré-entraînés sur de grandes quantités de paires d'images et de texte. Chaque l'un de ces modèles pousse l'état de l'art en vision et
2	36.96	0.5713608264923096	sur les tâches de vision et de quantités de paires d'images et de texte. Chaque l'un de ces modèles pousse l'état de l'art sur les tâches de vision et de langage, telles que.	d'images et de texte. Chaque l'un de ces modèles pousse l'état de l'art sur les tâches de vision et de langage.
2	37.84	0.4902658462524414	langage, telles telles que les questions visuelles.	quantités de paires d'images et de texte. Chaque l'un de ces modèles pousse l'état de l'art sur les tâches de vision et de langage, telles que.
2	38.720000000000006	0.44857048988342285	que questions visuelles.	telles que les questions visuelles.
2	39.60000000000001	0.5855717658996582	la réponse aux questions visuel.	questions visuelles.
2	40.48000000000001	0.5688951015472412		
2	41.360000000000014	0.7558071613311768	visuel, la recherche d'images.	visuel.
2	42.240000000000016	0.9371438026428223	visuelles, le raisonnement commun sensuel visuel, la récupération d'images, le cadrage.	visuel, la recherche d'images.
2	43.12000000000002	0.6277480125427246	texte. Chaque l'un de ces modèles pousse l'état de l'art sur les tâches de vision et de langage, telles que la réponse aux questions visuelles, le raisonnement commun sensuel visuel, la récupération d'images et l'ancrage de phrases.	d'images, le cadrage.
2	44.00000000000002	0.6993331909179688	Donc, nous allons	texte. Chaque l'un de ces modèles pousse l'état de l'art sur les tâches de vision et de langage, telles que la réponse aux questions visuelles, le raisonnement commun sensuel visuel, la récupération d'images et l'ancrage de phrases.
2	44.880000000000024	0.8119614124298096	d'images, l'ancrage de phrases. reçu un message à	Donc, nous allons
2	45.760000000000026	0.4155550003051758	Nous avons donc reçu un message.	reçu un message à
2	46.64000000000003	0.4220008850097656	Les précisions sur ces	
2	47.52000000000003	0.4502549171447754	tâches de vision et de langage, telles que la réponse aux questions visuelles, le raisonnement commun sensuel visuel, la récupération d'images, l'ancrage de phrases. Nous avons donc reçu un message. Les précisions sur ces tâches spécifiques	
2	48.400000000000034	0.4247729778289795	tâches de vision et de langage, telles que la réponse aux questions visuelles, le raisonnement commun sensuel visuel, la récupération d'images, l'ancrage de phrases. Nous avons donc reçu un message. Les précisions sur ces benchmarks spécifiques à la tâche.	tâches de vision et de langage, telles que la réponse aux questions visuelles, le raisonnement commun sensuel visuel, la récupération d'images, l'ancrage de phrases. Nous avons donc reçu un message. Les précisions sur ces tâches spécifiques
2	49.28000000000004	0.5199086666107178	benchmarks spécifiques à la tâches de vision et de langage, telles que la réponse aux questions visuelles, le raisonnement commun sensuel visuel, la récupération d'images, l'ancrage de phrases. Nous avons donc reçu un message. Les précisions sur ces benchmarks spécifiques à la tâche sont augmentées.	tâches de vision et de langage, telles que la réponse aux questions visuelles, le raisonnement commun sensuel visuel, la récupération d'images, l'ancrage de phrases. Nous avons donc reçu un message. Les précisions sur ces benchmarks spécifiques à la tâche.
2	50.16000000000004	0.3720104694366455	tâche visuelles, le raisonnement commun sensuel visuel, la récupération d'images, l'ancrage de phrases. Nous avons donc reçu un message. Les précisions sur ces benchmarks spécifiques à la tâche augmentent régulièrement.	tâches de vision et de langage, telles que la réponse aux questions visuelles, le raisonnement commun sensuel visuel, la récupération d'images, l'ancrage de phrases. Nous avons donc reçu un message. Les précisions sur ces benchmarks spécifiques à la tâche sont augmentées.
2	51.04000000000004	0.28426694869995117		visuelles, le raisonnement commun sensuel visuel, la récupération d'images, l'ancrage de phrases. Nous avons donc reçu un message. Les précisions sur ces benchmarks spécifiques à la tâche augmentent régulièrement.
2	51.920000000000044	0.3995242118835449	Mais nous avons-nous	
2	52.80000000000005	0.421614408493042	savons-nous quoi	nous avons-nous
2	53.68000000000005	0.5874254703521729	les transformeurs. Pré-entraînés sur de grandes quantités de paires d'images et de texte. Chaque l'un de ces modèles pousse l'état de l'art sur les tâches de vision et de langage, telles que la réponse aux questions visuelles, le raisonnement commun sensuel visuel, la récupération d'images, l'ancrage de phrases. Nous avons donc reçu un message. Les précisions sur ces benchmarks spécifiques à la tâche augmentent régulièrement. Mais savons-nous ce que les modèles ont réellement ?	quoi
2	54.56000000000005	0.4762887954711914	ce que les modèles ont réellement réellement appris ?	les transformeurs. Pré-entraînés sur de grandes quantités de paires d'images et de texte. Chaque l'un de ces modèles pousse l'état de l'art sur les tâches de vision et de langage, telles que la réponse aux questions visuelles, le raisonnement commun sensuel visuel, la récupération d'images, l'ancrage de phrases. Nous avons donc reçu un message. Les précisions sur ces benchmarks spécifiques à la tâche augmentent régulièrement. Mais savons-nous ce que les modèles ont réellement ?
2	55.440000000000055	0.2145698070526123		réellement appris ?
2	56.32000000000006	0.13056063652038574		
2	57.20000000000006	0.4419875144958496	Qu'est-ce que c'est ?	
2	58.08000000000006	0.4814133644104004	qu'un modèle visionnaire	que c'est ?
2	58.960000000000065	0.4394400119781494	transformation vision et langage ?	qu'un modèle visionnaire
2	59.84000000000007	0.5706677436828613	phrases. Nous avons donc reçu un message. Les précisions sur ces benchmarks spécifiques à la tâche augmentent régulièrement. Mais savons-nous ce que les modèles ont réellement appris ? Qu'est-ce qu'un transformeur de vision et de langage comprend ?	transformation vision et langage ?
2	60.72000000000007	0.6748378276824951	qu'un transformeur de vision et de langage comprend comprend quand il comprend ?	phrases. Nous avons donc reçu un message. Les précisions sur ces benchmarks spécifiques à la tâche augmentent régulièrement. Mais savons-nous ce que les modèles ont réellement appris ? Qu'est-ce qu'un transformeur de vision et de langage comprend ?
2	61.60000000000007	0.3421802520751953	lorsqu'il attribue	comprend quand il comprend ?
2	62.480000000000075	0.452925443649292	?	
2	63.36000000000008	0.4122300148010254	score élevé à cela ?	?
2	64.24000000000008	0.45024657249450684	un score élevé à cette image ?	score élevé à cela ?
2	65.12000000000008	0.4486706256866455	cette image et à cette phrase ?	?
2	66.00000000000007	0.5429813861846924	et à cette phrase phrase pour les faire correspondre ?	cette image et à cette phrase ?
2	66.88000000000007	0.32593393325805664		phrase pour les faire correspondre ?
2	67.76000000000006	0.399918794631958	Et un score faible ?	
2	68.64000000000006	0.4995279312133789		?
2	69.52000000000005	0.27757835388183594	à celle-ci.	
2	70.40000000000005	0.1382884979248047		
2	71.28000000000004	0.3568882942199707	et	
2	72.16000000000004	0.5986616611480713		et
2	73.04000000000003	0.6975843906402588	Les modèles de vision et de langage concentrent-ils sur les	
2	73.92000000000003	0.5799975395202637	se concentrent-ils sur bonne chose ?	concentrent-ils sur les
2	74.80000000000003	0.4876534938812256	la bonne chose, ou non ?	bonne chose ?
2	75.68000000000002	0.5795488357543945	les modèles ont réellement appris ? Qu'est-ce qu'un transformeur de vision et de langage comprend lorsqu'il attribue un score élevé à cette image et à cette phrase pour les faire correspondre ? Et un score faible à celle-ci. Les modèles de vision et de langage se concentrent-ils sur la bonne chose, ou se concentrent-ils sur	non ?
2	76.56000000000002	0.5434134006500244	? Qu'est-ce qu'un transformeur de vision et de langage comprend lorsqu'il attribue un score élevé à cette image et à cette phrase pour les faire correspondre ? Et un score faible à celle-ci. Les modèles de vision et de langage se concentrent-ils sur la bonne chose, ou se concentrent-ils sur des biais ?	les modèles ont réellement appris ? Qu'est-ce qu'un transformeur de vision et de langage comprend lorsqu'il attribue un score élevé à cette image et à cette phrase pour les faire correspondre ? Et un score faible à celle-ci. Les modèles de vision et de langage se concentrent-ils sur la bonne chose, ou se concentrent-ils sur
2	77.44000000000001	0.4548149108886719	des biais biais comme le montre ?	? Qu'est-ce qu'un transformeur de vision et de langage comprend lorsqu'il attribue un score élevé à cette image et à cette phrase pour les faire correspondre ? Et un score faible à celle-ci. Les modèles de vision et de langage se concentrent-ils sur la bonne chose, ou se concentrent-ils sur des biais ?
2	78.32000000000001	0.5946154594421387	comme précédents ?	biais comme le montre ?
2	79.2	0.4541623592376709	l'ont montré les travaux	précédents ?
2	80.08	0.3584146499633789	Pour éclaircir	
2	80.96	0.5304522514343262	plus de lumière ?	éclaircir
2	81.83999999999999	0.5862679481506348	jeter plus de lumière lumière sur cet aspect,	plus de lumière ?
2	82.71999999999998	0.46447014808654785	nous proposons	lumière sur cet aspect,
2	83.59999999999998	0.45052194595336914	plus	
2	84.47999999999998	0.42454004287719727		plus
2	85.35999999999997	0.6736016273498535	une tâche.	
2	86.23999999999997	0.5152285099029541	direction de tâche plus claire.	tâche.
2	87.11999999999996	0.6156504154205322	introduisons.	claire.
2	87.99999999999996	0.5464544296264648	Valves.	introduisons.
2	88.87999999999995	0.659193754196167	claire et introduisons valves qui testent.	Valves.
2	89.75999999999995	0.6235048770904541	des valves qui les travaux précédents ? Pour jeter plus de lumière sur cet aspect, nous proposons une direction de tâche plus claire et introduisons des valves qui testent la sensibilité.	valves qui testent.
2	90.63999999999994	0.5344960689544678	testent la sensibilité visuelle.	les travaux précédents ? Pour jeter plus de lumière sur cet aspect, nous proposons une direction de tâche plus claire et introduisons des valves qui testent la sensibilité.
2	91.51999999999994	0.6344425678253174	vision et de langage se concentrent-ils sur la bonne chose, ou se concentrent-ils sur des biais comme l'ont montré les travaux précédents ? Pour jeter plus de lumière sur cet aspect, nous proposons une direction de tâche plus claire et introduisons des valves qui testent la sensibilité des modèles de vision et de langage.	visuelle.
2	92.39999999999993	0.39981985092163086		vision et de langage se concentrent-ils sur la bonne chose, ou se concentrent-ils sur des biais comme l'ont montré les travaux précédents ? Pour jeter plus de lumière sur cet aspect, nous proposons une direction de tâche plus claire et introduisons des valves qui testent la sensibilité des modèles de vision et de langage.
2	93.27999999999993	0.46423792839050293		
2	94.15999999999993	0.5887308120727539	À des celle-ci. Les modèles de vision et de langage se concentrent-ils sur la bonne chose, ou se concentrent-ils sur des biais comme l'ont montré les travaux précédents ? Pour jeter plus de lumière sur cet aspect, nous proposons une direction de tâche plus claire et introduisons des valves qui testent la sensibilité des modèles de vision et de langage. À des phénomènes linguistiques spécifiques.	
2	95.03999999999992	0.5289154052734375		
2	95.91999999999992	0.5201129913330078		celle-ci. Les modèles de vision et de langage se concentrent-ils sur la bonne chose, ou se concentrent-ils sur des biais comme l'ont montré les travaux précédents ? Pour jeter plus de lumière sur cet aspect, nous proposons une direction de tâche plus claire et introduisons des valves qui testent la sensibilité des modèles de vision et de langage. À des phénomènes linguistiques spécifiques.
2	96.79999999999991	0.3388984203338623	spécifiques.	
2	97.67999999999991	0.6763489246368408	linguistique et le	spécifiques.
2	98.5599999999999	0.8277535438537598	Qui affectent à la fois modèles de vision et de langage se concentrent-ils sur la bonne chose, ou se concentrent-ils sur des biais comme l'ont montré les travaux précédents ? Pour jeter plus de lumière sur cet aspect, nous proposons une direction de tâche plus claire et introduisons des valves qui testent la sensibilité des modèles de vision et de langage. À des phénomènes linguistiques spécifiques. Qui affectent à la fois les modèles linguistiques et les modèles visuels.	linguistique et le
2	99.4399999999999	0.5864288806915283	les celle-ci. Les modèles de vision et de langage se concentrent-ils sur la bonne chose, ou se concentrent-ils sur des biais comme l'ont montré les travaux précédents ? Pour jeter plus de lumière sur cet aspect, nous proposons une direction de tâche plus claire et introduisons des valves qui testent la sensibilité des modèles de vision et de langage. À des phénomènes linguistiques spécifiques. Qui affectent à la fois les modalités linguistiques et visuelles.	modèles de vision et de langage se concentrent-ils sur la bonne chose, ou se concentrent-ils sur des biais comme l'ont montré les travaux précédents ? Pour jeter plus de lumière sur cet aspect, nous proposons une direction de tâche plus claire et introduisons des valves qui testent la sensibilité des modèles de vision et de langage. À des phénomènes linguistiques spécifiques. Qui affectent à la fois les modèles linguistiques et les modèles visuels.
2	100.3199999999999	0.3663158416748047		celle-ci. Les modèles de vision et de langage se concentrent-ils sur la bonne chose, ou se concentrent-ils sur des biais comme l'ont montré les travaux précédents ? Pour jeter plus de lumière sur cet aspect, nous proposons une direction de tâche plus claire et introduisons des valves qui testent la sensibilité des modèles de vision et de langage. À des phénomènes linguistiques spécifiques. Qui affectent à la fois les modalités linguistiques et visuelles.
2	101.19999999999989	0.5488519668579102	nous proposons une direction de tâche plus claire et introduisons des valves qui testent la sensibilité des modèles de vision et de langage. À des phénomènes linguistiques spécifiques. Qui affectent à la fois les modalités linguistiques et visuelles. Nous ciblons les existants	
2	102.07999999999988	0.7665448188781738	Nous ciblons concentrent-ils sur la bonne chose, ou se concentrent-ils sur des biais comme l'ont montré les travaux précédents ? Pour jeter plus de lumière sur cet aspect, nous proposons une direction de tâche plus claire et introduisons des valves qui testent la sensibilité des modèles de vision et de langage. À des phénomènes linguistiques spécifiques. Qui affectent à la fois les modalités linguistiques et visuelles. Nous ciblons l'existence, la pluriel.	nous proposons une direction de tâche plus claire et introduisons des valves qui testent la sensibilité des modèles de vision et de langage. À des phénomènes linguistiques spécifiques. Qui affectent à la fois les modalités linguistiques et visuelles. Nous ciblons les existants
2	102.95999999999988	0.7411537170410156	l'existence, la sensibilité des modèles de vision et de langage. À des phénomènes linguistiques spécifiques. Qui affectent à la fois les modalités linguistiques et visuelles. Nous ciblons l'existence, la pluriel, le nombre,	concentrent-ils sur la bonne chose, ou se concentrent-ils sur des biais comme l'ont montré les travaux précédents ? Pour jeter plus de lumière sur cet aspect, nous proposons une direction de tâche plus claire et introduisons des valves qui testent la sensibilité des modèles de vision et de langage. À des phénomènes linguistiques spécifiques. Qui affectent à la fois les modalités linguistiques et visuelles. Nous ciblons l'existence, la pluriel.
2	103.83999999999988	0.7426471710205078	pluriel, le concentrent-ils sur des biais comme l'ont montré les travaux précédents ? Pour jeter plus de lumière sur cet aspect, nous proposons une direction de tâche plus claire et introduisons des valves qui testent la sensibilité des modèles de vision et de langage. À des phénomènes linguistiques spécifiques. Qui affectent à la fois les modalités linguistiques et visuelles. Nous ciblons l'existence, la pluriel, le comptage, l'espace.	sensibilité des modèles de vision et de langage. À des phénomènes linguistiques spécifiques. Qui affectent à la fois les modalités linguistiques et visuelles. Nous ciblons l'existence, la pluriel, le nombre,
2	104.71999999999987	0.6076200008392334	comptage, relations spatiales.	concentrent-ils sur des biais comme l'ont montré les travaux précédents ? Pour jeter plus de lumière sur cet aspect, nous proposons une direction de tâche plus claire et introduisons des valves qui testent la sensibilité des modèles de vision et de langage. À des phénomènes linguistiques spécifiques. Qui affectent à la fois les modalités linguistiques et visuelles. Nous ciblons l'existence, la pluriel, le comptage, l'espace.
2	105.59999999999987	0.7418694496154785	les relations relations spatiales, les actions et l'énergie.	relations spatiales.
2	106.47999999999986	0.8495383262634277	spatiales, les d'entité.	relations spatiales, les actions et l'énergie.
2	107.35999999999986	0.5008642673492432	actions, et l'anaphore	d'entité.
2	108.23999999999985	0.576026439666748	comment le faisons-nous ?	
2	109.11999999999985	0.6205940246582031	Mais comment testons-nous si ?	comment le faisons-nous ?
2	109.99999999999984	0.7233057022094727	les travaux précédents ? Pour jeter plus de lumière sur cet aspect, nous proposons une direction de tâche plus claire et introduisons des valves qui testent la sensibilité des modèles de vision et de langage. À des phénomènes linguistiques spécifiques. Qui affectent à la fois les modalités linguistiques et visuelles. Nous ciblons l'existence, la pluriel, le comptage, les relations spatiales, les actions, et l'anaphore d'entité. Mais comment testons-nous si la vision et le langage ?	?
2	110.87999999999984	0.6261906623840332	ont	les travaux précédents ? Pour jeter plus de lumière sur cet aspect, nous proposons une direction de tâche plus claire et introduisons des valves qui testent la sensibilité des modèles de vision et de langage. À des phénomènes linguistiques spécifiques. Qui affectent à la fois les modalités linguistiques et visuelles. Nous ciblons l'existence, la pluriel, le comptage, les relations spatiales, les actions, et l'anaphore d'entité. Mais comment testons-nous si la vision et le langage ?
2	111.75999999999983	0.7185425758361816	les modèles de vision et de langage ? Pour jeter plus de lumière sur cet aspect, nous proposons une direction de tâche plus claire et introduisons des valves qui testent la sensibilité des modèles de vision et de langage. À des phénomènes linguistiques spécifiques. Qui affectent à la fois les modalités linguistiques et visuelles. Nous ciblons l'existence, la pluriel, le comptage, les relations spatiales, les actions, et l'anaphore d'entité. Mais comment testons-nous si les modèles de vision et de langage ont capturé ?	ont
2	112.63999999999983	0.5303106307983398	capturé ? Pour jeter plus de lumière sur cet aspect, nous proposons une direction de tâche plus claire et introduisons des valves qui testent la sensibilité des modèles de vision et de langage. À des phénomènes linguistiques spécifiques. Qui affectent à la fois les modalités linguistiques et visuelles. Nous ciblons l'existence, la pluriel, le comptage, les relations spatiales, les actions, et l'anaphore d'entité. Mais comment testons-nous si les modèles de vision et de langage ont capturé ce phénomène ?	? Pour jeter plus de lumière sur cet aspect, nous proposons une direction de tâche plus claire et introduisons des valves qui testent la sensibilité des modèles de vision et de langage. À des phénomènes linguistiques spécifiques. Qui affectent à la fois les modalités linguistiques et visuelles. Nous ciblons l'existence, la pluriel, le comptage, les relations spatiales, les actions, et l'anaphore d'entité. Mais comment testons-nous si les modèles de vision et de langage ont capturé ?
2	113.51999999999983	0.49799013137817383	? Pour jeter plus de lumière sur cet aspect, nous proposons une direction de tâche plus claire et introduisons des valves qui testent la sensibilité des modèles de vision et de langage. À des phénomènes linguistiques spécifiques. Qui affectent à la fois les modalités linguistiques et visuelles. Nous ciblons l'existence, la pluriel, le comptage, les relations spatiales, les actions, et l'anaphore d'entité. Mais comment testons-nous si les modèles de vision et de langage ont capturé ces phénomènes ?	? Pour jeter plus de lumière sur cet aspect, nous proposons une direction de tâche plus claire et introduisons des valves qui testent la sensibilité des modèles de vision et de langage. À des phénomènes linguistiques spécifiques. Qui affectent à la fois les modalités linguistiques et visuelles. Nous ciblons l'existence, la pluriel, le comptage, les relations spatiales, les actions, et l'anaphore d'entité. Mais comment testons-nous si les modèles de vision et de langage ont capturé ce phénomène ?
2	114.39999999999982	0.5455958843231201	Par	? Pour jeter plus de lumière sur cet aspect, nous proposons une direction de tâche plus claire et introduisons des valves qui testent la sensibilité des modèles de vision et de langage. À des phénomènes linguistiques spécifiques. Qui affectent à la fois les modalités linguistiques et visuelles. Nous ciblons l'existence, la pluriel, le comptage, les relations spatiales, les actions, et l'anaphore d'entité. Mais comment testons-nous si les modèles de vision et de langage ont capturé ces phénomènes ?
2	115.27999999999982	0.5283081531524658	une direction de tâche plus claire et introduisons des valves qui testent la sensibilité des modèles de vision et de langage. À des phénomènes linguistiques spécifiques. Qui affectent à la fois les modalités linguistiques et visuelles. Nous ciblons l'existence, la pluriel, le comptage, les relations spatiales, les actions, et l'anaphore d'entité. Mais comment testons-nous si les modèles de vision et de langage ont capturé ces phénomènes ? En trompant un	Par
2	116.15999999999981	0.6571779251098633	méthode précédemment	une direction de tâche plus claire et introduisons des valves qui testent la sensibilité des modèles de vision et de langage. À des phénomènes linguistiques spécifiques. Qui affectent à la fois les modalités linguistiques et visuelles. Nous ciblons l'existence, la pluriel, le comptage, les relations spatiales, les actions, et l'anaphore d'entité. Mais comment testons-nous si les modèles de vision et de langage ont capturé ces phénomènes ? En trompant un
2	117.03999999999981	0.7845065593719482	Par FOILing, une appliquée pour.	méthode précédemment
2	117.9199999999998	0.7315564155578613	modèles de vision et de langage. À des phénomènes linguistiques spécifiques. Qui affectent à la fois les modalités linguistiques et visuelles. Nous ciblons l'existence, la pluriel, le comptage, les relations spatiales, les actions, et l'anaphore d'entité. Mais comment testons-nous si les modèles de vision et de langage ont capturé ces phénomènes ? Par FOILing, une méthode précédemment appliquée pour les modèles de vision et de langage.	pour.
2	118.7999999999998	0.4382951259613037		modèles de vision et de langage. À des phénomènes linguistiques spécifiques. Qui affectent à la fois les modalités linguistiques et visuelles. Nous ciblons l'existence, la pluriel, le comptage, les relations spatiales, les actions, et l'anaphore d'entité. Mais comment testons-nous si les modèles de vision et de langage ont capturé ces phénomènes ? Par FOILing, une méthode précédemment appliquée pour les modèles de vision et de langage.
2	119.6799999999998	0.5545034408569336	pour non-	
2	120.55999999999979	0.7098817825317383	Seulement pour phrase pour les faire correspondre ? Et un score faible à celle-ci. Les modèles de vision et de langage se concentrent-ils sur la bonne chose, ou se concentrent-ils sur des biais comme l'ont montré les travaux précédents ? Pour jeter plus de lumière sur cet aspect, nous proposons une direction de tâche plus claire et introduisons des valves qui testent la sensibilité des modèles de vision et de langage. À des phénomènes linguistiques spécifiques. Qui affectent à la fois les modalités linguistiques et visuelles. Nous ciblons l'existence, la pluriel, le comptage, les relations spatiales, les actions, et l'anaphore d'entité. Mais comment testons-nous si les modèles de vision et de langage ont capturé ces phénomènes ? Par FOILing, une méthode précédemment appliquée pour les modèles de vision et de langage. Seulement pour les groupes nominaux par.	pour non-
2	121.43999999999978	0.7917110919952393	les groupes nominaux par Ravi Shekhar.	phrase pour les faire correspondre ? Et un score faible à celle-ci. Les modèles de vision et de langage se concentrent-ils sur la bonne chose, ou se concentrent-ils sur des biais comme l'ont montré les travaux précédents ? Pour jeter plus de lumière sur cet aspect, nous proposons une direction de tâche plus claire et introduisons des valves qui testent la sensibilité des modèles de vision et de langage. À des phénomènes linguistiques spécifiques. Qui affectent à la fois les modalités linguistiques et visuelles. Nous ciblons l'existence, la pluriel, le comptage, les relations spatiales, les actions, et l'anaphore d'entité. Mais comment testons-nous si les modèles de vision et de langage ont capturé ces phénomènes ? Par FOILing, une méthode précédemment appliquée pour les modèles de vision et de langage. Seulement pour les groupes nominaux par.
2	122.31999999999978	0.7408556938171387	Shekhar, et collaborant.	Shekhar.
2	123.19999999999978	0.6283369064331055	Shekhar et ses collaborateurs.	Shekhar, et collaborant.
2	124.07999999999977	0.8142926692962646	affectent à la fois les modalités linguistiques et visuelles. Nous ciblons l'existence, la pluriel, le comptage, les relations spatiales, les actions, et l'anaphore d'entité. Mais comment testons-nous si les modèles de vision et de langage ont capturé ces phénomènes ? Par FOILing, une méthode précédemment appliquée pour les modèles de vision et de langage. Seulement pour les groupes nominaux par Ravi Shekhar et ses collaborateurs, et sur le comptage,	collaborateurs.
2	124.95999999999977	0.8639371395111084	affectent à la fois les modalités linguistiques et visuelles. Nous ciblons l'existence, la pluriel, le comptage, les relations spatiales, les actions, et l'anaphore d'entité. Mais comment testons-nous si les modèles de vision et de langage ont capturé ces phénomènes ? Par FOILing, une méthode précédemment appliquée pour les modèles de vision et de langage. Seulement pour les groupes nominaux par Ravi Shekhar et ses collègues, et pour le comptage par Asin Foy.	affectent à la fois les modalités linguistiques et visuelles. Nous ciblons l'existence, la pluriel, le comptage, les relations spatiales, les actions, et l'anaphore d'entité. Mais comment testons-nous si les modèles de vision et de langage ont capturé ces phénomènes ? Par FOILing, une méthode précédemment appliquée pour les modèles de vision et de langage. Seulement pour les groupes nominaux par Ravi Shekhar et ses collaborateurs, et sur le comptage,
2	125.83999999999976	0.888084888458252	collègues, et pour le comptage par travaux précédents ? Pour jeter plus de lumière sur cet aspect, nous proposons une direction de tâche plus claire et introduisons des valves qui testent la sensibilité des modèles de vision et de langage. À des phénomènes linguistiques spécifiques. Qui affectent à la fois les modalités linguistiques et visuelles. Nous ciblons l'existence, la pluriel, le comptage, les relations spatiales, les actions, et l'anaphore d'entité. Mais comment testons-nous si les modèles de vision et de langage ont capturé ces phénomènes ? Par FOILing, une méthode précédemment appliquée pour les modèles de vision et de langage. Seulement pour les groupes nominaux par Ravi Shekhar et ses collègues, et pour le comptage par nous dans nos travaux précédents.	affectent à la fois les modalités linguistiques et visuelles. Nous ciblons l'existence, la pluriel, le comptage, les relations spatiales, les actions, et l'anaphore d'entité. Mais comment testons-nous si les modèles de vision et de langage ont capturé ces phénomènes ? Par FOILing, une méthode précédemment appliquée pour les modèles de vision et de langage. Seulement pour les groupes nominaux par Ravi Shekhar et ses collègues, et pour le comptage par Asin Foy.
2	126.71999999999976	0.36734652519226074		travaux précédents ? Pour jeter plus de lumière sur cet aspect, nous proposons une direction de tâche plus claire et introduisons des valves qui testent la sensibilité des modèles de vision et de langage. À des phénomènes linguistiques spécifiques. Qui affectent à la fois les modalités linguistiques et visuelles. Nous ciblons l'existence, la pluriel, le comptage, les relations spatiales, les actions, et l'anaphore d'entité. Mais comment testons-nous si les modèles de vision et de langage ont capturé ces phénomènes ? Par FOILing, une méthode précédemment appliquée pour les modèles de vision et de langage. Seulement pour les groupes nominaux par Ravi Shekhar et ses collègues, et pour le comptage par nous dans nos travaux précédents.
2	127.59999999999975	0.6752874851226807		
2	128.47999999999976	0.648829460144043	Qui affectent à la fois les modalités linguistiques et visuelles. Nous ciblons l'existence, la pluriel, le comptage, les relations spatiales, les actions, et l'anaphore d'entité. Mais comment testons-nous si les modèles de vision et de langage ont capturé ces phénomènes ? Par FOILing, une méthode précédemment appliquée pour les modèles de vision et de langage. Seulement pour les groupes nominaux par Ravi Shekhar et ses collègues, et pour le comptage par nous dans nos travaux précédents. FOILer signifie fondamentalement que.	
2	129.35999999999976	0.7258219718933105	FOILer signifie affectent à la fois les modalités linguistiques et visuelles. Nous ciblons l'existence, la pluriel, le comptage, les relations spatiales, les actions, et l'anaphore d'entité. Mais comment testons-nous si les modèles de vision et de langage ont capturé ces phénomènes ? Par FOILing, une méthode précédemment appliquée pour les modèles de vision et de langage. Seulement pour les groupes nominaux par Ravi Shekhar et ses collègues, et pour le comptage par nous dans nos travaux précédents. FOILer signifie essentiellement que nous prenons	Qui affectent à la fois les modalités linguistiques et visuelles. Nous ciblons l'existence, la pluriel, le comptage, les relations spatiales, les actions, et l'anaphore d'entité. Mais comment testons-nous si les modèles de vision et de langage ont capturé ces phénomènes ? Par FOILing, une méthode précédemment appliquée pour les modèles de vision et de langage. Seulement pour les groupes nominaux par Ravi Shekhar et ses collègues, et pour le comptage par nous dans nos travaux précédents. FOILer signifie fondamentalement que.
2	130.23999999999975	0.739405632019043	de	affectent à la fois les modalités linguistiques et visuelles. Nous ciblons l'existence, la pluriel, le comptage, les relations spatiales, les actions, et l'anaphore d'entité. Mais comment testons-nous si les modèles de vision et de langage ont capturé ces phénomènes ? Par FOILing, une méthode précédemment appliquée pour les modèles de vision et de langage. Seulement pour les groupes nominaux par Ravi Shekhar et ses collègues, et pour le comptage par nous dans nos travaux précédents. FOILer signifie essentiellement que nous prenons
2	131.11999999999975	0.6587779521942139	la légende image et	de
2	131.99999999999974	0.6293914318084717	d'une affectent à la fois les modalités linguistiques et visuelles. Nous ciblons l'existence, la pluriel, le comptage, les relations spatiales, les actions, et l'anaphore d'entité. Mais comment testons-nous si les modèles de vision et de langage ont capturé ces phénomènes ? Par FOILing, une méthode précédemment appliquée pour les modèles de vision et de langage. Seulement pour les groupes nominaux par Ravi Shekhar et ses collègues, et pour le comptage par nous dans nos travaux précédents. FOILer signifie essentiellement que nous prenons la légende d'une image et produisons un	image et
2	132.87999999999974	0.5883255004882812	foil.	affectent à la fois les modalités linguistiques et visuelles. Nous ciblons l'existence, la pluriel, le comptage, les relations spatiales, les actions, et l'anaphore d'entité. Mais comment testons-nous si les modèles de vision et de langage ont capturé ces phénomènes ? Par FOILing, une méthode précédemment appliquée pour les modèles de vision et de langage. Seulement pour les groupes nominaux par Ravi Shekhar et ses collègues, et pour le comptage par nous dans nos travaux précédents. FOILer signifie essentiellement que nous prenons la légende d'une image et produisons un
2	133.75999999999974	0.5243532657623291	foil en modifiant	foil.
2	134.63999999999973	0.7290105819702148	visuelles. Nous ciblons l'existence, la pluriel, le comptage, les relations spatiales, les actions, et l'anaphore d'entité. Mais comment testons-nous si les modèles de vision et de langage ont capturé ces phénomènes ? Par FOILing, une méthode précédemment appliquée pour les modèles de vision et de langage. Seulement pour les groupes nominaux par Ravi Shekhar et ses collègues, et pour le comptage par nous dans nos travaux précédents. FOILer signifie essentiellement que nous prenons la légende d'une image et produisons un foil. En modifiant la légende,	foil en modifiant
2	135.51999999999973	0.662029504776001	l'existence, la pluriel, le comptage, les relations spatiales, les actions, et l'anaphore d'entité. Mais comment testons-nous si les modèles de vision et de langage ont capturé ces phénomènes ? Par FOILing, une méthode précédemment appliquée pour les modèles de vision et de langage. Seulement pour les groupes nominaux par Ravi Shekhar et ses collègues, et pour le comptage par nous dans nos travaux précédents. FOILer signifie essentiellement que nous prenons la légende d'une image et produisons un foil en modifiant la légende telle	visuelles. Nous ciblons l'existence, la pluriel, le comptage, les relations spatiales, les actions, et l'anaphore d'entité. Mais comment testons-nous si les modèles de vision et de langage ont capturé ces phénomènes ? Par FOILing, une méthode précédemment appliquée pour les modèles de vision et de langage. Seulement pour les groupes nominaux par Ravi Shekhar et ses collègues, et pour le comptage par nous dans nos travaux précédents. FOILer signifie essentiellement que nous prenons la légende d'une image et produisons un foil. En modifiant la légende,
2	136.39999999999972	0.6994738578796387		l'existence, la pluriel, le comptage, les relations spatiales, les actions, et l'anaphore d'entité. Mais comment testons-nous si les modèles de vision et de langage ont capturé ces phénomènes ? Par FOILing, une méthode précédemment appliquée pour les modèles de vision et de langage. Seulement pour les groupes nominaux par Ravi Shekhar et ses collègues, et pour le comptage par nous dans nos travaux précédents. FOILer signifie essentiellement que nous prenons la légende d'une image et produisons un foil en modifiant la légende telle
2	137.27999999999972	0.6150383949279785	affiche pas.	
2	138.1599999999997	0.6761031150817871	qu'elle ne image et produisons un foil en modifiant la légende telle qu'elle ne décrit pas l'image.	affiche pas.
2	139.0399999999997	0.5909430980682373	décrit	image et produisons un foil en modifiant la légende telle qu'elle ne décrit pas l'image.
2	139.9199999999997	0.650183916091919	plus l'image.	
2	140.7999999999997	0.6024041175842285	Et nous faisons	
2	141.6799999999997	0.6080870628356934	ces spatiales, les actions, et l'anaphore d'entité. Mais comment testons-nous si les modèles de vision et de langage ont capturé ces phénomènes ? Par FOILing, une méthode précédemment appliquée pour les modèles de vision et de langage. Seulement pour les groupes nominaux par Ravi Shekhar et ses collègues, et pour le comptage par nous dans nos travaux précédents. FOILer signifie essentiellement que nous prenons la légende d'une image et produisons un foil en modifiant la légende telle qu'elle ne décrit plus l'image. Et nous faisons ces altérations de phrases.	
2	142.5599999999997	0.8266026973724365	altérations de actions, et l'anaphore d'entité. Mais comment testons-nous si les modèles de vision et de langage ont capturé ces phénomènes ? Par FOILing, une méthode précédemment appliquée pour les modèles de vision et de langage. Seulement pour les groupes nominaux par Ravi Shekhar et ses collègues, et pour le comptage par nous dans nos travaux précédents. FOILer signifie essentiellement que nous prenons la légende d'une image et produisons un foil en modifiant la légende telle qu'elle ne décrit plus l'image. Et nous faisons ces altérations de phrases en nous concentrant sur.	spatiales, les actions, et l'anaphore d'entité. Mais comment testons-nous si les modèles de vision et de langage ont capturé ces phénomènes ? Par FOILing, une méthode précédemment appliquée pour les modèles de vision et de langage. Seulement pour les groupes nominaux par Ravi Shekhar et ses collègues, et pour le comptage par nous dans nos travaux précédents. FOILer signifie essentiellement que nous prenons la légende d'une image et produisons un foil en modifiant la légende telle qu'elle ne décrit plus l'image. Et nous faisons ces altérations de phrases.
2	143.43999999999969	0.7765154838562012	phrases en nous concentrant spécifiques. Qui affectent à la fois les modalités linguistiques et visuelles. Nous ciblons l'existence, la pluriel, le comptage, les relations spatiales, les actions, et l'anaphore d'entité. Mais comment testons-nous si les modèles de vision et de langage ont capturé ces phénomènes ? Par FOILing, une méthode précédemment appliquée pour les modèles de vision et de langage. Seulement pour les groupes nominaux par Ravi Shekhar et ses collègues, et pour le comptage par nous dans nos travaux précédents. FOILer signifie essentiellement que nous prenons la légende d'une image et produisons un foil en modifiant la légende telle qu'elle ne décrit plus l'image. Et nous faisons ces altérations de phrases en nous concentrant sur six aspects spécifiques.	actions, et l'anaphore d'entité. Mais comment testons-nous si les modèles de vision et de langage ont capturé ces phénomènes ? Par FOILing, une méthode précédemment appliquée pour les modèles de vision et de langage. Seulement pour les groupes nominaux par Ravi Shekhar et ses collègues, et pour le comptage par nous dans nos travaux précédents. FOILer signifie essentiellement que nous prenons la légende d'une image et produisons un foil en modifiant la légende telle qu'elle ne décrit plus l'image. Et nous faisons ces altérations de phrases en nous concentrant sur.
2	144.31999999999968	0.5808322429656982	sur six	spécifiques. Qui affectent à la fois les modalités linguistiques et visuelles. Nous ciblons l'existence, la pluriel, le comptage, les relations spatiales, les actions, et l'anaphore d'entité. Mais comment testons-nous si les modèles de vision et de langage ont capturé ces phénomènes ? Par FOILing, une méthode précédemment appliquée pour les modèles de vision et de langage. Seulement pour les groupes nominaux par Ravi Shekhar et ses collègues, et pour le comptage par nous dans nos travaux précédents. FOILer signifie essentiellement que nous prenons la légende d'une image et produisons un foil en modifiant la légende telle qu'elle ne décrit plus l'image. Et nous faisons ces altérations de phrases en nous concentrant sur six aspects spécifiques.
2	145.19999999999968	0.576695442199707	éléments actions, et l'anaphore d'entité. Mais comment testons-nous si les modèles de vision et de langage ont capturé ces phénomènes ? Par FOILing, une méthode précédemment appliquée pour les modèles de vision et de langage. Seulement pour les groupes nominaux par Ravi Shekhar et ses collègues, et pour le comptage par nous dans nos travaux précédents. FOILer signifie essentiellement que nous prenons la légende d'une image et produisons un foil en modifiant la légende telle qu'elle ne décrit plus l'image. Et nous faisons ces altérations de phrases en nous concentrant sur six éléments spécifiques, tels que	
2	146.07999999999967	0.6677675247192383	l'existence, la pluriel, le comptage, les relations spatiales, les actions, et l'anaphore d'entité. Mais comment testons-nous si les modèles de vision et de langage ont capturé ces phénomènes ? Par FOILing, une méthode précédemment appliquée pour les modèles de vision et de langage. Seulement pour les groupes nominaux par Ravi Shekhar et ses collègues, et pour le comptage par nous dans nos travaux précédents. FOILer signifie essentiellement que nous prenons la légende d'une image et produisons un foil en modifiant la légende telle qu'elle ne décrit plus l'image. Et nous faisons ces altérations de phrases en nous concentrant sur six éléments spécifiques, tels que l'existence.	actions, et l'anaphore d'entité. Mais comment testons-nous si les modèles de vision et de langage ont capturé ces phénomènes ? Par FOILing, une méthode précédemment appliquée pour les modèles de vision et de langage. Seulement pour les groupes nominaux par Ravi Shekhar et ses collègues, et pour le comptage par nous dans nos travaux précédents. FOILer signifie essentiellement que nous prenons la légende d'une image et produisons un foil en modifiant la légende telle qu'elle ne décrit plus l'image. Et nous faisons ces altérations de phrases en nous concentrant sur six éléments spécifiques, tels que
2	146.95999999999967	0.7366533279418945	l'existence, la pluriel, le comptage, les relations spatiales, les actions, et l'anaphore d'entité. Mais comment testons-nous si les modèles de vision et de langage ont capturé ces phénomènes ? Par FOILing, une méthode précédemment appliquée pour les modèles de vision et de langage. Seulement pour les groupes nominaux par Ravi Shekhar et ses collègues, et pour le comptage par nous dans nos travaux précédents. FOILer signifie essentiellement que nous prenons la légende d'une image et produisons un foil en modifiant la légende telle qu'elle ne décrit plus l'image. Et nous faisons ces altérations de phrases en nous concentrant sur six éléments spécifiques, tels que l'existence, le pluriel,	l'existence, la pluriel, le comptage, les relations spatiales, les actions, et l'anaphore d'entité. Mais comment testons-nous si les modèles de vision et de langage ont capturé ces phénomènes ? Par FOILing, une méthode précédemment appliquée pour les modèles de vision et de langage. Seulement pour les groupes nominaux par Ravi Shekhar et ses collègues, et pour le comptage par nous dans nos travaux précédents. FOILer signifie essentiellement que nous prenons la légende d'une image et produisons un foil en modifiant la légende telle qu'elle ne décrit plus l'image. Et nous faisons ces altérations de phrases en nous concentrant sur six éléments spécifiques, tels que l'existence.
2	147.83999999999966	0.9622259140014648	FOILing, une méthode précédemment appliquée pour les modèles de vision et de langage. Seulement pour les groupes nominaux par Ravi Shekhar et ses collègues, et pour le comptage par nous dans nos travaux précédents. FOILer signifie essentiellement que nous prenons la légende d'une image et produisons un foil en modifiant la légende telle qu'elle ne décrit plus l'image. Et nous faisons ces altérations de phrases en nous concentrant sur six éléments spécifiques, tels que l'existence, le pluriel, le comptage, spécifiquement.	la pluriel, le comptage, les relations spatiales, les actions, et l'anaphore d'entité. Mais comment testons-nous si les modèles de vision et de langage ont capturé ces phénomènes ? Par FOILing, une méthode précédemment appliquée pour les modèles de vision et de langage. Seulement pour les groupes nominaux par Ravi Shekhar et ses collègues, et pour le comptage par nous dans nos travaux précédents. FOILer signifie essentiellement que nous prenons la légende d'une image et produisons un foil en modifiant la légende telle qu'elle ne décrit plus l'image. Et nous faisons ces altérations de phrases en nous concentrant sur six éléments spécifiques, tels que l'existence, le pluriel,
2	148.71999999999966	0.7027533054351807	le comptage, relations spatiales, les actions, et l'anaphore d'entité. Mais comment testons-nous si les modèles de vision et de langage ont capturé ces phénomènes ? Par FOILing, une méthode précédemment appliquée pour les modèles de vision et de langage. Seulement pour les groupes nominaux par Ravi Shekhar et ses collègues, et pour le comptage par nous dans nos travaux précédents. FOILer signifie essentiellement que nous prenons la légende d'une image et produisons un foil en modifiant la légende telle qu'elle ne décrit plus l'image. Et nous faisons ces altérations de phrases en nous concentrant sur six éléments spécifiques, tels que l'existence, le pluriel, le comptage, les relations spatiales.	FOILing, une méthode précédemment appliquée pour les modèles de vision et de langage. Seulement pour les groupes nominaux par Ravi Shekhar et ses collègues, et pour le comptage par nous dans nos travaux précédents. FOILer signifie essentiellement que nous prenons la légende d'une image et produisons un foil en modifiant la légende telle qu'elle ne décrit plus l'image. Et nous faisons ces altérations de phrases en nous concentrant sur six éléments spécifiques, tels que l'existence, le pluriel, le comptage, spécifiquement.
2	149.59999999999965	0.696070671081543	les relations relations spatiales, les actions, et l'anaphore d'entité. Mais comment testons-nous si les modèles de vision et de langage ont capturé ces phénomènes ? Par FOILing, une méthode précédemment appliquée pour les modèles de vision et de langage. Seulement pour les groupes nominaux par Ravi Shekhar et ses collègues, et pour le comptage par nous dans nos travaux précédents. FOILer signifie essentiellement que nous prenons la légende d'une image et produisons un foil en modifiant la légende telle qu'elle ne décrit plus l'image. Et nous faisons ces altérations de phrases en nous concentrant sur six éléments spécifiques, tels que l'existence, le pluriel, le comptage, les relations spatiales, les actions.	relations spatiales, les actions, et l'anaphore d'entité. Mais comment testons-nous si les modèles de vision et de langage ont capturé ces phénomènes ? Par FOILing, une méthode précédemment appliquée pour les modèles de vision et de langage. Seulement pour les groupes nominaux par Ravi Shekhar et ses collègues, et pour le comptage par nous dans nos travaux précédents. FOILer signifie essentiellement que nous prenons la légende d'une image et produisons un foil en modifiant la légende telle qu'elle ne décrit plus l'image. Et nous faisons ces altérations de phrases en nous concentrant sur six éléments spécifiques, tels que l'existence, le pluriel, le comptage, les relations spatiales.
2	150.47999999999965	0.822643518447876	spatiales, les actions, et l'anaphore d'entité. Mais comment testons-nous si les modèles de vision et de langage ont capturé ces phénomènes ? Par FOILing, une méthode précédemment appliquée pour les modèles de vision et de langage. Seulement pour les groupes nominaux par Ravi Shekhar et ses collègues, et pour le comptage par nous dans nos travaux précédents. FOILer signifie essentiellement que nous prenons la légende d'une image et produisons un foil en modifiant la légende telle qu'elle ne décrit plus l'image. Et nous faisons ces altérations de phrases en nous concentrant sur six éléments spécifiques, tels que l'existence, le pluriel, le comptage, les relations spatiales, les actions, et l'entité.	relations spatiales, les actions, et l'anaphore d'entité. Mais comment testons-nous si les modèles de vision et de langage ont capturé ces phénomènes ? Par FOILing, une méthode précédemment appliquée pour les modèles de vision et de langage. Seulement pour les groupes nominaux par Ravi Shekhar et ses collègues, et pour le comptage par nous dans nos travaux précédents. FOILer signifie essentiellement que nous prenons la légende d'une image et produisons un foil en modifiant la légende telle qu'elle ne décrit plus l'image. Et nous faisons ces altérations de phrases en nous concentrant sur six éléments spécifiques, tels que l'existence, le pluriel, le comptage, les relations spatiales, les actions.
2	151.35999999999964	0.7569823265075684		l'anaphore d'entité. Mais comment testons-nous si les modèles de vision et de langage ont capturé ces phénomènes ? Par FOILing, une méthode précédemment appliquée pour les modèles de vision et de langage. Seulement pour les groupes nominaux par Ravi Shekhar et ses collègues, et pour le comptage par nous dans nos travaux précédents. FOILer signifie essentiellement que nous prenons la légende d'une image et produisons un foil en modifiant la légende telle qu'elle ne décrit plus l'image. Et nous faisons ces altérations de phrases en nous concentrant sur six éléments spécifiques, tels que l'existence, le pluriel, le comptage, les relations spatiales, les actions, et l'entité.
2	152.23999999999964	0.7649478912353516	l'anaphore FOILing, une méthode précédemment appliquée pour les modèles de vision et de langage. Seulement pour les groupes nominaux par Ravi Shekhar et ses collègues, et pour le comptage par nous dans nos travaux précédents. FOILer signifie essentiellement que nous prenons la légende d'une image et produisons un foil en modifiant la légende telle qu'elle ne décrit plus l'image. Et nous faisons ces altérations de phrases en nous concentrant sur six éléments spécifiques, tels que l'existence, le pluriel, le comptage, les relations spatiales, les actions, et l'anaphore d'entité, où chaque élément	
2	153.11999999999964	0.7041358947753906		FOILing, une méthode précédemment appliquée pour les modèles de vision et de langage. Seulement pour les groupes nominaux par Ravi Shekhar et ses collègues, et pour le comptage par nous dans nos travaux précédents. FOILer signifie essentiellement que nous prenons la légende d'une image et produisons un foil en modifiant la légende telle qu'elle ne décrit plus l'image. Et nous faisons ces altérations de phrases en nous concentrant sur six éléments spécifiques, tels que l'existence, le pluriel, le comptage, les relations spatiales, les actions, et l'anaphore d'entité, où chaque élément
2	153.99999999999963	0.5498878955841064	peut	
2	154.87999999999963	0.573516845703125	consister en	
2	155.75999999999962	0.5701990127563477	un ou phénomènes ? Par FOILing, une méthode précédemment appliquée pour les modèles de vision et de langage. Seulement pour les groupes nominaux par Ravi Shekhar et ses collègues, et pour le comptage par nous dans nos travaux précédents. FOILer signifie essentiellement que nous prenons la légende d'une image et produisons un foil en modifiant la légende telle qu'elle ne décrit plus l'image. Et nous faisons ces altérations de phrases en nous concentrant sur six éléments spécifiques, tels que l'existence, le pluriel, le comptage, les relations spatiales, les actions, et l'anaphore d'entité, où chaque élément peut consister en un ou plusieurs instruments.	
2	156.63999999999962	0.597886323928833	plusieurs	phénomènes ? Par FOILing, une méthode précédemment appliquée pour les modèles de vision et de langage. Seulement pour les groupes nominaux par Ravi Shekhar et ses collègues, et pour le comptage par nous dans nos travaux précédents. FOILer signifie essentiellement que nous prenons la légende d'une image et produisons un foil en modifiant la légende telle qu'elle ne décrit plus l'image. Et nous faisons ces altérations de phrases en nous concentrant sur six éléments spécifiques, tels que l'existence, le pluriel, le comptage, les relations spatiales, les actions, et l'anaphore d'entité, où chaque élément peut consister en un ou plusieurs instruments.
2	157.5199999999996	0.7378718852996826	phénomènes ? Par FOILing, une méthode précédemment appliquée pour les modèles de vision et de langage. Seulement pour les groupes nominaux par Ravi Shekhar et ses collègues, et pour le comptage par nous dans nos travaux précédents. FOILer signifie essentiellement que nous prenons la légende d'une image et produisons un foil en modifiant la légende telle qu'elle ne décrit plus l'image. Et nous faisons ces altérations de phrases en nous concentrant sur six éléments spécifiques, tels que l'existence, le pluriel, le comptage, les relations spatiales, les actions, et l'anaphore d'entité, où chaque élément peut consister en un ou plusieurs instruments. Dans le cas où nous trouvons plus	
2	158.3999999999996	0.8909997940063477	instruments. Dans le cas où nous	phénomènes ? Par FOILing, une méthode précédemment appliquée pour les modèles de vision et de langage. Seulement pour les groupes nominaux par Ravi Shekhar et ses collègues, et pour le comptage par nous dans nos travaux précédents. FOILer signifie essentiellement que nous prenons la légende d'une image et produisons un foil en modifiant la légende telle qu'elle ne décrit plus l'image. Et nous faisons ces altérations de phrases en nous concentrant sur six éléments spécifiques, tels que l'existence, le pluriel, le comptage, les relations spatiales, les actions, et l'anaphore d'entité, où chaque élément peut consister en un ou plusieurs instruments. Dans le cas où nous trouvons plus
2	159.2799999999996	0.6902613639831543	une méthode précédemment appliquée pour les modèles de vision et de langage. Seulement pour les groupes nominaux par Ravi Shekhar et ses collègues, et pour le comptage par nous dans nos travaux précédents. FOILer signifie essentiellement que nous prenons la légende d'une image et produisons un foil en modifiant la légende telle qu'elle ne décrit plus l'image. Et nous faisons ces altérations de phrases en nous concentrant sur six éléments spécifiques, tels que l'existence, le pluriel, le comptage, les relations spatiales, les actions, et l'anaphore d'entité, où chaque élément peut consister en un ou plusieurs instruments. Dans le cas où nous trouvons plus d'un mot intéressant.	
2	160.1599999999996	0.8192055225372314	trouvons plus	une méthode précédemment appliquée pour les modèles de vision et de langage. Seulement pour les groupes nominaux par Ravi Shekhar et ses collègues, et pour le comptage par nous dans nos travaux précédents. FOILer signifie essentiellement que nous prenons la légende d'une image et produisons un foil en modifiant la légende telle qu'elle ne décrit plus l'image. Et nous faisons ces altérations de phrases en nous concentrant sur six éléments spécifiques, tels que l'existence, le pluriel, le comptage, les relations spatiales, les actions, et l'anaphore d'entité, où chaque élément peut consister en un ou plusieurs instruments. Dans le cas où nous trouvons plus d'un mot intéressant.
2	161.0399999999996	0.7695150375366211	d'une manière intéressante de foil en modifiant la légende telle qu'elle ne décrit plus l'image. Et nous faisons ces altérations de phrases en nous concentrant sur six éléments spécifiques, tels que l'existence, le pluriel, le comptage, les relations spatiales, les actions, et l'anaphore d'entité, où chaque élément peut consister en un ou plusieurs instruments. Dans le cas où nous trouvons plus d'une manière intéressante de créer des foils.	
2	161.9199999999996	0.6105790138244629	créer des	foil en modifiant la légende telle qu'elle ne décrit plus l'image. Et nous faisons ces altérations de phrases en nous concentrant sur six éléments spécifiques, tels que l'existence, le pluriel, le comptage, les relations spatiales, les actions, et l'anaphore d'entité, où chaque élément peut consister en un ou plusieurs instruments. Dans le cas où nous trouvons plus d'une manière intéressante de créer des foils.
2	162.79999999999959	0.3145756721496582	instances	
2	163.67999999999958	0.6062304973602295	FOIL. pour les groupes nominaux par Ravi Shekhar et ses collègues, et pour le comptage par nous dans nos travaux précédents. FOILer signifie essentiellement que nous prenons la légende d'une image et produisons un foil en modifiant la légende telle qu'elle ne décrit plus l'image. Et nous faisons ces altérations de phrases en nous concentrant sur six éléments spécifiques, tels que l'existence, le pluriel, le comptage, les relations spatiales, les actions, et l'anaphore d'entité, où chaque élément peut consister en un ou plusieurs instruments. Dans le cas où nous trouvons plus d'une manière intéressante de créer des instances FOIL. Par exemple,	
2	164.55999999999958	0.6036562919616699		pour les groupes nominaux par Ravi Shekhar et ses collègues, et pour le comptage par nous dans nos travaux précédents. FOILer signifie essentiellement que nous prenons la légende d'une image et produisons un foil en modifiant la légende telle qu'elle ne décrit plus l'image. Et nous faisons ces altérations de phrases en nous concentrant sur six éléments spécifiques, tels que l'existence, le pluriel, le comptage, les relations spatiales, les actions, et l'anaphore d'entité, où chaque élément peut consister en un ou plusieurs instruments. Dans le cas où nous trouvons plus d'une manière intéressante de créer des instances FOIL. Par exemple,
2	165.43999999999957	0.6357719898223877	dans le cas	
2	166.31999999999957	0.6984543800354004	de collègues, et pour le comptage par nous dans nos travaux précédents. FOILer signifie essentiellement que nous prenons la légende d'une image et produisons un foil en modifiant la légende telle qu'elle ne décrit plus l'image. Et nous faisons ces altérations de phrases en nous concentrant sur six éléments spécifiques, tels que l'existence, le pluriel, le comptage, les relations spatiales, les actions, et l'anaphore d'entité, où chaque élément peut consister en un ou plusieurs instruments. Dans le cas où nous trouvons plus d'une manière intéressante de créer des instances FOIL. Par exemple, dans le cas de l'élément actions, nous avons	
2	167.19999999999956	0.7637348175048828	précédents. FOILer signifie essentiellement que nous prenons la légende d'une image et produisons un foil en modifiant la légende telle qu'elle ne décrit plus l'image. Et nous faisons ces altérations de phrases en nous concentrant sur six éléments spécifiques, tels que l'existence, le pluriel, le comptage, les relations spatiales, les actions, et l'anaphore d'entité, où chaque élément peut consister en un ou plusieurs instruments. Dans le cas où nous trouvons plus d'une manière intéressante de créer des instances FOIL. Par exemple, dans le cas de l'élément actions, nous avons deux instruments.	collègues, et pour le comptage par nous dans nos travaux précédents. FOILer signifie essentiellement que nous prenons la légende d'une image et produisons un foil en modifiant la légende telle qu'elle ne décrit plus l'image. Et nous faisons ces altérations de phrases en nous concentrant sur six éléments spécifiques, tels que l'existence, le pluriel, le comptage, les relations spatiales, les actions, et l'anaphore d'entité, où chaque élément peut consister en un ou plusieurs instruments. Dans le cas où nous trouvons plus d'une manière intéressante de créer des instances FOIL. Par exemple, dans le cas de l'élément actions, nous avons
2	168.07999999999956	0.24090576171875		précédents. FOILer signifie essentiellement que nous prenons la légende d'une image et produisons un foil en modifiant la légende telle qu'elle ne décrit plus l'image. Et nous faisons ces altérations de phrases en nous concentrant sur six éléments spécifiques, tels que l'existence, le pluriel, le comptage, les relations spatiales, les actions, et l'anaphore d'entité, où chaque élément peut consister en un ou plusieurs instruments. Dans le cas où nous trouvons plus d'une manière intéressante de créer des instances FOIL. Par exemple, dans le cas de l'élément actions, nous avons deux instruments.
2	168.95999999999955	0.6135435104370117	l'image. Et nous faisons ces altérations de phrases en nous concentrant sur six éléments spécifiques, tels que l'existence, le pluriel, le comptage, les relations spatiales, les actions, et l'anaphore d'entité, où chaque élément peut consister en un ou plusieurs instruments. Dans le cas où nous trouvons plus d'une manière intéressante de créer des instances FOIL. Par exemple, dans le cas de l'élément actions, nous avons deux instruments. Un dans lequel les actions	
2	169.83999999999955	0.7840433120727539	Un dans lequel	l'image. Et nous faisons ces altérations de phrases en nous concentrant sur six éléments spécifiques, tels que l'existence, le pluriel, le comptage, les relations spatiales, les actions, et l'anaphore d'entité, où chaque élément peut consister en un ou plusieurs instruments. Dans le cas où nous trouvons plus d'une manière intéressante de créer des instances FOIL. Par exemple, dans le cas de l'élément actions, nous avons deux instruments. Un dans lequel les actions
2	170.71999999999954	0.712838888168335	le verbe d'action est modifiant la légende telle qu'elle ne décrit plus l'image. Et nous faisons ces altérations de phrases en nous concentrant sur six éléments spécifiques, tels que l'existence, le pluriel, le comptage, les relations spatiales, les actions, et l'anaphore d'entité, où chaque élément peut consister en un ou plusieurs instruments. Dans le cas où nous trouvons plus d'une manière intéressante de créer des instances FOIL. Par exemple, dans le cas de l'élément actions, nous avons deux instruments. Un dans lequel le verbe d'action est changé avec	
2	171.59999999999954	0.6524479389190674	changé	modifiant la légende telle qu'elle ne décrit plus l'image. Et nous faisons ces altérations de phrases en nous concentrant sur six éléments spécifiques, tels que l'existence, le pluriel, le comptage, les relations spatiales, les actions, et l'anaphore d'entité, où chaque élément peut consister en un ou plusieurs instruments. Dans le cas où nous trouvons plus d'une manière intéressante de créer des instances FOIL. Par exemple, dans le cas de l'élément actions, nous avons deux instruments. Un dans lequel le verbe d'action est changé avec
2	172.47999999999954	0.6507854461669922	par un autre et pour le comptage par nous dans nos travaux précédents. FOILer signifie essentiellement que nous prenons la légende d'une image et produisons un foil en modifiant la légende telle qu'elle ne décrit plus l'image. Et nous faisons ces altérations de phrases en nous concentrant sur six éléments spécifiques, tels que l'existence, le pluriel, le comptage, les relations spatiales, les actions, et l'anaphore d'entité, où chaque élément peut consister en un ou plusieurs instruments. Dans le cas où nous trouvons plus d'une manière intéressante de créer des instances FOIL. Par exemple, dans le cas de l'élément actions, nous avons deux instruments. Un dans lequel le verbe d'action est changé par un autre action, et un	
2	173.35999999999953	0.7361900806427002	prenons la légende d'une image et produisons un foil en modifiant la légende telle qu'elle ne décrit plus l'image. Et nous faisons ces altérations de phrases en nous concentrant sur six éléments spécifiques, tels que l'existence, le pluriel, le comptage, les relations spatiales, les actions, et l'anaphore d'entité, où chaque élément peut consister en un ou plusieurs instruments. Dans le cas où nous trouvons plus d'une manière intéressante de créer des instances FOIL. Par exemple, dans le cas de l'élément actions, nous avons deux instruments. Un dans lequel le verbe d'action est changé par un autre action, et un dans lequel l'action est	et pour le comptage par nous dans nos travaux précédents. FOILer signifie essentiellement que nous prenons la légende d'une image et produisons un foil en modifiant la légende telle qu'elle ne décrit plus l'image. Et nous faisons ces altérations de phrases en nous concentrant sur six éléments spécifiques, tels que l'existence, le pluriel, le comptage, les relations spatiales, les actions, et l'anaphore d'entité, où chaque élément peut consister en un ou plusieurs instruments. Dans le cas où nous trouvons plus d'une manière intéressante de créer des instances FOIL. Par exemple, dans le cas de l'élément actions, nous avons deux instruments. Un dans lequel le verbe d'action est changé par un autre action, et un
2	174.23999999999953	0.7755496501922607	dans lequel capturé ces phénomènes ? Par FOILing, une méthode précédemment appliquée pour les modèles de vision et de langage. Seulement pour les groupes nominaux par Ravi Shekhar et ses collègues, et pour le comptage par nous dans nos travaux précédents. FOILer signifie essentiellement que nous prenons la légende d'une image et produisons un foil en modifiant la légende telle qu'elle ne décrit plus l'image. Et nous faisons ces altérations de phrases en nous concentrant sur six éléments spécifiques, tels que l'existence, le pluriel, le comptage, les relations spatiales, les actions, et l'anaphore d'entité, où chaque élément peut consister en un ou plusieurs instruments. Dans le cas où nous trouvons plus d'une manière intéressante de créer des instances FOIL. Par exemple, dans le cas de l'élément actions, nous avons deux instruments. Un dans lequel le verbe d'action est changé par un autre action, et un dans lequel les actants sont échangés.	prenons la légende d'une image et produisons un foil en modifiant la légende telle qu'elle ne décrit plus l'image. Et nous faisons ces altérations de phrases en nous concentrant sur six éléments spécifiques, tels que l'existence, le pluriel, le comptage, les relations spatiales, les actions, et l'anaphore d'entité, où chaque élément peut consister en un ou plusieurs instruments. Dans le cas où nous trouvons plus d'une manière intéressante de créer des instances FOIL. Par exemple, dans le cas de l'élément actions, nous avons deux instruments. Un dans lequel le verbe d'action est changé par un autre action, et un dans lequel l'action est
2	175.11999999999952	0.6951134204864502		capturé ces phénomènes ? Par FOILing, une méthode précédemment appliquée pour les modèles de vision et de langage. Seulement pour les groupes nominaux par Ravi Shekhar et ses collègues, et pour le comptage par nous dans nos travaux précédents. FOILer signifie essentiellement que nous prenons la légende d'une image et produisons un foil en modifiant la légende telle qu'elle ne décrit plus l'image. Et nous faisons ces altérations de phrases en nous concentrant sur six éléments spécifiques, tels que l'existence, le pluriel, le comptage, les relations spatiales, les actions, et l'anaphore d'entité, où chaque élément peut consister en un ou plusieurs instruments. Dans le cas où nous trouvons plus d'une manière intéressante de créer des instances FOIL. Par exemple, dans le cas de l'élément actions, nous avons deux instruments. Un dans lequel le verbe d'action est changé par un autre action, et un dans lequel les actants sont échangés.
2	175.99999999999952	0.5543651580810547		
2	176.8799999999995	0.6471900939941406	Comptage et	
2	177.7599999999995	0.7179203033447266	celle-ci. Les modèles de vision et de langage se concentrent-ils sur la bonne chose, ou se concentrent-ils sur des biais comme l'ont montré les travaux précédents ? Pour jeter plus de lumière sur cet aspect, nous proposons une direction de tâche plus claire et introduisons des valves qui testent la sensibilité des modèles de vision et de langage. À des phénomènes linguistiques spécifiques. Qui affectent à la fois les modalités linguistiques et visuelles. Nous ciblons l'existence, la pluriel, le comptage, les relations spatiales, les actions, et l'anaphore d'entité. Mais comment testons-nous si les modèles de vision et de langage ont capturé ces phénomènes ? Par FOILing, une méthode précédemment appliquée pour les modèles de vision et de langage. Seulement pour les groupes nominaux par Ravi Shekhar et ses collègues, et pour le comptage par nous dans nos travaux précédents. FOILer signifie essentiellement que nous prenons la légende d'une image et produisons un foil en modifiant la légende telle qu'elle ne décrit plus l'image. Et nous faisons ces altérations de phrases en nous concentrant sur six éléments spécifiques, tels que l'existence, le pluriel, le comptage, les relations spatiales, les actions, et l'anaphore d'entité, où chaque élément peut consister en un ou plusieurs instruments. Dans le cas où nous trouvons plus d'une manière intéressante de créer des instances FOIL. Par exemple, dans le cas de l'élément actions, nous avons deux instruments. Un dans lequel le verbe d'action est changé par un autre action, et un dans lequel les actants sont échangés. Comptage et anaphore sont également des pièces du même.	
2	178.6399999999995	0.7297911643981934	anaphore sont également des	celle-ci. Les modèles de vision et de langage se concentrent-ils sur la bonne chose, ou se concentrent-ils sur des biais comme l'ont montré les travaux précédents ? Pour jeter plus de lumière sur cet aspect, nous proposons une direction de tâche plus claire et introduisons des valves qui testent la sensibilité des modèles de vision et de langage. À des phénomènes linguistiques spécifiques. Qui affectent à la fois les modalités linguistiques et visuelles. Nous ciblons l'existence, la pluriel, le comptage, les relations spatiales, les actions, et l'anaphore d'entité. Mais comment testons-nous si les modèles de vision et de langage ont capturé ces phénomènes ? Par FOILing, une méthode précédemment appliquée pour les modèles de vision et de langage. Seulement pour les groupes nominaux par Ravi Shekhar et ses collègues, et pour le comptage par nous dans nos travaux précédents. FOILer signifie essentiellement que nous prenons la légende d'une image et produisons un foil en modifiant la légende telle qu'elle ne décrit plus l'image. Et nous faisons ces altérations de phrases en nous concentrant sur six éléments spécifiques, tels que l'existence, le pluriel, le comptage, les relations spatiales, les actions, et l'anaphore d'entité, où chaque élément peut consister en un ou plusieurs instruments. Dans le cas où nous trouvons plus d'une manière intéressante de créer des instances FOIL. Par exemple, dans le cas de l'élément actions, nous avons deux instruments. Un dans lequel le verbe d'action est changé par un autre action, et un dans lequel les actants sont échangés. Comptage et anaphore sont également des pièces du même.
2	179.5199999999995	0.7067430019378662	éléments qui d'une image et produisons un foil en modifiant la légende telle qu'elle ne décrit plus l'image. Et nous faisons ces altérations de phrases en nous concentrant sur six éléments spécifiques, tels que l'existence, le pluriel, le comptage, les relations spatiales, les actions, et l'anaphore d'entité, où chaque élément peut consister en un ou plusieurs instruments. Dans le cas où nous trouvons plus d'une manière intéressante de créer des instances FOIL. Par exemple, dans le cas de l'élément actions, nous avons deux instruments. Un dans lequel le verbe d'action est changé par un autre action, et un dans lequel les actants sont échangés. Comptage et anaphore sont également des éléments qui ont plus d'une instance.	
2	180.3999999999995	0.6152999401092529	ont plus	d'une image et produisons un foil en modifiant la légende telle qu'elle ne décrit plus l'image. Et nous faisons ces altérations de phrases en nous concentrant sur six éléments spécifiques, tels que l'existence, le pluriel, le comptage, les relations spatiales, les actions, et l'anaphore d'entité, où chaque élément peut consister en un ou plusieurs instruments. Dans le cas où nous trouvons plus d'une manière intéressante de créer des instances FOIL. Par exemple, dans le cas de l'élément actions, nous avons deux instruments. Un dans lequel le verbe d'action est changé par un autre action, et un dans lequel les actants sont échangés. Comptage et anaphore sont également des éléments qui ont plus d'une instance.
2	181.2799999999995	0.758183479309082	d'un instrument.	
2	182.15999999999948	0.7163102626800537	Et nous créons par Ravi Shekhar et ses collègues, et pour le comptage par nous dans nos travaux précédents. FOILer signifie essentiellement que nous prenons la légende d'une image et produisons un foil en modifiant la légende telle qu'elle ne décrit plus l'image. Et nous faisons ces altérations de phrases en nous concentrant sur six éléments spécifiques, tels que l'existence, le pluriel, le comptage, les relations spatiales, les actions, et l'anaphore d'entité, où chaque élément peut consister en un ou plusieurs instruments. Dans le cas où nous trouvons plus d'une manière intéressante de créer des instances FOIL. Par exemple, dans le cas de l'élément actions, nous avons deux instruments. Un dans lequel le verbe d'action est changé par un autre action, et un dans lequel les actants sont échangés. Comptage et anaphore sont également des éléments qui ont plus d'un instrument. Et nous créons ces foils par	
2	183.03999999999948	0.7219786643981934	ces foils	par Ravi Shekhar et ses collègues, et pour le comptage par nous dans nos travaux précédents. FOILer signifie essentiellement que nous prenons la légende d'une image et produisons un foil en modifiant la légende telle qu'elle ne décrit plus l'image. Et nous faisons ces altérations de phrases en nous concentrant sur six éléments spécifiques, tels que l'existence, le pluriel, le comptage, les relations spatiales, les actions, et l'anaphore d'entité, où chaque élément peut consister en un ou plusieurs instruments. Dans le cas où nous trouvons plus d'une manière intéressante de créer des instances FOIL. Par exemple, dans le cas de l'élément actions, nous avons deux instruments. Un dans lequel le verbe d'action est changé par un autre action, et un dans lequel les actants sont échangés. Comptage et anaphore sont également des éléments qui ont plus d'un instrument. Et nous créons ces foils par
2	183.91999999999948	0.7828114032745361	en nous assurant qu'elle ne décrit plus l'image. Et nous faisons ces altérations de phrases en nous concentrant sur six éléments spécifiques, tels que l'existence, le pluriel, le comptage, les relations spatiales, les actions, et l'anaphore d'entité, où chaque élément peut consister en un ou plusieurs instruments. Dans le cas où nous trouvons plus d'une manière intéressante de créer des instances FOIL. Par exemple, dans le cas de l'élément actions, nous avons deux instruments. Un dans lequel le verbe d'action est changé par un autre action, et un dans lequel les actants sont échangés. Comptage et anaphore sont également des éléments qui ont plus d'un instrument. Et nous créons ces foils en nous assurant qu'ils échouent à.	
2	184.79999999999947	0.7873959541320801	qu'ils échouent	qu'elle ne décrit plus l'image. Et nous faisons ces altérations de phrases en nous concentrant sur six éléments spécifiques, tels que l'existence, le pluriel, le comptage, les relations spatiales, les actions, et l'anaphore d'entité, où chaque élément peut consister en un ou plusieurs instruments. Dans le cas où nous trouvons plus d'une manière intéressante de créer des instances FOIL. Par exemple, dans le cas de l'élément actions, nous avons deux instruments. Un dans lequel le verbe d'action est changé par un autre action, et un dans lequel les actants sont échangés. Comptage et anaphore sont également des éléments qui ont plus d'un instrument. Et nous créons ces foils en nous assurant qu'ils échouent à.
2	185.67999999999947	0.6570615768432617	à décrire	
2	186.55999999999946	0.7431256771087646		
2	187.43999999999946	0.8200361728668213	l'image, qu'ils sont	
2	188.31999999999945	0.6742775440216064	grammaticaux et	
2	189.19999999999945	0.6214642524719238	autrement	
2	190.07999999999944	0.3023669719696045	des phrases valides.	
2	190.95999999999944	0.6337759494781494		
2	191.83999999999943	0.7285609245300293	Ce n'est pas facile	
2	192.71999999999943	0.5698964595794678	à faire	
2	193.59999999999943	0.6579804420471191	car	
2	194.47999999999942	0.6975700855255127		
2	195.35999999999942	0.8087224960327148	un légende foilée peut être	
2	196.2399999999994	0.6796665191650391	moins	
2	197.1199999999994	0.6513729095458984	probable que	
2	197.9999999999994	0.7044620513916016	la légende originale.	
2	198.8799999999994	0.5919573307037354	Par exemple,	
2	199.7599999999994	0.6852908134460449	bien que	
2	200.6399999999994	0.7210836410522461	ce ne soit pas	
2	201.51999999999938	0.631462812423706	impossible,	
2	202.39999999999938	0.6425161361694336	il est statistiquement	
2	203.27999999999938	0.6121149063110352	moins	
2	204.15999999999937	0.74312424659729	probable	
2	205.03999999999937	0.724210262298584	que des plantes coupent	
2	205.91999999999936	0.6809136867523193	un homme qu'un	
2	206.79999999999936	0.6299042701721191	homme	
2	207.67999999999935	0.6777458190917969	coupe des	
2	208.55999999999935	0.7798421382904053	plantes et	
2	209.43999999999934	0.7790384292602539	les grands modèles de vision et de	
2	210.31999999999934	0.6338160037994385	langage pourraient	
2	211.19999999999933	0.2689385414123535		
2	212.07999999999933	0.7141294479370117	en prendre note.	
2	212.95999999999933	0.79544997215271	Par conséquent, pour obtenir	
2	213.83999999999932	0.7263431549072266	des foils	
2	214.71999999999932	0.6736443042755127	valides, nous	
2	215.5999999999993	0.2381141185760498	devons agir.	
2	216.4799999999993	0.14540839195251465		
2	217.3599999999993	0.6536576747894287		
2	218.2399999999993	0.7445647716522217		
2	219.1199999999993	0.889136791229248	Premièrement, nous utilisons des	
2	219.9999999999993	0.8057053089141846	modèles de langage puissants pour	
2	220.87999999999928	0.3084120750427246	proposer des FOIL.	
2	221.75999999999928	0.6823856830596924		
2	222.63999999999928	0.3948514461517334	Deuxièmement, nous utilisons	
2	223.51999999999927	0.7400639057159424		
2	224.39999999999927	0.8713586330413818	l'inférence	
2	225.27999999999926	0.7110087871551514		
2	226.15999999999926	0.7003271579742432	naturelle du langage ou NLI	
2	227.03999999999925	0.706324577331543	court pour	
2	227.91999999999925	0.7101116180419922	filtrer les	
2	228.79999999999924	0.7394053936004639	foils qui pourraient	
2	229.67999999999924	0.6392703056335449	encore	
2	230.55999999999923	0.7659399509429932	décrire	
2	231.43999999999923	0.8171579837799072	l'image,	
2	232.31999999999923	0.7913484573364258		
2	233.19999999999922	0.897942304611206	car lors de la construction des foils, nous devons	
2	234.07999999999922	0.8621015548706055	nous assurer	
2	234.9599999999992	0.8008549213409424	qu'ils échouent à décrire l'image.	
2	235.8399999999992	0.393064022064209		
2	236.7199999999992	0.6485624313354492		
2	237.5999999999992	0.7621307373046875	Pour tester cela automatiquement,	
2	238.4799999999992	0.8392252922058105	nous appliquons	
2	239.3599999999992	0.7770965099334717		
2	240.23999999999918	0.927771806716919	l'inférence naturelle du langage avec	
2	241.11999999999918	0.5798170566558838		
2	241.99999999999918	0.6873989105224609	la raison suivante.	
2	242.87999999999917	0.6273274421691895	Nous considérons	
2	243.75999999999917	0.6463558673858643	une image	
2	244.63999999999916	0.6076269149780273	comme	
2	245.51999999999916	0.6548707485198975		
2	246.39999999999915	0.7385773658752441	prémisse et sa légende,	
2	247.27999999999915	0.6467549800872803	son	
2	248.15999999999914	0.3095581531524658	hypothèse implicite.	
2	249.03999999999914	0.6538786888122559		
2	249.91999999999913	0.7471768856048584	En outre, nous considérons	
2	250.79999999999913	0.7067046165466309	la	
2	251.67999999999913	0.7336068153381348	légende comme	
2	252.55999999999912	0.7985992431640625		
2	253.43999999999912	0.5045392513275146	prémisse, et le foil est son hypothèse.	
2	254.3199999999991	0.5212492942810059		
2	255.1999999999991	0.6514451503753662	Si un	
2	256.07999999999913	0.7101984024047852	modèle NLI	
2	256.9599999999991	0.7710592746734619	prédit	
2	257.8399999999991	0.6871199607849121	que le FOIL	
2	258.7199999999991	0.691380500793457	contredit ou	
2	259.5999999999991	0.6583390235900879	est	
2	260.4799999999991	0.7619645595550537	neutre par rapport à	
2	261.3599999999991	0.6911435127258301	la légende,	
2	262.2399999999991	0.7213006019592285	nous prenons	
2	263.1199999999991	0.695667028427124	cela comme	
2	263.9999999999991	0.7205417156219482		
2	264.8799999999991	0.422954797744751	indicateur d'un FOIL valide.	
2	265.7599999999991	0.15270614624023438		
2	266.6399999999991	0.6943607330322266		
2	267.5199999999991	0.797968864440918	Si un NLI prédit	
2	268.39999999999907	0.6887378692626953	que le foil est	
2	269.27999999999906	0.6919283866882324		
2	270.15999999999906	0.7562527656555176	implicite par la légende,	
2	271.03999999999905	0.7756671905517578	il	
2	271.91999999999905	0.7491476535797119	ne peut pas être un bon	
2	272.79999999999905	0.6942095756530762	foil car par	
2	273.67999999999904	0.7306828498840332		
2	274.55999999999904	0.791008710861206	transitivité, il	
2	275.43999999999903	0.6749823093414307	donnerait une	
2	276.319999999999	0.6605253219604492	description	
2	277.199999999999	0.8264651298522949	vraie de	
2	278.079999999999	0.786602258682251	l'image et nous	
2	278.959999999999	0.343212366104126	filtrons ces foils.	
2	279.839999999999	0.6318116188049316		
2	280.719999999999	0.732785701751709	Mais cette procédure	
2	281.599999999999	0.8399500846862793	n'est pas	
2	282.479999999999	0.7633442878723145	parfaite,	
2	283.359999999999	0.8443722724914551	c'est juste un	
2	284.239999999999	0.7779324054718018	indicateur pour	
2	285.119999999999	0.7614223957061768	des foils	
2	285.999999999999	0.7831192016601562	valides,	
2	286.879999999999	0.9467101097106934	donc, comme une troisième mesure pour	
2	287.75999999999897	0.7611935138702393	générer des foils	
2	288.63999999999896	0.841902494430542	valides, nous	
2	289.51999999999896	0.7529416084289551	employons	
2	290.39999999999895	0.7901933193206787	des annotateurs humains pour	
2	291.27999999999895	0.749535083770752	valider les	
2	292.15999999999894	0.6643936634063721	données	
2	293.03999999999894	0.314741849899292	utilisées dans les valves.	
2	293.91999999999894	0.5924983024597168		
2	294.79999999999893	0.6353030204772949		
2	295.6799999999989	0.7610714435577393		
2	296.5599999999989	0.8699891567230225		
2	297.4399999999989	0.85494065284729		
2	298.3199999999989	1.0328376293182373	Ainsi, après filtrage et évaluation humaine, nous avons autant	
2	299.1999999999989	0.6679339408874512	d'instances de	
2	300.0799999999989	0.6579978466033936	test que	
2	300.9599999999989	0.6617252826690674	décrites	
2	301.8399999999989	0.27558159828186035	dans ce tableau.	
2	302.7199999999989	0.6643650531768799		
2	303.5999999999989	0.8028342723846436	Notez que	
2	304.4799999999989	0.8632667064666748	Valse ne fournit aucune	
2	305.3599999999989	0.7574136257171631	donnée	
2	306.2399999999989	0.781151533126831	d'entraînement mais	
2	307.11999999999887	0.7279345989227295		
2	307.99999999999886	0.9251358509063721	seulement des données de	
2	308.87999999999886	0.9524691104888916	test, car	
2	309.75999999999885	0.8420994281768799		
2	310.63999999999885	0.8853466510772705	c'est un benchmark de test à	
2	311.51999999999884	0.742703914642334	zéro-shot uniquement.	
2	312.39999999999884	0.6808476448059082	Il est conçu	
2	313.27999999999884	0.635260820388794	pour exploiter	
2	314.15999999999883	0.6314163208007812	les	
2	315.0399999999988	0.7096726894378662	capacités	
2	315.9199999999988	0.818225622177124	existantes	
2	316.7999999999988	0.8698887825012207	des modèles de vision et de	
2	317.6799999999988	0.6836700439453125	langage après pré-entraînement.	
2	318.5599999999988	0.474625825881958		
2	319.4399999999988	0.7536368370056152		
2	320.3199999999988	0.844865083694458	Le fine-tuning	
2	321.1999999999988	0.8181612491607666		
2	322.0799999999988	0.9202654361724854	permettrait seulement aux modèles	
2	322.9599999999988	0.8123605251312256	d'exploiter des	
2	323.8399999999988	0.8090705871582031	artefacts ou	
2	324.7199999999988	0.36620593070983887	des biais statistiques dans les données.	
2	325.5999999999988	0.7006411552429199		
2	326.47999999999877	0.8142011165618896	Et nous	
2	327.35999999999876	0.8403480052947998	savons tous que ces modèles	
2	328.23999999999876	0.8353369235992432	aiment tricher et	
2	329.11999999999875	0.9367814064025879	prendre des raccourcis.	
2	329.99999999999875	0.9619097709655762	Et comme nous l'avons dit,	
2	330.87999999999874	0.7323112487792969	nous sommes intéressés	
2	331.75999999999874	0.6793382167816162	à	
2	332.63999999999874	0.6078963279724121	évaluer quelles	
2	333.51999999999873	0.8571338653564453	capacités	
2	334.3999999999987	0.8059778213500977	les modèles de vision et de langage possèdent.	
2	335.2799999999987	0.4847855567932129		
2	336.1599999999987	0.48058104515075684		
2	337.0399999999987	0.15639853477478027		
2	337.9199999999987	0.7490341663360596		
2	338.7999999999987	0.84334397315979	Après pré-entraînement. Nous expérimentons	
2	339.6799999999987	0.7713193893432617	avec	
2	340.5599999999987	0.7898645401000977	cinq modèles de vision et de	
2	341.4399999999987	0.7309534549713135	langage sur	
2	342.3199999999987	0.7879064083099365		
2	343.1999999999987	0.8848130702972412	les	
2	344.0799999999987	0.9520351886749268	voyelles, à savoir	
2	344.9599999999987	0.8823387622833252	Clip,	
2	345.83999999999867	1.0279579162597656	AlexMurt, Wilbert,	
2	346.71999999999866	0.9200272560119629		
2	347.59999999999866	0.8815898895263672		
2	348.47999999999865	1.041529893875122		
2	349.35999999999865	1.249269962310791		
2	350.23999999999864	1.2318089008331299		
2	351.11999999999864	1.4026904106140137		
2	351.99999999999864	1.3893513679504395		
2	352.87999999999863	1.4577538967132568	Wilbert12in1, et VisualBirth. Nos deux métriques d'évaluation les plus importantes sont la précision	
2	353.7599999999986	0.8885536193847656	des modèles	
2	354.6399999999986	0.8566384315490723	dans la classification	
2	355.5199999999986	0.9108994007110596	de paires	
2	356.3999999999986	0.8687472343444824		
2	357.2799999999986	0.5123195648193359	image-phrase en légendes et en foils.	
2	358.1599999999986	0.6769866943359375		
2	359.0399999999986	0.7710421085357666	Peut-être plus	
2	359.9199999999986	0.7970795631408691	pertinent pour cette	
2	360.7999999999986	0.7432861328125	vidéo, nous allons	
2	361.6799999999986	0.7640578746795654	présenter notre plus	
2	362.5599999999986	0.7320370674133301		
2	363.4399999999986	0.8404409885406494	permissive	
2	364.3199999999986	0.8322048187255859	métrique, la précision	
2	365.19999999999857	0.6823234558105469	par paire, qui	
2	366.07999999999856	0.5809876918792725	mesure	
2	366.95999999999856	0.6444737911224365	si	
2	367.83999999999855	0.7980411052703857		
2	368.71999999999855	0.8997504711151123		
2	369.59999999999854	0.9947304725646973	le score d'alignement image-phrase est supérieur	
2	370.47999999999854	0.7163867950439453	pour	
2	371.35999999999854	0.7687346935272217	la	
2	372.23999999999853	0.8660662174224854	paire image-texte	
2	373.1199999999985	0.818657636642456	correcte que pour sa	
2	373.9999999999985	0.7204489707946777	paire foilée.	
2	374.8799999999985	0.8020181655883789	Pour plus	
2	375.7599999999985	0.8123655319213867	de métriques et de	
2	376.6399999999985	0.8290262222290039	résultats sur eux,	
2	377.5199999999985	0.6644778251647949		
2	378.3999999999985	0.8008308410644531	consultez notre papier.	
2	379.2799999999985	0.7801167964935303	Les résultats avec	
2	380.1599999999985	0.8199276924133301	la précision par	
2	381.0399999999985	0.9289824962615967	paire sont montrés	
2	381.9199999999985	0.921515941619873	ici et ils sont	
2	382.7999999999985	0.9867491722106934	cohérents avec les	
2	383.6799999999985	0.8709759712219238	résultats que nous avons	
2	384.55999999999847	0.38201451301574707	obtenus des autres métriques.	
2	385.43999999999846	0.700986385345459		
2	386.31999999999846	0.8358569145202637	C'est	
2	387.19999999999845	0.8614091873168945		
2	388.07999999999845	0.9288904666900635	la meilleure performance à zéro-shot	
2	388.95999999999844	0.9097774028778076	atteinte par	
2	389.83999999999844	1.1081128120422363	Wilbert	
2	390.71999999999844	0.7869486808776855		
2	391.59999999999843	0.9031038284301758		
2	392.4799999999984	0.9579501152038574		
2	393.3599999999984	0.9628174304962158		
2	394.2399999999984	0.9724636077880859	suivi de Wilbert Alex Murt Clip, et enfin	
2	395.1199999999984	0.8222134113311768	Visual Bird.	
2	395.9999999999984	0.7855062484741211	C'est notable comment	
2	396.8799999999984	0.8136067390441895	les instruments centrés	
2	397.7599999999984	0.8898026943206787	sur	
2	398.6399999999984	0.8052005767822266	les objets	
2	399.5199999999984	0.9211487770080566	individuels comme l'existence et	
2	400.3999999999984	0.7788286209106445	les groupes	
2	401.2799999999984	0.7834413051605225	nominaux sont	
2	402.1599999999984	0.7489147186279297	presque	
2	403.0399999999984	0.9324328899383545	résolus par	
2	403.91999999999837	0.9495189189910889	Wilbert 12 in	
2	404.79999999999836	0.8213930130004883	1, soulignant	
2	405.67999999999836	0.8094685077667236	que les modèles sont	
2	406.55999999999835	0.8740353584289551	capables d'identifier	
2	407.43999999999835	0.7303371429443359		
2	408.31999999999834	0.8215465545654297		
2	409.19999999999834	1.011613368988037		
2	410.07999999999834	0.9718940258026123		
2	410.95999999999833	0.9977195262908936		
2	411.8399999999983	1.1652178764343262	des objets nommés et leur présence dans les images. Cependant, aucun	
2	412.7199999999983	0.8521537780761719	des éléments	
2	413.5999999999983	0.9115118980407715	restants ne peut être	
2	414.4799999999983	0.8490874767303467	résolue de manière fiable dans notre	
2	415.3599999999983	0.7628092765808105		
2	416.2399999999983	0.768761157989502	configuration de foilage adversaire.	
2	417.1199999999983	0.8301041126251221		
2	417.9999999999983	1.0121710300445557	Nous voyons	
2	418.8799999999983	0.9286398887634277		
2	419.7599999999983	1.1146061420440674		
2	420.6399999999983	1.240006446838379	à partir des instruments de pluriel et de comptage que	
2	421.5199999999983	0.9982759952545166	les modèles de vision et de langage	
2	422.3999999999983	0.7520346641540527	ont	
2	423.27999999999827	0.8376262187957764	du mal à	
2	424.15999999999826	0.8664331436157227	distinguer les références	
2	425.03999999999826	0.8273046016693115	à un	
2	425.91999999999825	0.7499241828918457	objet unique versus plusieurs	
2	426.79999999999825	0.8009569644927979	objets ou	
2	427.67999999999824	0.7960457801818848	à les compter dans	
2	428.55999999999824	0.7301218509674072	une image.	
2	429.43999999999824	0.6912891864776611	La relation	
2	430.31999999999823	0.8061931133270264		
2	431.1999999999982	0.9032046794891357	pièce montre qu'ils ont des	
2	432.0799999999982	0.7297670841217041	difficultés à	
2	432.9599999999982	0.7813820838928223		
2	433.8399999999982	0.9026656150817871	classer correctement	
2	434.7199999999982	0.8864364624023438	une relation spatiale nommée	
2	435.5999999999982	0.8094942569732666	entre	
2	436.4799999999982	0.8189983367919922	des objets dans une image.	
2	437.3599999999982	0.718604326248169	Ils	
2	438.2399999999982	0.788409948348999	ont aussi du mal	
2	439.1199999999982	0.8432085514068604	à distinguer	
2	439.9999999999982	0.739471435546875	les actions et	
2	440.8799999999982	0.7184615135192871	à identifier	
2	441.7599999999982	0.875347375869751	leurs	
2	442.63999999999817	0.8916988372802734	participants, même	
2	443.51999999999816	0.9108140468597412	s'ils sont soutenus	
2	444.39999999999816	0.8230648040771484	par	
2	445.27999999999815	1.0802440643310547	des biais de	
2	446.15999999999815	1.0319409370422363	plausibilité, comme nous le voyons dans	
2	447.03999999999814	0.29033875465393066	la pièce actions.	
2	447.91999999999814	0.8233649730682373		
2	448.79999999999814	0.8506333827972412	De la pièce	
2	449.67999999999813	0.9369621276855469		
2	450.5599999999981	0.9693999290466309		
2	451.4399999999981	1.0180466175079346	anaphore, nous apprenons que tracer plusieurs	
2	452.3199999999981	0.8022863864898682	références	
2	453.1999999999981	0.8445227146148682	au même objet dans une image	
2	454.0799999999981	0.7550418376922607	en utilisant	
2	454.9599999999981	0.7504630088806152	des	
2	455.8399999999981	0.7728135585784912	pronoms est	
2	456.7199999999981	0.9382801055908203	également difficile pour	
2	457.5999999999981	0.4056668281555176	les modèles de vision et de langage.	
2	458.4799999999981	0.7009904384613037		
2	459.3599999999981	0.8139183521270752	Comme	
2	460.2399999999981	0.9144496917724609	un contrôle de	
2	461.1199999999981	0.9487347602844238	santé, et parce que c'est	
2	461.99999999999807	0.9050061702728271	une expérience intéressante,	
2	462.87999999999806	0.9371392726898193	nous	
2	463.75999999999806	0.9812166690826416	avons également mis à l'épreuve deux	
2	464.63999999999805	0.8978955745697021	modèles de texte	
2	465.51999999999805	0.9457409381866455		
2	466.39999999999804	1.0920517444610596	uniquement, GPT-1 et	
2	467.27999999999804	0.8536591529846191	GPT-2, pour	
2	468.15999999999804	0.8582391738891602	évaluer si	
2	469.03999999999803	0.86214280128479		
2	469.919999999998	0.9736161231994629		
2	470.799999999998	1.0535459518432617	Volse est soluble par ces modèles	
2	471.679999999998	0.9762730598449707	unimodaux en	
2	472.559999999998	0.766594409942627	calculant	
2	473.439999999998	0.8801779747009277	la perplexité	
2	474.319999999998	0.9000763893127441		
2	475.199999999998	1.186434268951416		
2	476.079999999998	1.275524616241455	de la légende correcte et de la légende	
2	476.959999999998	0.9835243225097656	échouée, sans image ici, et	
2	477.839999999998	0.8352470397949219	en prédisant	
2	478.719999999998	0.9162554740905762	l'entrée avec	
2	479.599999999998	0.3599400520324707	la plus basse perplexité.	
2	480.479999999998	0.1587238311767578		
2	481.35999999999797	0.7711629867553711		
2	482.23999999999796	0.9297852516174316	Si la perplexité est plus	
2	483.11999999999796	0.9094924926757812	élevée pour le	
2	483.99999999999795	0.9383246898651123	foil, nous prenons	
2	484.87999999999795	0.7654125690460205	cela comme	
2	485.75999999999794	0.8426017761230469	une indication	
2	486.63999999999794	0.9018697738647461	que	
2	487.51999999999794	1.024277687072754	la légende foilée peut	
2	488.39999999999793	0.9034290313720703	souffrir	
2	489.2799999999979	0.9711809158325195		
2	490.1599999999979	1.0042004585266113	de biais de plausibilité ou d'autres	
2	491.0399999999979	0.2933802604675293	biais linguistiques.	
2	491.9199999999979	0.7343835830688477		
2	492.7999999999979	0.8641493320465088	Et c'est intéressant	
2	493.6799999999979	0.8021738529205322	de voir	
2	494.5599999999979	0.7997550964355469	que dans certains	
2	495.4399999999979	0.8407058715820312	cas le	
2	496.3199999999979	0.8885595798492432		
2	497.1999999999979	0.9971647262573242	texte seul GPT modèles ont	
2	498.0799999999979	0.8763585090637207	capturé la	
2	498.9599999999979	0.8710188865661621	plausibilité du	
2	499.8399999999979	0.876070499420166	monde mieux	
2	500.71999999999787	0.8804113864898682	que	
2	501.59999999999786	0.430267333984375	les modèles de vision et de langage.	
2	502.47999999999786	0.7255346775054932		
2	503.35999999999785	0.8353805541992188		
2	504.23999999999785	0.999884843826294	Donc, pour résumer,	
2	505.11999999999784	0.8313980102539062		
2	505.99999999999784	0.971376895904541	valse est un benchmark qui utilise	
2	506.87999999999784	0.8712203502655029	la lentille	
2	507.75999999999783	0.8489141464233398		
2	508.6399999999978	0.8640015125274658		
2	509.5199999999978	1.0430474281311035	des constructions linguistiques pour aider la communauté	
2	510.3999999999978	0.9569323062896729	à améliorer	
2	511.2799999999978	0.9688701629638672	les modèles de vision et de	
2	512.1599999999978	0.8062584400177002	langage	
2	513.0399999999978	0.8462069034576416		
2	513.9199999999978	1.0601003170013428	en testant	
2	514.7999999999978	0.5012962818145752	difficilement leurs capacités d'ancrage visuel.	
2	515.6799999999978	0.16304588317871094		
2	516.5599999999978	0.7723922729492188		
2	517.4399999999978	0.9727010726928711	Nos expériences	
2	518.3199999999978	1.0418646335601807	montrent que les modèles de vision et de	
2	519.1999999999978	0.7936961650848389		
2	520.0799999999978	0.94161057472229	langage identifient	
2	520.9599999999978	1.0006065368652344	des objets nommés	
2	521.8399999999978	0.887237548828125	et leur présence dans les	
2	522.7199999999978	0.8529403209686279	images	
2	523.5999999999977	0.9232099056243896	bien, comme montré par	
2	524.4799999999977	0.29057836532592773	la pièce existence.	
2	525.3599999999977	0.8881680965423584		
2	526.2399999999977	0.9969439506530762	Mais ils peinent à ancrer	
2	527.1199999999977	0.8212604522705078	leur	
2	527.9999999999977	0.8758246898651123	interdépendance et	
2	528.8799999999977	0.8695855140686035	leurs	
2	529.7599999999977	1.060971975326538	relations dans des scènes	
2	530.6399999999977	1.0022010803222656	visuelles	
2	531.5199999999977	1.0456929206848145	lorsqu'ils sont forcés de respecter	
2	532.3999999999977	0.3563554286956787	des indicateurs linguistiques.	
2	533.2799999999977	0.7796571254730225		
2	534.1599999999977	0.9256057739257812	Nous aimerions	
2	535.0399999999977	0.8763144016265869	vraiment encourager la	
2	535.9199999999977	0.9538264274597168	communauté à	
2	536.7999999999977	0.9342825412750244	utiliser les	
2	537.6799999999977	0.9469892978668213	valves pour mesurer les	
2	538.5599999999977	0.9013488292694092	progrès vers	
2	539.4399999999977	0.8538970947265625	l'ancrage	
2	540.3199999999977	0.9873971939086914	linguistique avec	
2	541.1999999999977	0.4338662624359131	les modèles de vision et de langage.	
2	542.0799999999977	0.8211541175842285		
2	542.9599999999976	0.9439284801483154	Et encore	
2	543.8399999999976	1.0084145069122314	plus, les valves pourraient être	
2	544.7199999999976	0.9102189540863037	utilisées comme	
2	545.5999999999976	0.926555871963501	une évaluation indirecte	
2	546.4799999999976	0.9220480918884277	des jeux de	
2	547.3599999999976	0.958045244216919	données, car les modèles pourraient	
2	548.2399999999976	0.873154878616333	être	
2	549.1199999999976	0.9369447231292725	évalués avant et	
2	549.9999999999976	0.9541325569152832	après	
2	550.8799999999976	1.034074306488037	l'entraînement ou le	
2	551.7599999999976	0.9536700248718262	fine-tuning pour voir	
2	552.6399999999976	0.8499233722686768	si un jeu de données	
2	553.5199999999976	0.9212849140167236		
2	554.3999999999976	0.912114143371582	aide les modèles à	
2	555.2799999999976	0.8566999435424805		
2	556.1599999999976	0.9568033218383789	améliorer n'importe quel	
2	557.0399999999976	0.8402793407440186	aspect testé	
2	557.9199999999976	0.9388234615325928	par Volves.	
2	558.7999999999976	0.8661708831787109	Si vous êtes intéressé,	
2	559.6799999999976	0.8970921039581299	consultez	
2	560.5599999999976	0.8543472290039062		
2	561.4399999999976	0.9664816856384277	les données	
2	562.3199999999975	1.3112876415252686	VALS sur GitHub et si vous avez	
2	563.1999999999975	0.93001389503479	des questions,	
2	564.0799999999975	0.9254512786865234	n'hésitez pas à	
2	564.9599999999975	0.26017308235168457	nous contacter.	
2	565.8399999999975	0.17029929161071777		
2	566.7199999999975	0.1747298240661621		
2	567.5999999999975	0.1685028076171875		
2	567.8079999999975	0.5991368293762207	nous contacter.	
