docid	audio_s	compute_s	generated	deleted
0	0.96	0.00012826919555664062		
0	1.92	0.03822612762451172		
0	2.88	0.39184117317199707	Olá a todos.	
0	3.84	0.3826892375946045	Hoje estou	
0	4.8	0.3908820152282715	apresentar os nossos resultados.	estou
0	5.76	0.46381378173828125	vou apresentar trabalho de pesquisa: aprender a	apresentar os nossos resultados.
0	6.72	0.7160611152648926	nosso trabalho de trabalho de pesquisa, Aprendendo a Raciocinar Dedutivamente.	trabalho de pesquisa: aprender a
0	7.68	0.585878849029541	Dedutivamente.	trabalho de pesquisa, Aprendendo a Raciocinar Dedutivamente.
0	8.64	0.1717069149017334	Aprendendo a Raciocinar Dedutivamente.	Dedutivamente.
0	9.600000000000001	0.17092084884643555	Dedutivamente.	Aprendendo a Raciocinar Dedutivamente.
0	10.560000000000002	0.15395784378051758		Dedutivamente.
0	11.520000000000003	0.8865182399749756	Sou o Alan da Biden's	
0	12.480000000000004	1.1911256313323975	Resolver Problemas do Metro como Extração de Regiões Complexas. Sou o Biden, e este é	Sou o Alan da Biden's
0	13.440000000000005	0.736840009689331	Alan, do Laboratório de IA de um trabalho conjunto com	Biden, e este é
0	14.400000000000006	0.4380462169647217	Thierry da Universidade.	
0	15.360000000000007	0.4133117198944092	Universidade do Texas.	Thierry da Universidade.
0	16.320000000000007	0.4925088882446289	Thierry, da Universidade do Texas em Austin.	Universidade do Texas.
0	17.28000000000001	0.5388071537017822	Austin, e Weidou, da SU.	Austin.
0	18.24000000000001	0.5365893840789795	Weiru, da SUDD.	Weidou, da SU.
0	19.20000000000001	0.5873537063598633	Primeiro, gostaria de	
0	20.16000000000001	0.5396392345428467	falar sobre nossa motivação.	
0	21.12000000000001	0.586066722869873	motivação para o raciocínio.	motivação.
0	22.080000000000013	0.45571422576904297		
0	23.040000000000013	0.4684784412384033	Então, aqui mostramos um exemplo.	motivação para o raciocínio.
0	24.000000000000014	0.43764615058898926	exemplo onde	exemplo.
0	24.960000000000015	0.622499942779541	raciocínio. Então, aqui mostramos um exemplo onde o raciocínio em múltiplos passos é	
0	25.920000000000016	0.5819911956787109	útil.	raciocínio. Então, aqui mostramos um exemplo onde o raciocínio em múltiplos passos é
0	26.880000000000017	0.5706596374511719	Então, aqui mostramos um exemplo onde o raciocínio em múltiplos passos é útil. Portanto, esta figura foi extraída de	
0	27.840000000000018	0.5322134494781494	útil. Esta figura foi extraída do artigo PALM.	Então, aqui mostramos um exemplo onde o raciocínio em múltiplos passos é útil. Portanto, esta figura foi extraída de
0	28.80000000000002	0.6149325370788574	Esta figura foi extraída do papel PELM, onde o	útil. Esta figura foi extraída do artigo PALM.
0	29.76000000000002	0.5576505661010742	passos é útil. Esta figura foi extraída do papel PELM, onde eles realizam prompting.	o
0	30.72000000000002	0.4655580520629883	eles realizam prompting para resolver o	passos é útil. Esta figura foi extraída do papel PELM, onde eles realizam prompting.
0	31.68000000000002	0.4741322994232178	problema do método.	
0	32.64000000000002	0.45690321922302246	em múltiplos passos é útil. Esta figura foi extraída do papel PELM, onde eles realizam prompting para resolver o problema do método do metro no futuro.	método.
0	33.60000000000002	0.45700550079345703	método em um cenário de aprendizado curto.	em múltiplos passos é útil. Esta figura foi extraída do papel PELM, onde eles realizam prompting para resolver o problema do método do metro no futuro.
0	34.560000000000024	0.5398426055908203	cenário de aprendizado com poucas amostras.	curto.
0	35.520000000000024	0.4713404178619385	múltiplos passos é útil. Esta figura foi extraída do papel PELM, onde eles realizam prompting para resolver o problema do método em um cenário de aprendizado curto. No lado do NetPen,	cenário de aprendizado com poucas amostras.
0	36.480000000000025	0.5459911823272705	curto. podemos ver	múltiplos passos é útil. Esta figura foi extraída do papel PELM, onde eles realizam prompting para resolver o problema do método em um cenário de aprendizado curto. No lado do NetPen,
0	37.440000000000026	0.656135082244873	Do lado do NetPen, se dermos alguns	podemos ver
0	38.40000000000003	0.5660793781280518	que, se realizam prompting para resolver o problema do método em um cenário de aprendizado curto. Do lado do NetPen, podemos ver que, se fornecermos algumas amostras com	se dermos alguns
0	39.36000000000003	0.5811114311218262	fornecermos exemplos com apenas crash e	realizam prompting para resolver o problema do método em um cenário de aprendizado curto. Do lado do NetPen, podemos ver que, se fornecermos algumas amostras com
0	40.32000000000003	0.623784065246582	com apenas perguntas e respostas, poderíamos	exemplos com apenas crash e
0	41.28000000000003	0.6679017543792725	talvez não consigamos obter.	com apenas perguntas e respostas, poderíamos
0	42.24000000000003	0.8172347545623779	apenas obter as respostas corretas.	talvez não consigamos obter.
0	43.20000000000003	0.9082901477813721	algumas amostras com perguntas e respostas, talvez não consigamos Mas se	obter as respostas corretas.
0	44.16000000000003	0.485058069229126	fornecermos apenas algumas amostras com perguntas e respostas, talvez não consigamos obter as respostas corretas. Mas se fornecermos mais	
0	45.12000000000003	0.6260616779327393	raciocínio,	apenas algumas amostras com perguntas e respostas, talvez não consigamos obter as respostas corretas. Mas se fornecermos mais
0	46.080000000000034	0.5565707683563232	descrições de o modelo consegue	raciocínio,
0	47.040000000000035	0.3963050842285156		
0	48.000000000000036	0.5331518650054932	prever descrição do raciocínio.	o modelo consegue
0	48.960000000000036	0.5164921283721924	a descrição do descrição do raciocínio e também	descrição do raciocínio.
0	49.92000000000004	0.5464506149291992	fazer uma resposta correta.	descrição do raciocínio e também
0	50.88000000000004	0.42374229431152344	aqui.	resposta correta.
0	51.84000000000004	0.28678154945373535	previsão correta	aqui.
0	52.80000000000004	0.14772439002990723		
0	53.76000000000004	0.37130045890808105	Portanto, é bom	
0	54.72000000000004	0.5525252819061279	interpretável.	
0	55.68000000000004	0.581378698348999	ter resultados de múltiplos passos interpretáveis.	interpretável.
0	56.64000000000004	0.6824069023132324	como saída.	resultados de múltiplos passos interpretáveis.
0	57.600000000000044	0.7281215190887451	raciocínio em múltiplos passos interpretável como saída, e também	como saída.
0	58.560000000000045	0.5419764518737793	saída. E também pensamos em métodos.	saída, e também
0	59.520000000000046	0.6402578353881836	método é	E também pensamos em métodos.
0	60.48000000000005	0.614290714263916	Também achamos que o problema do problema do método é direto e	método é
0	61.44000000000005	0.44864988327026367	a descrição do raciocínio e também fazer uma previsão correta aqui. Portanto, é bom ter raciocínio em múltiplos passos interpretável como saída. Também achamos que o problema do método é uma aplicação direta ao evento.	problema do método é direto e
0	62.40000000000005	0.5060431957244873	uma aplicação direta descrições de raciocínio, o modelo consegue prever a descrição do raciocínio e também fazer uma previsão correta aqui. Portanto, é bom ter raciocínio em múltiplos passos interpretável como saída. Também achamos que o problema do método é uma aplicação direta para avaliar alguns.	a descrição do raciocínio e também fazer uma previsão correta aqui. Portanto, é bom ter raciocínio em múltiplos passos interpretável como saída. Também achamos que o problema do método é uma aplicação direta ao evento.
0	63.36000000000005	0.48597073554992676	para avaliar raciocínio.	descrições de raciocínio, o modelo consegue prever a descrição do raciocínio e também fazer uma previsão correta aqui. Portanto, é bom ter raciocínio em múltiplos passos interpretável como saída. Também achamos que o problema do método é uma aplicação direta para avaliar alguns.
0	64.32000000000005	0.4879732131958008	capacidades de raciocínio.	raciocínio.
0	65.28000000000004	0.392183780670166	tais	capacidades de raciocínio.
0	66.24000000000004	0.14663982391357422		
0	67.20000000000003	0.5528271198272705	em múltiplos passos interpretável como saída. Também achamos que o problema do método é uma aplicação direta para avaliar tais capacidades de raciocínio. Então, aqui está nosso setup de problema.	
0	68.16000000000003	0.5712113380432129	Então, aqui setup de problema, dado	em múltiplos passos interpretável como saída. Também achamos que o problema do método é uma aplicação direta para avaliar tais capacidades de raciocínio. Então, aqui está nosso setup de problema.
0	69.12000000000002	0.6665518283843994	no nosso setup de problema, o problema do método é uma aplicação direta para avaliar tais capacidades de raciocínio. Então, aqui no nosso setup de problema, dadas as perguntas que precisamos	setup de problema, dado
0	70.08000000000001	0.5938534736633301	dadas as precisamos resolver esta pergunta.	o problema do método é uma aplicação direta para avaliar tais capacidades de raciocínio. Então, aqui no nosso setup de problema, dadas as perguntas que precisamos
0	71.04	0.6044819355010986	perguntas, precisamos resolver esta e obter o	precisamos resolver esta pergunta.
0	72.0	0.5363166332244873	direta para avaliar tais capacidades de raciocínio. Então, aqui no nosso setup de problema, dadas as perguntas, precisamos resolver esta questão e obter o número.	e obter o
0	72.96	0.5747044086456299	capacidades de raciocínio. Então, aqui no nosso setup de problema, dadas as perguntas, precisamos resolver esta pergunta e obter as respostas numéricas.	direta para avaliar tais capacidades de raciocínio. Então, aqui no nosso setup de problema, dadas as perguntas, precisamos resolver esta questão e obter o número.
0	73.91999999999999	0.775148868560791	Então, em nossos dados	capacidades de raciocínio. Então, aqui no nosso setup de problema, dadas as perguntas, precisamos resolver esta pergunta e obter as respostas numéricas.
0	74.87999999999998	0.6272537708282471	capacidades de raciocínio. Então, aqui no nosso setup de problema, dadas as perguntas, precisamos resolver esta pergunta e obter as respostas numéricas. Em nossos conjuntos de dados, estamos	Então, em nossos dados
0	75.83999999999997	0.7481751441955566	Em nossos conjuntos de dados, também são fornecidas as	capacidades de raciocínio. Então, aqui no nosso setup de problema, dadas as perguntas, precisamos resolver esta pergunta e obter as respostas numéricas. Em nossos conjuntos de dados, estamos
0	76.79999999999997	0.6799681186676025	raciocínio. Então, aqui no nosso setup de problema, dadas as perguntas, precisamos resolver esta pergunta e obter as respostas numéricas. Em nossos conjuntos de dados, também somos fornecidos com a expressão matemática.	são fornecidas as
0	77.75999999999996	0.7461771965026855	numéricas. Em nossos conjuntos de dados, também nos são fornecidas expressões matemáticas que levam	raciocínio. Então, aqui no nosso setup de problema, dadas as perguntas, precisamos resolver esta pergunta e obter as respostas numéricas. Em nossos conjuntos de dados, também somos fornecidos com a expressão matemática.
0	78.71999999999996	0.7945144176483154	nos são fornecidas expressões problema, dadas as perguntas, precisamos resolver esta pergunta e obter as respostas numéricas. Em nossos conjuntos de dados, também nos são fornecidas expressões matemáticas, que levam à	numéricas. Em nossos conjuntos de dados, também nos são fornecidas expressões matemáticas que levam
0	79.67999999999995	0.6368284225463867	matemáticas,	problema, dadas as perguntas, precisamos resolver esta pergunta e obter as respostas numéricas. Em nossos conjuntos de dados, também nos são fornecidas expressões matemáticas, que levam à
0	80.63999999999994	0.5923709869384766	particular.	
0	81.59999999999994	0.5584304332733154	que levam resposta particular.	particular.
0	82.55999999999993	0.31823253631591797	à resposta	resposta particular.
0	83.51999999999992	0.5683488845825195	numéricas. Em nossos conjuntos de dados, também nos são fornecidas expressões matemáticas, que levam à resposta particular. Certas suposições	
0	84.47999999999992	0.6583504676818848	são fornecidas expressões matemáticas, que levam à resposta particular. Certas suposições também estão	numéricas. Em nossos conjuntos de dados, também nos são fornecidas expressões matemáticas, que levam à resposta particular. Certas suposições
0	85.43999999999991	0.6296737194061279	também as respostas numéricas. Em nossos conjuntos de dados, também nos são fornecidas expressões matemáticas, que levam à resposta particular. Certas suposições também se aplicam, como em anteriores.	são fornecidas expressões matemáticas, que levam à resposta particular. Certas suposições também estão
0	86.3999999999999	0.6252326965332031	se aplicam, como trabalho anterior.	as respostas numéricas. Em nossos conjuntos de dados, também nos são fornecidas expressões matemáticas, que levam à resposta particular. Certas suposições também se aplicam, como em anteriores.
0	87.3599999999999	0.6992993354797363	no procedimento.	trabalho anterior.
0	88.3199999999999	0.7628233432769775	Assumimos de dados, também nos são fornecidas expressões matemáticas, que levam à resposta particular. Certas suposições também se aplicam, como no trabalho anterior. Assumimos que a precisão das quantidades é conhecida.	procedimento.
0	89.27999999999989	0.7143945693969727	que a precisão das quantidades é conhecida e nós	de dados, também nos são fornecidas expressões matemáticas, que levam à resposta particular. Certas suposições também se aplicam, como no trabalho anterior. Assumimos que a precisão das quantidades é conhecida.
0	90.23999999999988	0.5292630195617676	consideramos apenas	nós
0	91.19999999999987	0.5686163902282715	matemáticas, que levam à resposta particular. Certas suposições também se aplicam, como no trabalho anterior. Assumimos que a precisão das quantidades é conhecida e consideramos apenas operações básicas.	
0	92.15999999999987	0.5805790424346924	operadores básicos, como adição.	matemáticas, que levam à resposta particular. Certas suposições também se aplicam, como no trabalho anterior. Assumimos que a precisão das quantidades é conhecida e consideramos apenas operações básicas.
0	93.11999999999986	0.7159478664398193	adição, subtração,	adição.
0	94.07999999999986	0.6807715892791748	subtração e multiplicação.	subtração,
0	95.03999999999985	0.6361191272735596	adição, subtração, multiplicação e divisão.	subtração e multiplicação.
0	95.99999999999984	0.7379746437072754	subtração, divisão e exponencial.	adição, subtração, multiplicação e divisão.
0	96.95999999999984	0.40033745765686035	multiplicação,	divisão e exponencial.
0	97.91999999999983	0.5221095085144043	disso, podemos?	
0	98.87999999999982	0.5644278526306152	Além disso, quantidades é conhecida e consideramos apenas operadores básicos, como adição, subtração, multiplicação, divisão e exponencial. Além disso, operadores complicados podem	disso, podemos?
0	99.83999999999982	0.5945549011230469	ser	quantidades é conhecida e consideramos apenas operadores básicos, como adição, subtração, multiplicação, divisão e exponencial. Além disso, operadores complicados podem
0	100.79999999999981	0.645054817199707	decompostos nestes	ser
0	101.7599999999998	0.7024495601654053	ser na verdade decompostos quantidades é conhecida e consideramos apenas operadores básicos, como adição, subtração, multiplicação, divisão e exponencial. Além disso, operadores complicados podem ser na verdade decompostos nesses operadores básicos.	decompostos nestes
0	102.7199999999998	0.31946587562561035		quantidades é conhecida e consideramos apenas operadores básicos, como adição, subtração, multiplicação, divisão e exponencial. Além disso, operadores complicados podem ser na verdade decompostos nesses operadores básicos.
0	103.6799999999998	0.5518622398376465	Portanto, o trabalho anterior	
0	104.63999999999979	0.5795228481292725	em methrop	Portanto, o trabalho anterior
0	105.59999999999978	0.6682007312774658	método.	em methrop
0	106.55999999999977	0.8426177501678467	pode, na verdade	método.
0	107.51999999999977	0.8765125274658203	O trabalho anterior em resolução de problemas do pode	pode, na verdade
0	108.47999999999976	0.6367447376251221	categorizar	pode
0	109.43999999999976	0.8452889919281006	método sequência.	categorizar
0	110.39999999999975	0.9976375102996826	pode, na verdade, ser categorizado e exponencial. Além disso, operadores complicados podem ser na verdade decompostos nesses operadores básicos. O trabalho anterior em resolução de problemas do método pode, na verdade, ser categorizado em sequência para sequência e sequência para tremble.	sequência.
0	111.35999999999974	0.9654541015625	em modelos sequência-para-sequência e sequência-para-árvore.	e exponencial. Além disso, operadores complicados podem ser na verdade decompostos nesses operadores básicos. O trabalho anterior em resolução de problemas do método pode, na verdade, ser categorizado em sequência para sequência e sequência para tremble.
0	112.31999999999974	0.6755993366241455		
0	113.27999999999973	0.59670090675354	raciocínio. Então, aqui mostramos um exemplo onde o raciocínio em múltiplos passos é útil. Esta figura foi extraída do papel PELM, onde eles realizam prompting para resolver o problema do método em um cenário de aprendizado curto. Do lado do NetPen, podemos ver que, se fornecermos apenas algumas amostras com perguntas e respostas, talvez não consigamos obter as respostas corretas. Mas se fornecermos mais descrições de raciocínio, o modelo consegue prever a descrição do raciocínio e também fazer uma previsão correta aqui. Portanto, é bom ter raciocínio em múltiplos passos interpretável como saída. Também achamos que o problema do método é uma aplicação direta para avaliar tais capacidades de raciocínio. Então, aqui no nosso setup de problema, dadas as perguntas, precisamos resolver esta pergunta e obter as respostas numéricas. Em nossos conjuntos de dados, também nos são fornecidas expressões matemáticas, que levam à resposta particular. Certas suposições também se aplicam, como no trabalho anterior. Assumimos que a precisão das quantidades é conhecida e consideramos apenas operadores básicos, como adição, subtração, multiplicação, divisão e exponencial. Além disso, operadores complicados podem ser na verdade decompostos nesses operadores básicos. O trabalho anterior em resolução de problemas do método pode, na verdade, ser categorizado em modelos sequência-para-sequência e sequência-para-árvore. Então, o tradicional sequência	modelos sequência-para-sequência e sequência-para-árvore.
0	114.23999999999972	0.819077730178833	Então, modelos tradicionais sequência-para-sequência	raciocínio. Então, aqui mostramos um exemplo onde o raciocínio em múltiplos passos é útil. Esta figura foi extraída do papel PELM, onde eles realizam prompting para resolver o problema do método em um cenário de aprendizado curto. Do lado do NetPen, podemos ver que, se fornecermos apenas algumas amostras com perguntas e respostas, talvez não consigamos obter as respostas corretas. Mas se fornecermos mais descrições de raciocínio, o modelo consegue prever a descrição do raciocínio e também fazer uma previsão correta aqui. Portanto, é bom ter raciocínio em múltiplos passos interpretável como saída. Também achamos que o problema do método é uma aplicação direta para avaliar tais capacidades de raciocínio. Então, aqui no nosso setup de problema, dadas as perguntas, precisamos resolver esta pergunta e obter as respostas numéricas. Em nossos conjuntos de dados, também nos são fornecidas expressões matemáticas, que levam à resposta particular. Certas suposições também se aplicam, como no trabalho anterior. Assumimos que a precisão das quantidades é conhecida e consideramos apenas operadores básicos, como adição, subtração, multiplicação, divisão e exponencial. Além disso, operadores complicados podem ser na verdade decompostos nesses operadores básicos. O trabalho anterior em resolução de problemas do método pode, na verdade, ser categorizado em modelos sequência-para-sequência e sequência-para-árvore. Então, o tradicional sequência
0	115.19999999999972	0.8998708724975586	os sequência-para-sequência convertem a exponencial	modelos tradicionais sequência-para-sequência
0	116.15999999999971	0.6882553100585938	convertem a expressão em um subsistema.	sequência-para-sequência convertem a exponencial
0	117.1199999999997	0.668452262878418	específica para geração.	um subsistema.
0	118.0799999999997	0.65299391746521	uma sequência específica para geração e o	específica para geração.
0	119.0399999999997	0.6381673812866211	geração, e é bastante fácil	geração e o
0	119.99999999999969	0.7207753658294678	implementar.	
0	120.95999999999968	0.6310055255889893	de implementar, e pode gerar	implementar.
0	121.91999999999967	0.6311450004577637	implementar e pode generalizar para	implementar, e pode gerar
0	122.87999999999967	0.7094528675079346	muitas diferentes	
0	123.83999999999966	0.5800833702087402		muitas diferentes
0	124.79999999999966	0.6404213905334473	muitos diferentes problemas complicados.	
0	125.75999999999965	0.6845436096191406	problemas complicados. Mas a queda	
0	126.71999999999964	0.7180159091949463	Mas desvantagens são o desempenho	problemas complicados. Mas a queda
0	127.67999999999964	0.8466389179229736	as desvantagens do método pode, na verdade, ser categorizado em modelos sequência-para-sequência e sequência-para-árvore. Então, os modelos tradicionais sequência-para-sequência convertem a expressão em uma sequência específica para geração, e é bastante fácil de implementar e pode generalizar para muitos diferentes problemas complicados. Mas as desvantagens do desempenho na verdade são na generalização.	desvantagens são o desempenho
0	128.63999999999965	0.7170827388763428	desempenho geralmente	método pode, na verdade, ser categorizado em modelos sequência-para-sequência e sequência-para-árvore. Então, os modelos tradicionais sequência-para-sequência convertem a expressão em uma sequência específica para geração, e é bastante fácil de implementar e pode generalizar para muitos diferentes problemas complicados. Mas as desvantagens do desempenho na verdade são na generalização.
0	129.59999999999965	0.9013521671295166	são, na verdade, não melhores que o estado da arte.	geralmente
0	130.55999999999966	0.7182722091674805	estruturais.	o estado da arte.
0	131.51999999999967	0.8183355331420898	os modelos modelos tradicionais sequência-para-sequência convertem a expressão em uma sequência específica para geração, e é bastante fácil de implementar e pode generalizar para muitos diferentes problemas complicados. Mas as desvantagens do desempenho são, na verdade, geralmente não melhores que os modelos estruturais, e há falta de	estruturais.
0	132.47999999999968	0.7783558368682861	interpretabilidade.	modelos tradicionais sequência-para-sequência convertem a expressão em uma sequência específica para geração, e é bastante fácil de implementar e pode generalizar para muitos diferentes problemas complicados. Mas as desvantagens do desempenho são, na verdade, geralmente não melhores que os modelos estruturais, e há falta de
0	133.43999999999969	0.6363344192504883	para geração, e é bastante fácil de implementar e pode generalizar para muitos diferentes problemas complicados. Mas as desvantagens do desempenho são, na verdade, geralmente não melhores que os modelos estruturais, e há falta de interpretabilidade para a previsão.	interpretabilidade.
0	134.3999999999997	0.3574254512786865		para geração, e é bastante fácil de implementar e pode generalizar para muitos diferentes problemas complicados. Mas as desvantagens do desempenho são, na verdade, geralmente não melhores que os modelos estruturais, e há falta de interpretabilidade para a previsão.
0	135.3599999999997	0.6710691452026367	Mas, na verdade, isto	
0	136.3199999999997	0.7625172138214111	direção ainda está	isto
0	137.27999999999972	0.6850852966308594	essa direção ainda bastante fácil de implementar e pode generalizar para muitos diferentes problemas complicados. Mas as desvantagens do desempenho são, na verdade, geralmente não melhores que os modelos estruturais, e há falta de interpretabilidade para a previsão. Mas, na verdade, essa direção ainda é bastante popular porque.	direção ainda está
0	138.23999999999972	0.5983860492706299	é bastante popular porque	bastante fácil de implementar e pode generalizar para muitos diferentes problemas complicados. Mas as desvantagens do desempenho são, na verdade, geralmente não melhores que os modelos estruturais, e há falta de interpretabilidade para a previsão. Mas, na verdade, essa direção ainda é bastante popular porque.
0	139.19999999999973	0.6243445873260498	transformador.	porque
0	140.15999999999974	0.6847217082977295	modelo de transformador.	transformador.
0	141.11999999999975	0.4185330867767334	porque, do	modelo de transformador.
0	142.07999999999976	0.49280786514282227		
0	143.03999999999976	0.729996919631958	modelos estruturais, e há falta de interpretabilidade para a previsão. Mas, na verdade, essa direção ainda é bastante popular porque, do modelo de transformador. Então, em modelos baseados em tri,	
0	143.99999999999977	0.8901159763336182	Então, em modelos baseados em verdade, geralmente não melhores que os modelos estruturais, e há falta de interpretabilidade para a previsão. Mas, na verdade, essa direção ainda é bastante popular porque, do modelo de transformador. Então, em modelos baseados em árvores, nós, na verdade	modelos estruturais, e há falta de interpretabilidade para a previsão. Mas, na verdade, essa direção ainda é bastante popular porque, do modelo de transformador. Então, em modelos baseados em tri,
0	144.95999999999978	0.7885432243347168		verdade, geralmente não melhores que os modelos estruturais, e há falta de interpretabilidade para a previsão. Mas, na verdade, essa direção ainda é bastante popular porque, do modelo de transformador. Então, em modelos baseados em árvores, nós, na verdade
0	145.9199999999998	0.912259578704834	árvore, na verdade estruturamos em modelos sequência-para-sequência e sequência-para-árvore. Então, os modelos tradicionais sequência-para-sequência convertem a expressão em uma sequência específica para geração, e é bastante fácil de implementar e pode generalizar para muitos diferentes problemas complicados. Mas as desvantagens do desempenho são, na verdade, geralmente não melhores que os modelos estruturais, e há falta de interpretabilidade para a previsão. Mas, na verdade, essa direção ainda é bastante popular porque, do modelo de transformador. Então, em modelos baseados em árvore, na verdade estruturamos estas expressões em uma	
0	146.8799999999998	0.761383056640625		em modelos sequência-para-sequência e sequência-para-árvore. Então, os modelos tradicionais sequência-para-sequência convertem a expressão em uma sequência específica para geração, e é bastante fácil de implementar e pode generalizar para muitos diferentes problemas complicados. Mas as desvantagens do desempenho são, na verdade, geralmente não melhores que os modelos estruturais, e há falta de interpretabilidade para a previsão. Mas, na verdade, essa direção ainda é bastante popular porque, do modelo de transformador. Então, em modelos baseados em árvore, na verdade estruturamos estas expressões em uma
0	147.8399999999998	0.8750224113464355	essas expressões em forma de previsão. Mas, na verdade, essa direção ainda é bastante popular porque, do modelo de transformador. Então, em modelos baseados em árvore, na verdade estruturamos essas expressões em forma de árvore e seguimos um pr	
0	148.7999999999998	0.8357720375061035	árvore e seguimos previsão. Mas, na verdade, essa direção ainda é bastante popular porque, do modelo de transformador. Então, em modelos baseados em árvore, na verdade estruturamos essas expressões em forma de árvore e seguimos uma pré-ordem trivial.	previsão. Mas, na verdade, essa direção ainda é bastante popular porque, do modelo de transformador. Então, em modelos baseados em árvore, na verdade estruturamos essas expressões em forma de árvore e seguimos um pr
0	149.75999999999982	0.954392671585083	uma em múltiplos passos interpretável como saída. Também achamos que o problema do método é uma aplicação direta para avaliar tais capacidades de raciocínio. Então, aqui no nosso setup de problema, dadas as perguntas, precisamos resolver esta pergunta e obter as respostas numéricas. Em nossos conjuntos de dados, também nos são fornecidas expressões matemáticas, que levam à resposta particular. Certas suposições também se aplicam, como no trabalho anterior. Assumimos que a precisão das quantidades é conhecida e consideramos apenas operadores básicos, como adição, subtração, multiplicação, divisão e exponencial. Além disso, operadores complicados podem ser na verdade decompostos nesses operadores básicos. O trabalho anterior em resolução de problemas do método pode, na verdade, ser categorizado em modelos sequência-para-sequência e sequência-para-árvore. Então, os modelos tradicionais sequência-para-sequência convertem a expressão em uma sequência específica para geração, e é bastante fácil de implementar e pode generalizar para muitos diferentes problemas complicados. Mas as desvantagens do desempenho são, na verdade, geralmente não melhores que os modelos estruturais, e há falta de interpretabilidade para a previsão. Mas, na verdade, essa direção ainda é bastante popular porque, do modelo de transformador. Então, em modelos baseados em árvore, na verdade estruturamos essas expressões em forma de árvore e seguimos uma travessia em pré-ordem na geração da árvore.	previsão. Mas, na verdade, essa direção ainda é bastante popular porque, do modelo de transformador. Então, em modelos baseados em árvore, na verdade estruturamos essas expressões em forma de árvore e seguimos uma pré-ordem trivial.
0	150.71999999999983	0.9736692905426025	travessia em pré-ordem	em múltiplos passos interpretável como saída. Também achamos que o problema do método é uma aplicação direta para avaliar tais capacidades de raciocínio. Então, aqui no nosso setup de problema, dadas as perguntas, precisamos resolver esta pergunta e obter as respostas numéricas. Em nossos conjuntos de dados, também nos são fornecidas expressões matemáticas, que levam à resposta particular. Certas suposições também se aplicam, como no trabalho anterior. Assumimos que a precisão das quantidades é conhecida e consideramos apenas operadores básicos, como adição, subtração, multiplicação, divisão e exponencial. Além disso, operadores complicados podem ser na verdade decompostos nesses operadores básicos. O trabalho anterior em resolução de problemas do método pode, na verdade, ser categorizado em modelos sequência-para-sequência e sequência-para-árvore. Então, os modelos tradicionais sequência-para-sequência convertem a expressão em uma sequência específica para geração, e é bastante fácil de implementar e pode generalizar para muitos diferentes problemas complicados. Mas as desvantagens do desempenho são, na verdade, geralmente não melhores que os modelos estruturais, e há falta de interpretabilidade para a previsão. Mas, na verdade, essa direção ainda é bastante popular porque, do modelo de transformador. Então, em modelos baseados em árvore, na verdade estruturamos essas expressões em forma de árvore e seguimos uma travessia em pré-ordem na geração da árvore.
0	151.67999999999984	0.9170958995819092	nas gerações de árvores.	
0	152.63999999999984	0.764141321182251	complicados. Mas as desvantagens do desempenho são, na verdade, geralmente não melhores que os modelos estruturais, e há falta de interpretabilidade para a previsão. Mas, na verdade, essa direção ainda é bastante popular porque, do modelo de transformador. Então, em modelos baseados em árvore, na verdade estruturamos essas expressões em forma de árvore e seguimos uma travessia em pré-ordem nas gerações de árvores. Aqui, continuamos gerando os operadores.	
0	153.59999999999985	0.9201023578643799		complicados. Mas as desvantagens do desempenho são, na verdade, geralmente não melhores que os modelos estruturais, e há falta de interpretabilidade para a previsão. Mas, na verdade, essa direção ainda é bastante popular porque, do modelo de transformador. Então, em modelos baseados em árvore, na verdade estruturamos essas expressões em forma de árvore e seguimos uma travessia em pré-ordem nas gerações de árvores. Aqui, continuamos gerando os operadores.
0	154.55999999999986	1.0453102588653564	Então, aqui continuamos gerando os operadores até perguntas, precisamos resolver esta pergunta e obter as respostas numéricas. Em nossos conjuntos de dados, também nos são fornecidas expressões matemáticas, que levam à resposta particular. Certas suposições também se aplicam, como no trabalho anterior. Assumimos que a precisão das quantidades é conhecida e consideramos apenas operadores básicos, como adição, subtração, multiplicação, divisão e exponencial. Além disso, operadores complicados podem ser na verdade decompostos nesses operadores básicos. O trabalho anterior em resolução de problemas do método pode, na verdade, ser categorizado em modelos sequência-para-sequência e sequência-para-árvore. Então, os modelos tradicionais sequência-para-sequência convertem a expressão em uma sequência específica para geração, e é bastante fácil de implementar e pode generalizar para muitos diferentes problemas complicados. Mas as desvantagens do desempenho são, na verdade, geralmente não melhores que os modelos estruturais, e há falta de interpretabilidade para a previsão. Mas, na verdade, essa direção ainda é bastante popular porque, do modelo de transformador. Então, em modelos baseados em árvore, na verdade estruturamos essas expressões em forma de árvore e seguimos uma travessia em pré-ordem nas gerações de árvores. Então, aqui continuamos gerando os operadores até chegarmos às folhas, que são	
0	155.51999999999987	0.8278803825378418		perguntas, precisamos resolver esta pergunta e obter as respostas numéricas. Em nossos conjuntos de dados, também nos são fornecidas expressões matemáticas, que levam à resposta particular. Certas suposições também se aplicam, como no trabalho anterior. Assumimos que a precisão das quantidades é conhecida e consideramos apenas operadores básicos, como adição, subtração, multiplicação, divisão e exponencial. Além disso, operadores complicados podem ser na verdade decompostos nesses operadores básicos. O trabalho anterior em resolução de problemas do método pode, na verdade, ser categorizado em modelos sequência-para-sequência e sequência-para-árvore. Então, os modelos tradicionais sequência-para-sequência convertem a expressão em uma sequência específica para geração, e é bastante fácil de implementar e pode generalizar para muitos diferentes problemas complicados. Mas as desvantagens do desempenho são, na verdade, geralmente não melhores que os modelos estruturais, e há falta de interpretabilidade para a previsão. Mas, na verdade, essa direção ainda é bastante popular porque, do modelo de transformador. Então, em modelos baseados em árvore, na verdade estruturamos essas expressões em forma de árvore e seguimos uma travessia em pré-ordem nas gerações de árvores. Então, aqui continuamos gerando os operadores até chegarmos às folhas, que são
0	156.47999999999988	0.7448413372039795	as quantidades. perguntas, precisamos resolver esta pergunta e obter as respostas numéricas. Em nossos conjuntos de dados, também nos são fornecidas expressões matemáticas, que levam à resposta particular. Certas suposições também se aplicam, como no trabalho anterior. Assumimos que a precisão das quantidades é conhecida e consideramos apenas operadores básicos, como adição, subtração, multiplicação, divisão e exponencial. Além disso, operadores complicados podem ser na verdade decompostos nesses operadores básicos. O trabalho anterior em resolução de problemas do método pode, na verdade, ser categorizado em modelos sequência-para-sequência e sequência-para-árvore. Então, os modelos tradicionais sequência-para-sequência convertem a expressão em uma sequência específica para geração, e é bastante fácil de implementar e pode generalizar para muitos diferentes problemas complicados. Mas as desvantagens do desempenho são, na verdade, geralmente não melhores que os modelos estruturais, e há falta de interpretabilidade para a previsão. Mas, na verdade, essa direção ainda é bastante popular porque, do modelo de transformador. Então, em modelos baseados em árvore, na verdade estruturamos essas expressões em forma de árvore e seguimos uma travessia em pré-ordem nas gerações de árvores. Então, aqui continuamos gerando os operadores até chegarmos às folhas, que são as quantidades. Então, aqui o bom	
0	157.43999999999988	0.7372028827667236	Então, aqui	perguntas, precisamos resolver esta pergunta e obter as respostas numéricas. Em nossos conjuntos de dados, também nos são fornecidas expressões matemáticas, que levam à resposta particular. Certas suposições também se aplicam, como no trabalho anterior. Assumimos que a precisão das quantidades é conhecida e consideramos apenas operadores básicos, como adição, subtração, multiplicação, divisão e exponencial. Além disso, operadores complicados podem ser na verdade decompostos nesses operadores básicos. O trabalho anterior em resolução de problemas do método pode, na verdade, ser categorizado em modelos sequência-para-sequência e sequência-para-árvore. Então, os modelos tradicionais sequência-para-sequência convertem a expressão em uma sequência específica para geração, e é bastante fácil de implementar e pode generalizar para muitos diferentes problemas complicados. Mas as desvantagens do desempenho são, na verdade, geralmente não melhores que os modelos estruturais, e há falta de interpretabilidade para a previsão. Mas, na verdade, essa direção ainda é bastante popular porque, do modelo de transformador. Então, em modelos baseados em árvore, na verdade estruturamos essas expressões em forma de árvore e seguimos uma travessia em pré-ordem nas gerações de árvores. Então, aqui continuamos gerando os operadores até chegarmos às folhas, que são as quantidades. Então, aqui o bom
0	158.3999999999999	0.7941510677337646	a boa coisa é perguntas, precisamos resolver esta pergunta e obter as respostas numéricas. Em nossos conjuntos de dados, também nos são fornecidas expressões matemáticas, que levam à resposta particular. Certas suposições também se aplicam, como no trabalho anterior. Assumimos que a precisão das quantidades é conhecida e consideramos apenas operadores básicos, como adição, subtração, multiplicação, divisão e exponencial. Além disso, operadores complicados podem ser na verdade decompostos nesses operadores básicos. O trabalho anterior em resolução de problemas do método pode, na verdade, ser categorizado em modelos sequência-para-sequência e sequência-para-árvore. Então, os modelos tradicionais sequência-para-sequência convertem a expressão em uma sequência específica para geração, e é bastante fácil de implementar e pode generalizar para muitos diferentes problemas complicados. Mas as desvantagens do desempenho são, na verdade, geralmente não melhores que os modelos estruturais, e há falta de interpretabilidade para a previsão. Mas, na verdade, essa direção ainda é bastante popular porque, do modelo de transformador. Então, em modelos baseados em árvore, na verdade estruturamos essas expressões em forma de árvore e seguimos uma travessia em pré-ordem nas gerações de árvores. Então, aqui continuamos gerando os operadores até chegarmos às folhas, que são as quantidades. Então, aqui a boa coisa é que, na verdade, isso dá	
0	159.3599999999999	0.7430951595306396		perguntas, precisamos resolver esta pergunta e obter as respostas numéricas. Em nossos conjuntos de dados, também nos são fornecidas expressões matemáticas, que levam à resposta particular. Certas suposições também se aplicam, como no trabalho anterior. Assumimos que a precisão das quantidades é conhecida e consideramos apenas operadores básicos, como adição, subtração, multiplicação, divisão e exponencial. Além disso, operadores complicados podem ser na verdade decompostos nesses operadores básicos. O trabalho anterior em resolução de problemas do método pode, na verdade, ser categorizado em modelos sequência-para-sequência e sequência-para-árvore. Então, os modelos tradicionais sequência-para-sequência convertem a expressão em uma sequência específica para geração, e é bastante fácil de implementar e pode generalizar para muitos diferentes problemas complicados. Mas as desvantagens do desempenho são, na verdade, geralmente não melhores que os modelos estruturais, e há falta de interpretabilidade para a previsão. Mas, na verdade, essa direção ainda é bastante popular porque, do modelo de transformador. Então, em modelos baseados em árvore, na verdade estruturamos essas expressões em forma de árvore e seguimos uma travessia em pré-ordem nas gerações de árvores. Então, aqui continuamos gerando os operadores até chegarmos às folhas, que são as quantidades. Então, aqui a boa coisa é que, na verdade, isso dá
0	160.3199999999999	0.8506853580474854	que isso realmente nos dá	
0	161.27999999999992	0.760810375213623	esta estrutura de árvore	
0	162.23999999999992	0.6273090839385986	binária e	
0	163.19999999999993	0.6884241104125977	é	
0	164.15999999999994	0.8686833381652832	mas mas mas na verdade	
0	165.11999999999995	0.6783113479614258	é bastante	
0	166.07999999999996	0.6356337070465088	contra-intuitivo porque	
0	167.03999999999996	0.5873723030090332		
0	167.99999999999997	0.6490223407745361	geramos o operador	
0	168.95999999999998	0.728665828704834	primeiro	
0	169.92	0.7571923732757568	e então, no final, geramos	
0	170.88	0.5849447250366211		
0	171.84	0.2832510471343994	as quantidades.	
0	172.8	0.7040832042694092		
0	173.76000000000002	0.7201008796691895	E a segunda coisa é que	
0	174.72000000000003	0.6443231105804443	também	
0	175.68000000000004	0.6852669715881348	contém	
0	176.64000000000004	0.6342010498046875	alguns cálculos repetitivos.	
0	177.60000000000005	0.8232955932617188		
0	178.56000000000006	0.9406518936157227	Então, aqui, se olharmos para	
0	179.52000000000007	0.7120239734649658	esta	
0	180.48000000000008	0.7583436965942383	expressão a vezes três mais	
0	181.44000000000008	0.8197519779205322	três,	
0	182.4000000000001	0.7636089324951172	ela é na verdade gerada duas vezes.	
0	183.3600000000001	0.6194238662719727		
0	184.3200000000001	0.7897791862487793	Mas, na	
0	185.28000000000011	0.776012659072876	verdade, deveríamos reutilizar	
0	186.24000000000012	0.2491292953491211	os resultados.	
0	187.20000000000013	0.1478590965270996		
0	188.16000000000014	0.5942692756652832		
0	189.12000000000015	0.6901133060455322	Então,	
0	190.08000000000015	0.6808297634124756	em nossa abordagem proposta,	
0	191.04000000000016	0.558809757232666	queremos resolver	
0	192.00000000000017	0.5668530464172363		
0	192.96000000000018	0.658379316329956	esses problemas	
0	193.9200000000002	0.7473201751708984		
0	194.8800000000002	0.7656488418579102	de	
0	195.8400000000002	0.8307309150695801	maneira passo-a-passo e interpretável.	
0	196.8000000000002	0.7565655708312988		
0	197.76000000000022	0.7968306541442871		
0	198.72000000000023	0.7480783462524414	Por exemplo,	
0	199.68000000000023	0.8086943626403809		
0	200.64000000000024	0.8126342296600342		
0	201.60000000000025	1.0184910297393799		
0	202.56000000000026	0.7120857238769531	aqui, no segundo passo, podemos obter este divisor, que é 27.	
0	203.52000000000027	0.631091833114624		
0	204.48000000000027	0.6876180171966553	E também podemos	
0	205.44000000000028	0.6974470615386963	voltar	
0	206.4000000000003	0.8065516948699951	às perguntas	
0	207.3600000000003	0.7376747131347656	originais para encontrar o	
0	208.3200000000003	0.6167709827423096		
0	209.2800000000003	0.7215936183929443	conteúdo relevante. E	
0	210.24000000000032	0.7131667137145996	nestes passos,	
0	211.20000000000033	0.7020337581634521	obtemos	
0	212.16000000000034	0.5865705013275146	os divisores.	
0	213.12000000000035	0.5195426940917969		
0	214.08000000000035	0.6234064102172852		
0	215.04000000000036	0.6668698787689209	E então, neste	
0	216.00000000000037	0.7844328880310059	terceiro	
0	216.96000000000038	0.859783411026001	passo, na verdade, obtemos o	
0	217.92000000000039	0.6998398303985596		
0	218.8800000000004	0.7602803707122803	quociente,	
0	219.8400000000004	0.7189240455627441	certo, e	
0	220.8000000000004	0.8839106559753418	após estes três	
0	221.76000000000042	0.8111293315887451	passos, podemos na verdade	
0	222.72000000000043	0.7490243911743164	reutilizar os resultados	
0	223.68000000000043	0.6277952194213867	do segundo	
0	224.64000000000044	0.6177933216094971	passo e então	
0	225.60000000000045	0.5656633377075195	obter o	
0	226.56000000000046	0.5563726425170898		
0	227.52000000000046	0.6386513710021973	resultado	
0	228.48000000000047	0.6530928611755371	do quarto	
0	229.44000000000048	0.6590073108673096	passo e	
0	230.4000000000005	0.6842846870422363	finalmente podemos obter o	
0	231.3600000000005	0.5446243286132812		
0	232.3200000000005	0.5534121990203857	dividendo.	
0	233.2800000000005	0.5791363716125488		
0	234.24000000000052	0.7678329944610596	Então, aqui	
0	235.20000000000053	0.7230043411254883	na verdade	
0	236.16000000000054	0.6783037185668945	geramos toda a	
0	237.12000000000054	0.6879715919494629	expressão	
0	238.08000000000055	0.7307748794555664	diretamente, em vez de	
0	239.04000000000056	0.5906264781951904	gerar um único	
0	240.00000000000057	0.5922863483428955		
0	240.96000000000058	0.6518495082855225	operador ou quantidade.	
0	241.92000000000058	0.6405725479125977	Isso	
0	242.8800000000006	0.6464929580688477	torna o processo mais	
0	243.8400000000006	0.21365118026733398	preciso.	
0	244.8000000000006	0.6415016651153564		
0	245.76000000000062	0.7329223155975342	Então, em nosso	
0	246.72000000000062	0.7202842235565186	sistema	
0	247.68000000000063	0.7891595363616943	dedutivo, começamos	
0	248.64000000000064	0.7271745204925537	primeiro com	
0	249.60000000000065	0.7884857654571533	um	
0	250.56000000000066	0.8158586025238037		
0	251.52000000000066	0.9389815330505371	monte de quantidades apresentadas nas perguntas e também	
0	252.48000000000067	0.75325608253479	incluindo algumas	
0	253.44000000000068	0.6882884502410889	constantes como	
0	254.4000000000007	0.6600213050842285	nosso	
0	255.3600000000007	0.6804454326629639	estado inicial inicial.	
0	256.3200000000007	0.6947057247161865		
0	257.28000000000065	0.8054206371307373	A expressão é	
0	258.24000000000063	0.7100410461425781	representada por	
0	259.2000000000006	0.29204273223876953	Eij OP.	
0	260.1600000000006	0.6854381561279297		
0	261.1200000000006	0.7797164916992188	onde realizamos o operador	
0	262.08000000000055	0.7249109745025635		
0	263.04000000000053	0.8400237560272217	de QI a	
0	264.0000000000005	0.848386287689209	QJ, e tal	
0	264.9600000000005	0.7141931056976318	expressão é na	
0	265.92000000000047	0.7239339351654053	verdade direcionada.	
0	266.88000000000045	0.7616796493530273	Então, também	
0	267.84000000000043	0.7362916469573975	temos	
0	268.8000000000004	0.762671709060669	subtração	
0	269.7600000000004	0.8014421463012695	reversa aqui para	
0	270.72000000000037	0.7520735263824463	representar a direção oposta.	
0	271.68000000000035	0.6546084880828857	Isso é	
0	272.6400000000003	0.7420299053192139	bastante semelhante	
0	273.6000000000003	0.7513763904571533	à extração de relações.	
0	274.5600000000003	0.7831709384918213	Então,	
0	275.52000000000027	0.7304308414459229	em um	
0	276.48000000000025	0.7162735462188721	sistema dedutivo	
0	277.4400000000002	0.6744406223297119	formal,	
0	278.4000000000002	0.8167777061462402	no tempo	
0	279.3600000000002	0.6919410228729248	t, aplicamos o	
0	280.32000000000016	0.608036994934082	operador entre	
0	281.28000000000014	0.7441873550415039	o	
0	282.2400000000001	0.7644505500793457	par qi e	
0	283.2000000000001	0.8684940338134766		
0	284.1600000000001	0.5704021453857422	qj, e então obtemos esta nova expressão.	
0	285.12000000000006	0.590749979019165		
0	286.08000000000004	0.287015438079834	Adicionamos ao	
0	287.04	0.6093003749847412		
0	288.0	0.7765176296234131	próximo estado para	
0	288.96	0.3583090305328369	se tornar uma nova quantidade.	
0	289.91999999999996	0.5567300319671631		
0	290.87999999999994	0.7375743389129639	Então,	
0	291.8399999999999	0.6751570701599121	este	
0	292.7999999999999	0.7523393630981445	slice na verdade visualiza	
0	293.7599999999999	0.6477723121643066	a evolução	
0	294.71999999999986	0.7138047218322754	dos	
0	295.67999999999984	0.7673909664154053	estados onde continuamos adicionando	
0	296.6399999999998	0.6892802715301514		
0	297.5999999999998	0.7059404850006104	expressões	
0	298.5599999999998	0.28050732612609863	aos estados atuais.	
0	299.51999999999975	0.7464375495910645		
0	300.47999999999973	0.8161993026733398	Então,	
0	301.4399999999997	1.0387742519378662	em nossas implementações de modelo, primeiro	
0	302.3999999999997	0.8765592575073242	usamos	
0	303.3599999999997	0.947415828704834	um modelo de linguagem pré-treinado que pode	
0	304.31999999999965	0.7178728580474854	ser birds ou	
0	305.27999999999963	0.8342728614807129	robot	
0	306.2399999999996	0.9028346538543701	heads, e então codificamos uma	
0	307.1999999999996	0.8271358013153076	frase e	
0	308.15999999999957	0.7932569980621338	então obtemos estas	
0	309.11999999999955	0.31975317001342773	representações de quantidade.	
0	310.07999999999953	0.8351356983184814		
0	311.0399999999995	0.905996561050415	Então, uma vez que obtemos	
0	311.9999999999995	0.7171432971954346		
0	312.95999999999947	0.9176971912384033	as representações de quantidade, podemos	
0	313.91999999999945	0.8843741416931152	começar a fazer inferência.	
0	314.8799999999994	0.8041226863861084	Aqui mostramos um	
0	315.8399999999994	0.7275969982147217	exemplo de	
0	316.7999999999994	0.7136056423187256	Q1	
0	317.75999999999937	0.7710580825805664	para obter a	
0	318.71999999999935	0.7792229652404785	representação para Q1	
0	319.6799999999993	0.8271684646606445	dividido por Q2 e	
0	320.6399999999993	0.3158078193664551	depois vezes Q3.	
0	321.5999999999993	0.5654640197753906		
0	322.55999999999926	0.7079174518585205		
0	323.51999999999924	0.8132569789886475	Primeiro, obtemos	
0	324.4799999999992	0.7895421981811523	a representação do	
0	325.4399999999992	0.8545076847076416	par, que é basicamente	
0	326.3999999999992	0.6328327655792236	apenas a	
0	327.35999999999916	0.7918522357940674	concatenação	
0	328.31999999999914	0.847381591796875	entre Q1 e	
0	329.2799999999991	0.8898940086364746	Q2, e então	
0	330.2399999999991	0.8046414852142334	aplicamos uma	
0	331.1999999999991	0.7429378032684326	rede feedforward, que	
0	332.15999999999906	0.6595242023468018	é pr	
0	333.11999999999904	0.6701488494873047	parametrizada pelo	
0	334.079999999999	0.6691305637359619	operador.	
0	335.039999999999	0.8017787933349609	E então finalmente	
0	335.999999999999	0.7880575656890869	obtemos a	
0	336.95999999999896	0.8256804943084717	representação da expressão	
0	337.91999999999894	0.7557697296142578		
0	338.8799999999989	0.8105714321136475	q1 dividido por q2.	
0	339.8399999999989	0.8106987476348877		
0	340.7999999999989	0.7245907783508301	Mas, na	
0	341.75999999999885	0.780139684677124	prática,	
0	342.71999999999883	0.755474328994751	na etapa de inferência,	
0	343.6799999999988	0.6269805431365967		
0	344.6399999999988	0.8314542770385742	talvez possamos	
0	345.5999999999988	0.733572244644165	obter a	
0	346.55999999999875	0.8226561546325684	representação incorreta	
0	347.51999999999873	0.7511658668518066	ou a expressão	
0	348.4799999999987	0.29314184188842773	incorreta também.	
0	349.4399999999987	0.6615965366363525		
0	350.39999999999867	0.8369266986846924	Então, aqui	
0	351.35999999999865	0.7286708354949951	todas as	
0	352.31999999999863	0.6828091144561768		
0	353.2799999999986	0.8268728256225586		
0	354.2399999999986	0.9058897495269775	possíveis expressões são iguais a	
0	355.19999999999857	0.7564935684204102	três vezes o número de	
0	356.15999999999855	0.7527432441711426	operadores.	
0	357.1199999999985	0.7379720211029053	Então,	
0	358.0799999999985	0.749746561050415	a coisa boa aqui é	
0	359.0399999999985	0.6642787456512451	que	
0	359.99999999999847	0.7349944114685059	podemos facilmente adicionar	
0	360.95999999999844	0.7181143760681152	restrições	
0	361.9199999999984	0.7821197509765625	para controlar	
0	362.8799999999984	0.7988600730895996	esta busca,	
0	363.8399999999984	0.8885555267333984	este espaço de busca.	
0	364.79999999999836	0.8329846858978271	Por exemplo, se	
0	365.75999999999834	0.7988007068634033	esta expressão não	
0	366.7199999999983	0.8404641151428223		
0	367.6799999999983	0.8808138370513916	é permitida, podemos simplesmente	
0	368.6399999999983	0.8378515243530273	remover esta	
0	369.59999999999826	0.38677501678466797	expressão em nosso espaço de busca.	
0	370.55999999999824	0.7311713695526123		
0	371.5199999999982	0.8917644023895264	Então, no segundo	
0	372.4799999999982	0.950385570526123	passo, fazemos	
0	373.4399999999982	0.861199140548706	a mesma coisa, mas a única	
0	374.39999999999816	0.6432256698608398	diferença é que	
0	375.35999999999814	0.6675565242767334		
0	376.3199999999981	0.7132389545440674	a única diferença é	
0	377.2799999999981	0.6809728145599365		
0	378.2399999999981	0.8549511432647705	uma quantidade a mais.	
0	379.19999999999806	0.8006384372711182	Então, esta	
0	380.15999999999804	0.7808973789215088	quantidade vem do	
0	381.119999999998	0.7054705619812012		
0	382.079999999998	0.32685041427612305	cálculo anterior da expressão.	
0	383.039999999998	0.6320111751556396		
0	383.99999999999795	0.7054102420806885	Então, finalmente	
0	384.95999999999793	0.7499432563781738	podemos obter	
0	385.9199999999979	0.7244207859039307		
0	386.8799999999979	0.8485383987426758	esta expressão final	
0	387.8399999999979	0.7319848537445068		
0	388.79999999999785	0.8041622638702393	q3 vezes	
0	389.75999999999783	0.9080383777618408		
0	390.7199999999978	0.9595706462860107		
0	391.6799999999978	1.0859918594360352	q4. E também podemos ver o número de todas as possíveis	
0	392.63999999999777	0.7309207916259766	expressões	
0	393.59999999999775	0.7134358882904053	é diferente	
0	394.55999999999773	0.6628973484039307	do passo anterior.	
0	395.5199999999977	0.7005596160888672		
0	396.4799999999977	0.7513494491577148	Então, tal	
0	397.43999999999767	0.6533422470092773	diferença torna difícil	
0	398.39999999999765	0.806675910949707	aplicar	
0	399.3599999999976	0.9274282455444336	a busca em feixe porque	
0	400.3199999999976	0.7348289489746094	a distribuição de	
0	401.2799999999976	0.7717854976654053	probabilidade entre	
0	402.23999999999756	0.7838211059570312	estes dois	
0	403.19999999999754	0.7210254669189453	passos é	
0	404.1599999999975	0.388169527053833	desbalanceada.	
0	405.1199999999975	0.6080026626586914		
0	406.0799999999975	0.8528001308441162		
0	407.03999999999746	1.0268263816833496	Então, o procedimento de treinamento é	
0	407.99999999999744	0.9525909423828125	semelhante ao treinamento de	
0	408.9599999999974	0.8776471614837646	um modelo	
0	409.9199999999974	0.9321191310882568	sequência-para-sequência onde	
0	410.8799999999974	0.88016676902771	otimizamos a perda	
0	411.83999999999736	0.8097944259643555	em cada passo de	
0	412.79999999999734	0.871776819229126	tempo, e aqui também	
0	413.7599999999973	0.761132001876831	usamos este	
0	414.7199999999973	0.6839568614959717	tau para	
0	415.6799999999973	0.599005937576294	representar	
0	416.63999999999726	0.6793081760406494	quando	
0	417.59999999999724	0.6523129940032959	devemos	
0	418.5599999999972	0.7356822490692139	terminar este	
0	419.5199999999972	0.30808091163635254	processo de geração.	
0	420.4799999999972	0.7025182247161865		
0	421.43999999999716	0.7704026699066162	E aqui o	
0	422.39999999999714	0.7857911586761475	espaço é	
0	423.3599999999971	0.8443710803985596	diferente	
0	424.3199999999971	0.8547301292419434		
0	425.2799999999971	1.0961856842041016		
0	426.23999999999705	1.1584479808807373	de sequência-para-sequência porque o espaço é diferente em cada	
0	427.19999999999703	0.8644626140594482	passo de tempo	
0	428.159999999997	0.9784018993377686	enquanto no	
0	429.119999999997	1.0074985027313232	modelo tradicional	
0	430.07999999999697	1.0427381992340088	sequência-para-sequência é o	
0	431.03999999999695	0.3602781295776367	número de vocabulário.	
0	431.99999999999693	0.6531796455383301		
0	432.9599999999969	0.7019088268280029	E	
0	433.9199999999969	0.7403817176818848	também	
0	434.87999999999687	0.8015754222869873		
0	435.83999999999685	0.9122304916381836	permite impor certas	
0	436.7999999999968	0.8371212482452393	restrições de	
0	437.7599999999968	0.7861266136169434	conhecimento prévio.	
0	438.7199999999968	0.7815549373626709		
0	439.67999999999677	0.8102035522460938	Então,	
0	440.63999999999675	0.9962558746337891	conduzimos experimentos	
0	441.5999999999967	0.9161434173583984	nos	
0	442.5599999999967	1.0905976295471191		
0	443.5199999999967	1.1464827060699463	conjuntos de dados de problemas do método comumente usados,	
0	444.47999999999666	0.9171082973480225		
0	445.43999999999664	0.9810295104980469	MAWPS,	
0	446.3999999999966	0.9312081336975098	Math23K,	
0	447.3599999999966	0.37047743797302246	MathQA e SWAM.	
0	448.3199999999966	0.7237436771392822		
0	449.27999999999656	0.8612351417541504	E aqui	
0	450.23999999999654	0.9033956527709961	brevemente mostramos	
0	451.1999999999965	0.8386938571929932	os resultados	
0	452.1599999999965	0.8815872669219971	comparados com	
0	453.1199999999965	0.9035055637359619	as abordagens anteriores melhores.	
0	454.07999999999646	0.843505859375	Então,	
0	455.03999999999644	0.8713574409484863	nossa variante	
0	455.9999999999964	0.8968014717102051	de melhor desempenho é	
0	456.9599999999964	0.7909338474273682	Roberta Deductive	
0	457.9199999999964	0.8446714878082275		
0	458.87999999999636	1.0578198432922363	Reasoner, e na verdade	
0	459.83999999999634	0.9666006565093994	não usamos	
0	460.7999999999963	1.0823771953582764	Busca em Feixe, ao	
0	461.7599999999963	0.8760101795196533	contrário, abordagens óbvias.	
0	462.7199999999963	0.8136005401611328		
0	463.67999999999626	0.5238006114959717	usando Busca em Feixe.	
0	464.63999999999623	0.6472771167755127		
0	465.5999999999962	0.23708319664001465	Certo.	
0	466.5599999999962	0.8279216289520264		
0	467.5199999999962	0.8909952640533447	Então, as melhores	
0	468.47999999999615	0.9648630619049072	abordagens são frequentemente	
0	469.43999999999613	0.804006814956665	modelos baseados em árvore.	
0	470.3999999999961	0.5868618488311768		
0	471.3599999999961	0.6305780410766602		
0	472.31999999999607	0.4490959644317627		
0	473.27999999999605	0.8533718585968018		
0	474.23999999999603	0.988835334777832	Então,	
0	475.199999999996	0.9838354587554932	como um todo, nosso reasoner é capaz de	
0	476.159999999996	0.7049400806427002	selecionar	
0	477.11999999999597	0.735938310623169		
0	478.07999999999595	0.8621177673339844	significativamente	
0	479.0399999999959	0.8379776477813721	superar este modelo	
0	479.9999999999959	0.9103202819824219	baseado em	
0	480.9599999999959	0.8746235370635986	árvore, mas podemos ver	
0	481.91999999999587	0.8210690021514893	o número absoluto	
0	482.87999999999585	0.7045590877532959	no	
0	483.8399999999958	0.8403868675231934		
0	484.7999999999958	0.9009478092193604	MathQA ou SWAM não	
0	485.7599999999958	0.8791999816894531	é realmente alto.	
0	486.71999999999576	0.9425539970397949	Então, investigamos mais	
0	487.67999999999574	0.7871017456054688	os resultados no	
0	488.6399999999957	0.86604905128479	SWAM e	
0	489.5999999999957	0.9036393165588379	este conjunto de	
0	490.5599999999957	0.9076807498931885	dados é desafiador porque o	
0	491.51999999999566	0.771146297454834	autor tentou	
0	492.47999999999564	0.665891170501709		
0	493.4399999999956	0.7350294589996338	manualmente	
0	494.3999999999956	0.9015686511993408		
0	495.3599999999956	1.1472020149230957		
0	496.31999999999556	1.0981178283691406		
0	497.27999999999554	1.1821401119232178		
0	498.2399999999955	1.2917726039886475	re-adicionar algo para confundir o modelo de NLP, como adicionar informações	
0	499.1999999999955	0.8208236694335938	de avaliação e	
0	500.1599999999955	0.29959630966186523	quantidades extras.	
0	501.11999999999546	0.7535393238067627		
0	502.07999999999544	0.8619780540466309	Então, em nossa	
0	503.0399999999954	0.854041576385498	previsão, encontramos alguns	
0	503.9999999999954	0.8975636959075928	valores	
0	504.9599999999954	0.8173015117645264	intermediários são na verdade negativos.	
0	505.91999999999535	0.6884644031524658		
0	506.87999999999533	0.7344012260437012	Por exemplo,	
0	507.8399999999953	0.6981213092803955		
0	508.7999999999953	0.9103477001190186	nesta	
0	509.7599999999953	0.9821114540100098	pergunta, estamos perguntando	
0	510.71999999999525	0.9159235954284668	quantas maçãs o	
0	511.67999999999523	0.8761496543884277	Jake tem, mas temos	
0	512.6399999999952	0.7899417877197266	algumas	
0	513.5999999999952	0.8917200565338135	informações extras como	
0	514.5599999999953	0.791478157043457	17 menos	
0	515.5199999999953	0.9079315662384033		
0	516.4799999999954	0.9800634384155273		
0	517.4399999999954	1.0705604553222656	pitches e Steven tem oito pitches, que é	
0	518.3999999999954	0.8387019634246826	totalmente irrelevante.	
0	519.3599999999955	0.784177303314209		
0	520.3199999999955	0.9380452632904053	Então, nosso modelo faz	
0	521.2799999999955	0.8900735378265381	algumas	
0	522.2399999999956	0.8915448188781738	previsões como esta, que é	
0	523.1999999999956	0.852125883102417		
0	524.1599999999956	0.8282077312469482	pr produzindo	
0	525.1199999999957	0.8758900165557861	valores	
0	526.0799999999957	0.8554503917694092	negativos, e	
0	527.0399999999958	0.8976073265075684	observamos	
0	527.9999999999958	0.9115698337554932	que estes dois representam	
0	528.9599999999958	1.0308432579040527		
0	529.9199999999959	1.0374679565429688	estes duas expressões na verdade têm	
0	530.8799999999959	0.9158365726470947	pontuações	
0	531.8399999999959	0.9249861240386963		
0	532.799999999996	1.068387508392334	similares. Então, podemos na verdade limitar	
0	533.759999999996	0.8617591857910156	este espaço de	
0	534.719999999996	0.8941197395324707	busca	
0	535.6799999999961	0.8944127559661865	removendo como aqueles	
0	536.6399999999961	0.8666343688964844	resultados são negativos.	
0	537.5999999999962	0.7906002998352051		
0	538.5599999999962	0.8241064548492432	Para que possamos fazer	
0	539.5199999999962	0.7565574645996094		
0	540.4799999999963	0.29963231086730957	a resposta correta.	
0	541.4399999999963	0.17755818367004395		
0	542.3999999999963	0.6548185348510742		
0	543.3599999999964	0.7033560276031494		
0	544.3199999999964	0.766571044921875	Então,	
0	545.2799999999964	0.9403481483459473	encontramos mais	
0	546.2399999999965	0.89752197265625	que tal restrição na	
0	547.1999999999965	0.7532005310058594	verdade melhora	
0	548.1599999999966	0.6999280452728271	bastante	
0	549.1199999999966	0.7622971534729004	para	
0	550.0799999999966	0.9504637718200684	alguns	
0	551.0399999999967	0.9956333637237549		
0	551.9999999999967	1.0667264461517334	modelos. Por exemplo, para	
0	552.9599999999967	0.9594109058380127	birds melhoramos sete pontos e	
0	553.9199999999968	0.9021480083465576		
0	554.8799999999968	1.1106770038604736		
0	555.8399999999968	1.1098318099975586	então para o modelo baseado em Roberta, na verdade melhoramos	
0	556.7999999999969	0.8337461948394775	dois pontos.	
0	557.7599999999969	0.9227025508880615		
0	558.719999999997	1.0584385395050049	Então,	
0	559.679999999997	1.0809822082519531	melhor modelo de linguagem tem melhor	
0	560.639999999997	0.9866318702697754	capacidade de compreensão de	
0	561.5999999999971	0.794525146484375		
0	562.5599999999971	0.8672752380371094		
0	563.5199999999971	0.9914069175720215	linguagem, então o número aqui é	
0	564.4799999999972	0.8376905918121338	maior para	
0	565.4399999999972	0.8692946434020996	Roberta e menor para	
0	566.3999999999972	0.8671717643737793	birds. E	
0	567.3599999999973	0.9075326919555664	também tentamos analisar	
0	568.3199999999973	0.8553533554077148	a dificuldade por trás	
0	569.2799999999974	0.7941455841064453		
0	570.2399999999974	0.8652136325836182	de	
0	571.1999999999974	1.036025047302246	todo este conjunto de dados.	
0	572.1599999999975	0.9675955772399902	Assumimos o número de	
0	573.1199999999975	0.9014437198638916	quantidades não utilizadas	
0	574.0799999999975	0.9371306896209717	pode ser considerado como	
0	575.0399999999976	0.8386514186859131	informação	
0	575.9999999999976	0.8688154220581055	irrelevante aqui.	
0	576.9599999999976	0.8826982975006104	Então,	
0	577.9199999999977	0.8166768550872803	aqui podemos ver	
0	578.8799999999977	0.7004573345184326	que	
0	579.8399999999978	0.770496129989624	temos	
0	580.7999999999978	0.9516470432281494	o	
0	581.7599999999978	1.0815620422363281		
0	582.7199999999979	1.2360293865203857	número, a porcentagem de amostras com	
0	583.6799999999979	0.9966251850128174	quantidades não utilizadas e o	
0	584.6399999999979	0.9235334396362305	conjunto de dados swamp tem	
0	585.599999999998	0.8088283538818359	a maior parte.	
0	586.559999999998	0.8139677047729492	E	
0	587.519999999998	0.9139306545257568	aqui também mostramos	
0	588.4799999999981	0.3056313991546631	o desempenho geral.	
0	589.4399999999981	0.684140682220459		
0	590.3999999999982	0.8607182502746582		
0	591.3599999999982	0.9924993515014648	Para aquelas amostras	
0	592.3199999999982	0.9281477928161621	sem quantidades não	
0	593.2799999999983	0.8371367454528809	utilizadas,	
0	594.2399999999983	0.8937361240386963	o desempenho geral é	
0	595.1999999999983	0.7676892280578613	na verdade superior	
0	596.1599999999984	0.8915719985961914	ao	
0	597.1199999999984	0.9491934776306152	desempenho é na verdade superior	
0	598.0799999999984	0.8289811611175537	ao desempenho	
0	599.0399999999985	0.953087329864502		
0	599.9999999999985	1.0471546649932861	geral. Mas com aquelas amostras	
0	600.9599999999986	0.804100513458252	com	
0	601.9199999999986	0.8641970157623291	quantidade não utilizada é	
0	602.8799999999986	0.8212668895721436	na verdade muito	
0	603.8399999999987	0.27240538597106934	pior do que	
0	604.7999999999987	0.8402383327484131		
0	605.7599999999987	0.8423748016357422	o muito pior do que o	
0	606.7199999999988	0.8123242855072021		
0	607.6799999999988	1.0156128406524658	desempenho geral.	
0	608.6399999999988	0.9294545650482178	Para	
0	609.5999999999989	1.028515100479126	MAWPS	
0	610.5599999999989	0.98722243309021		
0	611.519999999999	1.1841695308685303		
0	612.479999999999	1.144892692565918		
0	613.439999999999	1.2601492404937744	, não temos	
0	614.3999999999991	1.1438329219818115		
0	615.3599999999991	1.1160411834716797	muitos casos de disco, então eu apenas ignorei esta parte.	
0	616.3199999999991	0.783376932144165		
0	617.2799999999992	0.8943037986755371	Então, finalmente	
0	618.2399999999992	0.9049179553985596	queremos mostrar	
0	619.1999999999992	0.9716684818267822	a	
0	620.1599999999993	1.0797209739685059	interpretabilidade através de um	
0	621.1199999999993	0.9791345596313477		
0	622.0799999999994	1.018261432647705	exemplo de crash e participação. Então, aqui	
0	623.0399999999994	0.8464384078979492	nosso	
0	623.9999999999994	0.8453273773193359	modelo na verdade faz	
0	624.9599999999995	0.8596818447113037	uma	
0	625.9199999999995	0.8198199272155762	previsão	
0	626.8799999999995	0.9216580390930176	errada	
0	627.8399999999996	0.9484512805938721		
0	628.7999999999996	1.0077450275421143	no primeiro passo. Então, podemos	
0	629.7599999999996	0.8543281555175781	na verdade	
0	630.7199999999997	0.8929445743560791	correlacionar	
0	631.6799999999997	0.874375581741333	esta	
0	632.6399999999998	0.8803653717041016	expressão com	
0	633.5999999999998	0.9314165115356445	a frase aqui.	
0	634.5599999999998	1.0106923580169678		
0	635.5199999999999	1.1434121131896973	Certo. Então, achamos que esta frase pode	
0	636.4799999999999	0.8732712268829346		
0	637.4399999999999	0.8922810554504395	estar enganando o	
0	638.4	0.9234104156494141	modelo para	
0	639.36	0.9339609146118164	uma previsão incorreta.	
0	640.32	0.8939759731292725	Então, aqui	
0	641.2800000000001	0.9049420356750488	plantando	
0	642.2400000000001	0.9579241275787354	outro 35	
0	643.2000000000002	0.8423600196838379	faz o	
0	644.1600000000002	0.8791549205780029	modelo	
0	645.1200000000002	0.9230451583862305	pensar que	
0	646.0800000000003	0.9417634010314941	deve ser	
0	647.0400000000003	1.013648509979248	um operador de adição.	
0	648.0000000000003	0.944817304611206	Então, tentamos	
0	648.9600000000004	1.0111546516418457	revisar a	
0	649.9200000000004	1.0549421310424805	frase para ser algo como o	
0	650.8800000000005	1.0454254150390625	número de	
0	651.8400000000005	1.1970434188842773	árvores de par	
0	652.8000000000005	1.130650281906128	é 35 menos	
0	653.7600000000006	1.1019432544708252	do que as árvores de maçã.	
0	654.7200000000006	1.0211420059204102	Então,	
0	655.6800000000006	1.0502331256866455	fazemos para	
0	656.6400000000007	1.0867018699645996	transmitir semântica mais	
0	657.6000000000007	1.07472825050354	precisa, de modo que o modelo	
0	658.5600000000007	0.8731691837310791	seja capaz de fazer	
0	659.5200000000008	0.8655803203582764	a	
0	660.4800000000008	0.89296555519104	previsão	
0	661.4400000000009	1.1343238353729248	correta.	
0	662.4000000000009	0.8216845989227295	Este estudo	
0	663.3600000000009	0.9075992107391357	mostra como	
0	664.320000000001	0.8469855785369873	a	
0	665.280000000001	0.8829374313354492	previsão	
0	666.240000000001	0.9811081886291504	interpretável nos	
0	667.2000000000011	0.9504494667053223	ajuda a entender o	
0	668.1600000000011	0.30808496475219727	comportamento do modelo.	
0	669.1200000000011	0.19183874130249023		
0	670.0800000000012	0.8534002304077148		
0	671.0400000000012	0.9801549911499023	Então, para	
0	672.0000000000013	1.0279152393341064	concluir nosso trabalho,	
0	672.9600000000013	1.0224411487579346	primeiro nosso modelo é na verdade	
0	673.9200000000013	0.9083943367004395	bastante	
0	674.8800000000014	0.8544318675994873	eficiente e somos capazes de	
0	675.8400000000014	0.8101146221160889		
0	676.8000000000014	0.7324573993682861	fornecer	
0	677.7600000000015	0.8972282409667969		
0	678.7200000000015	0.9508233070373535	procedimentos de solução	
0	679.6800000000015	0.9969940185546875	interpretáveis, e podemos	
0	680.6400000000016	0.9303843975067139	facilmente incorporar	
0	681.6000000000016	1.0246505737304688	algum conhecimento prévio como	
0	682.5600000000017	1.0220696926116943		
0	683.5200000000017	1.0245790481567383		
0	684.4800000000017	1.1077048778533936		
0	685.4400000000018	1.2000586986541748		
0	686.4000000000018	1.2531800270080566	restrição que pode ajudar a melhorar o desempenho. E a última coisa é que	
0	687.3600000000018	0.8505411148071289	o	
0	688.3200000000019	0.9441189765930176	mecanismo subjacente não	
0	689.2800000000019	1.064725399017334	se aplica apenas	
0	690.2400000000019	1.0749073028564453		
0	691.200000000002	1.1869401931762695	a tarefas de resolução de problemas do mapa, mas também	
0	692.160000000002	1.0684120655059814	a outras	
0	693.120000000002	1.1193592548370361	tarefas que envolvem	
0	694.0800000000021	1.0294227600097656	raciocínio em múltiplos passos.	
0	695.0400000000021	0.956273078918457	Mas	
0	696.0000000000022	0.9617562294006348	também temos certas limitações.	
0	696.9600000000022	0.8772668838500977		
0	697.9200000000022	1.0337395668029785	Se tivermos um	
0	698.8800000000023	0.96661376953125	grande número de	
0	699.8400000000023	1.014045238494873	operadores ou	
0	700.8000000000023	1.0337016582489014		
0	701.7600000000024	1.01930570602417	conteúdo ou constantes, o consumo de	
0	702.7200000000024	0.9327661991119385	memória pode	
0	703.6800000000025	0.3050048351287842	ser bastante alto.	
0	704.6400000000025	0.9495246410369873		
0	705.6000000000025	1.0036296844482422	E a segunda coisa é	
0	706.5600000000026	0.9579570293426514	que, como	
0	707.5200000000026	1.0066983699798584	mencionado, porque	
0	708.4800000000026	1.0456593036651611	a distribuição de probabilidade	
0	709.4400000000027	0.9094247817993164	é	
0	710.4000000000027	1.0398645401000977	desbalanceada entre	
0	711.3600000000027	0.9910693168640137	diferentes passos de	
0	712.3200000000028	1.0466282367706299	tempo, então	
0	713.2800000000028	1.0392048358917236		
0	714.2400000000029	1.1027781963348389	é também bastante desafiador	
0	715.2000000000029	0.9387028217315674	aplicar	
0	716.1600000000029	0.9869368076324463		
0	717.120000000003	0.4202709197998047	estratégias de busca em feixe.	
0	718.080000000003	0.8748457431793213		
0	719.040000000003	1.053130865097046	Então, este é	
0	720.0000000000031	0.8880980014801025	o fim da	
0	720.9600000000031	1.0586261749267578	palestra e	
0	721.9200000000031	1.018491506576538	perguntas são bem-vindas.	
0	722.8800000000032	0.24453139305114746	Obrigado.	
0	723.0229375000032	0.3097574710845947		
1	0.96	0.0001456737518310547		
1	1.92	0.251309871673584	Olá.	
1	2.88	0.4713263511657715	Meu nome é Antoine e eu sou	
1	3.84	0.6026411056518555	Universidade de Maastricht.	eu sou
1	4.8	0.4230020046234131	sou da	Universidade de Maastricht.
1	5.76	0.25446367263793945	Vou apresentar meu	
1	6.72	0.4353976249694824	trabalho com o John.	
1	7.68	0.41748857498168945	John, que é sobre	John.
1	8.64	0.5037622451782227	um novo conjunto de dados para	é sobre
1	9.600000000000001	0.5865809917449951	trata de conjunto de dados para artigos estatutários.	um novo conjunto de dados para
1	10.560000000000002	0.41324853897094727	artigos estatutários.	conjunto de dados para artigos estatutários.
1	11.520000000000003	0.3683292865753174	recuperação de	artigos estatutários.
1	12.480000000000004	0.3111135959625244	Questões jurídicas são	
1	13.440000000000005	0.38689231872558594	artigos estatutários. Questões jurídicas são uma parte integrante	
1	14.400000000000006	0.46924400329589844	de um novo conjunto de dados para recuperação de artigos estatutários. Questões jurídicas são uma parte integrante da vida de muitas pessoas.	artigos estatutários. Questões jurídicas são uma parte integrante
1	15.360000000000007	0.3879208564758301	vida de muitas pessoas.	de um novo conjunto de dados para recuperação de artigos estatutários. Questões jurídicas são uma parte integrante da vida de muitas pessoas.
1	16.320000000000007	0.18149781227111816		
1	17.28000000000001	0.4550642967224121	No entanto, a maioria dos cidadãos tem	
1	18.24000000000001	0.6577928066253662	pouco ou nenhum conhecimento sobre elas.	
1	19.20000000000001	0.39766597747802734	pouco ou nenhum conhecimento sobre vida de muitas pessoas. No entanto, a maioria dos cidadãos tem pouco ou nenhum conhecimento sobre seus	vida de muitas pessoas. No entanto, a maioria dos cidadãos tem pouco ou nenhum conhecimento sobre elas.
1	20.16000000000001	0.37693142890930176	direitos e fundamentais.	vida de muitas pessoas. No entanto, a maioria dos cidadãos tem pouco ou nenhum conhecimento sobre seus
1	21.12000000000001	0.40874266624450684	problemas jurídicos fundamentais.	fundamentais.
1	22.080000000000013	0.34250450134277344	processos jurídicos fundamentais.	problemas jurídicos fundamentais.
1	23.040000000000013	0.43260884284973145	Como resultado,	
1	24.000000000000014	0.41245150566101074	muitas pessoas vulneráveis	
1	24.960000000000015	0.4042785167694092	cidadãos vulneráveis que podem	muitas pessoas vulneráveis
1	25.920000000000016	0.47783708572387695	muitos cidadãos vulneráveis que podem pagar os	cidadãos vulneráveis que podem
1	26.880000000000017	0.42395877838134766	não podem pagar assistência cara.	podem pagar os
1	27.840000000000018	0.5780792236328125	auxílio de um especialista jurídico ficam sem ajuda.	assistência cara.
1	28.80000000000002	0.6740326881408691	o custoso auxílio de um especialista jurídico ficam especialista jurídico ficam desamparados.	auxílio de um especialista jurídico ficam sem ajuda.
1	29.76000000000002	0.3690516948699951	desprotegidos ou	especialista jurídico ficam desamparados.
1	30.72000000000002	0.5484640598297119	pior, explorados.	ou
1	31.68000000000002	0.4186887741088867	ou, pior, explorados.	pior, explorados.
1	32.64000000000002	0.28961849212646484	trabalho	pior, explorados.
1	33.60000000000002	0.322216272354126	Nosso trabalho visa	trabalho
1	34.560000000000024	0.5318756103515625	preencher a lacuna entre.	
1	35.520000000000024	0.5325255393981934	entre as pessoas e o	entre.
1	36.480000000000025	0.46500277519226074	lei ao desenvolver	o
1	37.440000000000026	0.49576282501220703	a estatutários. Questões jurídicas são uma parte integrante da vida de muitas pessoas. No entanto, a maioria dos cidadãos tem pouco ou nenhum conhecimento sobre seus direitos e processos jurídicos fundamentais. Como resultado, muitos cidadãos vulneráveis que não podem pagar o custoso auxílio de um especialista jurídico ficam desprotegidos ou, pior, explorados. Nosso trabalho visa preencher a lacuna entre as pessoas e a lei ao desenvolver uma recuperação eficaz.	lei ao desenvolver
1	38.40000000000003	0.4447460174560547	um sistema eficaz de recuperação para.	estatutários. Questões jurídicas são uma parte integrante da vida de muitas pessoas. No entanto, a maioria dos cidadãos tem pouco ou nenhum conhecimento sobre seus direitos e processos jurídicos fundamentais. Como resultado, muitos cidadãos vulneráveis que não podem pagar o custoso auxílio de um especialista jurídico ficam desprotegidos ou, pior, explorados. Nosso trabalho visa preencher a lacuna entre as pessoas e a lei ao desenvolver uma recuperação eficaz.
1	39.36000000000003	0.5908248424530029	sistemas eficazes de recuperação de artigos estatutários.	um sistema eficaz de recuperação para.
1	40.32000000000003	0.5613832473754883	sistema eficaz de recuperação de artigos estatutários.	sistemas eficazes de recuperação de artigos estatutários.
1	41.28000000000003	0.7199342250823975	um um sistema eficaz de recuperação de artigos estatutários. Um tal sistema pode	sistema eficaz de recuperação de artigos estatutários.
1	42.24000000000003	0.4697704315185547	Um tal sistema um sistema eficaz de recuperação de artigos estatutários. Um tal sistema poderia fornecer um serviço gratuito	um sistema eficaz de recuperação de artigos estatutários. Um tal sistema pode
1	43.20000000000003	0.39514827728271484	poderia fornecer um serviço profissional gratuito	um sistema eficaz de recuperação de artigos estatutários. Um tal sistema poderia fornecer um serviço gratuito
1	44.16000000000003	0.4008946418762207	serviço gratuito de ajuda jurídica profissional.	profissional gratuito
1	45.12000000000003	0.5346965789794922	gratuito de ajuda jurídica serviço gratuito de ajuda jurídica profissional para os leigos.	serviço gratuito de ajuda jurídica profissional.
1	46.080000000000034	0.4508321285247803	profissional para humanos sem qualificação.	serviço gratuito de ajuda jurídica profissional para os leigos.
1	47.040000000000035	0.33943891525268555		
1	48.000000000000036	0.44057583808898926	Antes de mergulharmos no	humanos sem qualificação.
1	48.960000000000036	0.5732746124267578	do	no
1	49.92000000000004	0.39667248725891113	na contribuição principal deste trabalho,	do
1	50.88000000000004	0.49239301681518555	vamos primeiro descrever.	
1	51.84000000000004	0.637458324432373	descrever o problema da recuperação estatutária.	descrever.
1	52.80000000000004	0.6527113914489746	estatutários.	estatutária.
1	53.76000000000004	0.34015774726867676	de artigos	estatutários.
1	54.72000000000004	0.33504748344421387	Dado um simples	
1	55.68000000000004	0.4331073760986328	pergunta simples em um	Dado um simples
1	56.64000000000004	0.6005637645721436	Dada uma pergunta simples assunto jurídico, como	pergunta simples em um
1	57.600000000000044	0.412534236907959	sobre um como	assunto jurídico, como
1	58.560000000000045	0.4530453681945801	"estou em risco?"""	como
1	59.520000000000046	0.5596952438354492	"""o que estou violar"","	"estou em risco?"""
1	60.48000000000005	0.6080126762390137	"confidencialidade profissional?"""	"violar"","
1	61.44000000000005	0.601036548614502	"em risco se violar a confidencialidade profissional?"""	"confidencialidade profissional?"""
1	62.40000000000005	0.3643922805786133	um modelo é	"confidencialidade profissional?"""
1	63.36000000000005	0.4344768524169922	necessário um modelo para recuperar	um modelo é
1	64.32000000000005	0.554513692855835	é todos os relevantes	necessário um modelo para recuperar
1	65.28000000000004	0.5182106494903564	artigos estatutários relevantes.	relevantes
1	66.24000000000004	0.5265567302703857	artigos estatutários relevantes de um grande	relevantes.
1	67.20000000000003	0.4752030372619629	corpo legislativo.	artigos estatutários relevantes de um grande
1	68.16000000000003	0.4011697769165039	legislação.	legislativo.
1	69.12000000000002	0.42711448669433594	de Esta informação	legislação.
1	70.08000000000001	0.4789159297943115	tarefa de recuperação de informação.	informação
1	71.04	0.5440497398376465	tarefa de recuperação de informações vem com suas	informação.
1	72.0	0.49692630767822266	informações vem com próprio conjunto de	tarefa de recuperação de informações vem com suas
1	72.96	0.4517068862915039	seu de legislação. Esta tarefa de recuperação de informações vem com seu próprio conjunto de desafios.	próprio conjunto de
1	73.91999999999999	0.22924089431762695		de legislação. Esta tarefa de recuperação de informações vem com seu próprio conjunto de desafios.
1	74.87999999999998	0.4562802314758301	Primeiro, ela lida com	
1	75.83999999999997	0.6804821491241455	de desafios. Primeiro, ela lida com dois tipos de textos longos.	
1	76.79999999999997	0.4481356143951416	dois tipos de com dois tipos de linguagem.	de desafios. Primeiro, ela lida com dois tipos de textos longos.
1	77.75999999999996	0.4577178955078125	natural comum.	com dois tipos de linguagem.
1	78.71999999999996	0.5609414577484131	linguagem: linguagem natural para a pergunta.	natural comum.
1	79.67999999999995	0.4886159896850586	comum para perguntas e linguagem comum	para a pergunta.
1	80.63999999999994	0.6041626930236816	as perguntas e linguagem linguagem: linguagem natural comum para as perguntas e linguagem jurídica complexa.	perguntas e linguagem comum
1	81.59999999999994	0.539003849029541	jurídica para as perguntas e linguagem jurídica complexa para o status.	linguagem: linguagem natural comum para as perguntas e linguagem jurídica complexa.
1	82.55999999999993	0.5358850955963135	complexa para estatutos.	para as perguntas e linguagem jurídica complexa para o status.
1	83.51999999999992	0.2895679473876953	os	estatutos.
1	84.47999999999992	0.4948873519897461	diferença de linguagem	
1	85.43999999999991	0.5981159210205078	Esta diferença perguntas e linguagem jurídica complexa para os estatutos. Esta diferença nas distribuições de linguagem pode	diferença de linguagem
1	86.3999999999999	0.6033017635345459	nas distribuições de linguagem torna mais difícil para	perguntas e linguagem jurídica complexa para os estatutos. Esta diferença nas distribuições de linguagem pode
1	87.3599999999999	0.5276710987091064	um sistema	
1	88.3199999999999	0.5302567481994629	recuperar informações relevantes.	
1	89.27999999999989	0.462954044342041	candidatos relevantes.	informações relevantes.
1	90.23999999999988	0.4710721969604492	relevantes, pois	relevantes.
1	91.19999999999987	0.5973100662231445	indiretamente exige	
1	92.15999999999987	0.6026401519775391	uma compreensão inerente	
1	93.11999999999986	0.4837162494659424	interpretação inerente.	compreensão inerente
1	94.07999999999986	0.459214448928833	interpretação inerente.	
1	95.03999999999985	0.3332545757293701	pois indiretamente exige uma interpretação inerente.	interpretação inerente.
1	95.99999999999984	0.35227370262145996		pois indiretamente exige uma interpretação inerente.
1	96.95999999999984	0.3311281204223633	inerente.	
1	97.91999999999983	0.8948299884796143	uma pergunta jurídica.	inerente.
1	98.87999999999982	0.9558300971984863	interpretação inerente capaz de traduzir uma pergunta natural em uma pergunta traduzir uma pergunta natural em uma pergunta jurídica que corresponda à	uma pergunta jurídica.
1	99.83999999999982	0.723130464553833	terminologia dos estatutos.	traduzir uma pergunta natural em uma pergunta jurídica que corresponda à
1	100.79999999999981	0.3428518772125244		
1	101.7599999999998	0.1428074836730957		terminologia dos estatutos.
1	102.7199999999998	0.6325480937957764	Além disso, os artigos estatutários	
1	103.6799999999998	0.797006368637085	direito estatutário não é uma pilha.	os artigos estatutários
1	104.63999999999979	0.820490837097168	o direito estatutário não é uma de elementos independentes.	direito estatutário não é uma pilha.
1	105.59999999999978	0.6663329601287842	pilha de artigos independentes que podem ser	de elementos independentes.
1	106.55999999999977	0.6029119491577148	artigos independentes que possam ser tratados como	podem ser
1	107.51999999999977	0.6857609748840332	uma fonte completa de informação.	
1	108.47999999999976	0.6691129207611084	uma fonte completa de artigos independentes que possam ser tratados como uma fonte completa de informação por si só.	artigos independentes que possam ser tratados como uma fonte completa de informação.
1	109.43999999999976	0.664970874786377	informação por si só, ao contrário das notícias ou	artigos independentes que possam ser tratados como uma fonte completa de informação por si só.
1	110.39999999999975	0.7592508792877197	receitas, por exemplo.	das notícias ou
1	111.35999999999974	0.44142913818359375	de notícias ou	receitas, por exemplo.
1	112.31999999999974	0.565274715423584	Em vez disso, é	
1	113.27999999999973	0.6388881206512451	uma estrutura chamada	
1	114.23999999999972	0.6214849948883057	coleção estruturada de leis	estrutura chamada
1	115.19999999999972	0.6676087379455566	disposições jurídicas que têm	leis
1	116.15999999999971	0.6789968013763428	que possuem um significado completo.	têm
1	117.1199999999997	0.7190456390380859	possuem um significado notícias ou receitas, por exemplo. Em vez disso, é uma coleção estruturada de disposições jurídicas que possuem um significado completo apenas quando consideradas juntas.	que possuem um significado completo.
1	118.0799999999997	0.6384139060974121	completo apenas quando consideradas em uma pergunta jurídica que corresponda à terminologia dos estatutos. Além disso, o direito estatutário não é uma pilha de artigos independentes que possam ser tratados como uma fonte completa de informação por si só, ao contrário de notícias ou receitas, por exemplo. Em vez disso, é uma coleção estruturada de disposições jurídicas que possuem um significado completo apenas quando consideradas no contexto geral.	notícias ou receitas, por exemplo. Em vez disso, é uma coleção estruturada de disposições jurídicas que possuem um significado completo apenas quando consideradas juntas.
1	119.0399999999997	0.286531925201416		em uma pergunta jurídica que corresponda à terminologia dos estatutos. Além disso, o direito estatutário não é uma pilha de artigos independentes que possam ser tratados como uma fonte completa de informação por si só, ao contrário de notícias ou receitas, por exemplo. Em vez disso, é uma coleção estruturada de disposições jurídicas que possuem um significado completo apenas quando consideradas no contexto geral.
1	119.99999999999969	0.5883691310882568	Ou seja, junto com o	
1	120.95999999999968	0.71866774559021	informações suplementares.	junto com o
1	121.91999999999967	0.7331771850585938	juntamente com as informações informações suplementares dos vizinhos.	informações suplementares.
1	122.87999999999967	0.6055071353912354	suplementares dos artigos vizinhos,	informações suplementares dos vizinhos.
1	123.83999999999966	0.6342587471008301	artigos vizinhos, os campos e	
1	124.79999999999966	0.7776620388031006	subcampos aos quais pertencem.	artigos vizinhos, os campos e
1	125.75999999999965	0.7158567905426025	subcampos aos quais pertencem, e	pertencem.
1	126.71999999999964	0.6399037837982178	sua localização no	subcampos aos quais pertencem, e
1	127.67999999999964	0.7420690059661865	pertencem e sua estrutura da lei.	sua localização no
1	128.63999999999965	0.33960604667663574	posição na	estrutura da lei.
1	129.59999999999965	0.5472321510314941	fim,	
1	130.55999999999966	0.7440714836120605	Por artigos estatutários são.	fim,
1	131.51999999999967	0.8311424255371094	os artigos estatutários não são pequenos parágrafos.	artigos estatutários são.
1	132.47999999999968	0.6963405609130859	estão em pequenos parágrafos.	não são pequenos parágrafos.
1	133.43999999999969	0.9385433197021484	parágrafos, o que geralmente é o típico	parágrafos.
1	134.3999999999997	0.9243311882019043	unidade típica de recuperação.	o que geralmente é o típico
1	135.3599999999997	0.9270610809326172	que geralmente é a unidade unidade de recuperação típica na maioria dos artigos de recuperação.	unidade típica de recuperação.
1	136.3199999999997	0.7858645915985107	de recuperação típica na maioria dos trabalhos de recuperação.	unidade de recuperação típica na maioria dos artigos de recuperação.
1	137.27999999999972	0.6474437713623047	Aqui, o	
1	138.23999999999972	0.6714968681335449	"parágrafos, que geralmente é a unidade de recuperação típica na maioria dos trabalhos de recuperação. Aqui, eles são ""long dogs""."	o
1	139.19999999999973	0.7297708988189697	eles são documentos longos que podem ser	"parágrafos, que geralmente é a unidade de recuperação típica na maioria dos trabalhos de recuperação. Aqui, eles são ""long dogs""."
1	140.15999999999974	0.7775378227233887	a seis mil palavras.	ser
1	141.11999999999975	0.6186981201171875	chegar mil palavras.	a seis mil palavras.
1	142.07999999999976	0.2048947811126709		mil palavras.
1	143.03999999999976	0.5751070976257324	A vantagem recente.	
1	143.99999999999977	0.6517071723937988	avanços em PLN têm	A vantagem recente.
1	144.95999999999978	1.0523109436035156	Os recentes avanços em PLN provocaram grandes mudanças.	avanços em PLN têm
1	145.9199999999998	0.7680659294128418	enorme interesse em muitas literaturas.	provocaram grandes mudanças.
1	146.8799999999998	0.8666138648986816	despertaram um enorme interesse em muitas tarefas jurídicas, tais como.	enorme interesse em muitas literaturas.
1	147.8399999999998	0.7575483322143555	como sentenças judiciais.	tais como.
1	148.7999999999998	0.6970419883728027	previsão de sentenças jurídicas ou	sentenças judiciais.
1	149.75999999999982	0.7179961204528809	contato automático.	previsão de sentenças jurídicas ou
1	150.71999999999983	0.8304843902587891	previsão de sentenças jurídicas ou revisão automatizada de contratos.	contato automático.
1	151.67999999999984	0.630089282989502	PLN despertaram um enorme interesse em muitas tarefas jurídicas, como previsão de sentenças jurídicas ou revisão automatizada de contratos.	
1	152.63999999999984	0.14747023582458496		PLN despertaram um enorme interesse em muitas tarefas jurídicas, como previsão de sentenças jurídicas ou revisão automatizada de contratos.
1	153.59999999999985	0.7868967056274414	Mas a recuperação de artigos estatutários.	
1	154.55999999999986	0.9379100799560547	revisão automatizada de contratos. Mas a recuperação de artigos estatutários permaneceu muitas vezes negligenciada.	estatutários.
1	155.51999999999987	0.7690188884735107	estatutários permaneceu	revisão automatizada de contratos. Mas a recuperação de artigos estatutários permaneceu muitas vezes negligenciada.
1	156.47999999999988	0.8494453430175781	principalmente de linguagem: linguagem natural comum para as perguntas e linguagem jurídica complexa para os estatutos. Esta diferença nas distribuições de linguagem torna mais difícil para um sistema recuperar candidatos relevantes, pois indiretamente exige uma interpretação inerente capaz de traduzir uma pergunta natural em uma pergunta jurídica que corresponda à terminologia dos estatutos. Além disso, o direito estatutário não é uma pilha de artigos independentes que possam ser tratados como uma fonte completa de informação por si só, ao contrário de notícias ou receitas, por exemplo. Em vez disso, é uma coleção estruturada de disposições jurídicas que possuem um significado completo apenas quando consideradas no contexto geral. Ou seja, juntamente com as informações suplementares dos artigos vizinhos, os campos e subcampos aos quais pertencem e sua posição na estrutura da lei. Por fim, os artigos estatutários estão em pequenos parágrafos, que geralmente é a unidade de recuperação típica na maioria dos trabalhos de recuperação. Aqui, eles são documentos longos que podem chegar a seis mil palavras. Os recentes avanços em PLN despertaram um enorme interesse em muitas tarefas jurídicas, como previsão de sentenças jurídicas ou revisão automatizada de contratos. Mas a recuperação de artigos estatutários permaneceu principalmente intocada devido à falta de dados jurídicos.	
1	157.43999999999988	0.8690378665924072	intocada devido à falta de contratos. Mas a recuperação de artigos estatutários permaneceu principalmente intocada devido à falta de grandes e de alta qualidade.	de linguagem: linguagem natural comum para as perguntas e linguagem jurídica complexa para os estatutos. Esta diferença nas distribuições de linguagem torna mais difícil para um sistema recuperar candidatos relevantes, pois indiretamente exige uma interpretação inerente capaz de traduzir uma pergunta natural em uma pergunta jurídica que corresponda à terminologia dos estatutos. Além disso, o direito estatutário não é uma pilha de artigos independentes que possam ser tratados como uma fonte completa de informação por si só, ao contrário de notícias ou receitas, por exemplo. Em vez disso, é uma coleção estruturada de disposições jurídicas que possuem um significado completo apenas quando consideradas no contexto geral. Ou seja, juntamente com as informações suplementares dos artigos vizinhos, os campos e subcampos aos quais pertencem e sua posição na estrutura da lei. Por fim, os artigos estatutários estão em pequenos parágrafos, que geralmente é a unidade de recuperação típica na maioria dos trabalhos de recuperação. Aqui, eles são documentos longos que podem chegar a seis mil palavras. Os recentes avanços em PLN despertaram um enorme interesse em muitas tarefas jurídicas, como previsão de sentenças jurídicas ou revisão automatizada de contratos. Mas a recuperação de artigos estatutários permaneceu principalmente intocada devido à falta de dados jurídicos.
1	158.3999999999999	0.7945835590362549	grandes e de alta	contratos. Mas a recuperação de artigos estatutários permaneceu principalmente intocada devido à falta de grandes e de alta qualidade.
1	159.3599999999999	0.7858850955963135	qualidade	
1	160.3199999999999	0.4136621952056885	conjuntos de dados rotulados.	
1	161.27999999999992	0.6992025375366211		
1	162.23999999999992	0.8559432029724121	Neste trabalho, apresentamos um novo	
1	163.19999999999993	0.8800630569458008	conjunto de dados	
1	164.15999999999994	0.7498650550842285		
1	165.11999999999995	0.7426705360412598		
1	166.07999999999996	0.8657021522521973	centrado no cidadão nativo	
1	167.03999999999996	0.8028411865234375	francês para estudar se	
1	167.99999999999997	0.6919279098510742		
1	168.95999999999998	0.8005011081695557	um modelo de recuperação pode aproximar	
1	169.92	0.6747145652770996	a	
1	170.88	0.692131519317627	eficiência e a	
1	171.84	0.6775100231170654	confiabilidade	
1	172.8	0.7716138362884521	de um especialista jurídico	
1	173.76000000000002	0.8001694679260254	para a tarefa de	
1	174.72000000000003	0.6671125888824463	recuperação de artigos estatutários.	
1	175.68000000000004	0.15838360786437988		
1	176.64000000000004	0.15151643753051758		
1	177.60000000000005	0.8953666687011719		
1	178.56000000000006	0.15094923973083496		
1	179.52000000000007	0.14783096313476562		
1	180.48000000000008	1.0813474655151367		
1	181.44000000000008	1.1494719982147217	Nosso conjunto de dados belga de recuperação de artigos estatutários consiste em mais de	
1	182.4000000000001	0.7374231815338135		
1	183.3600000000001	0.9548451900482178		
1	184.3200000000001	0.9448387622833252	1.100 perguntas jurídicas formuladas por cidadãos belgas.	
1	185.28000000000011	0.15407991409301758		
1	186.24000000000012	0.5881526470184326		
1	187.20000000000013	0.7400457859039307	Estas perguntas cobrem	
1	188.16000000000014	0.7027406692504883	uma ampla gama de	
1	189.12000000000015	0.8012638092041016		
1	190.08000000000015	0.8818700313568115	tópicos, desde família,	
1	191.04000000000016	0.666496992111206	habitação,	
1	192.00000000000017	0.6755297183990479	dinheiro até trabalho e	
1	192.96000000000018	0.26445651054382324	segurança social.	
1	193.9200000000002	0.6037521362304688		
1	194.8800000000002	0.7220735549926758	Cada uma delas	
1	195.8400000000002	0.7847936153411865	foi rotulada por	
1	196.8000000000002	0.6619257926940918	juristas	
1	197.76000000000022	0.7118697166442871	experientes	
1	198.72000000000023	0.67099928855896	com referências a	
1	199.68000000000023	0.7086811065673828	artigos relevantes de	
1	200.64000000000024	0.9184191226959229	um corpus de	
1	201.60000000000025	0.813910722732544	mais de	
1	202.56000000000026	0.7587881088256836		
1	203.52000000000027	0.7948496341705322	22.600	
1	204.48000000000027	0.74068284034729	artigos jurídicos	
1	205.44000000000028	0.3536398410797119	dos códigos legais belgas.	
1	206.4000000000003	0.1557297706604004		
1	207.3600000000003	0.7152080535888672		
1	208.3200000000003	0.8342900276184082	Vamos agora falar sobre como	
1	209.2800000000003	0.38794755935668945	coletamos este conjunto de dados.	
1	210.24000000000032	0.6151015758514404		
1	211.20000000000033	0.6851723194122314	Primeiro, começamos	
1	212.16000000000034	0.6722159385681152	compilando um	
1	213.12000000000035	0.6816389560699463	grande corpus de	
1	214.08000000000035	0.3004579544067383	artigos jurídicos.	
1	215.04000000000036	0.6082055568695068		
1	216.00000000000037	0.7484662532806396	Consideramos	
1	216.96000000000038	0.7912979125976562	32	
1	217.92000000000039	0.7525675296783447	códigos belgas publicamente	
1	218.8800000000004	0.7430353164672852	disponíveis e extraímos	
1	219.8400000000004	0.7266178131103516	todos os seus	
1	220.8000000000004	0.7368471622467041		
1	221.76000000000042	0.7757241725921631		
1	222.72000000000043	0.4870269298553467	artigos, bem como os respectivos títulos de seção.	
1	223.68000000000043	0.5023400783538818		
1	224.64000000000044	0.6105337142944336		
1	225.60000000000045	0.7347931861877441	Em seguida, reunimos	
1	226.56000000000046	0.6532571315765381	perguntas jurídicas com	
1	227.52000000000046	0.6983363628387451	referências a	
1	228.48000000000047	0.6873445510864258	estatutos relevantes.	
1	229.44000000000048	0.6551008224487305	Para fazer	
1	230.4000000000005	0.7369768619537354	isso,	
1	231.3600000000005	0.9124674797058105		
1	232.3200000000005	0.983600378036499	parceriámos com um escritório de advocacia belga que recebe	
1	233.2800000000005	0.8531548976898193		
1	234.24000000000052	0.8864712715148926		
1	235.20000000000053	1.023578405380249	anualmente cerca de 4.000 e-mails de	
1	236.16000000000054	0.5812644958496094	cidadãos	
1	237.12000000000054	0.8037288188934326	belgas que	
1	238.08000000000055	0.8252348899841309	pedem aconselhamento	
1	239.04000000000056	0.3533608913421631	sobre uma questão jurídica pessoal.	
1	240.00000000000057	0.6577486991882324		
1	240.96000000000058	0.8073611259460449	Tivemos a sorte de	
1	241.92000000000058	0.676969051361084		
1	242.8800000000006	0.7263894081115723	ter acesso aos seus	
1	243.8400000000006	0.765716552734375		
1	244.8000000000006	0.8413522243499756		
1	245.76000000000062	1.113523244857788	sites onde sua equipe de juristas experientes	
1	246.72000000000062	0.7984521389007568	aborda	
1	247.68000000000063	0.46615147590637207	as questões jurídicas mais comuns dos belgas.	
1	248.64000000000064	0.6357345581054688		
1	249.60000000000065	0.7270593643188477	Coletamos milhares de	
1	250.56000000000066	0.6244697570800781		
1	251.52000000000066	0.7299914360046387	perguntas, anotadas com	
1	252.48000000000067	0.6765010356903076	categorias,	
1	253.44000000000068	0.6925251483917236		
1	254.4000000000007	0.7803452014923096	subcategorias e	
1	255.3600000000007	0.7474765777587891	referências jurídicas	
1	256.3200000000007	0.32308363914489746	a estatutos relevantes.	
1	257.28000000000065	0.5699713230133057		
1	258.24000000000063	0.6293258666992188	Por fim,	
1	259.2000000000006	0.7123978137969971	passamos	
1	260.1600000000006	0.7659752368927002	as referências	
1	261.1200000000006	0.667097806930542	jurídicas e	
1	262.08000000000055	0.647862434387207	filtramos as	
1	263.04000000000053	0.6503477096557617		
1	264.0000000000005	0.8181641101837158	perguntas cujas referências	
1	264.9600000000005	0.6742801666259766	não eram	
1	265.92000000000047	0.7838501930236816	artigos	
1	266.88000000000045	0.8215787410736084	em um dos códigos	
1	267.84000000000043	0.35202622413635254	de lei que consideramos.	
1	268.8000000000004	0.1608424186706543		
1	269.7600000000004	0.7563459873199463		
1	270.72000000000037	0.8461158275604248	As referências restantes foram	
1	271.68000000000035	0.8440217971801758	correspondidas e	
1	272.6400000000003	0.7604532241821289	convertidas	
1	273.6000000000003	0.6964077949523926	nos	
1	274.5600000000003	0.7799367904663086	IDs de artigo	
1	275.52000000000027	0.7380897998809814	correspondentes do	
1	276.48000000000025	0.22998857498168945		
1	277.4400000000002	0.5563154220581055		
1	278.4000000000002	0.8525030612945557		
1	279.3600000000002	1.004281759262085		
1	280.32000000000016	1.0857055187225342		
1	281.28000000000014	1.1837501525878906		
1	282.2400000000001	1.282546043395996		
1	283.2000000000001	1.3596408367156982		
1	284.1600000000001	1.6739764213562012		
1	285.12000000000006	1.6263108253479004		
1	286.08000000000004	1.7265198230743408		
1	287.04	1.8349978923797607	corpus. Eventualmente, chegamos a 1.108 perguntas, cada uma cuidadosamente rotulada com os IDs dos artigos relevantes do nosso grande corpus de	
1	288.0	0.741436243057251		
1	288.96	0.8786439895629883		
1	289.91999999999996	0.537442684173584	22.633 artigos estatutários.	
1	290.87999999999994	0.17034029960632324		
1	291.8399999999999	0.6172275543212891		
1	292.7999999999999	0.7561969757080078	Além disso, cada	
1	293.7599999999999	0.7366845607757568	pergunta vem com	
1	294.71999999999986	0.8214449882507324	uma categoria	
1	295.67999999999984	0.8398458957672119	principal e uma concatenação	
1	296.6399999999998	0.6259074211120605	de	
1	297.5999999999998	0.7593438625335693		
1	298.5599999999998	0.8971786499023438	subcategorias, e cada artigo	
1	299.51999999999975	0.6774632930755615	vem com uma	
1	300.47999999999973	0.8151614665985107	concatenação	
1	301.4399999999997	0.7940590381622314	de seus	
1	302.3999999999997	0.7866683006286621	títulos de subsequência na	
1	303.3599999999997	0.28795361518859863	estrutura da lei.	
1	304.31999999999965	0.7000744342803955		
1	305.27999999999963	0.7687361240386963	Esta informação extra não	
1	306.2399999999996	0.8417789936065674	é utilizada	
1	307.1999999999996	0.9015891551971436	neste trabalho, mas pode ser de	
1	308.15999999999957	0.6643772125244141	interesse para	
1	309.11999999999955	0.7063803672790527	futuras	
1	310.07999999999953	0.8410446643829346	pesquisas	
1	311.0399999999995	0.8639252185821533	em recuperação de informação jurídica ou	
1	311.9999999999995	0.3428199291229248	classificação de texto jurídico.	
1	312.95999999999947	0.16092848777770996		
1	313.91999999999945	0.6634862422943115		
1	314.8799999999994	0.7165017127990723	Vamos ver algumas	
1	315.8399999999994	0.729069709777832	características	
1	316.7999999999994	0.8359758853912354	do nosso conjunto de dados.	
1	317.75999999999937	0.9417705535888672	As perguntas	
1	318.71999999999935	0.8862261772155762	têm entre 5 e 44	
1	319.6799999999993	0.8654413223266602		
1	320.6399999999993	0.8977069854736328	palavras, com uma mediana de	
1	321.5999999999993	0.33798980712890625	40 palavras.	
1	322.55999999999926	0.771012544631958		
1	323.51999999999924	1.0482141971588135	Os artigos são muito mais	
1	324.4799999999992	0.9839146137237549	longos, com uma mediana de	
1	325.4399999999992	0.745995283126831	comprimento de	
1	326.3999999999992	0.8762366771697998	77	
1	327.35999999999916	0.7560327053070068	palavras, com	
1	328.31999999999914	0.8383886814117432	142	
1	329.2799999999991	0.921785831451416	deles	
1	330.2399999999991	0.8495063781738281	excedendo 1.000 palavras.	
1	331.1999999999991	0.1700592041015625		
1	332.15999999999906	0.601891040802002		
1	333.11999999999904	0.7734725475311279	O comprimento	
1	334.079999999999	0.8757369518280029	máximo é de	
1	335.039999999999	0.7685894966125488		
1	335.999999999999	0.7586877346038818		
1	336.95999999999896	0.4289054870605469	5.790 palavras.	
1	337.91999999999894	0.6277415752410889		
1	338.8799999999989	0.7545204162597656	Como mencionado	
1	339.8399999999989	0.8136980533599854	anteriormente,	
1	340.7999999999989	0.918839693069458	as perguntas cobrem uma ampla gama	
1	341.75999999999885	0.797081470489502	de	
1	342.71999999999883	0.8782064914703369	tópicos, com cerca de	
1	343.6799999999988	0.693105936050415		
1	344.6399999999988	0.7968800067901611	85% delas sendo	
1	345.5999999999988	0.7128162384033203	sobre	
1	346.55999999999875	0.8096439838409424	família, habitação,	
1	347.51999999999873	0.6210818290710449	dinheiro ou	
1	348.4799999999987	0.7345552444458008		
1	349.4399999999987	0.8609390258789062	justiça, enquanto	
1	350.39999999999867	0.9073433876037598	os restantes 15%	
1	351.35999999999865	0.6970148086547852	concernem	
1	352.31999999999863	0.7206165790557861	segurança	
1	353.2799999999986	0.7781789302825928	social,	
1	354.2399999999986	0.3269765377044678	estrangeiros ou trabalho.	
1	355.19999999999857	0.16652536392211914		
1	356.15999999999855	0.6199033260345459		
1	357.1199999999985	0.7921507358551025	Os artigos também	
1	358.0799999999985	0.8083667755126953	são muito	
1	359.0399999999985	0.840376615524292	diversos, pois vêm de	
1	359.99999999999847	0.806868314743042	32 diferentes	
1	360.95999999999844	0.731438398361206	códigos	
1	361.9199999999984	0.818854570388794	belgas que	
1	362.8799999999984	0.9730954170227051	cobrem um grande número de	
1	363.8399999999984	0.9221982955932617	tópicos ilegais.	
1	364.79999999999836	0.8156983852386475	Aqui está o	
1	365.75999999999834	0.766061544418335	número total de	
1	366.7199999999983	0.8919212818145752	artigos coletados de	
1	367.6799999999983	0.4125936031341553	cada um desses códigos belgas.	
1	368.6399999999983	0.16271018981933594		
1	369.59999999999826	0.8146572113037109		
1	370.55999999999824	0.8201494216918945	Dos	
1	371.5199999999982	0.8306365013122559		
1	372.4799999999982	0.8633739948272705	22.633	
1	373.4399999999982	0.8626871109008789	artigos, apenas	
1	374.39999999999816	0.7597734928131104		
1	375.35999999999814	0.902904748916626		
1	376.3199999999981	0.8869616985321045	1.612 são	
1	377.2799999999981	0.7462964057922363	referenciados como	
1	378.2399999999981	0.7923486232757568		
1	379.19999999999806	0.8936498165130615	relevantes para pelo menos	
1	380.15999999999804	0.7839410305023193	uma pergunta	
1	381.119999999998	0.32421350479125977	no conjunto de dados.	
1	382.079999999998	0.8247566223144531		
1	383.039999999998	0.9222404956817627	E cerca de 80%	
1	383.99999999999795	0.847759485244751	desses artigos	
1	384.95999999999793	0.7651824951171875	citados vêm do Código	
1	385.9199999999979	0.7713885307312012	Civil ou	
1	386.8799999999979	0.9276046752929688	do Código	
1	387.8399999999979	0.8720991611480713	de	
1	388.79999999999785	1.0228867530822754		
1	389.75999999999783	0.8942384719848633	Justiça, Código de Investigação Criminal ou	
1	390.7199999999978	1.1212985515594482		
1	391.6799999999978	1.0341224670410156		
1	392.63999999999777	1.1231982707977295		
1	393.59999999999775	1.2732791900634766	Códigos Penais. Enquanto isso, 18 dos 32 códigos têm	
1	394.55999999999773	0.7925529479980469	menos de	
1	395.5199999999977	0.8275003433227539	5 artigos	
1	396.4799999999977	0.7720162868499756	mencionados como	
1	397.43999999999767	0.7739410400390625	relevantes para pelo menos	
1	398.39999999999765	0.7518072128295898	uma	
1	399.3599999999976	0.9203472137451172	pergunta, o que pode ser	
1	400.3199999999976	0.771996021270752	explicado pelo fato de	
1	401.2799999999976	0.8191401958465576	que esses códigos	
1	402.23999999999756	0.7480590343475342	focam menos em	
1	403.19999999999754	0.7313144207000732	indivíduos e	
1	404.1599999999975	0.3083336353302002	suas preocupações.	
1	405.1199999999975	0.6440277099609375		
1	406.0799999999975	0.8006088733673096	No geral,	
1	407.03999999999746	0.8155515193939209	a mediana do número	
1	407.99999999999744	0.8344488143920898	de citações	
1	408.9599999999974	0.7201189994812012	para esses artigos citados	
1	409.9199999999974	0.6381816864013672	é	
1	410.8799999999974	0.8808367252349854		
1	411.83999999999736	0.9063725471496582	2, e menos de	
1	412.79999999999734	0.8515868186950684	25%	
1	413.7599999999973	0.9303381443023682	deles	
1	414.7199999999973	0.8286399841308594	são citados mais de	
1	415.6799999999973	0.29721784591674805	5 vezes.	
1	416.63999999999726	0.16450858116149902		
1	417.59999999999724	0.8046889305114746		
1	418.5599999999972	0.9344403743743896	Usando nossos conjuntos de dados,	
1	419.5199999999972	0.7820143699645996	avaliamos	
1	420.4799999999972	0.7318079471588135		
1	421.43999999999716	0.8946385383605957	várias abordagens de	
1	422.39999999999714	0.8945560455322266	recuperação, incluindo	
1	423.3599999999971	0.436373233795166	arquiteturas lexicais e densas.	
1	424.3199999999971	0.7771222591400146		
1	425.2799999999971	0.9350242614746094	Dada uma	
1	426.23999999999705	0.9233343601226807	consulta e um artigo,	
1	427.19999999999703	0.9274265766143799	um modelo	
1	428.159999999997	0.9243378639221191		
1	429.119999999997	0.9759008884429932	lexic atribui uma pontuação	
1	430.07999999999697	0.8714358806610107	ao par	
1	431.03999999999695	0.9505941867828369	consulta-artigo calculando a	
1	431.99999999999693	0.7911391258239746	soma sobre	
1	432.9599999999969	0.8918249607086182	os termos da consulta	
1	433.9199999999969	0.8002984523773193		
1	434.87999999999687	0.9263625144958496		
1	435.83999999999685	0.5439250469207764	das ponderações de cada um desses termos naquele artigo.	
1	436.7999999999968	0.7891857624053955		
1	437.7599999999968	0.8930649757385254	Experimentamos com o	
1	438.7199999999968	0.9374754428863525	padrão TF-IDF e	
1	439.67999999999677	0.8151144981384277		
1	440.63999999999675	0.4025447368621826	funções de classificação BM25.	
1	441.5999999999967	0.757418155670166		
1	442.5599999999967	0.8826735019683838	O principal problema com	
1	443.5199999999967	0.8889889717102051	essas abordagens é	
1	444.47999999999666	0.8219394683837891	que elas podem	
1	445.43999999999664	0.8942058086395264	recuperar apenas	
1	446.3999999999966	0.2983708381652832		
1	447.3599999999966	0.9531183242797852		
1	448.3199999999966	0.5252015590667725	artigos que contenham palavras-chave presentes na consulta.	
1	449.27999999999656	0.7794241905212402		
1	450.23999999999654	0.8379926681518555	Para superar essa limitação,	
1	451.1999999999965	0.9621684551239014	experimentamos	
1	452.1599999999965	0.8861939907073975	com uma	
1	453.1199999999965	0.9293200969696045	arquitetura baseada em redes	
1	454.07999999999646	0.937861442565918	neurais que pode capturar	
1	455.03999999999644	0.8243803977966309	relações	
1	455.9999999999964	0.8685262203216553	semânticas entre	
1	456.9599999999964	0.7629952430725098	consultas e artigos.	
1	457.9199999999964	0.8650615215301514	Usamos	
1	458.87999999999636	0.888603687286377	um modelo	
1	459.83999999999634	0.9199972152709961		
1	460.7999999999963	0.9102258682250977	bencoder que mapeia consultas e	
1	461.7599999999963	0.9198846817016602	artigos em	
1	462.7199999999963	0.42815566062927246	representações vetoriais densas.	
1	463.67999999999626	0.6527445316314697		
1	464.63999999999623	0.9063599109649658	E	
1	465.5999999999962	0.9875071048736572		
1	466.5599999999962	1.0819518566131592	calculamos uma pontuação de relevância entre	
1	467.5199999999962	0.87587571144104	um par	
1	468.47999999999615	1.0318338871002197	consulta-artigo pela similaridade	
1	469.43999999999613	0.7276356220245361	de	
1	470.3999999999961	0.2751657962799072	seus embeddings.	
1	471.3599999999961	0.7323470115661621		
1	472.31999999999607	0.8809690475463867	Esses embeddings	
1	473.27999999999605	0.8881628513336182	normalmente resultam de	
1	474.23999999999603	0.893984317779541	uma operação de	
1	475.199999999996	0.9895851612091064	poolagem na saída de um	
1	476.159999999996	0.36840224266052246	modelo de embeddings de palavras.	
1	477.11999999999597	0.17827200889587402		
1	478.07999999999595	0.7391645908355713		
1	479.0399999999959	0.8751523494720459	Primeiro, estudamos	
1	479.9999999999959	0.8833897113800049	a eficácia	
1	480.9599999999959	0.9930033683776855		
1	481.91999999999587	1.0840580463409424	de	
1	482.87999999999585	1.1340563297271729	encoders Siameses B em um	
1	483.8399999999958	1.0072369575500488	cenário de avaliação zero-shot, ou seja,	
1	484.7999999999958	0.9156346321105957		
1	485.7599999999958	1.0147373676300049	modelos de embeddings de palavras	
1	486.71999999999576	0.929530143737793	pré-treinados são	
1	487.67999999999574	0.8299849033355713	aplicados fora da	
1	488.6399999999957	0.8348195552825928	caixa sem qualquer	
1	489.5999999999957	0.3079802989959717	ajuste fino adicional.	
1	490.5599999999957	0.7012183666229248		
1	491.51999999999566	0.7574152946472168	Experimentamos com	
1	492.47999999999564	0.7445859909057617		
1	493.4399999999956	0.8380584716796875		
1	494.3999999999956	0.9415955543518066	um encoder de texto independente de	
1	495.3599999999956	0.8802227973937988	contexto,	
1	496.31999999999556	0.9294552803039551	ou seja,	
1	497.27999999999554	1.0378096103668213		
1	498.2399999999955	1.0707049369812012	word2vec e FastText, e um encoder	
1	499.1999999999955	0.76371169090271	dependente de contexto.	
1	500.1599999999955	0.5871913433074951		
1	501.11999999999546	0.613060712814331		
1	502.07999999999544	1.0788097381591797		
1	503.0399999999954	1.2525391578674316	Ou seja, Robota e, mais especificamente,	
1	503.9999999999954	0.9410545825958252	Camembert, que é um	
1	504.9599999999954	0.811713695526123	modelo francês Roberta.	
1	505.91999999999535	0.7612683773040771	Além disso,	
1	506.87999999999533	0.8741507530212402	treinamos	
1	507.8399999999953	0.936842679977417	nosso próprio	
1	508.7999999999953	0.4096696376800537	modelo baseado em Camembert.	
1	509.7599999999953	0.7304153442382812		
1	510.71999999999525	0.8971221446990967	Encoders	
1	511.67999999999523	0.8592228889465332	B em	
1	512.6399999999952	1.0190715789794922	nossos conjuntos de dados.	
1	513.5999999999952	0.8943026065826416	Observe que para o	
1	514.5599999999953	0.862227201461792	treinamento, experimentamos com	
1	515.5199999999953	0.8728313446044922	os dois sabores	
1	516.4799999999954	0.7619705200195312		
1	517.4399999999954	0.8036000728607178	da arquitetura	
1	518.3999999999954	0.9006133079528809		
1	519.3599999999955	1.030085802078247	Beyond Coder. Siamese, que	
1	520.3199999999955	0.9095776081085205	usa	
1	521.2799999999955	1.0510334968566895	um único modelo de embeddings de	
1	522.2399999999956	0.883019208908081	palavras que	
1	523.1999999999956	0.9163994789123535	mapeia a consulta e	
1	524.1599999999956	0.9089064598083496	o artigo	
1	525.1199999999957	0.9862220287322998	juntos em um espaço	
1	526.0799999999957	0.4071385860443115	vetorial denso compartilhado.	
1	527.0399999999958	0.7768490314483643		
1	527.9999999999958	0.8292040824890137	E	
1	528.9599999999958	1.0858991146087646		
1	529.9199999999959	1.1232364177703857	Tutora, que usa dois modelos de embeddings de palavras independentes.	
1	530.8799999999959	0.6354937553405762		
1	531.8399999999959	1.0683162212371826		
1	532.799999999996	1.0664730072021484		
1	533.759999999996	1.2424647808074951		
1	534.719999999996	0.7567996978759766	Ou seja, codifica a consulta e o artigo separadamente em espaços de embeddings diferentes.	
1	535.6799999999961	0.7751028537750244		
1	536.6399999999961	0.8731932640075684	Experimentamos	
1	537.5999999999962	0.9803853034973145	com	
1	538.5599999999962	1.002227544784546	poolagem média, máxima e	
1	539.5199999999962	1.023543119430542	CLS, bem como	
1	540.4799999999963	1.0255403518676758	produto escalar e	
1	541.4399999999963	0.9155828952789307	cosseno para	
1	542.3999999999963	0.3067648410797119	calcular similaridades.	
1	543.3599999999964	0.18319344520568848		
1	544.3199999999964	0.7027535438537598		
1	545.2799999999964	0.9689135551452637	Aqui estão	
1	546.2399999999965	1.0383665561676025	os resultados da nossa linha de	
1	547.1999999999965	1.0107066631317139	base no conjunto de	
1	548.1599999999966	0.9454493522644043		
1	549.1199999999966	1.198624849319458	teste, com os métodos lexicais	
1	550.0799999999966	1.0437562465667725	acima,	
1	551.0399999999967	1.1124391555786133	os encoders Siameses B avaliados em um	
1	551.9999999999967	0.8128869533538818		
1	552.9599999999967	0.9595775604248047	cenário zero-shot no	
1	553.9199999999968	0.9860401153564453	meio, e	
1	554.8799999999968	0.43647122383117676	os Beyond Coders ajustados abaixo.	
1	555.8399999999968	0.7778904438018799		
1	556.7999999999969	0.9497754573822021	No geral,	
1	557.7599999999969	0.9925055503845215	os Beyond Coders	
1	558.719999999997	1.0456905364990234	ajustados superam	
1	559.679999999997	0.9932758808135986	significativamente todas as outras linhas de base.	
1	560.639999999997	0.929872989654541		
1	561.5999999999971	1.0766832828521729	O modelo de duas torres	
1	562.5599999999971	0.95157790184021	melhora	
1	563.5199999999971	1.0933642387390137	sobre sua variante	
1	564.4799999999972	1.0175611972808838	Siamese na recall a	
1	565.4399999999972	1.0367193222045898	100, mas	
1	566.3999999999972	0.8656787872314453		
1	567.3599999999973	0.41744112968444824	performa igualmente nas outras métricas.	
1	568.3199999999973	0.8012018203735352		
1	569.2799999999974	1.0735149383544922	Embora o BM25	
1	570.2399999999974	1.0832266807556152	tenha	
1	571.1999999999974	1.0073106288909912	superado	
1	572.1599999999975	1.0190963745117188	o Beyond Coder treinado	
1	573.1199999999975	0.9563310146331787	significativamente, seu desempenho	
1	574.0799999999975	1.0385291576385498	indicou que ainda	
1	575.0399999999976	1.023376703262329	é uma linha de base	
1	575.9999999999976	0.8987200260162354	forte para	
1	576.9599999999976	0.32752180099487305	recuperação específica de domínio.	
1	577.9199999999977	0.762078046798706		
1	578.8799999999977	0.8901681900024414	Quanto	
1	579.8399999999978	1.0799431800842285	à avaliação zero-shot	
1	580.7999999999978	0.938709020614624	do Siamese	
1	581.7599999999978	0.879767656326294	Biancoder, encontramos	
1	582.7199999999979	0.8557255268096924	que usar diretamente	
1	583.6799999999979	0.9542145729064941	os embeddings de um	
1	584.6399999999979	1.4187393188476562		
1	585.599999999998	1.057884931564331	modelo Camembert pré-treinado	
1	586.559999999998	0.8906407356262207	sem	
1	587.519999999998	1.015700101852417	otimizar para a	
1	588.4799999999981	0.9109582901000977	tarefa de recuperação de	
1	589.4399999999981	0.8038351535797119	informações	
1	590.3999999999982	0.9300203323364258	dá resultados ruins.	
1	591.3599999999982	0.9380753040313721	O que é	
1	592.3199999999982	0.4087388515472412	consistente com achados anteriores.	
1	593.2799999999983	0.7705159187316895		
1	594.2399999999983	0.8619883060455322	Além disso,	
1	595.1999999999983	0.9063084125518799	observamos que	
1	596.1599999999984	0.8264029026031494	o	
1	597.1199999999984	0.792804479598999		
1	598.0799999999984	1.035778522491455		
1	599.0399999999985	1.1777136325836182	Beyond Coder baseado em Word2Vec	
1	599.9999999999985	1.0502984523773193	superou significativamente o	
1	600.9599999999986	0.9251351356506348		
1	601.9199999999986	1.0642049312591553	modelo baseado em	
1	602.8799999999986	1.131453275680542	FastX e Bird, sugerindo	
1	603.8399999999987	1.0992801189422607	que talvez	
1	604.7999999999987	1.1125199794769287	os	
1	605.7599999999987	1.1789071559906006	embeddings de nível de palavra pré-treinados sejam mais	
1	606.7199999999988	0.9870638847351074		
1	607.6799999999988	1.1183006763458252	apropriados para a tarefa do	
1	608.6399999999988	0.9649195671081543	que o nível de	
1	609.5999999999989	0.9396600723266602	caractere ou	
1	610.5599999999989	0.8122034072875977	subpalavra.	
1	611.519999999999	0.6926400661468506		
1	612.479999999999	0.9108843803405762		
1	613.439999999999	0.37778353691101074	Quando usados fora da caixa.	
1	614.3999999999991	0.18437504768371582		
1	615.3599999999991	0.8942351341247559		
1	616.3199999999991	0.9859857559204102	Embora promissores,	
1	617.2799999999992	1.0312168598175049	esses resultados	
1	618.2399999999992	0.9320738315582275	sugerem amplas oportunidades	
1	619.1999999999992	1.0341711044311523	de	
1	620.1599999999993	1.0596544742584229	melhoria em comparação com um nível de	
1	621.1199999999993	0.8743863105773926	habilidade	
1	622.0799999999994	0.9325518608093262	leal que eventualmente	
1	623.0399999999994	0.8986523151397705	pode recuperar	
1	623.9999999999994	0.945228099822998	todos os artigos	
1	624.9599999999995	0.9038970470428467	relevantes para qualquer	
1	625.9199999999995	1.0294361114501953	pergunta e	
1	626.8799999999995	0.43787050247192383	assim obter pontuações perfeitas.	
1	627.8399999999996	0.17422223091125488		
1	628.7999999999996	0.8058922290802002		
1	629.7599999999996	0.9346339702606201	Vamos concluir discutindo	
1	630.7199999999997	1.0048797130584717	duas	
1	631.6799999999997	0.4705195426940918	limitações de nossos conjuntos de dados.	
1	632.6399999999998	0.8250646591186523		
1	633.5999999999998	0.9386389255523682	Primeiro, o corpus	
1	634.5599999999998	0.9883449077606201	de artigos é	
1	635.5199999999999	0.9885296821594238	limitado a	
1	636.4799999999999	0.9617233276367188	aqueles coletados	
1	637.4399999999999	1.0016014575958252	dos 32	
1	638.4	0.9650783538818359	códigos belgas	
1	639.36	0.9005246162414551	considerados, o que não	
1	640.32	0.9051299095153809	cobre	
1	641.2800000000001	1.00392746925354	toda a lei	
1	642.2400000000001	0.9630606174468994	belga, pois	
1	643.2000000000002	0.9244637489318848	artigos de decretos,	
1	644.1600000000002	0.8740811347961426	diretivas e	
1	645.1200000000002	0.8827543258666992	ordens	
1	646.0800000000003	0.9173648357391357	estão ausentes.	
1	647.0400000000003	0.9466564655303955	Durante	
1	648.0000000000003	1.0942714214324951	a construção do conjunto de dados,	
1	648.9600000000004	0.9916203022003174	todas as referências a	
1	649.9200000000004	0.98899245262146	esses	
1	650.8800000000005	1.058236837387085	artigos não coletados foram	
1	651.8400000000005	1.0278475284576416	ignoradas, o que	
1	652.8000000000005	1.0107266902923584		
1	653.7600000000006	1.123295545578003	faz com que algumas perguntas acabem com apenas	
1	654.7200000000006	0.9927980899810791	uma fração do	
1	655.6800000000006	0.8884670734405518	número inicial de	
1	656.6400000000007	0.28343987464904785	artigos relevantes.	
1	657.6000000000007	0.8208870887756348		
1	658.5600000000007	0.88997483253479		
1	659.5200000000008	0.9528138637542725	Essa perda de	
1	660.4800000000008	0.9650554656982422	implica que a resposta	
1	661.4400000000009	0.9904365539550781	contida	
1	662.4000000000009	0.9631001949310303	nos artigos relevantes	
1	663.3600000000009	0.9376242160797119	restantes pode	
1	664.320000000001	1.0329339504241943	ser	
1	665.280000000001	1.0267302989959717	incompleta, embora ainda seja	
1	666.240000000001	0.27599549293518066	completamente adequada.	
1	667.2000000000011	0.18303513526916504		
1	668.1600000000011	0.9061768054962158		
1	669.1200000000011	0.9372735023498535	Segundo,	
1	670.0800000000012	1.0427966117858887	devemos notar que nem	
1	671.0400000000012	1.0897977352142334	todas as perguntas jurídicas podem	
1	672.0000000000013	0.9459066390991211	ser respondidas	
1	672.9600000000013	0.9461207389831543	apenas com estatutos.	
1	673.9200000000013	0.9804353713989258	Por exemplo,	
1	674.8800000000014	1.0555167198181152	a	
1	675.8400000000014	1.2251002788543701	pergunta:	
1	676.8000000000014	1.2199602127075195		
1	677.7600000000015	1.3924038410186768		
1	678.7200000000015	1.5545470714569092	"""Posso despejar meus inquilinos se fizerem muito"	
1	679.6800000000015	1.2173864841461182		
1	680.6400000000016	1.3013660907745361	"barulho"" pode não ter uma resposta detalhada dentro"	
1	681.6000000000016	1.0785768032073975	da lei estatutária que	
1	682.5600000000017	0.9275281429290771	quantifique um	
1	683.5200000000017	0.9636781215667725		
1	684.4800000000017	1.1543149948120117	limiar específico de ruído no qual	
1	685.4400000000018	0.8820586204528809	o despejo é	
1	686.4000000000018	0.9595515727996826	permitido.	
1	687.3600000000018	1.012751817703247	Em vez disso, o proprietário	
1	688.3200000000019	1.0493977069854736	provavelmente deve confiar	
1	689.2800000000019	1.0300569534301758	mais	
1	690.2400000000019	1.0946507453918457	na jurisprudência e encontrar	
1	691.200000000002	0.9852066040039062	precedentes semelhantes	
1	692.160000000002	0.9948825836181641	à sua situação atual.	
1	693.120000000002	1.1606407165527344	Por exemplo,	
1	694.0800000000021	1.08005690574646	o inquilino faz	
1	695.0400000000021	1.0923187732696533	duas partes por semana	
1	696.0000000000022	1.0578079223632812	até as 2 da manhã.	
1	696.9600000000022	0.9254858493804932	Portanto,	
1	697.9200000000022	1.0357835292816162	algumas	
1	698.8800000000023	1.0590906143188477	perguntas são	
1	699.8400000000023	1.1608128547668457	mais adequadas do que outras para	
1	700.8000000000023	1.1037588119506836		
1	701.7600000000024	1.1729629039764404	a tarefa de recuperação de artigos	
1	702.7200000000024	1.1001245975494385	estatutários, e o domínio	
1	703.6800000000025	0.9251720905303955		
1	704.6400000000025	1.0440709590911865	das menos adequadas	
1	705.6000000000025	0.3641846179962158	permanece por ser determinado.	
1	706.5600000000026	0.8340663909912109		
1	707.5200000000026	0.9590847492218018	Esperamos que	
1	708.4800000000026	0.96067214012146		
1	709.4400000000027	1.1049230098724365	todo o trabalho desperte	
1	710.4000000000027	0.9878790378570557	interesse no desenvolvimento de	
1	711.3600000000027	1.0123064517974854	práticos e	
1	712.3200000000028	1.089379072189331	confiáveis	
1	713.2800000000028	1.0363645553588867		
1	714.2400000000029	1.1049964427947998	modelos de recuperação de artigos estatutários.	
1	715.2000000000029	0.956291675567627	Que podem	
1	716.1600000000029	1.00360107421875	ajudar a	
1	717.120000000003	1.0222606658935547	melhorar o acesso à	
1	718.080000000003	1.0261454582214355	justiça para todos.	
1	719.040000000003	0.9753737449645996	Você pode verificar	
1	720.0000000000031	1.1307127475738525	nosso	
1	720.9600000000031	1.089719295501709	papel, conjunto de dados e código	
1	721.9200000000031	0.9550459384918213	nos seguintes links.	
1	722.0012500000031	0.3696773052215576	Obrigado.	
2	0.96	0.00010561943054199219		
2	1.92	0.03769946098327637		
2	2.88	0.4669184684753418	Portanto, estamos felizes em apresentar o nosso	
2	3.84	0.5076484680175781	trabalho sobre	o nosso
2	4.8	0.34294605255126953	nosso vogais.	trabalho sobre
2	5.76	0.31098151206970215	vogais, uma tarefa	vogais.
2	6.72	0.3664669990539551	independente.	
2	7.68	0.2752954959869385		
2	8.64	0.31697916984558105	de avaliação destinada para	independente.
2	9.600000000000001	0.4024379253387451	independente destinada testar a visão.	destinada para
2	10.560000000000002	0.4565901756286621	a testar modelos de visão e linguagem.	testar a visão.
2	11.520000000000003	0.33934998512268066	modelos de visão e linguagem com	linguagem.
2	12.480000000000004	0.2768251895904541	especificidades	modelos de visão e linguagem com
2	13.440000000000005	0.3622009754180908	fenômenos linguísticos específicos.	especificidades
2	14.400000000000006	0.32161521911621094		
2	15.360000000000007	0.21706628799438477	que	fenômenos linguísticos específicos.
2	16.320000000000007	0.4666628837585449	Por empenhamos nisso?	que
2	17.28000000000001	0.5218641757965088	nos empenhamos em configurá-la?	empenhamos nisso?
2	18.24000000000001	0.3262600898742676	esse benchmark?	em configurá-la?
2	19.20000000000001	0.29840755462646484	em estabelecer	esse benchmark?
2	20.16000000000001	0.2705674171447754	Bem, durante	
2	21.12000000000001	0.3926527500152588	o último ano,	
2	22.080000000000013	0.3417356014251709	anos, temos	o último ano,
2	23.040000000000013	0.5257141590118408	os últimos anos, temos visto uma explosão.	anos, temos
2	24.000000000000014	0.37226033210754395	visto uma explosão de	anos, temos visto uma explosão.
2	24.960000000000015	0.47025084495544434	baseados em transformers.	
2	25.920000000000016	0.5247864723205566	modelos baseados em modelos baseados em transformers para visão e linguagem.	baseados em transformers.
2	26.880000000000017	0.38718390464782715		
2	27.840000000000018	0.19074583053588867		
2	28.80000000000002	0.18951940536499023		
2	29.76000000000002	0.1889188289642334		
2	30.72000000000002	0.8553969860076904	modelos baseados em transformers para visão e linguagem, pré-treinados em grandes quantidades de pares de imagem e texto.	modelos baseados em transformers para visão e linguagem.
2	31.68000000000002	0.8653969764709473	Cada um deles	
2	32.64000000000002	0.3667185306549072	Cada um desses modelos.	modelos baseados em transformers para visão e linguagem, pré-treinados em grandes quantidades de pares de imagem e texto. Cada um deles
2	33.60000000000002	0.5036959648132324	modelos impulsiona o estado da arte.	modelos.
2	34.560000000000024	0.4995534420013428	estado da arte em	arte.
2	35.520000000000024	0.3969380855560303	visão e linguagem.	
2	36.480000000000025	0.396930456161499	estado da arte em tarefas de visão e linguagem.	estado da arte em visão e linguagem.
2	37.440000000000026	0.5149285793304443	tarefas de visão e linguísticos específicos. Por que nos empenhamos em estabelecer esse benchmark? Bem, durante os últimos anos, temos visto uma explosão de modelos baseados em transformers para visão e linguagem, pré-treinados em grandes quantidades de pares de imagem e texto. Cada um desses modelos impulsiona o estado da arte em tarefas de visão e linguagem, como a visão.	estado da arte em tarefas de visão e linguagem.
2	38.40000000000003	0.49790096282958984	linguagem, como respostas a perguntas visuais.	linguísticos específicos. Por que nos empenhamos em estabelecer esse benchmark? Bem, durante os últimos anos, temos visto uma explosão de modelos baseados em transformers para visão e linguagem, pré-treinados em grandes quantidades de pares de imagem e texto. Cada um desses modelos impulsiona o estado da arte em tarefas de visão e linguagem, como a visão.
2	39.36000000000003	0.4208056926727295	resposta a perguntas visuais,	respostas a perguntas visuais.
2	40.32000000000003	0.6170880794525146	comum visual.	resposta a perguntas visuais,
2	41.28000000000003	0.7575502395629883	resposta a perguntas processamento de imagens.	comum visual.
2	42.24000000000003	0.692802906036377	visuais, raciocínio comum raciocínio comum visual, recuperação de imagens e frases.	processamento de imagens.
2	43.20000000000003	0.5545425415039062	visual, recuperação de imagens e ancoragem de frases.	raciocínio comum visual, recuperação de imagens e frases.
2	44.16000000000003	0.5178558826446533	Assim, chegamos a	
2	45.12000000000003	0.4486367702484131	uma mensagem.	Assim, chegamos a
2	46.080000000000034	0.5851426124572754	Assim, recebemos uma mensagem: as acurácias	uma mensagem.
2	47.040000000000035	0.6948451995849609	mensagem: as acuracias nessas tarefas.	Assim, recebemos uma mensagem: as acurácias
2	48.000000000000036	0.8325021266937256	acurácias nesses benchmarks específicos para tarefas.	mensagem: as acuracias nessas tarefas.
2	48.960000000000036	0.9279978275299072	Assim, recebemos a benchmarks específicos para tarefas estão aumentando.	acurácias nesses benchmarks específicos para tarefas.
2	49.92000000000004	0.7506279945373535	mensagem de que as aumentando constantemente.	benchmarks específicos para tarefas estão aumentando.
2	50.88000000000004	0.6177170276641846		aumentando constantemente.
2	51.84000000000004	0.803973913192749	acurácias nesses benchmarks específicos da tarefa estão aumentando constantemente. Mas, fazemos	
2	52.80000000000004	0.40054893493652344	sabemos o que está	Mas, fazemos
2	53.76000000000004	0.5255193710327148	Mas sabemos o que o que os modelos realmente têm?	sabemos o que está
2	54.72000000000004	0.4075922966003418	os modelos realmente realmente aprenderam?	o que os modelos realmente têm?
2	55.68000000000004	0.24556684494018555		realmente aprenderam?
2	56.64000000000004	0.15508413314819336		
2	57.600000000000044	0.31766247749328613	é	
2	58.560000000000045	0.5307073593139648	O que um modelo de visão e linguagem	é
2	59.520000000000046	0.6234502792358398	que um transformador de visão e linguagem está aprendendo?	um modelo de visão e linguagem
2	60.48000000000005	0.5154242515563965	compreendeu?	está aprendendo?
2	61.44000000000005	0.49051427841186523	aprenderam? O que é que um transformador de visão e linguagem compreendeu quando foi atribuído?	compreendeu?
2	62.40000000000005	0.42784643173217773	compreendeu atribuir uma alta	aprenderam? O que é que um transformador de visão e linguagem compreendeu quando foi atribuído?
2	63.36000000000005	0.5461621284484863	ao atribuir uma para isso?	atribuir uma alta
2	64.32000000000005	0.44418859481811523	pontuação alta para essa imagem?	para isso?
2	65.28000000000004	0.4290740489959717	imagem e esta frase?	essa imagem?
2	66.24000000000004	0.5343656539916992	corresponderem?	imagem e esta frase?
2	67.20000000000003	0.49186205863952637	fazer essa imagem e essa frase	corresponderem?
2	68.16000000000003	0.49066829681396484	alta para fazer essa imagem e essa frase corresponderem? E uma pontuação baixa para quê?	
2	69.12000000000002	0.4992825984954834	E uma pontuação baixa para para fazer essa imagem e essa frase corresponderem? E uma pontuação baixa para outra?	alta para fazer essa imagem e essa frase corresponderem? E uma pontuação baixa para quê?
2	70.08000000000001	0.21187853813171387		para fazer essa imagem e essa frase corresponderem? E uma pontuação baixa para outra?
2	71.04	0.29442667961120605	visão	
2	72.0	0.4811108112335205	modelos de visão e linguagem	visão
2	72.96	0.6361286640167236	concentram?	modelos de visão e linguagem
2	73.91999999999999	0.635704755783081	certas?	concentram?
2	74.87999999999998	0.7075178623199463	Os modelos de visão e linguagem focam nas coisas ou não?	certas?
2	75.83999999999997	0.4994029998779297	certas ou focam nas coisas certas ou focam em outras coisas?	ou não?
2	76.79999999999997	0.4510185718536377	em vieses?	nas coisas certas ou focam em outras coisas?
2	77.75999999999996	0.5046322345733643	vieses, como demonstrado anteriormente?	vieses?
2	78.71999999999996	0.5874118804931641	anteriores?	como demonstrado anteriormente?
2	79.67999999999995	0.3720698356628418	conforme demonstrado por trabalhos	anteriores?
2	80.63999999999994	0.3719918727874756	Para esclarecer mais	
2	81.59999999999994	0.5005874633789062	luz sobre este aspecto?	esclarecer mais
2	82.55999999999993	0.5211377143859863	lançar mais luz sobre este aspecto, nós	luz sobre este aspecto?
2	83.51999999999992	0.46603846549987793	propomos uma abordagem mais	nós
2	84.47999999999992	0.44024109840393066	tarefa mais	abordagem mais
2	85.43999999999991	0.5483417510986328	agnóstica à tarefa.	
2	86.3999999999999	0.41737937927246094	agnóstica.	agnóstica à tarefa.
2	87.3599999999999	0.5554547309875488	tarefa mais agnóstica e introduzimos.	agnóstica.
2	88.3199999999999	0.6202640533447266	agnóstica e introduzimos válvulas que	tarefa mais agnóstica e introduzimos.
2	89.27999999999989	0.5417196750640869	testam o	
2	90.23999999999988	0.4720284938812256	linguísticos específicos. Por que nos empenhamos em estabelecer esse benchmark? Bem, durante os últimos anos, temos visto uma explosão de modelos baseados em transformers para visão e linguagem, pré-treinados em grandes quantidades de pares de imagem e texto. Cada um desses modelos impulsiona o estado da arte em tarefas de visão e linguagem, como resposta a perguntas visuais, raciocínio comum visual, recuperação de imagens e ancoragem de frases. Assim, recebemos a mensagem de que as acurácias nesses benchmarks específicos da tarefa estão aumentando constantemente. Mas sabemos o que os modelos realmente aprenderam? O que é que um transformador de visão e linguagem compreendeu ao atribuir uma pontuação alta para fazer essa imagem e essa frase corresponderem? E uma pontuação baixa para outra? Os modelos de visão e linguagem focam nas coisas certas ou focam em vieses, conforme demonstrado por trabalhos anteriores? Para lançar mais luz sobre este aspecto, propomos uma tarefa mais agnóstica e introduzimos válvulas que testam a sensibilidade de	o
2	91.19999999999987	0.6244606971740723	visão e linguagem.	linguísticos específicos. Por que nos empenhamos em estabelecer esse benchmark? Bem, durante os últimos anos, temos visto uma explosão de modelos baseados em transformers para visão e linguagem, pré-treinados em grandes quantidades de pares de imagem e texto. Cada um desses modelos impulsiona o estado da arte em tarefas de visão e linguagem, como resposta a perguntas visuais, raciocínio comum visual, recuperação de imagens e ancoragem de frases. Assim, recebemos a mensagem de que as acurácias nesses benchmarks específicos da tarefa estão aumentando constantemente. Mas sabemos o que os modelos realmente aprenderam? O que é que um transformador de visão e linguagem compreendeu ao atribuir uma pontuação alta para fazer essa imagem e essa frase corresponderem? E uma pontuação baixa para outra? Os modelos de visão e linguagem focam nas coisas certas ou focam em vieses, conforme demonstrado por trabalhos anteriores? Para lançar mais luz sobre este aspecto, propomos uma tarefa mais agnóstica e introduzimos válvulas que testam a sensibilidade de
2	92.15999999999987	0.4794895648956299	modelos de modelos de visão e linguagem.	visão e linguagem.
2	93.11999999999986	0.2615084648132324		
2	94.07999999999986	0.3033018112182617	linguagem.	modelos de visão e linguagem.
2	95.03999999999985	0.33073854446411133		
2	95.99999999999984	0.8273849487304688	fenômenos linguísticos específicos que afetam ambos.	linguagem.
2	96.95999999999984	0.820197582244873	e linguagem a fenômenos linguísticos específicos que afetam a linguagem quanto	fenômenos linguísticos específicos que afetam ambos.
2	97.91999999999983	0.5609385967254639	tanto a visão.	a linguagem quanto
2	98.87999999999982	0.4427666664123535	modalidade visual.	visão.
2	99.83999999999982	0.2607572078704834		
2	100.79999999999981	0.14471125602722168		modalidade visual.
2	101.7599999999998	0.4991910457611084	linguísticos específicos que afetam tanto a linguagem quanto a modalidade visual. Nosso alvo é a existência.	
2	102.7199999999998	0.6311290264129639	Nosso alvo é a existência, pluralidade,	linguísticos específicos que afetam tanto a linguagem quanto a modalidade visual. Nosso alvo é a existência.
2	103.6799999999998	0.6611888408660889	espaço.	
2	104.63999999999979	0.5801987648010254	contagem e relações espaciais.	espaço.
2	105.59999999999978	0.619830846786499	relações espaciais, ações e energia.	espaciais.
2	106.55999999999977	0.7423496246337891	espaciais, ações e co-referência de entidades.	relações espaciais, ações e energia.
2	107.51999999999977	0.4641385078430176	entidades.	co-referência de entidades.
2	108.47999999999976	0.7588152885437012	co-referência de entidades. Mas como testamos?	entidades.
2	109.43999999999976	0.8026492595672607	testamos se a visão	testamos?
2	110.39999999999975	0.6861014366149902	modelos de visão e linguagem?	a visão
2	111.35999999999974	0.6302700042724609	os modelos de visão e modelos de visão e linguagem capturaram?	modelos de visão e linguagem?
2	112.31999999999974	0.5518898963928223	linguagem capturaram esses fenômenos?	modelos de visão e linguagem capturaram?
2	113.27999999999973	0.35865235328674316		
2	114.23999999999972	0.3822789192199707	Por	capturaram esses fenômenos?
2	115.19999999999972	0.5374853610992432	FOILing.	
2	116.15999999999971	0.6813323497772217	FOILing, um método anteriormente	FOILing.
2	117.1199999999997	0.7526121139526367	meio do anteriormente aplicado para.	FOILing, um método anteriormente
2	118.0799999999997	0.6287822723388672	aplicado visão e linguagem capturaram esses fenômenos? Por meio do FOILing, um método anteriormente aplicado a modelos de visão e linguagem.	anteriormente aplicado para.
2	119.0399999999997	0.6212222576141357	apenas a modelos de visão e linguagem.	visão e linguagem capturaram esses fenômenos? Por meio do FOILing, um método anteriormente aplicado a modelos de visão e linguagem.
2	119.99999999999969	0.8195028305053711	apenas a modelos de visão e linguagem para não-cadros.	linguagem.
2	120.95999999999968	0.6982526779174805	linguagem para frases nominais por Raviche.	apenas a modelos de visão e linguagem para não-cadros.
2	121.91999999999967	0.7338962554931641	Ravi Shekhar, e	Raviche.
2	122.87999999999967	0.6164565086364746	Shekhar e colaboradores.	Shekhar, e
2	123.83999999999966	0.7480955123901367	colaboradores, e também para contagem.	colaboradores.
2	124.79999999999966	0.6287708282470703	utilizando.	também para contagem.
2	125.75999999999965	0.6589915752410889	nós em trabalhos anteriores.	utilizando.
2	126.71999999999964	0.4636843204498291	à contagem por	nós em trabalhos anteriores.
2	127.67999999999964	0.5665926933288574	basicamente	
2	128.63999999999965	0.6990103721618652	significa que nós	basicamente
2	129.59999999999965	0.8182997703552246	Basicamente, o FOILing significa que o FOILing significa que pegamos a legenda.	significa que nós
2	130.55999999999966	0.6349422931671143	pegamos a de uma imagem.	o FOILing significa que pegamos a legenda.
2	131.51999999999967	0.6570870876312256	legenda de uma imagem e produzimos.	de uma imagem.
2	132.47999999999968	0.6936204433441162	contagem por nós em trabalhos anteriores. Basicamente, o FOILing significa que pegamos a legenda de uma imagem e produzimos uma contraparte.	produzimos.
2	133.43999999999969	0.6519429683685303	produzimos uma FOIL por alternativa.	contagem por nós em trabalhos anteriores. Basicamente, o FOILing significa que pegamos a legenda de uma imagem e produzimos uma contraparte.
2	134.3999999999997	0.6977033615112305	"o FOILing significa que pegamos a legenda de uma imagem e produzimos uma ""válvula"" alterando a legenda."	FOIL por alternativa.
2	135.3599999999997	0.4690666198730469		"o FOILing significa que pegamos a legenda de uma imagem e produzimos uma ""válvula"" alterando a legenda."
2	136.3199999999997	0.4990880489349365	ela	
2	137.27999999999972	0.6539492607116699	De modo que não exiba.	ela
2	138.23999999999972	0.5936226844787598	"o FOILing significa que pegamos a legenda de uma imagem e produzimos uma ""válvula"" alterando a legenda. De modo que ela não descreve a imagem."	exiba.
2	139.19999999999973	0.6115479469299316	"descreve imagem e produzimos uma ""válvula"" alterando a legenda. De modo que ela não descreve mais a imagem."	"o FOILing significa que pegamos a legenda de uma imagem e produzimos uma ""válvula"" alterando a legenda. De modo que ela não descreve a imagem."
2	140.15999999999974	0.6600830554962158	E fazemos isso.	"imagem e produzimos uma ""válvula"" alterando a legenda. De modo que ela não descreve mais a imagem."
2	141.11999999999975	0.6536917686462402	"produzimos uma ""válvula"" alterando a legenda. De modo que ela não descreve mais a imagem. E realizamos essas alterações de frase."	fazemos isso.
2	142.07999999999976	0.6922163963317871	"realizamos essas alterações de produzimos uma ""válvula"" alterando a legenda. De modo que ela não descreve mais a imagem. E realizamos essas alterações de frase focando."	"produzimos uma ""válvula"" alterando a legenda. De modo que ela não descreve mais a imagem. E realizamos essas alterações de frase."
2	143.03999999999976	0.6209094524383545	frase alterando a legenda. De modo que ela não descreve mais a imagem. E realizamos essas alterações de frase focando em seis etapas.	"produzimos uma ""válvula"" alterando a legenda. De modo que ela não descreve mais a imagem. E realizamos essas alterações de frase focando."
2	143.99999999999977	0.6149270534515381	focando em seis elementos específicos.	alterando a legenda. De modo que ela não descreve mais a imagem. E realizamos essas alterações de frase focando em seis etapas.
2	144.95999999999978	0.598421573638916	específicas, tais como.	elementos específicos.
2	145.9199999999998	0.62095046043396	como a existência.	específicas, tais como.
2	146.8799999999998	0.7272844314575195	elementos específicos, como existência e pluralidade.	como a existência.
2	147.8399999999998	0.6653454303741455	pluralidade e contagem.	existência e pluralidade.
2	148.7999999999998	0.8181760311126709	existência, relações espaciais.	pluralidade e contagem.
2	149.75999999999982	0.8067374229431152	pluralidade, relações espaciais e ações.	relações espaciais.
2	150.71999999999983	0.7819123268127441	contagem, relações ações e entidade.	relações espaciais e ações.
2	151.67999999999984	0.8234870433807373	espaciais, ações e co-referência de entidades.	ações e entidade.
2	152.63999999999984	0.7515778541564941	co-referência de entidades, onde cada elemento	entidades.
2	153.59999999999985	0.7001931667327881	pode consistir.	co-referência de entidades, onde cada elemento
2	154.55999999999986	0.619462251663208	de entidades, onde cada elemento pode consistir em um.	consistir.
2	155.51999999999987	0.725562334060669	consistir em uma ou mais instâncias.	de entidades, onde cada elemento pode consistir em um.
2	156.47999999999988	0.5653002262115479	instrumentos.	uma ou mais instâncias.
2	157.43999999999988	0.7449924945831299	um ou mais Caso encontre mais.	instrumentos.
2	158.3999999999999	0.6627631187438965	mais de um.	mais.
2	159.3599999999999	0.6137490272521973	uma maneira interessante.	um.
2	160.3199999999999	0.6195268630981445	maneira interessante de criar	interessante.
2	161.27999999999992	0.696831464767456	"válvulas que testam a sensibilidade de modelos de visão e linguagem a fenômenos linguísticos específicos que afetam tanto a linguagem quanto a modalidade visual. Nosso alvo é a existência, pluralidade, contagem e relações espaciais, ações e co-referência de entidades. Mas como testamos se os modelos de visão e linguagem capturaram esses fenômenos? Por meio do FOILing, um método anteriormente aplicado apenas a modelos de visão e linguagem para frases nominais por Ravi Shekhar e colaboradores, e à contagem por nós em trabalhos anteriores. Basicamente, o FOILing significa que pegamos a legenda de uma imagem e produzimos uma ""válvula"" alterando a legenda. De modo que ela não descreve mais a imagem. E realizamos essas alterações de frase focando em seis elementos específicos, como existência, pluralidade, contagem, relações espaciais, ações e co-referência de entidades, onde cada elemento pode consistir em um ou mais instrumentos. Caso encontre mais de uma maneira interessante de criar instrumentos de válvula."	maneira interessante de criar
2	162.23999999999992	0.6210730075836182	instâncias de FOIL.	"válvulas que testam a sensibilidade de modelos de visão e linguagem a fenômenos linguísticos específicos que afetam tanto a linguagem quanto a modalidade visual. Nosso alvo é a existência, pluralidade, contagem e relações espaciais, ações e co-referência de entidades. Mas como testamos se os modelos de visão e linguagem capturaram esses fenômenos? Por meio do FOILing, um método anteriormente aplicado apenas a modelos de visão e linguagem para frases nominais por Ravi Shekhar e colaboradores, e à contagem por nós em trabalhos anteriores. Basicamente, o FOILing significa que pegamos a legenda de uma imagem e produzimos uma ""válvula"" alterando a legenda. De modo que ela não descreve mais a imagem. E realizamos essas alterações de frase focando em seis elementos específicos, como existência, pluralidade, contagem, relações espaciais, ações e co-referência de entidades, onde cada elemento pode consistir em um ou mais instrumentos. Caso encontre mais de uma maneira interessante de criar instrumentos de válvula."
2	163.19999999999993	0.7277591228485107	Por exemplo,	
2	164.15999999999994	0.5946745872497559	em um ou mais instrumentos. Caso encontre mais de uma maneira interessante de criar instâncias de FOIL. Por exemplo, no caso	
2	165.11999999999995	0.5351307392120361	da	em um ou mais instrumentos. Caso encontre mais de uma maneira interessante de criar instâncias de FOIL. Por exemplo, no caso
2	166.07999999999996	0.6220059394836426	ações,	da
2	167.03999999999996	0.7516493797302246	do elemento de temos duas instâncias.	ações,
2	167.99999999999997	0.5613820552825928	"certas ou focam em vieses, conforme demonstrado por trabalhos anteriores? Para lançar mais luz sobre este aspecto, propomos uma tarefa mais agnóstica e introduzimos válvulas que testam a sensibilidade de modelos de visão e linguagem a fenômenos linguísticos específicos que afetam tanto a linguagem quanto a modalidade visual. Nosso alvo é a existência, pluralidade, contagem e relações espaciais, ações e co-referência de entidades. Mas como testamos se os modelos de visão e linguagem capturaram esses fenômenos? Por meio do FOILing, um método anteriormente aplicado apenas a modelos de visão e linguagem para frases nominais por Ravi Shekhar e colaboradores, e à contagem por nós em trabalhos anteriores. Basicamente, o FOILing significa que pegamos a legenda de uma imagem e produzimos uma ""válvula"" alterando a legenda. De modo que ela não descreve mais a imagem. E realizamos essas alterações de frase focando em seis elementos específicos, como existência, pluralidade, contagem, relações espaciais, ações e co-referência de entidades, onde cada elemento pode consistir em um ou mais instrumentos. Caso encontre mais de uma maneira interessante de criar instâncias de FOIL. Por exemplo, no caso do elemento de ações, temos dois instrumentos."	duas instâncias.
2	168.95999999999998	0.7122118473052979	dois instrumentos, um no qual as ações	"certas ou focam em vieses, conforme demonstrado por trabalhos anteriores? Para lançar mais luz sobre este aspecto, propomos uma tarefa mais agnóstica e introduzimos válvulas que testam a sensibilidade de modelos de visão e linguagem a fenômenos linguísticos específicos que afetam tanto a linguagem quanto a modalidade visual. Nosso alvo é a existência, pluralidade, contagem e relações espaciais, ações e co-referência de entidades. Mas como testamos se os modelos de visão e linguagem capturaram esses fenômenos? Por meio do FOILing, um método anteriormente aplicado apenas a modelos de visão e linguagem para frases nominais por Ravi Shekhar e colaboradores, e à contagem por nós em trabalhos anteriores. Basicamente, o FOILing significa que pegamos a legenda de uma imagem e produzimos uma ""válvula"" alterando a legenda. De modo que ela não descreve mais a imagem. E realizamos essas alterações de frase focando em seis elementos específicos, como existência, pluralidade, contagem, relações espaciais, ações e co-referência de entidades, onde cada elemento pode consistir em um ou mais instrumentos. Caso encontre mais de uma maneira interessante de criar instâncias de FOIL. Por exemplo, no caso do elemento de ações, temos dois instrumentos."
2	169.92	0.7376792430877686	verbo da ação é	as ações
2	170.88	0.725252628326416	o alterado com um	verbo da ação é
2	171.84	0.7186081409454346	ação diferente.	alterado com um
2	172.8	0.7965259552001953	ação é alterado por uma ação diferente, e outro no qual	ação diferente.
2	173.76000000000002	0.9455716609954834		ação é alterado por uma ação diferente, e outro no qual
2	174.72000000000003	0.65372633934021	os	
2	175.68000000000004	0.32837986946105957	agentes são trocados.	
2	176.64000000000004	0.6904327869415283		
2	177.60000000000005	0.7617149353027344	Contagem e co-referência de entidades, onde cada elemento pode consistir em um ou mais instrumentos. Caso encontre mais de uma maneira interessante de criar instâncias de FOIL. Por exemplo, no caso do elemento de ações, temos dois instrumentos, um no qual o verbo da ação é alterado por uma ação diferente, e outro no qual os agentes são trocados. Contagem e co-referência também são	
2	178.56000000000006	0.7637708187103271	da ação é alterado por uma ação diferente, e outro no qual os agentes são trocados. Contagem e co-referência também são elementos que possuem.	de entidades, onde cada elemento pode consistir em um ou mais instrumentos. Caso encontre mais de uma maneira interessante de criar instâncias de FOIL. Por exemplo, no caso do elemento de ações, temos dois instrumentos, um no qual o verbo da ação é alterado por uma ação diferente, e outro no qual os agentes são trocados. Contagem e co-referência também são
2	179.52000000000007	0.7323532104492188	elementos que	da ação é alterado por uma ação diferente, e outro no qual os agentes são trocados. Contagem e co-referência também são elementos que possuem.
2	180.48000000000008	0.6199960708618164	possuem mais de instrumentos, um no qual o verbo da ação é alterado por uma ação diferente, e outro no qual os agentes são trocados. Contagem e co-referência também são elementos que possuem mais de um instrumento.	
2	181.44000000000008	0.7140226364135742		instrumentos, um no qual o verbo da ação é alterado por uma ação diferente, e outro no qual os agentes são trocados. Contagem e co-referência também são elementos que possuem mais de um instrumento.
2	182.4000000000001	0.7245199680328369	E criamos	
2	183.3600000000001	0.6804566383361816	essas válvulas	
2	184.3200000000001	0.7386889457702637	garantindo que elas	
2	185.28000000000011	0.7453830242156982	falhem	
2	186.24000000000012	0.9201340675354004	em descrever a	
2	187.20000000000013	0.958566427230835	imagem,	
2	188.16000000000014	0.9162218570709229	sejam gramaticais e, de outra forma,	
2	189.12000000000015	0.5956597328186035		
2	190.08000000000015	0.32406067848205566	sentenças válidas.	
2	191.04000000000016	0.6926267147064209		
2	192.00000000000017	0.7042984962463379	Isso não é fácil de	
2	192.96000000000018	0.6128664016723633	fazer	
2	193.9200000000002	0.7460722923278809	porque uma	
2	194.8800000000002	0.7580811977386475	"legenda ""válvula"" pode"	
2	195.8400000000002	0.6810979843139648	ser menos	
2	196.8000000000002	0.6928086280822754	provável do que a	
2	197.76000000000022	0.2606837749481201	legenda original.	
2	198.72000000000023	0.5630102157592773		
2	199.68000000000023	0.7704269886016846	Por exemplo,	
2	200.64000000000024	0.6850852966308594	embora não seja	
2	201.60000000000025	0.7032849788665771	impossível, é	
2	202.56000000000026	0.6688995361328125	estatisticamente	
2	203.52000000000027	0.6199569702148438	menos provável que	
2	204.48000000000027	0.6174759864807129	plantas	
2	205.44000000000028	0.785430908203125	cortem um	
2	206.4000000000003	0.7155215740203857	homem do que um homem	
2	207.3600000000003	0.6076724529266357		
2	208.3200000000003	0.8056435585021973	corte	
2	209.2800000000003	0.8126518726348877	plantas, e grandes modelos de visão e	
2	210.24000000000032	0.6550197601318359	linguagem	
2	211.20000000000033	0.3043651580810547	podem capturar isso.	
2	212.16000000000034	0.5938494205474854		
2	213.12000000000035	0.7395627498626709	Portanto, para obter	
2	214.08000000000035	0.7248821258544922	válvulas válidas,	
2	215.04000000000036	0.5917150974273682	devemos	
2	216.00000000000037	0.2523531913757324	tomar medidas.	
2	216.96000000000038	0.5532665252685547		
2	217.92000000000039	0.7050371170043945	Primeiro,	
2	218.8800000000004	0.7043721675872803	utilizamos	
2	219.8400000000004	0.6660151481628418	modelos de linguagem	
2	220.8000000000004	0.6198604106903076	fortes para	
2	221.76000000000042	0.6635899543762207	propor válvulas.	
2	222.72000000000043	0.6345906257629395	Segundo,	
2	223.68000000000043	0.6937055587768555		
2	224.64000000000044	0.7727334499359131	usamos inferência de linguagem	
2	225.60000000000045	0.6693499088287354		
2	226.56000000000046	0.7402873039245605		
2	227.52000000000046	0.6672492027282715	natural	
2	228.48000000000047	0.8631110191345215	para filtrar	
2	229.44000000000048	0.8906161785125732	válvulas que ainda possam	
2	230.4000000000005	0.7732264995574951	estar descrevendo a	
2	231.3600000000005	0.7828710079193115	imagem, já	
2	232.3200000000005	0.757361888885498	que, ao construir válvulas,	
2	233.2800000000005	0.6112360954284668	precisamos	
2	234.24000000000052	0.8438143730163574	garantir	
2	235.20000000000053	0.5124721527099609	que elas falhem em descrever a imagem.	
2	236.16000000000054	0.6948792934417725		
2	237.12000000000054	0.7303357124328613	Para testar isso	
2	238.08000000000055	0.8168082237243652	automaticamente,	
2	239.04000000000056	0.7161622047424316	aplicamos inferência de linguagem	
2	240.00000000000057	0.5988430976867676	natural com	
2	240.96000000000058	0.5863513946533203		
2	241.92000000000058	0.701284646987915	a seguinte razão.	
2	242.8800000000006	0.5756335258483887	Consideramos	
2	243.8400000000006	0.7258684635162354		
2	244.8000000000006	0.755535364151001	a imagem como	
2	245.76000000000062	0.6643259525299072	premissa e sua	
2	246.72000000000062	0.6674189567565918		
2	247.68000000000063	0.40161943435668945	legenda como hipótese implicada.	
2	248.64000000000064	0.5437161922454834		
2	249.60000000000065	0.7165918350219727	Além disso,	
2	250.56000000000066	0.7582125663757324	consideramos a	
2	251.52000000000066	0.6770036220550537	legenda como	
2	252.48000000000067	0.8402624130249023	premissa e a	
2	253.44000000000068	0.4469771385192871	válvula como sua hipótese.	
2	254.4000000000007	0.5087320804595947		
2	255.3600000000007	0.781404972076416	Se um	
2	256.3200000000007	1.0080604553222656	modelo de inferência de linguagem natural	
2	257.28000000000065	0.7449257373809814	prever que a	
2	258.24000000000063	0.6515367031097412	válvula	
2	259.2000000000006	0.7808740139007568		
2	260.1600000000006	0.8201825618743896	contradiz ou é neutra em relação	
2	261.1200000000006	0.6385843753814697	à legenda,	
2	262.08000000000055	0.6777288913726807	tomamos	
2	263.04000000000053	0.6583175659179688	isso como	
2	264.0000000000005	0.7285492420196533	um indicador	
2	264.9600000000005	0.40035033226013184	de uma válvula válida.	
2	265.92000000000047	0.5982527732849121		
2	266.88000000000045	0.8119606971740723	Se um modelo de	
2	267.84000000000043	0.8903298377990723	inferência de linguagem natural prever	
2	268.8000000000004	0.7982964515686035	que a válvula	
2	269.7600000000004	0.3549642562866211	é implicada pela legenda,	
2	270.72000000000037	0.658860445022583		
2	271.68000000000035	0.8243398666381836	ela não pode ser	
2	272.6400000000003	0.8176789283752441	uma boa válvula,	
2	273.6000000000003	0.7781691551208496	pois, por	
2	274.5600000000003	0.7051129341125488	transitividade, ela	
2	275.52000000000027	0.6673433780670166		
2	276.48000000000025	0.7520411014556885	fornecerá uma descrição verdadeira da	
2	277.4400000000002	0.7393283843994141	imagem e	
2	278.4000000000002	0.6840810775756836	filtramos essas válvulas.	
2	279.3600000000002	0.1563117504119873		
2	280.32000000000016	0.7744228839874268		
2	281.28000000000014	0.7256133556365967	Mas	
2	282.2400000000001	0.8294155597686768	este procedimento não é	
2	283.2000000000001	0.8433091640472412	perfeito; é apenas um	
2	284.1600000000001	0.7154877185821533	indicador	
2	285.12000000000006	0.7887623310089111	de válvulas	
2	286.08000000000004	0.8678791522979736		
2	287.04	0.9780259132385254	válidas. Portanto, como uma terceira medida	
2	288.0	0.8018431663513184	para gerar	
2	288.96	0.8629798889160156	válvulas válidas, empregamos	
2	289.91999999999996	0.7078707218170166	anotadores	
2	290.87999999999994	0.7146222591400146	humanos para	
2	291.8399999999999	0.7778124809265137	validar os	
2	292.7999999999999	0.676851749420166	dados utilizados	
2	293.7599999999999	0.6085855960845947	nas válvulas.	
2	294.71999999999986	0.6698546409606934		
2	295.67999999999984	0.8020370006561279	Assim, após o	
2	296.6399999999998	0.7001678943634033	filtro e a avaliação humana,	
2	297.5999999999998	0.6282198429107666	temos	
2	298.5599999999998	0.6940526962280273		
2	299.51999999999975	0.7609951496124268	tantas instâncias de	
2	300.47999999999973	0.740574836730957	teste como	
2	301.4399999999997	0.6423628330230713	descritas	
2	302.3999999999997	0.7989258766174316	nesta tabela.	
2	303.3599999999997	0.8252077102661133	Observe que	
2	304.31999999999965	0.9045095443725586	a válvula não	
2	305.27999999999963	0.8960423469543457	fornece nenhum dado de treinamento, mas	
2	306.2399999999996	0.6789500713348389	apenas	
2	307.1999999999996	0.67331862449646	dados de	
2	308.15999999999957	0.7095296382904053	teste, pois	
2	309.11999999999955	0.801760196685791		
2	310.07999999999953	0.7510817050933838		
2	311.0399999999995	0.4336254596710205	é um benchmark de teste zero-shot apenas.	
2	311.9999999999995	0.7183794975280762		
2	312.95999999999947	0.7029180526733398	Foi projetado para	
2	313.91999999999945	0.6525208950042725	aproveitar	
2	314.8799999999994	0.6944015026092529	as capacidades	
2	315.8399999999994	0.7695267200469971	existentes de	
2	316.7999999999994	0.7290599346160889	modelos de visão e	
2	317.75999999999937	0.7733492851257324	linguagem após	
2	318.71999999999935	0.34752917289733887	o pré-treinamento.	
2	319.6799999999993	0.650378942489624		
2	320.6399999999993	0.8241884708404541	O ajuste fino	
2	321.5999999999993	0.7632572650909424	permitiria apenas	
2	322.55999999999926	0.8715171813964844	que os modelos explorassem	
2	323.51999999999924	0.8328990936279297	artefatos ou	
2	324.4799999999992	0.6949536800384521	vieses estatísticos	
2	325.4399999999992	0.7419099807739258	nos	
2	326.3999999999992	0.8699431419372559		
2	327.35999999999916	0.9535114765167236	dados. E todos sabemos que esses modelos gostam de	
2	328.31999999999914	0.7853286266326904		
2	329.2799999999991	0.9772768020629883	trapaçar e	
2	330.2399999999991	1.0076115131378174		
2	331.1999999999991	1.059546947479248	tomar atalhos. E, como dissemos, estamos	
2	332.15999999999906	0.7222616672515869	interessados em	
2	333.11999999999904	0.7537992000579834	avaliar quais	
2	334.079999999999	0.8130991458892822	capacidades os modelos de visão e	
2	335.039999999999	0.6307716369628906	linguagem	
2	335.999999999999	0.7585904598236084	possuem	
2	336.95999999999896	0.4004666805267334	após o pré-treinamento.	
2	337.91999999999894	0.5696053504943848		
2	338.8799999999989	0.656317949295044	Experimentamos	
2	339.8399999999989	0.752089262008667	com	
2	340.7999999999989	0.8245096206665039	cinco modelos de visão e	
2	341.75999999999885	0.8172867298126221	linguagem na	
2	342.71999999999883	0.8199703693389893	válvula, a saber,	
2	343.6799999999988	0.6894114017486572		
2	344.6399999999988	0.8356709480285645	Clip,	
2	345.5999999999988	0.9416730403900146		
2	346.55999999999875	1.0757310390472412	AlexMert,	
2	347.51999999999873	0.9125525951385498	Vilbert, Vilbert12in1 e	
2	348.4799999999987	0.8007087707519531		
2	349.4399999999987	0.938408374786377	VisualBirt. Dois	
2	350.39999999999867	0.8081169128417969	de nossos	
2	351.35999999999865	0.8764255046844482	principais métricas de avaliação	
2	352.31999999999863	0.7640039920806885	são a	
2	353.2799999999986	0.7670941352844238	acurácia dos	
2	354.2399999999986	0.8334295749664307	modelos na	
2	355.19999999999857	0.8261778354644775	classificação de	
2	356.15999999999855	0.8484997749328613	pares de imagem-frase em	
2	357.1199999999985	0.696303129196167	legendas e	
2	358.0799999999985	0.7329370975494385	válvulas.	
2	359.0399999999985	0.7365684509277344	Talvez mais	
2	359.99999999999847	0.730771541595459	relevante para este	
2	360.95999999999844	0.7224671840667725	vídeo,	
2	361.9199999999984	0.819692850112915	mostraremos	
2	362.8799999999984	0.8078117370605469		
2	363.8399999999984	1.014678716659546	nossa métrica mais permissiva,	
2	364.79999999999836	0.862189531326294	a acurácia par a	
2	365.75999999999834	0.7658545970916748	par, que mede	
2	366.7199999999983	0.7163429260253906	se	
2	367.6799999999983	0.7864303588867188		
2	368.6399999999983	0.9579794406890869		
2	369.59999999999826	1.0699870586395264	a pontuação de alinhamento entre imagem e frase é	
2	370.55999999999824	0.8703765869140625	maior para o	
2	371.5199999999982	0.7777571678161621	par	
2	372.4799999999982	0.9794974327087402		
2	373.4399999999982	1.0166609287261963		
2	374.39999999999816	1.2187931537628174	"correto de imagem e texto do que para seu par ""válvula""."	
2	375.35999999999814	0.7542078495025635	Para mais	
2	376.3199999999981	0.8751301765441895	métricas e resultados	
2	377.2799999999981	0.7543649673461914	sobre elas,	
2	378.2399999999981	0.7669076919555664	consulte nosso artigo.	
2	379.19999999999806	0.8951363563537598	Os resultados com	
2	380.15999999999804	0.86734938621521	acurácia par a	
2	381.119999999998	0.8953750133514404	par são mostrados	
2	382.079999999998	0.8258593082427979	aqui e são	
2	383.039999999998	0.9758713245391846	consistentes com os	
2	383.99999999999795	0.7969040870666504	resultados	
2	384.95999999999793	0.3789479732513428	obtidos das outras métricas.	
2	385.9199999999979	0.8478906154632568		
2	386.8799999999979	0.8792192935943604	É	
2	387.8399999999979	0.9698681831359863	que	
2	388.79999999999785	1.1203272342681885	o melhor desempenho zero-shot é alcançado pelo	
2	389.75999999999783	0.9279654026031494	Vilbert 12 in	
2	390.7199999999978	0.865919828414917	1, seguido	
2	391.6799999999978	0.925722599029541	pelo	
2	392.63999999999777	0.9992938041687012	Vilbert, Alex	
2	393.59999999999775	0.7935459613800049		
2	394.55999999999773	0.9685242176055908	Clip e, finalmente,	
2	395.5199999999977	0.864046573638916	Visual Bird. É notável como	
2	396.4799999999977	0.7849831581115723	os instrumentos	
2	397.43999999999767	0.7264761924743652	centrados	
2	398.39999999999765	0.8008139133453369	em objetos	
2	399.3599999999976	0.8803231716156006	individuais, como	
2	400.3199999999976	0.8069884777069092	existência e frases	
2	401.2799999999976	0.8844943046569824	nominais,	
2	402.23999999999756	0.8316664695739746		
2	403.19999999999754	1.0762147903442383	são quase resolvidos pelo	
2	404.1599999999975	1.0092499256134033	Vilbert	
2	405.1199999999975	1.0418272018432617	12-in-1, destacando que os	
2	406.0799999999975	0.7413568496704102	modelos são	
2	407.03999999999746	0.7596960067749023	capazes de	
2	407.99999999999744	0.8234784603118896	identificar objetos	
2	408.9599999999974	0.8160760402679443	nomeados e sua	
2	409.9199999999974	0.3076903820037842	presença em imagens.	
2	410.8799999999974	0.7241301536560059		
2	411.83999999999736	0.861579179763794	No entanto, nenhum	
2	412.79999999999734	0.829801082611084	dos elementos	
2	413.7599999999973	0.83298659324646	restantes pode ser	
2	414.7199999999973	0.861851692199707	resolvido confiavelmente em	
2	415.6799999999973	0.9840879440307617		
2	416.63999999999726	0.9574222564697266	"nossas configurações de ""válvula"" adversariais."	
2	417.59999999999724	0.7522697448730469		
2	418.5599999999972	0.9695701599121094	Observamos a	
2	419.5199999999972	1.0208139419555664	partir dos instrumentos de pluralidade e	
2	420.4799999999972	0.8644676208496094	contagem que	
2	421.43999999999716	0.8727443218231201		
2	422.39999999999714	0.9129304885864258	os modelos de visão e linguagem têm	
2	423.3599999999971	0.722174882888794	dificuldade em	
2	424.3199999999971	0.8759844303131104	distinguir referências a	
2	425.2799999999971	0.75225830078125		
2	426.23999999999705	0.8958818912506104	objetos únicos versus	
2	427.19999999999703	0.932042121887207	múltiplos ou	
2	428.159999999997	0.4200315475463867	contá-los em uma imagem.	
2	429.119999999997	0.7136020660400391		
2	430.07999999999697	0.8299310207366943	O elemento de	
2	431.03999999999695	0.8819665908813477	relação mostra que eles	
2	431.99999999999693	0.7880585193634033	têm dificuldades em	
2	432.9599999999969	0.8358378410339355	classificar	
2	433.9199999999969	0.8421487808227539	corretamente	
2	434.87999999999687	0.7863616943359375	uma relação espacial nomeada	
2	435.83999999999685	0.7687091827392578	entre	
2	436.7999999999968	0.8667850494384766	objetos em uma imagem.	
2	437.7599999999968	0.7313363552093506	Eles também têm	
2	438.7199999999968	0.7078583240509033	dificuldade em distinguir	
2	439.67999999999677	0.664421558380127		
2	440.63999999999675	0.7420864105224609	ações e	
2	441.5999999999967	0.7251574993133545	identificar seus	
2	442.5599999999967	0.79398512840271	participantes, mesmo	
2	443.5199999999967	0.8422691822052002	quando	
2	444.47999999999666	0.9329009056091309		
2	445.43999999999664	1.0393571853637695		
2	446.3999999999966	1.104520559310913	apoiados por vieses de plausibilidade, como vemos	
2	447.3599999999966	0.8882253170013428	no elemento de ações.	
2	448.3199999999966	0.9946491718292236	A partir do	
2	449.27999999999656	1.0038964748382568	elemento de co-referência,	
2	450.23999999999654	0.9145708084106445	descobrimos	
2	451.1999999999965	0.8552074432373047	que rastrear múltiplas	
2	452.1599999999965	0.797954797744751	referências ao	
2	453.1199999999965	0.7818803787231445	mesmo objeto em	
2	454.07999999999646	0.8270471096038818	uma imagem usando	
2	455.03999999999644	0.8050923347473145		
2	455.9999999999964	0.903160810470581	pronomes também é	
2	456.9599999999964	0.8429129123687744	difícil para	
2	457.9199999999964	0.8207337856292725	modelos de visão e linguagem.	
2	458.87999999999636	0.8212935924530029	Como	
2	459.83999999999634	0.8654983043670654	um teste de	
2	460.7999999999963	0.9144294261932373	sanidade e porque é um	
2	461.7599999999963	0.8008313179016113	experimento interessante,	
2	462.7199999999963	0.7949151992797852	também	
2	463.67999999999626	0.8783764839172363	avaliamos dois	
2	464.63999999999623	0.8944802284240723	modelos	
2	465.5999999999962	1.0315983295440674	apenas de	
2	466.5599999999962	1.070751667022705		
2	467.5199999999962	0.9868693351745605	texto,	
2	468.47999999999615	1.190636157989502		
2	469.43999999999613	1.511481761932373	GPT-1 e GPT-2, para avaliar se	
2	470.3999999999961	1.0907373428344727	a Válvula é solucionável por esses modelos	
2	471.3599999999961	0.851628303527832		
2	472.31999999999607	0.9471771717071533	unimodais,	
2	473.27999999999605	0.9200189113616943	calculando a	
2	474.23999999999603	0.877004861831665	perplexidade	
2	475.199999999996	0.9484128952026367	da	
2	476.159999999996	1.0569603443145752	legenda correta e padrão, sem imagem	
2	477.11999999999597	0.8085057735443115	aqui, e	
2	478.07999999999595	0.7806923389434814	prevendo a	
2	479.0399999999959	0.8002896308898926	entrada com a	
2	479.9999999999959	0.3006753921508789	menor perplexidade.	
2	480.9599999999959	0.7885591983795166		
2	481.91999999999587	0.9598197937011719	Se a perplexidade for	
2	482.87999999999585	0.8547811508178711	maior para a	
2	483.8399999999958	0.9448316097259521	válvula, tomamos	
2	484.7999999999958	0.8061761856079102	isso como um	
2	485.7599999999958	0.9514739513397217	indicador de	
2	486.71999999999576	0.9941926002502441	que a legenda	
2	487.67999999999574	1.0200085639953613	"""válvula"" pode"	
2	488.6399999999957	0.9811832904815674	sofrer de	
2	489.5999999999957	1.033958911895752	viés de plausibilidade ou	
2	490.5599999999957	0.7742421627044678	outros vieses linguísticos.	
2	491.51999999999566	0.17901849746704102		
2	492.47999999999564	0.7552545070648193		
2	493.4399999999956	0.9231045246124268	E é interessante	
2	494.3999999999956	0.9249188899993896	ver que, em alguns	
2	495.3599999999956	0.8624083995819092	casos,	
2	496.31999999999556	0.8928780555725098		
2	497.27999999999554	1.0176963806152344	os modelos de texto GPT	
2	498.2399999999955	0.8994143009185791	capturaram a	
2	499.1999999999955	0.8446331024169922	plausibilidade do	
2	500.1599999999955	0.9436254501342773	mundo melhor do que	
2	501.11999999999546	0.38523435592651367	os modelos de visão e linguagem.	
2	502.07999999999544	0.17184805870056152		
2	503.0399999999954	0.7933201789855957		
2	503.9999999999954	0.9700016975402832		
2	504.9599999999954	1.0857012271881104		
2	505.91999999999535	1.164473533630371	Portanto, para resumir, a Válvula é um benchmark que	
2	506.87999999999533	0.85160231590271		
2	507.8399999999953	0.9550557136535645		
2	508.7999999999953	1.0947585105895996	usa a lente de construtos linguísticos para	
2	509.7599999999953	0.9039373397827148	ajudar a comunidade a	
2	510.71999999999525	0.8208792209625244	melhorar	
2	511.67999999999523	0.9931564331054688	modelos de visão e	
2	512.6399999999952	0.8363490104675293	linguagem	
2	513.5999999999952	0.9204070568084717		
2	514.5599999999953	0.9667811393737793	testando rigorosamente	
2	515.5199999999953	0.40355753898620605	suas capacidades de ancoragem visual.	
2	516.4799999999954	0.790691614151001		
2	517.4399999999954	0.9459764957427979	Nossos experimentos	
2	518.3999999999954	0.9413483142852783	mostram que	
2	519.3599999999955	0.937720775604248	os modelos de visão e linguagem identificam	
2	520.3199999999955	0.8000895977020264		
2	521.2799999999955	0.9045248031616211	objetos nomeados em sua	
2	522.2399999999956	0.8623514175415039	presença em imagens	
2	523.1999999999956	0.8228716850280762	bem, conforme mostrado	
2	524.1599999999956	0.7792818546295166		
2	525.1199999999957	0.991701602935791	pelo elemento de	
2	526.0799999999957	0.9701783657073975	existência, mas lutam para	
2	527.0399999999958	0.8320212364196777	ancorar sua	
2	527.9999999999958	0.792405366897583		
2	528.9599999999958	0.9581167697906494	interdependência e	
2	529.9199999999959	0.9910585880279541	relações em cenas visuais	
2	530.8799999999959	0.9641005992889404	quando forçados a	
2	531.8399999999959	0.8170084953308105	respeitar	
2	532.799999999996	0.30221033096313477	indicadores linguísticos.	
2	533.759999999996	0.9037678241729736		
2	534.719999999996	0.9843082427978516	Gostaríamos muito de	
2	535.6799999999961	1.0088813304901123	incentivar a comunidade a	
2	536.6399999999961	0.9528930187225342	usar	
2	537.5999999999962	1.036344289779663	a Válvula para medir o	
2	538.5599999999962	0.916313648223877	progresso rumo à	
2	539.5199999999962	0.9689743518829346	ancoragem	
2	540.4799999999963	0.9244236946105957	linguística com	
2	541.4399999999963	0.36859846115112305	modelos de visão e linguagem.	
2	542.3999999999963	0.9544966220855713		
2	543.3599999999964	1.0147068500518799		
2	544.3199999999964	1.1917033195495605	E ainda mais, a Válvula poderia ser usada como	
2	545.2799999999964	0.9454290866851807	uma avaliação	
2	546.2399999999965	0.9874918460845947	indireta de conjuntos de	
2	547.1999999999965	0.9598782062530518	dados,	
2	548.1599999999966	0.9187910556793213	pois os modelos poderiam ser	
2	549.1199999999966	0.8946113586425781	avaliados antes e	
2	550.0799999999966	0.8450760841369629	depois do	
2	551.0399999999967	0.9046969413757324	treinamento ou ajuste	
2	551.9999999999967	0.9647219181060791	fino para ver se	
2	552.9599999999967	0.880990743637085	um conjunto de dados	
2	553.9199999999968	0.8324615955352783	ajuda os	
2	554.8799999999968	0.883129358291626	modelos a	
2	555.8399999999968	0.9262704849243164	melhorar em qualquer um dos	
2	556.7999999999969	0.8876664638519287	aspectos	
2	557.7599999999969	1.086796760559082	testados pela Válvula.	
2	558.719999999997	0.8600039482116699	Se você	
2	559.679999999997	1.065805435180664	tem interesse,	
2	560.639999999997	0.9434294700622559	consulte os dados da	
2	561.5999999999971	1.0071561336517334	Válvula no	
2	562.5599999999971	1.0108859539031982		
2	563.5199999999971	1.1336948871612549	GitHub. E se tiver alguma dúvida, não	
2	564.4799999999972	0.8954846858978271	hesite em entrar em	
2	565.4399999999972	0.2834794521331787	contato conosco.	
2	566.3999999999972	0.16915082931518555		
2	567.3599999999973	0.1782369613647461		
2	567.8079999999973	0.5251302719116211	contato conosco.	
