docid	audio_s	compute_s	generated	deleted
0	1.2	0.040015459060668945		
0	2.4	0.30092477798461914	Bonjour.	
0	3.5999999999999996	0.2853364944458008	tous.	Bonjour.
0	4.8	0.5494990348815918	Bonjour à tous, aujourd'hui je vais présenter nos résultats.	tous.
0	6.0	0.6953814029693604	travail de recherche, Learning to Race.	aujourd'hui je vais présenter nos résultats.
0	7.2	0.9458494186401367	aujourd'hui, je vais présenter notre travail de recherche, raisonner de manière déductive ».	travail de recherche, Learning to Race.
0	8.4	0.8940143585205078	intitulé « Apprendre à raisonner de manière déductive raisonner de manière déductive : résolution de problèmes de type Metro » et	raisonner de manière déductive ».
0	9.6	0.7112936973571777	: de manière déductive : le problème de la résolution de métro comme extracteur de régions complexes ».	raisonner de manière déductive : résolution de problèmes de type Metro » et
0	10.799999999999999	0.6429791450500488	extraction complexe de raisonnement ».	de manière déductive : le problème de la résolution de métro comme extracteur de régions complexes ».
0	11.999999999999998	1.040309190750122	la résolution de problèmes de type Metro comme extraction complexe de raisonnement ». Je suis Alan du laboratoire d'intelligence artificielle de Biden.	extraction complexe de raisonnement ».
0	13.199999999999998	0.982996940612793	Je suis Alan du laboratoire d'intelligence artificielle de laboratoire d'intelligence artificielle de Biden, et il s'agit d'un travail conjoint que nous	extraction complexe de raisonnement ». Je suis Alan du laboratoire d'intelligence artificielle de Biden.
0	14.399999999999997	1.1703121662139893	Biden, et il s'agit d'un travail conjoint du laboratoire d'intelligence artificielle de Biden, et il s'agit d'un travail conjoint avec Thierry de l'Université de l'Université de l'Université de l'Université.	laboratoire d'intelligence artificielle de Biden, et il s'agit d'un travail conjoint que nous
0	15.599999999999996	0.5395395755767822	avec Thierry de l'Université Texas à Austin.	du laboratoire d'intelligence artificielle de Biden, et il s'agit d'un travail conjoint avec Thierry de l'Université de l'Université de l'Université de l'Université.
0	16.799999999999997	0.4972100257873535	du Texas à Biden, et il s'agit d'un travail conjoint avec Thierry de l'Université du Texas à Austin, et nous sommes	Texas à Austin.
0	17.999999999999996	0.46160101890563965	Austin et Weiru de SUDD.	Biden, et il s'agit d'un travail conjoint avec Thierry de l'Université du Texas à Austin, et nous sommes
0	19.199999999999996	0.7709698677062988	s'agit d'un travail conjoint avec Thierry de l'Université du Texas à Austin et Weiru de SUDD. Tout d'abord, je voudrais	
0	20.399999999999995	0.594681978225708	parler de notre motivation.	s'agit d'un travail conjoint avec Thierry de l'Université du Texas à Austin et Weiru de SUDD. Tout d'abord, je voudrais
0	21.599999999999994	0.49254822731018066	motivation pour le raisonnement.	motivation.
0	22.799999999999994	0.6905431747436523	nous montrons ici : un	
0	23.999999999999993	0.3526332378387451	Voici exemple où	nous montrons ici : un
0	25.199999999999992	0.6749780178070068	donc un exemple raisonnement. Voici donc un exemple montrant que le raisonnement en plusieurs étapes est utile.	exemple où
0	26.39999999999999	0.6911802291870117	Cette figure	raisonnement. Voici donc un exemple montrant que le raisonnement en plusieurs étapes est utile.
0	27.59999999999999	0.47664546966552734	PELM.	
0	28.79999999999999	0.4551699161529541	provient papier PELM où	PELM.
0	29.99999999999999	0.5963754653930664	du papier ils effectuent un prompting via	papier PELM où
0	31.19999999999999	0.6649503707885742	PELM, où ils le raisonnement en plusieurs étapes est utile. Cette figure provient du papier PELM, où ils utilisent le prompting pour résoudre le problème de Metro.	ils effectuent un prompting via
0	32.39999999999999	0.5393106937408447	utilisent le prompting pour résoudre le problème de problème de méthode dans un	le raisonnement en plusieurs étapes est utile. Cette figure provient du papier PELM, où ils utilisent le prompting pour résoudre le problème de Metro.
0	33.599999999999994	0.529245138168335	problèmes de type Metro comme extraction complexe de raisonnement ». Je suis Alan du laboratoire d'intelligence artificielle de Biden, et il s'agit d'un travail conjoint avec Thierry de l'Université du Texas à Austin et Weiru de SUDD. Tout d'abord, je voudrais parler de notre motivation pour le raisonnement. Voici donc un exemple montrant que le raisonnement en plusieurs étapes est utile. Cette figure provient du papier PELM, où ils utilisent le prompting pour résoudre le problème de méthode dans un scénario d'apprentissage court.	problème de méthode dans un
0	34.8	0.4934425354003906	scénario d'apprentissage scénario d'apprentissage par quelques exemples.	problèmes de type Metro comme extraction complexe de raisonnement ». Je suis Alan du laboratoire d'intelligence artificielle de Biden, et il s'agit d'un travail conjoint avec Thierry de l'Université du Texas à Austin et Weiru de SUDD. Tout d'abord, je voudrais parler de notre motivation pour le raisonnement. Voici donc un exemple montrant que le raisonnement en plusieurs étapes est utile. Cette figure provient du papier PELM, où ils utilisent le prompting pour résoudre le problème de méthode dans un scénario d'apprentissage court.
0	36.0	0.4323418140411377	plusieurs étapes est utile. Cette figure provient du papier PELM, où ils utilisent le prompting pour résoudre le problème de méthode dans un scénario d'apprentissage court. Du côté NetPen,	scénario d'apprentissage par quelques exemples.
0	37.2	0.6690578460693359	nous pouvons voir que si nous donnons	plusieurs étapes est utile. Cette figure provient du papier PELM, où ils utilisent le prompting pour résoudre le problème de méthode dans un scénario d'apprentissage court. Du côté NetPen,
0	38.400000000000006	0.623732328414917	échantillons avec	donnons
0	39.60000000000001	0.6028430461883545	fournissons exemples contenant uniquement une question et une réponse.	échantillons avec
0	40.80000000000001	0.8338623046875	étapes est utile. Cette figure provient du papier PELM, où ils utilisent le prompting pour résoudre le problème de méthode dans un scénario d'apprentissage court. Du côté NetPen, nous pouvons voir que si nous fournissons des échantillons contenant uniquement des questions et des réponses, nous pourrions ne pas être	exemples contenant uniquement une question et une réponse.
0	42.000000000000014	0.9521839618682861	des échantillons contenant uniquement des questions et des réponses, nous le prompting pour résoudre le problème de méthode dans un scénario d'apprentissage court. Du côté NetPen, nous pouvons voir que si nous fournissons des échantillons contenant uniquement des questions et des réponses, nous pourrons peut-être ne pas obtenir la bonne réponse.	étapes est utile. Cette figure provient du papier PELM, où ils utilisent le prompting pour résoudre le problème de méthode dans un scénario d'apprentissage court. Du côté NetPen, nous pouvons voir que si nous fournissons des échantillons contenant uniquement des questions et des réponses, nous pourrions ne pas être
0	43.20000000000002	0.626755952835083	réponses. Mais si	le prompting pour résoudre le problème de méthode dans un scénario d'apprentissage court. Du côté NetPen, nous pouvons voir que si nous fournissons des échantillons contenant uniquement des questions et des réponses, nous pourrons peut-être ne pas obtenir la bonne réponse.
0	44.40000000000002	0.8708312511444092	fournissons des échantillons contenant uniquement des questions et des réponses, nous pourrons peut-être ne pas obtenir les bonnes réponses. Mais si nous fournissons davantage de raisonnement	réponses. Mais si
0	45.60000000000002	1.030470848083496	pourrons peut-être ne pas obtenir les bonnes réponses. Mais si nous fournissons davantage de le modèle	fournissons des échantillons contenant uniquement des questions et des réponses, nous pourrons peut-être ne pas obtenir les bonnes réponses. Mais si nous fournissons davantage de raisonnement
0	46.800000000000026	0.6091690063476562	descriptions de raisonnement, est capable de prédire	le modèle
0	48.00000000000003	0.5854291915893555	raisonnement, le modèle sera capable de prédire ces descriptions de raisonnement.	est capable de prédire
0	49.20000000000003	0.6412878036499023	et également	raisonnement, le modèle sera capable de prédire ces descriptions de raisonnement.
0	50.400000000000034	0.8403465747833252	est capable de prédire ces descriptions de raisonnement bonnes réponses. Mais si nous fournissons davantage de descriptions de raisonnement, le modèle est capable de prédire ces descriptions de raisonnement et également de faire une prédiction correcte.	et également
0	51.60000000000004	0.46677660942077637	ici.	bonnes réponses. Mais si nous fournissons davantage de descriptions de raisonnement, le modèle est capable de prédire ces descriptions de raisonnement et également de faire une prédiction correcte.
0	52.80000000000004	0.3967607021331787	effectuer une prédiction correcte	ici.
0	54.00000000000004	0.4438786506652832	Il est donc bon d'avoir	
0	55.200000000000045	0.7809009552001953	multistage interprétable.	
0	56.40000000000005	0.6240577697753906	un raisonnement raisonnement, le modèle est capable de prédire ces descriptions de raisonnement et également effectuer une prédiction correcte ici. Il est donc bon d'avoir un raisonnement en plusieurs étapes interprétable en sortie.	multistage interprétable.
0	57.60000000000005	0.6892247200012207	en plusieurs étapes interprétable en sortie, et nous avons également	raisonnement, le modèle est capable de prédire ces descriptions de raisonnement et également effectuer une prédiction correcte ici. Il est donc bon d'avoir un raisonnement en plusieurs étapes interprétable en sortie.
0	58.800000000000054	0.620182991027832	nous fournissons davantage de descriptions de raisonnement, le modèle est capable de prédire ces descriptions de raisonnement et également effectuer une prédiction correcte ici. Il est donc bon d'avoir un raisonnement en plusieurs étapes interprétable en sortie. Nous pensons également à métropolitain.	sortie, et nous avons également
0	60.00000000000006	0.7277183532714844	sortie. Nous pensons également est capable de prédire ces descriptions de raisonnement et également effectuer une prédiction correcte ici. Il est donc bon d'avoir un raisonnement en plusieurs étapes interprétable en sortie. Nous pensons également que le problème de méthode est fort.	nous fournissons davantage de descriptions de raisonnement, le modèle est capable de prédire ces descriptions de raisonnement et également effectuer une prédiction correcte ici. Il est donc bon d'avoir un raisonnement en plusieurs étapes interprétable en sortie. Nous pensons également à métropolitain.
0	61.20000000000006	0.6235032081604004	que le problème de méthode application directe.	est capable de prédire ces descriptions de raisonnement et également effectuer une prédiction correcte ici. Il est donc bon d'avoir un raisonnement en plusieurs étapes interprétable en sortie. Nous pensons également que le problème de méthode est fort.
0	62.40000000000006	0.5943441390991211	constitue une application constitue une application simple pour évaluer certains aspects.	application directe.
0	63.600000000000065	0.6010513305664062	simple pour évaluer raisonnement et également effectuer une prédiction correcte ici. Il est donc bon d'avoir un raisonnement en plusieurs étapes interprétable en sortie. Nous pensons également que le problème de méthode constitue une application simple pour évaluer ce type de raisonnement.	constitue une application simple pour évaluer certains aspects.
0	64.80000000000007	0.5125565528869629	raisonnement et également effectuer une prédiction correcte ici. Il est donc bon d'avoir un raisonnement en plusieurs étapes interprétable en sortie. Nous pensons également que le problème de méthode constitue une application simple pour évaluer de telles capacités de raisonnement.	raisonnement et également effectuer une prédiction correcte ici. Il est donc bon d'avoir un raisonnement en plusieurs étapes interprétable en sortie. Nous pensons également que le problème de méthode constitue une application simple pour évaluer ce type de raisonnement.
0	66.00000000000007	0.37224912643432617		raisonnement et également effectuer une prédiction correcte ici. Il est donc bon d'avoir un raisonnement en plusieurs étapes interprétable en sortie. Nous pensons également que le problème de méthode constitue une application simple pour évaluer de telles capacités de raisonnement.
0	67.20000000000007	0.47246336936950684	Dans notre configuration de problème,	
0	68.40000000000008	0.6572813987731934	donné le graphe	
0	69.60000000000008	0.6610972881317139	étant donné questions, nous devons les résoudre.	donné le graphe
0	70.80000000000008	0.6446681022644043	les questions, nous devons résoudre cette question et obtenir	questions, nous devons les résoudre.
0	72.00000000000009	0.6146934032440186	la valeur numérique.	
0	73.20000000000009	0.4844834804534912	étapes interprétable en sortie. Nous pensons également que le problème de méthode constitue une application simple pour évaluer de telles capacités de raisonnement. Dans notre configuration de problème, étant donné les questions, nous devons résoudre cette question et obtenir les réponses numériques.	la valeur numérique.
0	74.40000000000009	0.6684184074401855	interprétable en sortie. Nous pensons également que le problème de méthode constitue une application simple pour évaluer de telles capacités de raisonnement. Dans notre configuration de problème, étant donné les questions, nous devons résoudre cette question et obtenir le résultat numérique. Dans nos jeux de données	étapes interprétable en sortie. Nous pensons également que le problème de méthode constitue une application simple pour évaluer de telles capacités de raisonnement. Dans notre configuration de problème, étant donné les questions, nous devons résoudre cette question et obtenir les réponses numériques.
0	75.6000000000001	0.7821187973022461	descriptions de raisonnement, le modèle est capable de prédire ces descriptions de raisonnement et également effectuer une prédiction correcte ici. Il est donc bon d'avoir un raisonnement en plusieurs étapes interprétable en sortie. Nous pensons également que le problème de méthode constitue une application simple pour évaluer de telles capacités de raisonnement. Dans notre configuration de problème, étant donné les questions, nous devons résoudre cette question et obtenir les réponses numériques. Dans nos jeux de données, nous sommes également fournis	interprétable en sortie. Nous pensons également que le problème de méthode constitue une application simple pour évaluer de telles capacités de raisonnement. Dans notre configuration de problème, étant donné les questions, nous devons résoudre cette question et obtenir le résultat numérique. Dans nos jeux de données
0	76.8000000000001	1.0401394367218018	le problème de méthode constitue une application simple pour évaluer de telles capacités de raisonnement. Dans notre configuration de problème, étant donné les questions, nous devons résoudre cette question et obtenir les réponses numériques. Dans nos jeux de données, nous sommes également fournis avec l'expression mathématique.	descriptions de raisonnement, le modèle est capable de prédire ces descriptions de raisonnement et également effectuer une prédiction correcte ici. Il est donc bon d'avoir un raisonnement en plusieurs étapes interprétable en sortie. Nous pensons également que le problème de méthode constitue une application simple pour évaluer de telles capacités de raisonnement. Dans notre configuration de problème, étant donné les questions, nous devons résoudre cette question et obtenir les réponses numériques. Dans nos jeux de données, nous sommes également fournis
0	78.0000000000001	0.6910016536712646	avec l'expression l'expression mathématique, qui conduit à	le problème de méthode constitue une application simple pour évaluer de telles capacités de raisonnement. Dans notre configuration de problème, étant donné les questions, nous devons résoudre cette question et obtenir les réponses numériques. Dans nos jeux de données, nous sommes également fournis avec l'expression mathématique.
0	79.2000000000001	0.6250495910644531	mathématique, qui à	l'expression mathématique, qui conduit à
0	80.4000000000001	0.47107768058776855	mène	à
0	81.60000000000011	0.4881901741027832	réponse particulière.	
0	82.80000000000011	0.29103755950927734	la	réponse particulière.
0	84.00000000000011	0.4939143657684326	configuration de problème, étant donné les questions, nous devons résoudre cette question et obtenir les réponses numériques. Dans nos jeux de données, nous sommes également fournis avec l'expression mathématique, qui mène à la réponse particulière. Certaines hypothèses sont	
0	85.20000000000012	0.6997315883636475	s'appliquent également, comme dans	configuration de problème, étant donné les questions, nous devons résoudre cette question et obtenir les réponses numériques. Dans nos jeux de données, nous sommes également fournis avec l'expression mathématique, qui mène à la réponse particulière. Certaines hypothèses sont
0	86.40000000000012	0.8994660377502441	Certains précédents.	s'appliquent également, comme dans
0	87.60000000000012	1.1028163433074951	hypothèses s'appliquent également, comme dans les travaux problème, étant donné les questions, nous devons résoudre cette question et obtenir les réponses numériques. Dans nos jeux de données, nous sommes également fournis avec l'expression mathématique, qui mène à la réponse particulière. Certains hypothèses s'appliquent également, comme dans les travaux précédents. Nous supposons la précision de	précédents.
0	88.80000000000013	0.7646965980529785	Nous supposons nous devons résoudre cette question et obtenir les réponses numériques. Dans nos jeux de données, nous sommes également fournis avec l'expression mathématique, qui mène à la réponse particulière. Certains hypothèses s'appliquent également, comme dans les travaux précédents. Nous supposons que la précision des quantités est connue.	problème, étant donné les questions, nous devons résoudre cette question et obtenir les réponses numériques. Dans nos jeux de données, nous sommes également fournis avec l'expression mathématique, qui mène à la réponse particulière. Certains hypothèses s'appliquent également, comme dans les travaux précédents. Nous supposons la précision de
0	90.00000000000013	0.8209314346313477	que la précision des quantités est de raisonnement. Dans notre configuration de problème, étant donné les questions, nous devons résoudre cette question et obtenir les réponses numériques. Dans nos jeux de données, nous sommes également fournis avec l'expression mathématique, qui mène à la réponse particulière. Certains hypothèses s'appliquent également, comme dans les travaux précédents. Nous supposons que la précision des quantités est connue et nous ne considérons que	nous devons résoudre cette question et obtenir les réponses numériques. Dans nos jeux de données, nous sommes également fournis avec l'expression mathématique, qui mène à la réponse particulière. Certains hypothèses s'appliquent également, comme dans les travaux précédents. Nous supposons que la précision des quantités est connue.
0	91.20000000000013	0.7396869659423828	réponses numériques. Dans nos jeux de données, nous sommes également fournis avec l'expression mathématique, qui mène à la réponse particulière. Certains hypothèses s'appliquent également, comme dans les travaux précédents. Nous supposons que la précision des quantités est connue et nous ne considérons que les opérations de base.	de raisonnement. Dans notre configuration de problème, étant donné les questions, nous devons résoudre cette question et obtenir les réponses numériques. Dans nos jeux de données, nous sommes également fournis avec l'expression mathématique, qui mène à la réponse particulière. Certains hypothèses s'appliquent également, comme dans les travaux précédents. Nous supposons que la précision des quantités est connue et nous ne considérons que
0	92.40000000000013	0.7746219635009766	numériques. Dans nos jeux de données, nous sommes également fournis avec l'expression mathématique, qui mène à la réponse particulière. Certains hypothèses s'appliquent également, comme dans les travaux précédents. Nous supposons que la précision des quantités est connue et nous ne considérons que des opérateurs de base tels que l'addition,	réponses numériques. Dans nos jeux de données, nous sommes également fournis avec l'expression mathématique, qui mène à la réponse particulière. Certains hypothèses s'appliquent également, comme dans les travaux précédents. Nous supposons que la précision des quantités est connue et nous ne considérons que les opérations de base.
0	93.60000000000014	1.0522241592407227	l'addition, la soustraction, la soustraction,	numériques. Dans nos jeux de données, nous sommes également fournis avec l'expression mathématique, qui mène à la réponse particulière. Certains hypothèses s'appliquent également, comme dans les travaux précédents. Nous supposons que la précision des quantités est connue et nous ne considérons que des opérateurs de base tels que l'addition,
0	94.80000000000014	0.6921443939208984	la soustraction, la multiplication et la division.	l'addition, la soustraction, la soustraction,
0	96.00000000000014	0.6948413848876953	division et l'exponentiation.	soustraction, la multiplication et la division.
0	97.20000000000014	0.5027670860290527	multiplication, la	division et l'exponentiation.
0	98.40000000000015	0.6670632362365723	mathématique, qui mène à la réponse particulière. Certains hypothèses s'appliquent également, comme dans les travaux précédents. Nous supposons que la précision des quantités est connue et nous ne considérons que des opérateurs de base tels que l'addition, la soustraction, la multiplication, la division et l'exponentiation. De plus, les opérateurs complexes.	
0	99.60000000000015	0.8104331493377686	De plus, les opérateurs peuvent en fait être	mathématique, qui mène à la réponse particulière. Certains hypothèses s'appliquent également, comme dans les travaux précédents. Nous supposons que la précision des quantités est connue et nous ne considérons que des opérateurs de base tels que l'addition, la soustraction, la multiplication, la division et l'exponentiation. De plus, les opérateurs complexes.
0	100.80000000000015	0.8142170906066895	complexes peuvent en particulière. Certains hypothèses s'appliquent également, comme dans les travaux précédents. Nous supposons que la précision des quantités est connue et nous ne considérons que des opérateurs de base tels que l'addition, la soustraction, la multiplication, la division et l'exponentiation. De plus, les opérateurs complexes peuvent en réalité être décomposés en ceux-ci.	peuvent en fait être
0	102.00000000000016	0.823620080947876	réalité être décomposés en base.	particulière. Certains hypothèses s'appliquent également, comme dans les travaux précédents. Nous supposons que la précision des quantités est connue et nous ne considérons que des opérateurs de base tels que l'addition, la soustraction, la multiplication, la division et l'exponentiation. De plus, les opérateurs complexes peuvent en réalité être décomposés en ceux-ci.
0	103.20000000000016	0.3756906986236572	ces opérateurs de	base.
0	104.40000000000016	0.6447672843933105	dans les travaux précédents. Nous supposons que la précision des quantités est connue et nous ne considérons que des opérateurs de base tels que l'addition, la soustraction, la multiplication, la division et l'exponentiation. De plus, les opérateurs complexes peuvent en réalité être décomposés en ces opérateurs de base. Les travaux précédents sur la méthode	
0	105.60000000000016	0.7920289039611816	Les travaux précédents sur la	dans les travaux précédents. Nous supposons que la précision des quantités est connue et nous ne considérons que des opérateurs de base tels que l'addition, la soustraction, la multiplication, la division et l'exponentiation. De plus, les opérateurs complexes peuvent en réalité être décomposés en ces opérateurs de base. Les travaux précédents sur la méthode
0	106.80000000000017	0.6303369998931885	résolution de problèmes de	
0	108.00000000000017	0.5831220149993896	méthode	
0	109.20000000000017	0.7911972999572754	séquences de	
0	110.40000000000018	1.1019742488861084	séquentiel à séquence et séquence à tremblement.	séquences de
0	111.60000000000018	1.1066646575927734	se catégorisent effectivement en modèles séquence-à-séquence et séquence-à-arbre.	séquentiel à séquence et séquence à tremblement.
0	112.80000000000018	1.0137979984283447	Traditionnellement	
0	114.00000000000018	0.799140214920044	séquence-à-séquence et séquence-à-arbre. Le traditionnel séquence-à-séquence	Traditionnellement
0	115.20000000000019	0.9785702228546143	Le l'exponentiation. De plus, les opérateurs complexes peuvent en réalité être décomposés en ces opérateurs de base. Les travaux précédents sur la résolution de problèmes de méthode se catégorisent effectivement en modèles séquence-à-séquence et séquence-à-arbre. Le modèle traditionnel séquence-à-séquence convertit l'exponentiel	séquence-à-séquence et séquence-à-arbre. Le traditionnel séquence-à-séquence
0	116.40000000000019	1.071563482284546	modèle traditionnel séquence-à-séquence convertit à la réponse particulière. Certains hypothèses s'appliquent également, comme dans les travaux précédents. Nous supposons que la précision des quantités est connue et nous ne considérons que des opérateurs de base tels que l'addition, la soustraction, la multiplication, la division et l'exponentiation. De plus, les opérateurs complexes peuvent en réalité être décomposés en ces opérateurs de base. Les travaux précédents sur la résolution de problèmes de méthode se catégorisent effectivement en modèles séquence-à-séquence et séquence-à-arbre. Le modèle traditionnel séquence-à-séquence convertit l'expression en une séquence spécifique.	l'exponentiation. De plus, les opérateurs complexes peuvent en réalité être décomposés en ces opérateurs de base. Les travaux précédents sur la résolution de problèmes de méthode se catégorisent effectivement en modèles séquence-à-séquence et séquence-à-arbre. Le modèle traditionnel séquence-à-séquence convertit l'exponentiel
0	117.6000000000002	0.8271980285644531	l'expression en une séquence séquence spécifique pour la génération.	à la réponse particulière. Certains hypothèses s'appliquent également, comme dans les travaux précédents. Nous supposons que la précision des quantités est connue et nous ne considérons que des opérateurs de base tels que l'addition, la soustraction, la multiplication, la division et l'exponentiation. De plus, les opérateurs complexes peuvent en réalité être décomposés en ces opérateurs de base. Les travaux précédents sur la résolution de problèmes de méthode se catégorisent effectivement en modèles séquence-à-séquence et séquence-à-arbre. Le modèle traditionnel séquence-à-séquence convertit l'expression en une séquence spécifique.
0	118.8000000000002	0.7904782295227051	spécifique pour la et l'exponentiation. De plus, les opérateurs complexes peuvent en réalité être décomposés en ces opérateurs de base. Les travaux précédents sur la résolution de problèmes de méthode se catégorisent effectivement en modèles séquence-à-séquence et séquence-à-arbre. Le modèle traditionnel séquence-à-séquence convertit l'expression en une séquence spécifique pour la génération, ce qui est assez simple.	séquence spécifique pour la génération.
0	120.0000000000002	0.8271880149841309	génération, facile à implémenter.	et l'exponentiation. De plus, les opérateurs complexes peuvent en réalité être décomposés en ces opérateurs de base. Les travaux précédents sur la résolution de problèmes de méthode se catégorisent effectivement en modèles séquence-à-séquence et séquence-à-arbre. Le modèle traditionnel séquence-à-séquence convertit l'expression en une séquence spécifique pour la génération, ce qui est assez simple.
0	121.2000000000002	0.9041192531585693	peuvent en réalité être décomposés en ces opérateurs de base. Les travaux précédents sur la résolution de problèmes de méthode se catégorisent effectivement en modèles séquence-à-séquence et séquence-à-arbre. Le modèle traditionnel séquence-à-séquence convertit l'expression en une séquence spécifique pour la génération, ce qui est assez facile à implémenter et permet une généralisation.	facile à implémenter.
0	122.4000000000002	0.9409029483795166	ce qui est assez facile à implémenter et généraliser à	peuvent en réalité être décomposés en ces opérateurs de base. Les travaux précédents sur la résolution de problèmes de méthode se catégorisent effectivement en modèles séquence-à-séquence et séquence-à-arbre. Le modèle traditionnel séquence-à-séquence convertit l'expression en une séquence spécifique pour la génération, ce qui est assez facile à implémenter et permet une généralisation.
0	123.60000000000021	0.8431611061096191	il peut complexes peuvent en réalité être décomposés en ces opérateurs de base. Les travaux précédents sur la résolution de problèmes de méthode se catégorisent effectivement en modèles séquence-à-séquence et séquence-à-arbre. Le modèle traditionnel séquence-à-séquence convertit l'expression en une séquence spécifique pour la génération, ce qui est assez facile à implémenter et il peut généraliser à de nombreuses différentes sortes de problèmes.	généraliser à
0	124.80000000000021	0.7543373107910156	de problèmes de méthode se catégorisent effectivement en modèles séquence-à-séquence et séquence-à-arbre. Le modèle traditionnel séquence-à-séquence convertit l'expression en une séquence spécifique pour la génération, ce qui est assez facile à implémenter et il peut généraliser à de nombreux problèmes différents, même compliqués.	complexes peuvent en réalité être décomposés en ces opérateurs de base. Les travaux précédents sur la résolution de problèmes de méthode se catégorisent effectivement en modèles séquence-à-séquence et séquence-à-arbre. Le modèle traditionnel séquence-à-séquence convertit l'expression en une séquence spécifique pour la génération, ce qui est assez facile à implémenter et il peut généraliser à de nombreuses différentes sortes de problèmes.
0	126.00000000000021	0.8136653900146484	nombreux problèmes Le modèle traditionnel séquence-à-séquence convertit l'expression en une séquence spécifique pour la génération, ce qui est assez facile à implémenter et il peut généraliser à de nombreux problèmes différents complexes. Cependant, le bémol	problèmes de méthode se catégorisent effectivement en modèles séquence-à-séquence et séquence-à-arbre. Le modèle traditionnel séquence-à-séquence convertit l'expression en une séquence spécifique pour la génération, ce qui est assez facile à implémenter et il peut généraliser à de nombreux problèmes différents, même compliqués.
0	127.20000000000022	1.018003225326538	différents complexes. Cependant, est connue et nous ne considérons que des opérateurs de base tels que l'addition, la soustraction, la multiplication, la division et l'exponentiation. De plus, les opérateurs complexes peuvent en réalité être décomposés en ces opérateurs de base. Les travaux précédents sur la résolution de problèmes de méthode se catégorisent effectivement en modèles séquence-à-séquence et séquence-à-arbre. Le modèle traditionnel séquence-à-séquence convertit l'expression en une séquence spécifique pour la génération, ce qui est assez facile à implémenter et il peut généraliser à de nombreux problèmes différents complexes. Cependant, les inconvénients de la performance sont en fait	Le modèle traditionnel séquence-à-séquence convertit l'expression en une séquence spécifique pour la génération, ce qui est assez facile à implémenter et il peut généraliser à de nombreux problèmes différents complexes. Cependant, le bémol
0	128.4000000000002	0.8901462554931641		est connue et nous ne considérons que des opérateurs de base tels que l'addition, la soustraction, la multiplication, la division et l'exponentiation. De plus, les opérateurs complexes peuvent en réalité être décomposés en ces opérateurs de base. Les travaux précédents sur la résolution de problèmes de méthode se catégorisent effectivement en modèles séquence-à-séquence et séquence-à-arbre. Le modèle traditionnel séquence-à-séquence convertit l'expression en une séquence spécifique pour la génération, ce qui est assez facile à implémenter et il peut généraliser à de nombreux problèmes différents complexes. Cependant, les inconvénients de la performance sont en fait
0	129.6000000000002	0.690354585647583	base. Les travaux précédents sur la résolution de problèmes de méthode se catégorisent effectivement en modèles séquence-à-séquence et séquence-à-arbre. Le modèle traditionnel séquence-à-séquence convertit l'expression en une séquence spécifique pour la génération, ce qui est assez facile à implémenter et il peut généraliser à de nombreux problèmes différents complexes. Cependant, les inconvénients de la performance sont en fait généralement pas meilleurs que ceux du stress.	
0	130.80000000000018	0.7410573959350586	généralement pas meilleurs que ceux modèle traditionnel séquence-à-séquence convertit l'expression en une séquence spécifique pour la génération, ce qui est assez facile à implémenter et il peut généraliser à de nombreux problèmes différents complexes. Cependant, les inconvénients de la performance sont en fait généralement pas meilleurs que ceux des modèles structurés.	base. Les travaux précédents sur la résolution de problèmes de méthode se catégorisent effectivement en modèles séquence-à-séquence et séquence-à-arbre. Le modèle traditionnel séquence-à-séquence convertit l'expression en une séquence spécifique pour la génération, ce qui est assez facile à implémenter et il peut généraliser à de nombreux problèmes différents complexes. Cependant, les inconvénients de la performance sont en fait généralement pas meilleurs que ceux du stress.
0	132.00000000000017	0.7218849658966064	des modèles modèle traditionnel séquence-à-séquence convertit l'expression en une séquence spécifique pour la génération, ce qui est assez facile à implémenter et il peut généraliser à de nombreux problèmes différents complexes. Cependant, les inconvénients de la performance sont en fait généralement pas meilleurs que ceux des modèles structurés, et il manque de	modèle traditionnel séquence-à-séquence convertit l'expression en une séquence spécifique pour la génération, ce qui est assez facile à implémenter et il peut généraliser à de nombreux problèmes différents complexes. Cependant, les inconvénients de la performance sont en fait généralement pas meilleurs que ceux des modèles structurés.
0	133.20000000000016	0.9416699409484863	structurés, et il manque pour la génération, ce qui est assez facile à implémenter et il peut généraliser à de nombreux problèmes différents complexes. Cependant, les inconvénients de la performance sont en fait généralement pas meilleurs que ceux des modèles structurés, et il manque d'interprétabilité pour la prédiction.	modèle traditionnel séquence-à-séquence convertit l'expression en une séquence spécifique pour la génération, ce qui est assez facile à implémenter et il peut généraliser à de nombreux problèmes différents complexes. Cependant, les inconvénients de la performance sont en fait généralement pas meilleurs que ceux des modèles structurés, et il manque de
0	134.40000000000015	0.4797654151916504		pour la génération, ce qui est assez facile à implémenter et il peut généraliser à de nombreux problèmes différents complexes. Cependant, les inconvénients de la performance sont en fait généralement pas meilleurs que ceux des modèles structurés, et il manque d'interprétabilité pour la prédiction.
0	135.60000000000014	0.6671648025512695	effectivement en modèles séquence-à-séquence et séquence-à-arbre. Le modèle traditionnel séquence-à-séquence convertit l'expression en une séquence spécifique pour la génération, ce qui est assez facile à implémenter et il peut généraliser à de nombreux problèmes différents complexes. Cependant, les inconvénients de la performance sont en fait généralement pas meilleurs que ceux des modèles structurés, et il manque d'interprétabilité pour la prédiction. Mais en réalité, cette direction	
0	136.80000000000013	0.7502763271331787		effectivement en modèles séquence-à-séquence et séquence-à-arbre. Le modèle traditionnel séquence-à-séquence convertit l'expression en une séquence spécifique pour la génération, ce qui est assez facile à implémenter et il peut généraliser à de nombreux problèmes différents complexes. Cependant, les inconvénients de la performance sont en fait généralement pas meilleurs que ceux des modèles structurés, et il manque d'interprétabilité pour la prédiction. Mais en réalité, cette direction
0	138.0000000000001	0.7895073890686035	En réalité, cette direction reste encore très	
0	139.2000000000001	0.6733825206756592	populaire	
0	140.4000000000001	0.6411755084991455	en raison modèle traditionnel séquence-à-séquence convertit l'expression en une séquence spécifique pour la génération, ce qui est assez facile à implémenter et il peut généraliser à de nombreux problèmes différents complexes. Cependant, les inconvénients de la performance sont en fait généralement pas meilleurs que ceux des modèles structurés, et il manque d'interprétabilité pour la prédiction. En réalité, cette direction reste encore très populaire en raison du modèle transformer.	
0	141.60000000000008	0.2873854637145996		modèle traditionnel séquence-à-séquence convertit l'expression en une séquence spécifique pour la génération, ce qui est assez facile à implémenter et il peut généraliser à de nombreux problèmes différents complexes. Cependant, les inconvénients de la performance sont en fait généralement pas meilleurs que ceux des modèles structurés, et il manque d'interprétabilité pour la prédiction. En réalité, cette direction reste encore très populaire en raison du modèle transformer.
0	142.80000000000007	0.6269903182983398	opérateurs de base. Les travaux précédents sur la résolution de problèmes de méthode se catégorisent effectivement en modèles séquence-à-séquence et séquence-à-arbre. Le modèle traditionnel séquence-à-séquence convertit l'expression en une séquence spécifique pour la génération, ce qui est assez facile à implémenter et il peut généraliser à de nombreux problèmes différents complexes. Cependant, les inconvénients de la performance sont en fait généralement pas meilleurs que ceux des modèles structurés, et il manque d'interprétabilité pour la prédiction. En réalité, cette direction reste encore très populaire en raison du modèle transformer. Donc, dans le tribut	
0	144.00000000000006	0.8948647975921631	modèles séquence-à-séquence et séquence-à-arbre. Le modèle traditionnel séquence-à-séquence convertit l'expression en une séquence spécifique pour la génération, ce qui est assez facile à implémenter et il peut généraliser à de nombreux problèmes différents complexes. Cependant, les inconvénients de la performance sont en fait généralement pas meilleurs que ceux des modèles structurés, et il manque d'interprétabilité pour la prédiction. En réalité, cette direction reste encore très populaire en raison du modèle transformer. Dans les modèles basés sur les arbres, nous avons en fait	opérateurs de base. Les travaux précédents sur la résolution de problèmes de méthode se catégorisent effectivement en modèles séquence-à-séquence et séquence-à-arbre. Le modèle traditionnel séquence-à-séquence convertit l'expression en une séquence spécifique pour la génération, ce qui est assez facile à implémenter et il peut généraliser à de nombreux problèmes différents complexes. Cependant, les inconvénients de la performance sont en fait généralement pas meilleurs que ceux des modèles structurés, et il manque d'interprétabilité pour la prédiction. En réalité, cette direction reste encore très populaire en raison du modèle transformer. Donc, dans le tribut
0	145.20000000000005	0.9408273696899414	Dans les modèles basés sur les arbres, nous modèles séquence-à-séquence et séquence-à-arbre. Le modèle traditionnel séquence-à-séquence convertit l'expression en une séquence spécifique pour la génération, ce qui est assez facile à implémenter et il peut généraliser à de nombreux problèmes différents complexes. Cependant, les inconvénients de la performance sont en fait généralement pas meilleurs que ceux des modèles structurés, et il manque d'interprétabilité pour la prédiction. En réalité, cette direction reste encore très populaire en raison du modèle transformer. Dans les modèles basés sur les arbres, nous structurons effectivement cette expression.	modèles séquence-à-séquence et séquence-à-arbre. Le modèle traditionnel séquence-à-séquence convertit l'expression en une séquence spécifique pour la génération, ce qui est assez facile à implémenter et il peut généraliser à de nombreux problèmes différents complexes. Cependant, les inconvénients de la performance sont en fait généralement pas meilleurs que ceux des modèles structurés, et il manque d'interprétabilité pour la prédiction. En réalité, cette direction reste encore très populaire en raison du modèle transformer. Dans les modèles basés sur les arbres, nous avons en fait
0	146.40000000000003	0.77496337890625	structurons effectivement quantités est connue et nous ne considérons que des opérateurs de base tels que l'addition, la soustraction, la multiplication, la division et l'exponentiation. De plus, les opérateurs complexes peuvent en réalité être décomposés en ces opérateurs de base. Les travaux précédents sur la résolution de problèmes de méthode se catégorisent effectivement en modèles séquence-à-séquence et séquence-à-arbre. Le modèle traditionnel séquence-à-séquence convertit l'expression en une séquence spécifique pour la génération, ce qui est assez facile à implémenter et il peut généraliser à de nombreux problèmes différents complexes. Cependant, les inconvénients de la performance sont en fait généralement pas meilleurs que ceux des modèles structurés, et il manque d'interprétabilité pour la prédiction. En réalité, cette direction reste encore très populaire en raison du modèle transformer. Dans les modèles basés sur les arbres, nous structurons effectivement ces expressions sous forme d'arbre.	modèles séquence-à-séquence et séquence-à-arbre. Le modèle traditionnel séquence-à-séquence convertit l'expression en une séquence spécifique pour la génération, ce qui est assez facile à implémenter et il peut généraliser à de nombreux problèmes différents complexes. Cependant, les inconvénients de la performance sont en fait généralement pas meilleurs que ceux des modèles structurés, et il manque d'interprétabilité pour la prédiction. En réalité, cette direction reste encore très populaire en raison du modèle transformer. Dans les modèles basés sur les arbres, nous structurons effectivement cette expression.
0	147.60000000000002	0.8270819187164307	ces expressions sous forme	quantités est connue et nous ne considérons que des opérateurs de base tels que l'addition, la soustraction, la multiplication, la division et l'exponentiation. De plus, les opérateurs complexes peuvent en réalité être décomposés en ces opérateurs de base. Les travaux précédents sur la résolution de problèmes de méthode se catégorisent effectivement en modèles séquence-à-séquence et séquence-à-arbre. Le modèle traditionnel séquence-à-séquence convertit l'expression en une séquence spécifique pour la génération, ce qui est assez facile à implémenter et il peut généraliser à de nombreux problèmes différents complexes. Cependant, les inconvénients de la performance sont en fait généralement pas meilleurs que ceux des modèles structurés, et il manque d'interprétabilité pour la prédiction. En réalité, cette direction reste encore très populaire en raison du modèle transformer. Dans les modèles basés sur les arbres, nous structurons effectivement ces expressions sous forme d'arbre.
0	148.8	0.788372278213501	d'arbre et	
0	150.0	1.028562068939209	suivons une prédiction correcte ici. Il est donc bon d'avoir un raisonnement en plusieurs étapes interprétable en sortie. Nous pensons également que le problème de méthode constitue une application simple pour évaluer de telles capacités de raisonnement. Dans notre configuration de problème, étant donné les questions, nous devons résoudre cette question et obtenir les réponses numériques. Dans nos jeux de données, nous sommes également fournis avec l'expression mathématique, qui mène à la réponse particulière. Certains hypothèses s'appliquent également, comme dans les travaux précédents. Nous supposons que la précision des quantités est connue et nous ne considérons que des opérateurs de base tels que l'addition, la soustraction, la multiplication, la division et l'exponentiation. De plus, les opérateurs complexes peuvent en réalité être décomposés en ces opérateurs de base. Les travaux précédents sur la résolution de problèmes de méthode se catégorisent effectivement en modèles séquence-à-séquence et séquence-à-arbre. Le modèle traditionnel séquence-à-séquence convertit l'expression en une séquence spécifique pour la génération, ce qui est assez facile à implémenter et il peut généraliser à de nombreux problèmes différents complexes. Cependant, les inconvénients de la performance sont en fait généralement pas meilleurs que ceux des modèles structurés, et il manque d'interprétabilité pour la prédiction. En réalité, cette direction reste encore très populaire en raison du modèle transformer. Dans les modèles basés sur les arbres, nous structurons effectivement ces expressions sous forme d'arbre et suivons une traversal en ordre préfixe lors de la génération d'arbre.	
0	151.2	0.9968822002410889	traversal en numériques. Dans nos jeux de données, nous sommes également fournis avec l'expression mathématique, qui mène à la réponse particulière. Certains hypothèses s'appliquent également, comme dans les travaux précédents. Nous supposons que la précision des quantités est connue et nous ne considérons que des opérateurs de base tels que l'addition, la soustraction, la multiplication, la division et l'exponentiation. De plus, les opérateurs complexes peuvent en réalité être décomposés en ces opérateurs de base. Les travaux précédents sur la résolution de problèmes de méthode se catégorisent effectivement en modèles séquence-à-séquence et séquence-à-arbre. Le modèle traditionnel séquence-à-séquence convertit l'expression en une séquence spécifique pour la génération, ce qui est assez facile à implémenter et il peut généraliser à de nombreux problèmes différents complexes. Cependant, les inconvénients de la performance sont en fait généralement pas meilleurs que ceux des modèles structurés, et il manque d'interprétabilité pour la prédiction. En réalité, cette direction reste encore très populaire en raison du modèle transformer. Dans les modèles basés sur les arbres, nous structurons effectivement ces expressions sous forme d'arbre et suivons une traversal en profondeur avant lors de la génération d'arbres. Ici, nous pouvons	prédiction correcte ici. Il est donc bon d'avoir un raisonnement en plusieurs étapes interprétable en sortie. Nous pensons également que le problème de méthode constitue une application simple pour évaluer de telles capacités de raisonnement. Dans notre configuration de problème, étant donné les questions, nous devons résoudre cette question et obtenir les réponses numériques. Dans nos jeux de données, nous sommes également fournis avec l'expression mathématique, qui mène à la réponse particulière. Certains hypothèses s'appliquent également, comme dans les travaux précédents. Nous supposons que la précision des quantités est connue et nous ne considérons que des opérateurs de base tels que l'addition, la soustraction, la multiplication, la division et l'exponentiation. De plus, les opérateurs complexes peuvent en réalité être décomposés en ces opérateurs de base. Les travaux précédents sur la résolution de problèmes de méthode se catégorisent effectivement en modèles séquence-à-séquence et séquence-à-arbre. Le modèle traditionnel séquence-à-séquence convertit l'expression en une séquence spécifique pour la génération, ce qui est assez facile à implémenter et il peut généraliser à de nombreux problèmes différents complexes. Cependant, les inconvénients de la performance sont en fait généralement pas meilleurs que ceux des modèles structurés, et il manque d'interprétabilité pour la prédiction. En réalité, cette direction reste encore très populaire en raison du modèle transformer. Dans les modèles basés sur les arbres, nous structurons effectivement ces expressions sous forme d'arbre et suivons une traversal en ordre préfixe lors de la génération d'arbre.
0	152.39999999999998	1.2235651016235352	profondeur avant lors de la génération d'arbres. Ici, nous	numériques. Dans nos jeux de données, nous sommes également fournis avec l'expression mathématique, qui mène à la réponse particulière. Certains hypothèses s'appliquent également, comme dans les travaux précédents. Nous supposons que la précision des quantités est connue et nous ne considérons que des opérateurs de base tels que l'addition, la soustraction, la multiplication, la division et l'exponentiation. De plus, les opérateurs complexes peuvent en réalité être décomposés en ces opérateurs de base. Les travaux précédents sur la résolution de problèmes de méthode se catégorisent effectivement en modèles séquence-à-séquence et séquence-à-arbre. Le modèle traditionnel séquence-à-séquence convertit l'expression en une séquence spécifique pour la génération, ce qui est assez facile à implémenter et il peut généraliser à de nombreux problèmes différents complexes. Cependant, les inconvénients de la performance sont en fait généralement pas meilleurs que ceux des modèles structurés, et il manque d'interprétabilité pour la prédiction. En réalité, cette direction reste encore très populaire en raison du modèle transformer. Dans les modèles basés sur les arbres, nous structurons effectivement ces expressions sous forme d'arbre et suivons une traversal en profondeur avant lors de la génération d'arbres. Ici, nous pouvons
0	153.59999999999997	0.9934170246124268	continuons à générer étapes interprétable en sortie. Nous pensons également que le problème de méthode constitue une application simple pour évaluer de telles capacités de raisonnement. Dans notre configuration de problème, étant donné les questions, nous devons résoudre cette question et obtenir les réponses numériques. Dans nos jeux de données, nous sommes également fournis avec l'expression mathématique, qui mène à la réponse particulière. Certains hypothèses s'appliquent également, comme dans les travaux précédents. Nous supposons que la précision des quantités est connue et nous ne considérons que des opérateurs de base tels que l'addition, la soustraction, la multiplication, la division et l'exponentiation. De plus, les opérateurs complexes peuvent en réalité être décomposés en ces opérateurs de base. Les travaux précédents sur la résolution de problèmes de méthode se catégorisent effectivement en modèles séquence-à-séquence et séquence-à-arbre. Le modèle traditionnel séquence-à-séquence convertit l'expression en une séquence spécifique pour la génération, ce qui est assez facile à implémenter et il peut généraliser à de nombreux problèmes différents complexes. Cependant, les inconvénients de la performance sont en fait généralement pas meilleurs que ceux des modèles structurés, et il manque d'interprétabilité pour la prédiction. En réalité, cette direction reste encore très populaire en raison du modèle transformer. Dans les modèles basés sur les arbres, nous structurons effectivement ces expressions sous forme d'arbre et suivons une traversal en profondeur avant lors de la génération d'arbres. Ici, nous continuons à générer les opérateurs jusqu'à ce que nous atteignions	
0	154.79999999999995	0.9770095348358154	les opérateurs jusqu'à	étapes interprétable en sortie. Nous pensons également que le problème de méthode constitue une application simple pour évaluer de telles capacités de raisonnement. Dans notre configuration de problème, étant donné les questions, nous devons résoudre cette question et obtenir les réponses numériques. Dans nos jeux de données, nous sommes également fournis avec l'expression mathématique, qui mène à la réponse particulière. Certains hypothèses s'appliquent également, comme dans les travaux précédents. Nous supposons que la précision des quantités est connue et nous ne considérons que des opérateurs de base tels que l'addition, la soustraction, la multiplication, la division et l'exponentiation. De plus, les opérateurs complexes peuvent en réalité être décomposés en ces opérateurs de base. Les travaux précédents sur la résolution de problèmes de méthode se catégorisent effectivement en modèles séquence-à-séquence et séquence-à-arbre. Le modèle traditionnel séquence-à-séquence convertit l'expression en une séquence spécifique pour la génération, ce qui est assez facile à implémenter et il peut généraliser à de nombreux problèmes différents complexes. Cependant, les inconvénients de la performance sont en fait généralement pas meilleurs que ceux des modèles structurés, et il manque d'interprétabilité pour la prédiction. En réalité, cette direction reste encore très populaire en raison du modèle transformer. Dans les modèles basés sur les arbres, nous structurons effectivement ces expressions sous forme d'arbre et suivons une traversal en profondeur avant lors de la génération d'arbres. Ici, nous continuons à générer les opérateurs jusqu'à ce que nous atteignions
0	155.99999999999994	0.4746739864349365	atteindre les feuilles, qui sont les quantités.	
0	157.19999999999993	0.7146995067596436		
0	158.39999999999992	0.7643311023712158	Ici, le bon point est	
0	159.5999999999999	0.7440893650054932	qu'il	
0	160.7999999999999	0.7980611324310303	nous donne effectivement cette	
0	161.9999999999999	0.7581272125244141	structure d'arbre	
0	163.19999999999987	0.620652437210083		
0	164.39999999999986	0.9361331462860107	binaire, mais	
0	165.59999999999985	0.8484869003295898	en fait, c'est assez	
0	166.79999999999984	0.8653151988983154	contre-intuitif car	
0	167.99999999999983	0.8103268146514893	nous générons	
0	169.19999999999982	0.9523298740386963	l'opérateur	
0	170.3999999999998	0.912799596786499	d'abord, puis à la	
0	171.5999999999998	0.7340035438537598	fin, nous générons	
0	172.79999999999978	0.7908661365509033	les quantités.	
0	173.99999999999977	0.6964268684387207		
0	175.19999999999976	0.8445320129394531	La deuxième chose est	
0	176.39999999999975	0.76157546043396	qu'elle contient également	
0	177.59999999999974	0.9523115158081055	certains calculs	
0	178.79999999999973	0.8679039478302002		
0	179.99999999999972	1.113217830657959	répétitifs.	
0	181.1999999999997	1.1479146480560303		
0	182.3999999999997	1.2539608478546143	Ici, si nous regardons cette	
0	183.59999999999968	1.1454477310180664	expression, « a fois trois plus trois », elle est en fait générée deux fois.	
0	184.79999999999967	0.8916606903076172	Mais en	
0	185.99999999999966	0.7879555225372314	fait, nous devrions réutiliser	
0	187.19999999999965	0.2470860481262207	les résultats.	
0	188.39999999999964	0.5828447341918945		
0	189.59999999999962	0.7543413639068604	Dans notre	
0	190.7999999999996	0.6586704254150391	approche proposée, nous voulons résoudre	
0	191.9999999999996	0.6289901733398438		
0	193.1999999999996	0.6481447219848633	ces problèmes	
0	194.39999999999958	0.7846622467041016		
0	195.59999999999957	0.8667709827423096		
0	196.79999999999956	1.1195108890533447		
0	197.99999999999955	1.1132175922393799	d'une manière étape par étape et interprétable. Par exemple, ici, à la deuxième	
0	199.19999999999953	0.6878783702850342	étape,	
0	200.39999999999952	0.6769001483917236	nous pouvons obtenir	
0	201.5999999999995	0.7887735366821289	ce	
0	202.7999999999995	0.7342019081115723	diviseur, qui est 27.	
0	203.9999999999995	0.44701671600341797		
0	205.19999999999948	0.7647905349731445		
0	206.39999999999947	0.8696622848510742	Et nous pouvons également faire référence aux questions	
0	207.59999999999945	0.6509854793548584	originales pour trouver	
0	208.79999999999944	0.7680685520172119		
0	209.99999999999943	0.8854377269744873	les contenus	
0	211.19999999999942	0.8853178024291992	pertinents et dans ces étapes, nous obtenons	
0	212.3999999999994	0.5808041095733643	les diviseurs.	
0	213.5999999999994	0.15938925743103027		
0	214.7999999999994	0.7143609523773193		
0	215.99999999999937	0.8639142513275146	Et ensuite, à cette troisième	
0	217.19999999999936	0.7614800930023193	étape, nous obtenons	
0	218.39999999999935	0.7641005516052246	effectivement le	
0	219.59999999999934	0.8500456809997559	quotient,	
0	220.79999999999933	0.9424934387207031	d'accord, et après ces trois	
0	221.99999999999932	0.8190889358520508	étapes, nous pouvons effectivement	
0	223.1999999999993	0.8124635219573975	réutiliser les résultats de la	
0	224.3999999999993	0.6295411586761475	deuxième étape et ensuite	
0	225.59999999999928	0.5087862014770508	obtenir	
0	226.79999999999927	0.6480722427368164		
0	227.99999999999926	0.7920317649841309	les résultats de la	
0	229.19999999999925	0.7572746276855469	quatrième	
0	230.39999999999924	0.8323101997375488	étape, et enfin, nous pouvons obtenir	
0	231.59999999999923	0.5777616500854492		
0	232.79999999999922	0.584442138671875	les dividendes.	
0	233.9999999999992	0.6930949687957764		
0	235.1999999999992	0.8872454166412354	Ici, nous	
0	236.39999999999918	0.7754228115081787	générons effectivement l'expression	
0	237.59999999999917	0.720287561416626	complète	
0	238.79999999999916	0.7678310871124268	directement plutôt que de générer	
0	239.99999999999915	0.681542158126831		
0	241.19999999999914	0.7516200542449951	un seul opérateur ou quantité.	
0	242.39999999999912	0.6868276596069336	Cela rend	
0	243.5999999999991	0.31929516792297363	le processus plus précis.	
0	244.7999999999991	0.5823976993560791		
0	245.9999999999991	0.7712631225585938	Dans notre	
0	247.19999999999908	0.8864414691925049	système déductif, nous	
0	248.39999999999907	0.874701738357544	commençons d'abord par	
0	249.59999999999906	0.849773645401001	un ensemble de	
0	250.79999999999905	0.8563156127929688	quantités présentées dans	
0	251.99999999999903	0.7385132312774658	les	
0	253.19999999999902	0.8374943733215332	questions, y compris certaines	
0	254.399999999999	0.7130599021911621	constantes, comme	
0	255.599999999999	0.7302548885345459	notre état initial.	
0	256.799999999999	0.7369265556335449		
0	257.999999999999	0.823744535446167	L'expression est représentée par	
0	259.19999999999897	0.28652334213256836	Eij OP.	
0	260.39999999999895	0.7493467330932617		
0	261.59999999999894	0.8400523662567139	où nous effectuons un opérateur depuis	
0	262.79999999999893	0.7714650630950928		
0	263.9999999999989	0.9307148456573486	QI jusqu'à QJ, et	
0	265.1999999999989	0.7686600685119629	telle expression est en fait	
0	266.3999999999989	0.6834151744842529	dirigée.	
0	267.5999999999989	0.7779014110565186	Nous avons également	
0	268.7999999999989	0.7442271709442139	une soustraction	
0	269.99999999999886	0.793917179107666	inverse ici pour représenter	
0	271.19999999999885	0.8609106540679932	la direction opposée.	
0	272.39999999999884	0.8369550704956055	C'est	
0	273.59999999999883	0.7796759605407715	assez similaire à	
0	274.7999999999988	0.9044456481933594	l'extraction de relations.	
0	275.9999999999988	0.780120849609375	Dans un	
0	277.1999999999988	0.9641375541687012	système déductif formel,	
0	278.3999999999988	0.8724813461303711	à l'étape temporelle	
0	279.5999999999988	0.8078739643096924	t, nous appliquons	
0	280.79999999999876	0.9389762878417969	l'opérateur entre	
0	281.99999999999875	0.8016493320465088		
0	283.19999999999874	1.004953145980835	la paire qi et qj, et	
0	284.3999999999987	0.8723559379577637	nous obtenons	
0	285.5999999999987	0.8806493282318115	cette nouvelle expression. Nous	
0	286.7999999999987	0.835559606552124	l'ajoutons à	
0	287.9999999999987	0.8178591728210449	l'état	
0	289.1999999999987	0.45626139640808105	suivant pour devenir une nouvelle quantité.	
0	290.39999999999867	0.7105979919433594		
0	291.59999999999866	0.6829519271850586		
0	292.79999999999865	0.8828396797180176		
0	293.99999999999864	0.9341187477111816	Ces diapositives visualisent effectivement l'évolution	
0	295.1999999999986	0.809370756149292	des	
0	296.3999999999986	0.9954946041107178	états où nous	
0	297.5999999999986	0.8705151081085205	ajoutons continuellement des expressions	
0	298.7999999999986	0.35027503967285156	aux états actuels.	
0	299.9999999999986	0.7435526847839355		
0	301.19999999999857	1.1962110996246338	Dans nos implémentations de	
0	302.39999999999856	1.1407129764556885	modèle, nous utilisons d'abord un modèle	
0	303.59999999999854	0.9734771251678467	de langage pré-entraîné qui peut	
0	304.79999999999853	0.869706392288208	être Bird ou	
0	305.9999999999985	0.8755240440368652	Robot Head, puis nous	
0	307.1999999999985	0.9169411659240723	codons une phrase et ensuite	
0	308.3999999999985	0.8225142955780029	nous obtenons ces	
0	309.5999999999985	0.35224413871765137	représentations de quantités.	
0	310.7999999999985	0.885615348815918		
0	311.99999999999847	1.0124683380126953	Une fois que nous avons obtenu	
0	313.19999999999845	1.0354139804840088	les représentations de quantités, nous pouvons	
0	314.39999999999844	1.0351951122283936	commencer à faire	
0	315.59999999999843	1.0377633571624756	l'inférence. Ici, nous montrons un exemple de	
0	316.7999999999984	0.7191972732543945	Q1	
0	317.9999999999984	0.8238184452056885	pour obtenir la	
0	319.1999999999984	0.9860022068023682	représentation pour Q1	
0	320.3999999999984	0.9195101261138916	divisé par Q2 puis multiplié par	
0	321.5999999999984	0.7202222347259521	Q3.	
0	322.79999999999836	0.762993574142456		
0	323.99999999999835	0.9227888584136963	D'abord, nous obtenons	
0	325.19999999999834	0.8488028049468994	la représentation de paire, qui	
0	326.39999999999833	0.7747845649719238	est essentiellement juste	
0	327.5999999999983	0.8724746704101562	la concaténation	
0	328.7999999999983	0.8777291774749756	entre Q1 et	
0	329.9999999999983	0.9440116882324219	Q2, puis nous appliquons	
0	331.1999999999983	0.8583807945251465	un réseau de propagation	
0	332.3999999999983	0.91387939453125		
0	333.59999999999826	0.912752628326416	avant qui est paramétré par l'opérateur.	
0	334.79999999999825	0.7174274921417236		
0	335.99999999999824	0.9125633239746094	Et enfin, nous obtenons	
0	337.1999999999982	0.9719030857086182	la représentation	
0	338.3999999999982	0.6488480567932129	de l'expression	
0	339.5999999999982	0.9142565727233887	q1 divisé par q2.	
0	340.7999999999982	0.7799453735351562	Mais	
0	341.9999999999982	1.1158835887908936	en	
0	343.19999999999817	1.1966571807861328	pratique,	
0	344.39999999999816	1.2067129611968994	à l'étape d'inférence, nous	
0	345.59999999999815	0.8554856777191162	pourrons peut-être obtenir	
0	346.79999999999814	0.848046064376831	une représentation	
0	347.9999999999981	0.8316707611083984	incorrecte ou une expression	
0	349.1999999999981	0.7516520023345947	incorrecte également.	
0	350.3999999999981	0.8277249336242676		
0	351.5999999999981	0.782935619354248		
0	352.7999999999981	0.9085326194763184	Donc ici, toutes les expressions possibles	
0	353.99999999999807	0.8185300827026367	sont égales à	
0	355.19999999999806	0.8572030067443848	trois fois le nombre	
0	356.39999999999804	0.907555103302002	d'opérateurs.	
0	357.59999999999803	0.7585780620574951		
0	358.799999999998	0.8584549427032471	La bonne chose ici est que	
0	359.999999999998	0.7607717514038086	nous pouvons facilement	
0	361.199999999998	0.7773168087005615	ajouter des contraintes	
0	362.399999999998	0.8553285598754883	pour contrôler cette	
0	363.599999999998	0.9204819202423096	recherche, cet espace de recherche.	
0	364.79999999999797	0.8514595031738281	Par exemple, si	
0	365.99999999999795	0.9337081909179688	cette expression n'est pas	
0	367.19999999999794	0.8026077747344971	autorisée, nous pouvons	
0	368.39999999999793	0.7893049716949463	simplement	
0	369.5999999999979	0.8106567859649658	supprimer cette expression dans notre	
0	370.7999999999979	0.824817419052124	espace de recherche.	
0	371.9999999999979	0.9540517330169678		
0	373.1999999999979	1.1479275226593018		
0	374.3999999999979	1.1019871234893799	À la deuxième étape, nous faisons la même chose, mais la seule différence est que	
0	375.59999999999786	0.5677886009216309		
0	376.79999999999785	0.568882942199707		
0	377.99999999999784	0.9893157482147217		
0	379.19999999999783	0.9728879928588867	nous avons une quantité de plus. Cette quantité	
0	380.3999999999978	0.849435567855835	vient de	
0	381.5999999999978	0.4230220317840576	l'expression calculée précédemment.	
0	382.7999999999978	0.7524197101593018		
0	383.9999999999978	0.7843940258026123		
0	385.1999999999978	0.8890252113342285	Finalement, nous pouvons obtenir	
0	386.39999999999776	0.7614881992340088	cette expression	
0	387.59999999999775	0.7585971355438232	finale	
0	388.79999999999774	0.8550500869750977	q3 fois	
0	389.9999999999977	0.9035913944244385	Q4. Et nous pouvons	
0	391.1999999999977	0.870837926864624	également voir le nombre de	
0	392.3999999999977	0.753913164138794	toutes les expressions	
0	393.5999999999977	0.8256754875183105	possibles est	
0	394.7999999999977	0.8126392364501953	différent de l'étape précédente.	
0	395.99999999999767	0.7232565879821777		
0	397.19999999999766	0.8728225231170654	Donc, cette différence	
0	398.39999999999765	0.9058334827423096	rend difficile l'application	
0	399.59999999999764	0.9442973136901855	de la recherche par faisceau car	
0	400.7999999999976	0.8135013580322266	la distribution de probabilité	
0	401.9999999999976	0.8187844753265381	entre ces deux	
0	403.1999999999976	0.7527320384979248	étapes est	
0	404.3999999999976	0.31464076042175293	déséquilibrée.	
0	405.5999999999976	0.7546546459197998		
0	406.79999999999757	0.9090986251831055		
0	407.99999999999756	1.264772891998291	La procédure d'entraînement est similaire à	
0	409.19999999999754	1.2006683349609375	celle	
0	410.39999999999753	1.3108832836151123	de l'entraînement d'un modèle séquence-à-séquence où nous optimisons	
0	411.5999999999975	0.8610785007476807	la perte à chaque	
0	412.7999999999975	1.0422613620758057	étape	
0	413.9999999999975	1.08894681930542	temporelle, et ici, nous utilisons également	
0	415.1999999999975	0.767143726348877	ce tau pour représenter	
0	416.3999999999975	0.8269398212432861		
0	417.59999999999746	0.8708591461181641	quand nous devrions	
0	418.79999999999745	0.7954831123352051	arrêter	
0	419.99999999999744	0.8429520130157471	ce processus de génération.	
0	421.19999999999743	0.8323869705200195	Et	
0	422.3999999999974	0.9242918491363525	ici, l'espace est	
0	423.5999999999974	0.9229648113250732	différent de	
0	424.7999999999974	0.9712040424346924		
0	425.9999999999974	1.2351162433624268		
0	427.1999999999974	1.440105676651001		
0	428.39999999999736	1.630885362625122	séquence-à-séquence car l'espace est différent à chaque étape temporelle, tandis que dans	
0	429.59999999999735	1.1419358253479004	le modèle traditionnel	
0	430.79999999999734	1.0688316822052002	séquence-à-séquence, c'est le nombre de	
0	431.9999999999973	0.2716794013977051	vocabulaire.	
0	433.1999999999973	0.8651607036590576		
0	434.3999999999973	0.8974368572235107	Et cela permet également	
0	435.5999999999973	0.9408259391784668	d'imposer certaines	
0	436.7999999999973	0.810828447341919	contraintes	
0	437.99999999999727	0.8876223564147949	issues de connaissances antérieures.	
0	439.19999999999726	0.8007097244262695	Nous	
0	440.39999999999725	0.8912458419799805	menons des expériences sur	
0	441.59999999999724	0.9004151821136475	les	
0	442.7999999999972	1.056123971939087		
0	443.9999999999972	1.098747730255127	jeux de données de problèmes de méthode couramment utilisés,	
0	445.1999999999972	0.9580724239349365		
0	446.3999999999972	1.0424714088439941	MAWPS, Math23K,	
0	447.5999999999972	0.354351282119751	MathQA et SWAM.	
0	448.79999999999717	0.8105311393737793		
0	449.99999999999716	0.996934175491333	Et ici, nous	
0	451.19999999999715	0.9787733554840088	montrons brièvement les résultats	
0	452.39999999999714	0.8961348533630371	comparés aux	
0	453.5999999999971	0.8807625770568848	meilleures approches précédentes.	
0	454.7999999999971	0.8461754322052002	Notre meilleure	
0	455.9999999999971	0.8980278968811035		
0	457.1999999999971	0.9529376029968262	variante performante est Roberta Deductive	
0	458.3999999999971	0.9817090034484863		
0	459.59999999999707	1.3174359798431396		
0	460.79999999999706	1.3730695247650146		
0	461.99999999999704	1.487663984298706		
0	463.19999999999703	1.6625206470489502	Reasoner. Et en fait, nous n'utilisons pas de recherche par faisceau, contrairement aux approches évidentes	
0	464.399999999997	0.9561777114868164	utilisant la recherche par faisceau.	
0	465.599999999997	0.8006329536437988		
0	466.799999999997	0.9474978446960449		
0	467.999999999997	1.0335519313812256	D'accord, donc les meilleures approches sont	
0	469.199999999997	0.8862860202789307	souvent	
0	470.39999999999696	0.41762375831604004	des modèles basés sur les arbres.	
0	471.59999999999695	0.17391657829284668		
0	472.79999999999694	0.8413491249084473		
0	473.99999999999693	0.8870420455932617		
0	475.1999999999969	0.9296238422393799	Globalement, notre raisonneur est capable de	
0	476.3999999999969	0.7619509696960449	sélectionner	
0	477.5999999999969	0.7665114402770996		
0	478.7999999999969	0.9409005641937256	significativement surpasser	
0	479.9999999999969	1.068781852722168	ce modèle basé sur les	
0	481.19999999999686	0.8578038215637207	arbres, mais nous pouvons voir	
0	482.39999999999685	0.8011434078216553	le nombre absolu	
0	483.59999999999684	0.8252682685852051	sur	
0	484.7999999999968	0.8970685005187988		
0	485.9999999999968	1.0965678691864014	Math ou SWAM n'est	
0	487.1999999999968	1.051938772201538	pas vraiment élevé. Nous investiguons donc davantage	
0	488.3999999999968	0.8421776294708252	les résultats sur Swamp et	
0	489.5999999999968	0.8392581939697266		
0	490.79999999999677	0.9973878860473633	ce jeu de données est difficile car	
0	491.99999999999676	0.7771530151367188	l'auteur a essayé de	
0	493.19999999999675	0.7301576137542725		
0	494.39999999999674	0.8858323097229004	manuellement ajouter	
0	495.5999999999967	0.9715652465820312	quelque chose pour	
0	496.7999999999967	1.126138687133789	confondre le modèle NLP,	
0	497.9999999999967	1.1269326210021973	tel que l'ajout	
0	499.1999999999967	1.0305759906768799	d'informations d'évaluation et	
0	500.3999999999967	0.8699116706848145	de quantités supplémentaires.	
0	501.59999999999667	0.888390302658081		
0	502.79999999999666	1.037489891052246	Dans nos prédictions, nous trouvons	
0	503.99999999999665	1.0124669075012207		
0	505.19999999999663	1.0216553211212158	que certaines valeurs intermédiaires sont en fait négatives.	
0	506.3999999999966	0.7197480201721191		
0	507.5999999999966	0.841641902923584	Par	
0	508.7999999999966	0.9841351509094238	exemple, dans cette	
0	509.9999999999966	0.973388671875	question, nous demandons	
0	511.1999999999966	1.0192904472351074	combien de pommes Jake	
0	512.3999999999966	0.9429354667663574	a, mais nous	
0	513.5999999999966	1.0008325576782227	avons certaines informations supplémentaires comme	
0	514.7999999999967	0.8989303112030029	17	
0	515.9999999999967	0.989922285079956	peu de points et	
0	517.1999999999967	1.046032428741455	Steven a 8 points,	
0	518.3999999999968	0.9270021915435791	ce qui est totalement	
0	519.5999999999968	0.9222531318664551	irrélévant.	
0	520.7999999999969	0.9468843936920166	Notre modèle fait donc certaines	
0	521.9999999999969	0.8509371280670166	prédictions comme	
0	523.199999999997	0.9083526134490967	ceci, qui	
0	524.399999999997	0.8618748188018799		
0	525.5999999999971	1.012537956237793		
0	526.7999999999971	1.1398224830627441	produit des valeurs négatives, et nous observons	
0	527.9999999999972	0.9203362464904785		
0	529.1999999999972	1.1379127502441406		
0	530.3999999999972	1.0348787307739258	que ces deux	
0	531.5999999999973	0.9992945194244385	représentations ont effectivement des scores similaires.	
0	532.7999999999973	0.9052114486694336	Nous pouvons donc limiter	
0	533.9999999999974	0.9102919101715088	cet espace de	
0	535.1999999999974	0.8749194145202637	recherche en supprimant	
0	536.3999999999975	0.8409574031829834		
0	537.5999999999975	0.9953465461730957	comme ces résultats sont	
0	538.7999999999976	0.943079948425293		
0	539.9999999999976	1.0730013847351074	négatifs, afin que nous puissions	
0	541.1999999999977	0.3661630153656006	rendre la réponse correcte.	
0	542.3999999999977	0.6223411560058594		
0	543.5999999999977	0.6842038631439209		
0	544.7999999999978	0.9197702407836914		
0	545.9999999999978	1.0834062099456787	Et nous trouvons également	
0	547.1999999999979	0.9694931507110596	que cette contrainte améliore	
0	548.3999999999979	0.7607200145721436	considérablement	
0	549.599999999998	0.8174118995666504		
0	550.799999999998	1.0167045593261719	certaines modèles. Par	
0	551.9999999999981	1.0334899425506592	exemple, pour Bird, nous améliorons	
0	553.1999999999981	0.9258036613464355	de sept	
0	554.3999999999982	1.027289628982544	points, et	
0	555.5999999999982	1.1565992832183838	pour le modèle basé sur Roberta, nous	
0	556.7999999999982	0.998408317565918	améliorons en fait de deux points.	
0	557.9999999999983	0.9273257255554199		
0	559.1999999999983	1.0455405712127686	Un meilleur modèle de langage a donc	
0	560.3999999999984	0.982471227645874	une meilleure	
0	561.5999999999984	0.9843289852142334	capacité de compréhension linguistique, ce qui	
0	562.7999999999985	0.8579514026641846		
0	563.9999999999985	1.0790824890136719		
0	565.1999999999986	1.1555101871490479	signifie que le nombre ici est plus élevé pour Roberta et plus	
0	566.3999999999986	1.0849809646606445	faible pour	
0	567.5999999999987	1.1433825492858887		
0	568.7999999999987	1.1139452457427979	Bird.	
0	569.9999999999987	1.2186317443847656		
0	571.1999999999988	1.4162068367004395		
0	572.3999999999988	1.6941845417022705	Nous essayons également d'analyser la difficulté derrière tous ces jeux de données. Nous supposons	
0	573.5999999999989	1.0937728881835938	que le nombre de quantités inutilisées peut être	
0	574.7999999999989	0.9475290775299072	considéré comme	
0	575.999999999999	0.9667797088623047	des informations irrélévantes ici.	
0	577.199999999999	0.8919601440429688	Donc	
0	578.3999999999991	0.9138882160186768	ici, nous pouvons voir que	
0	579.5999999999991	0.7649345397949219	nous avons	
0	580.7999999999992	0.980078935623169	le	
0	581.9999999999992	1.1609559059143066	nombre de pourcentage	
0	583.1999999999992	1.1668918132781982	d'échantillons avec des quantités	
0	584.3999999999993	1.1344408988952637		
0	585.5999999999993	1.1353161334991455		
0	586.7999999999994	1.408031702041626	inutilisées et le jeu de données Swamp a la plus grande portion. Et	
0	587.9999999999994	0.9816083908081055	ici, nous montrons également	
0	589.1999999999995	0.29943323135375977	la performance globale.	
0	590.3999999999995	0.863849401473999		
0	591.5999999999996	1.077235221862793	Pour	
0	592.7999999999996	1.19209623336792	ceux d'entre eux sans quantités inutilisées.	
0	593.9999999999997	0.9714577198028564		
0	595.1999999999997	1.0051076412200928	La performance globale est en fait supérieure	
0	596.3999999999997	0.7451715469360352	à	
0	597.5999999999998	0.8039548397064209		
0	598.7999999999998	1.0281040668487549	la performance globale.	
0	599.9999999999999	1.1133956909179688	Mais avec	
0	601.1999999999999	1.200784683227539	ceux d'entre eux avec des quantités	
0	602.4	1.045858383178711	inutilisées, c'est en fait	
0	603.6	0.8785197734832764	beaucoup pire	
0	604.8000000000001	0.7019212245941162	que	
0	606.0000000000001	0.8262500762939453		
0	607.2000000000002	0.8220024108886719	la performance globale.	
0	608.4000000000002	0.9347431659698486		
0	609.6000000000003	1.0653998851776123	Pour MAWPS, nous	
0	610.8000000000003	1.0259933471679688	n'avons pas vraiment	
0	612.0000000000003	0.9588005542755127	trop de cas de test.	
0	613.2000000000004	0.6770455837249756		
0	614.4000000000004	0.8719267845153809		
0	615.6000000000005	0.8712084293365479	Donc je les ignore simplement.	
0	616.8000000000005	0.8707385063171387		
0	618.0000000000006	1.0961956977844238	Enfin, nous voulons	
0	619.2000000000006	1.024418592453003	montrer	
0	620.4000000000007	1.1714870929718018	l'interprétabilité à travers un	
0	621.6000000000007	0.9922137260437012	exemple de crash et de participation.	
0	622.8000000000008	0.849435567855835	Donc	
0	624.0000000000008	0.905454158782959	ici, notre modèle	
0	625.2000000000008	1.018982172012329	fait	
0	626.4000000000009	0.9117786884307861	effectivement une	
0	627.6000000000009	0.9698770046234131	mauvaise prédiction	
0	628.800000000001	0.9628574848175049	à la première étape.	
0	630.000000000001	0.8580155372619629	Nous pouvons donc	
0	631.2000000000011	0.8650109767913818		
0	632.4000000000011	0.9959821701049805	corrélater cette expression avec	
0	633.6000000000012	0.9035975933074951	la phrase ici.	
0	634.8000000000012	1.0407631397247314		
0	636.0000000000013	1.1762816905975342	D'accord. Nous pensons que cette phrase pourrait	
0	637.2000000000013	0.8009066581726074	tromper le modèle.	
0	638.4000000000013	0.68802809715271		
0	639.6000000000014	0.743739128112793		
0	640.8000000000014	0.9934113025665283	Donc	
0	642.0000000000015	1.015700101852417	ici,	
0	643.2000000000015	1.0300626754760742	planter un autre	
0	644.4000000000016	1.1328423023223877	35 fait que le modèle	
0	645.6000000000016	1.1020550727844238	pense qu'il devrait être	
0	646.8000000000017	1.1121323108673096	un opérateur d'addition.	
0	648.0000000000017	1.0480067729949951	Nous essayons donc de	
0	649.2000000000018	1.0758273601531982	réviser la	
0	650.4000000000018	1.2564105987548828	phrase pour quelque chose comme le nombre de	
0	651.6000000000018	1.1533982753753662	paires d'arbres est	
0	652.8000000000019	1.0518896579742432	de 35	
0	654.0000000000019	1.0043413639068604	moins que les arbres de pommes.	
0	655.200000000002	0.971982479095459		
0	656.400000000002	1.2000212669372559	Nous le faisons pour	
0	657.6000000000021	1.1988773345947266	transmettre une sémantique plus	
0	658.8000000000021	0.9983539581298828	précise afin que le modèle soit capable de faire	
0	660.0000000000022	0.8814473152160645		
0	661.2000000000022	0.9412682056427002	la prédiction correcte.	
0	662.4000000000023	0.8616373538970947	Cette étude	
0	663.6000000000023	0.9100596904754639	montre comment	
0	664.8000000000023	0.9961721897125244		
0	666.0000000000024	1.14119291305542	les prédictions interprétables nous	
0	667.2000000000024	0.9629192352294922	aident à comprendre le	
0	668.4000000000025	0.29795074462890625	comportement du modèle.	
0	669.6000000000025	0.7310647964477539		
0	670.8000000000026	0.9160938262939453		
0	672.0000000000026	1.2233366966247559	Pour conclure notre	
0	673.2000000000027	1.164905071258545	travail, d'abord, notre modèle est en fait	
0	674.4000000000027	1.0015065670013428	assez	
0	675.6000000000028	1.0684731006622314	efficace et nous sommes capables de	
0	676.8000000000028	0.8503451347351074	fournir une interprétation	
0	678.0000000000028	0.9123280048370361		
0	679.2000000000029	1.040470838546753	de la procédure de	
0	680.4000000000029	1.1386218070983887		
0	681.600000000003	1.2545139789581299	résolution. Et nous pouvons facilement incorporer certaines connaissances	
0	682.800000000003	1.0968947410583496	antérieures comme	
0	684.0000000000031	1.0630178451538086		
0	685.2000000000031	1.277242660522461	contraintes, ce qui peut aider à améliorer la performance.	
0	686.4000000000032	1.0464937686920166	Et la dernière chose	
0	687.6000000000032	1.050835132598877	est que le	
0	688.8000000000033	1.1430473327636719	mécanisme sous-jacent ne	
0	690.0000000000033	1.224637746810913	s'applique pas seulement	
0	691.2000000000033	1.3027596473693848	aux tâches de résolution de problèmes de type	
0	692.4000000000034	1.259216547012329	Mapwork, mais aussi à d'autres	
0	693.6000000000034	1.0469226837158203	tâches impliquant un	
0	694.8000000000035	1.072460412979126	raisonnement en plusieurs étapes.	
0	696.0000000000035	1.0183985233306885	Mais nous avons également certaines	
0	697.2000000000036	1.032545804977417	limites.	
0	698.4000000000036	1.1879842281341553	Si nous avons	
0	699.6000000000037	1.2337119579315186	un grand nombre d'opérateurs ou de	
0	700.8000000000037	1.0489683151245117		
0	702.0000000000038	1.04111647605896	contenus ou de constantes, la consommation de	
0	703.2000000000038	0.9209623336791992	mémoire pourrait	
0	704.4000000000038	1.0242345333099365	être assez élevée.	
0	705.6000000000039	0.9191691875457764	Et la deuxième chose	
0	706.8000000000039	1.1021971702575684	est	
0	708.000000000004	1.1936182975769043	que, comme mentionné, parce que	
0	709.200000000004	1.095155954360962	la distribution de probabilité est	
0	710.4000000000041	1.164762258529663	déséquilibrée entre	
0	711.6000000000041	1.1323425769805908	les différentes étapes	
0	712.8000000000042	1.1549403667449951	temporelles,	
0	714.0000000000042	1.2698745727539062		
0	715.2000000000043	1.2071549892425537		
0	716.4000000000043	1.2993783950805664		
0	717.6000000000043	0.730083703994751	il est donc aussi assez difficile d'appliquer la stratégie de recherche par faisceau.	
0	718.8000000000044	0.8823208808898926		
0	720.0000000000044	1.0288708209991455	C'est la fin de	
0	721.2000000000045	1.0567653179168701	la présentation et	
0	722.4000000000045	1.0408129692077637	les questions sont les bienvenues.	
0	723.0229375000046	0.6004128456115723	Merci.	
1	1.2	0.19828343391418457	Bonjour.	
1	2.4	0.391357421875	Bonjour, je m'appelle Antoine.	Bonjour.
1	3.5999999999999996	0.5778484344482422	m'appelle Antoine et je viens de MasterQ.	Antoine.
1	4.8	0.5828850269317627	Antoine et je viens de l'Université de Maastricht.	m'appelle Antoine et je viens de MasterQ.
1	6.0	0.4893605709075928	Je vais présenter mon travail conjoint.	l'Université de Maastricht.
1	7.2	0.5917887687683105	l'Université. Je vais présenter mon travail travail sur John avec Jerry.	Je vais présenter mon travail conjoint.
1	8.4	0.6272320747375488	sur John avec Jerry, qui porte sur de nouveaux ensembles de données.	travail sur John avec Jerry.
1	9.6	0.6557142734527588	un nouveau jeu de données pour les articles statutaires.	de nouveaux ensembles de données.
1	10.799999999999999	0.6329162120819092	récupération d'articles statutaires.	les articles statutaires.
1	11.999999999999998	0.41343116760253906	la	récupération d'articles statutaires.
1	13.199999999999998	0.5331707000732422	Les questions juridiques constituent une partie intégrante des données.	
1	14.399999999999997	0.663945198059082	d'articles statutaires. Les questions juridiques constituent une partie intégrante de la vie de nombreuses personnes.	des données.
1	15.599999999999996	0.407024621963501	juridiques constituent une partie intégrante de la vie de nombreuses personnes.	d'articles statutaires. Les questions juridiques constituent une partie intégrante de la vie de nombreuses personnes.
1	16.799999999999997	0.40489935874938965	de la vie de nombreuses personnes. Cependant, la majorité des citoyens	juridiques constituent une partie intégrante de la vie de nombreuses personnes.
1	17.999999999999996	0.569037675857544	ont très peu ou rien à	de la vie de nombreuses personnes. Cependant, la majorité des citoyens
1	19.199999999999996	0.6052649021148682	connaissances sur leurs droits.	rien à
1	20.399999999999995	0.5743303298950195	pas droits et leurs libertés fondamentales.	connaissances sur leurs droits.
1	21.599999999999994	0.5847311019897461	de connaissances sur leurs droits et personnes. Cependant, la majorité des citoyens ont très peu ou pas de connaissances sur leurs droits et les processus juridiques fondamentaux.	droits et leurs libertés fondamentales.
1	22.799999999999994	0.443645715713501	Par conséquent	personnes. Cependant, la majorité des citoyens ont très peu ou pas de connaissances sur leurs droits et les processus juridiques fondamentaux.
1	23.999999999999993	0.5423240661621094	Cependant, la majorité des citoyens ont très peu ou pas de connaissances sur leurs droits et les processus juridiques fondamentaux. En conséquence, de nombreuses personnes vulnérables	Par conséquent
1	25.199999999999992	0.6255884170532227	En conséquence, de citoyens vulnérables qui ne peuvent pas	Cependant, la majorité des citoyens ont très peu ou pas de connaissances sur leurs droits et les processus juridiques fondamentaux. En conséquence, de nombreuses personnes vulnérables
1	26.39999999999999	0.7755458354949951	nombreux citoyens vulnérables les processus juridiques fondamentaux. En conséquence, de nombreux citoyens vulnérables ne peuvent pas se permettre le coût élevé de l'évaluation.	citoyens vulnérables qui ne peuvent pas
1	27.59999999999999	0.7156879901885986	ne peuvent pas se permettre le coût l'assistance d'un expert juridique.	les processus juridiques fondamentaux. En conséquence, de nombreux citoyens vulnérables ne peuvent pas se permettre le coût élevé de l'évaluation.
1	28.79999999999999	0.6920974254608154	de l'assistance d'un expert vulnérables ne peuvent pas se permettre le coût de l'assistance d'un expert juridique et sont ainsi laissés sans recours.	l'assistance d'un expert juridique.
1	29.99999999999999	0.5337145328521729	juridique et sont ou pas de connaissances sur leurs droits et les processus juridiques fondamentaux. En conséquence, de nombreux citoyens vulnérables ne peuvent pas se permettre le coût de l'assistance d'un expert juridique et sont laissés sans protection, voire pire.	vulnérables ne peuvent pas se permettre le coût de l'assistance d'un expert juridique et sont ainsi laissés sans recours.
1	31.19999999999999	0.4764978885650635	laissés sans protection, voire exploités.	ou pas de connaissances sur leurs droits et les processus juridiques fondamentaux. En conséquence, de nombreux citoyens vulnérables ne peuvent pas se permettre le coût de l'assistance d'un expert juridique et sont laissés sans protection, voire pire.
1	32.39999999999999	0.24654674530029297		
1	33.599999999999994	0.33689308166503906	Notre travail vise à	exploités.
1	34.8	0.6031482219696045	intégrante de la vie de nombreuses personnes. Cependant, la majorité des citoyens ont très peu ou pas de connaissances sur leurs droits et les processus juridiques fondamentaux. En conséquence, de nombreux citoyens vulnérables ne peuvent pas se permettre le coût de l'assistance d'un expert juridique et sont laissés sans protection, voire exploités. Notre travail vise à combler le fossé entre les personnes.	
1	36.0	0.574967622756958	combler le fossé entre les gens et la loi en	intégrante de la vie de nombreuses personnes. Cependant, la majorité des citoyens ont très peu ou pas de connaissances sur leurs droits et les processus juridiques fondamentaux. En conséquence, de nombreux citoyens vulnérables ne peuvent pas se permettre le coût de l'assistance d'un expert juridique et sont laissés sans protection, voire exploités. Notre travail vise à combler le fossé entre les personnes.
1	37.2	0.5418736934661865		gens et la loi en
1	38.400000000000006	0.6680440902709961	système de récupération efficace pour.	
1	39.60000000000001	0.8058786392211914	systèmes de récupération efficaces pour les articles statutaires.	système de récupération efficace pour.
1	40.80000000000001	0.7398476600646973	personnes et la loi en développant des	systèmes de récupération efficaces pour les articles statutaires.
1	42.000000000000014	0.490079402923584	système pourrait fournir un accès gratuit.	
1	43.20000000000002	0.537090539932251	Un tel système pourrait fournir un gratuit.	système pourrait fournir un accès gratuit.
1	44.40000000000002	0.5215508937835693	service service gratuit d'aide juridique professionnelle.	gratuit.
1	45.60000000000002	0.6539826393127441	gratuit d'aide juridique service gratuit d'aide juridique professionnelle pour les humains non qualifiés.	service gratuit d'aide juridique professionnelle.
1	46.800000000000026	0.4316825866699219		service gratuit d'aide juridique professionnelle pour les humains non qualifiés.
1	48.00000000000003	0.39554691314697266	Avant de plonger dans le	
1	49.20000000000003	0.5981583595275879	principale contribution de ce travail,	de plonger dans le
1	50.400000000000034	0.7569289207458496	d'aborder la d'aborder la principale contribution de ce travail, discutons d'abord.	principale contribution de ce travail,
1	51.60000000000004	0.5102717876434326	problème de	d'aborder la principale contribution de ce travail, discutons d'abord.
1	52.80000000000004	0.7826981544494629	décrivons d'abord le statutaires. Un tel système pourrait fournir un service gratuit d'aide juridique professionnelle pour les humains non qualifiés. Avant d'aborder la principale contribution de ce travail, décrivons d'abord le problème de la récupération d'articles statutaires.	problème de
1	54.00000000000004	0.43570733070373535		statutaires. Un tel système pourrait fournir un service gratuit d'aide juridique professionnelle pour les humains non qualifiés. Avant d'aborder la principale contribution de ce travail, décrivons d'abord le problème de la récupération d'articles statutaires.
1	55.200000000000045	0.4394104480743408	question simple.	
1	56.40000000000005	0.6356656551361084	Étant donné une question qualifiés. Avant d'aborder la principale contribution de ce travail, décrivons d'abord le problème de la récupération d'articles statutaires. Étant donné une question simple sur des matières illégales.	question simple.
1	57.60000000000005	0.47230982780456543	simple sur une question juridique, telle que	qualifiés. Avant d'aborder la principale contribution de ce travail, décrivons d'abord le problème de la récupération d'articles statutaires. Étant donné une question simple sur des matières illégales.
1	58.800000000000054	0.7590951919555664	Que risquerais-je si je »	
1	60.00000000000006	0.7393162250518799	d'aborder la principale contribution de ce travail, décrivons d'abord le problème de la récupération d'articles statutaires. Étant donné une question simple sur une question juridique, telle que : « Que risquerais-je si je viole la profession ? »	Que risquerais-je si je »
1	61.20000000000006	0.8845968246459961	: « Que risquerais-je si je viole la confidentialité professionnelle ? »	d'aborder la principale contribution de ce travail, décrivons d'abord le problème de la récupération d'articles statutaires. Étant donné une question simple sur une question juridique, telle que : « Que risquerais-je si je viole la profession ? »
1	62.40000000000006	0.5904836654663086	travail, décrivons d'abord le problème de la récupération d'articles statutaires. Étant donné une question simple sur une question juridique, telle que : « Que risquerais-je si je viole la confidentialité professionnelle ? », un modèle est	»
1	63.600000000000065	0.4704160690307617	Un tel système pourrait fournir un service gratuit d'aide juridique professionnelle pour les humains non qualifiés. Avant d'aborder la principale contribution de ce travail, décrivons d'abord le problème de la récupération d'articles statutaires. Étant donné une question simple sur une question juridique, telle que : « Que risquerais-je si je viole la confidentialité professionnelle ? », un modèle est requis pour récupérer	travail, décrivons d'abord le problème de la récupération d'articles statutaires. Étant donné une question simple sur une question juridique, telle que : « Que risquerais-je si je viole la confidentialité professionnelle ? », un modèle est
1	64.80000000000007	0.612229585647583	statutaires. Étant donné une question simple sur une question juridique, telle que : « Que risquerais-je si je viole la confidentialité professionnelle ? », un modèle est requis pour récupérer tous les articles statutaires pertinents.	Un tel système pourrait fournir un service gratuit d'aide juridique professionnelle pour les humains non qualifiés. Avant d'aborder la principale contribution de ce travail, décrivons d'abord le problème de la récupération d'articles statutaires. Étant donné une question simple sur une question juridique, telle que : « Que risquerais-je si je viole la confidentialité professionnelle ? », un modèle est requis pour récupérer
1	66.00000000000007	0.6371657848358154	tous les articles statutaires articles statutaires pertinents à partir d'un	statutaires. Étant donné une question simple sur une question juridique, telle que : « Que risquerais-je si je viole la confidentialité professionnelle ? », un modèle est requis pour récupérer tous les articles statutaires pertinents.
1	67.20000000000007	0.6871204376220703	de la récupération d'articles statutaires. Étant donné une question simple sur une question juridique, telle que : « Que risquerais-je si je viole la confidentialité professionnelle ? », un modèle est requis pour récupérer tous les articles statutaires pertinents à partir d'un grand corpus législatif.	articles statutaires pertinents à partir d'un
1	68.40000000000008	0.4859297275543213	d'articles statutaires. Étant donné une question simple sur une question juridique, telle que : « Que risquerais-je si je viole la confidentialité professionnelle ? », un modèle est requis pour récupérer tous les articles statutaires pertinents à partir d'un vaste corpus législatif.	de la récupération d'articles statutaires. Étant donné une question simple sur une question juridique, telle que : « Que risquerais-je si je viole la confidentialité professionnelle ? », un modèle est requis pour récupérer tous les articles statutaires pertinents à partir d'un grand corpus législatif.
1	69.60000000000008	0.7879841327667236	Cette tâche de récupération d'information.	d'articles statutaires. Étant donné une question simple sur une question juridique, telle que : « Que risquerais-je si je viole la confidentialité professionnelle ? », un modèle est requis pour récupérer tous les articles statutaires pertinents à partir d'un vaste corpus législatif.
1	70.80000000000008	0.690540075302124	tâche de récupération d'information s'accompagne de	d'information.
1	72.00000000000009	0.5305187702178955	d'information son propre ensemble de	tâche de récupération d'information s'accompagne de
1	73.20000000000009	0.4825918674468994	comporte défis.	son propre ensemble de
1	74.40000000000009	0.5039598941802979	Premièrement, elle traite	
1	75.6000000000001	0.5780186653137207	deux types de	
1	76.8000000000001	0.5320568084716797	corpus législatif. Cette tâche de récupération d'information comporte son propre ensemble de défis. Premièrement, elle traite de deux types de langage.	deux types de
1	78.0000000000001	0.5563852787017822	naturel courant.	corpus législatif. Cette tâche de récupération d'information comporte son propre ensemble de défis. Premièrement, elle traite de deux types de langage.
1	79.2000000000001	0.6346185207366943	langage : le langage naturel la confidentialité professionnelle ? », un modèle est requis pour récupérer tous les articles statutaires pertinents à partir d'un vaste corpus législatif. Cette tâche de récupération d'information comporte son propre ensemble de défis. Premièrement, elle traite de deux types de langage : le langage naturel courant pour les questions.	naturel courant.
1	80.4000000000001	0.641211748123169	courant pour les questions, et le langage complexe	la confidentialité professionnelle ? », un modèle est requis pour récupérer tous les articles statutaires pertinents à partir d'un vaste corpus législatif. Cette tâche de récupération d'information comporte son propre ensemble de défis. Premièrement, elle traite de deux types de langage : le langage naturel courant pour les questions.
1	81.60000000000011	0.6502618789672852	juridique complexe pour le statut.	questions, et le langage complexe
1	82.80000000000011	0.6889398097991943	questions et le langage juridique complexe pour statuts.	juridique complexe pour le statut.
1	84.00000000000011	0.5479729175567627	les Cette différence est	statuts.
1	85.20000000000012	0.5830307006835938	dans la distribution du langage.	est
1	86.40000000000012	0.5853579044342041	pertinents à partir d'un vaste corpus législatif. Cette tâche de récupération d'information comporte son propre ensemble de défis. Premièrement, elle traite de deux types de langage : le langage naturel courant pour les questions et le langage juridique complexe pour les statuts. Cette différence dans la distribution du langage rend plus difficile	langage.
1	87.60000000000012	0.5778696537017822	un système	pertinents à partir d'un vaste corpus législatif. Cette tâche de récupération d'information comporte son propre ensemble de défis. Premièrement, elle traite de deux types de langage : le langage naturel courant pour les questions et le langage juridique complexe pour les statuts. Cette différence dans la distribution du langage rend plus difficile
1	88.80000000000013	0.6851208209991455	pour récupération d'information comporte son propre ensemble de défis. Premièrement, elle traite de deux types de langage : le langage naturel courant pour les questions et le langage juridique complexe pour les statuts. Cette différence dans la distribution du langage rend plus difficile pour un système de récupérer des candidats pertinents.	un système
1	90.00000000000013	0.6356201171875	de récupérer des candidats candidats pertinents, car il	récupération d'information comporte son propre ensemble de défis. Premièrement, elle traite de deux types de langage : le langage naturel courant pour les questions et le langage juridique complexe pour les statuts. Cette différence dans la distribution du langage rend plus difficile pour un système de récupérer des candidats pertinents.
1	91.20000000000013	0.5841553211212158	pertinents, car Premièrement, elle traite de deux types de langage : le langage naturel courant pour les questions et le langage juridique complexe pour les statuts. Cette différence dans la distribution du langage rend plus difficile pour un système de récupérer des candidats pertinents, car cela nécessite indirectement	candidats pertinents, car il
1	92.40000000000013	0.6175026893615723	ensemble de défis. Premièrement, elle traite de deux types de langage : le langage naturel courant pour les questions et le langage juridique complexe pour les statuts. Cette différence dans la distribution du langage rend plus difficile pour un système de récupérer des candidats pertinents, car cela nécessite indirectement une compréhension inhérente	Premièrement, elle traite de deux types de langage : le langage naturel courant pour les questions et le langage juridique complexe pour les statuts. Cette différence dans la distribution du langage rend plus difficile pour un système de récupérer des candidats pertinents, car cela nécessite indirectement
1	93.60000000000014	0.6510806083679199	ensemble de défis. Premièrement, elle traite de deux types de langage : le langage naturel courant pour les questions et le langage juridique complexe pour les statuts. Cette différence dans la distribution du langage rend plus difficile pour un système de récupérer des candidats pertinents, car cela nécessite indirectement un système d'interprétation inhérent.	ensemble de défis. Premièrement, elle traite de deux types de langage : le langage naturel courant pour les questions et le langage juridique complexe pour les statuts. Cette différence dans la distribution du langage rend plus difficile pour un système de récupérer des candidats pertinents, car cela nécessite indirectement une compréhension inhérente
1	94.80000000000014	0.8109376430511475	un système d'interprétation système d'interprétation inhérent capable de négocier.	ensemble de défis. Premièrement, elle traite de deux types de langage : le langage naturel courant pour les questions et le langage juridique complexe pour les statuts. Cette différence dans la distribution du langage rend plus difficile pour un système de récupérer des candidats pertinents, car cela nécessite indirectement un système d'interprétation inhérent.
1	96.00000000000014	0.7108440399169922	inhérent capable de traduire un langage naturel.	système d'interprétation inhérent capable de négocier.
1	97.20000000000014	0.5619800090789795	question naturelle en	un langage naturel.
1	98.40000000000015	0.6017341613769531	une	question naturelle en
1	99.60000000000015	0.734849214553833	question de défis. Premièrement, elle traite de deux types de langage : le langage naturel courant pour les questions et le langage juridique complexe pour les statuts. Cette différence dans la distribution du langage rend plus difficile pour un système de récupérer des candidats pertinents, car cela nécessite indirectement un système d'interprétation inhérent capable de traduire une question naturelle en une question juridique qui correspond à la terminologie du monde.	
1	100.80000000000015	0.6933324337005615	juridique qui correspond à la terminologie statuts. Cette différence dans la distribution du langage rend plus difficile pour un système de récupérer des candidats pertinents, car cela nécessite indirectement un système d'interprétation inhérent capable de traduire une question naturelle en une question juridique qui correspond à la terminologie des statuts.	de défis. Premièrement, elle traite de deux types de langage : le langage naturel courant pour les questions et le langage juridique complexe pour les statuts. Cette différence dans la distribution du langage rend plus difficile pour un système de récupérer des candidats pertinents, car cela nécessite indirectement un système d'interprétation inhérent capable de traduire une question naturelle en une question juridique qui correspond à la terminologie du monde.
1	102.00000000000016	0.5675404071807861	De plus,	statuts. Cette différence dans la distribution du langage rend plus difficile pour un système de récupérer des candidats pertinents, car cela nécessite indirectement un système d'interprétation inhérent capable de traduire une question naturelle en une question juridique qui correspond à la terminologie des statuts.
1	103.20000000000016	0.706329345703125	statutaire n'est pas	
1	104.40000000000016	0.8734641075134277	le droit de récupérer des candidats pertinents, car cela nécessite indirectement un système d'interprétation inhérent capable de traduire une question naturelle en une question juridique qui correspond à la terminologie des statuts. De plus, le droit statutaire n'est pas une pile d'éléments indépendants.	statutaire n'est pas
1	105.60000000000016	0.7091875076293945	une pile être	de récupérer des candidats pertinents, car cela nécessite indirectement un système d'interprétation inhérent capable de traduire une question naturelle en une question juridique qui correspond à la terminologie des statuts. De plus, le droit statutaire n'est pas une pile d'éléments indépendants.
1	106.80000000000017	0.8513379096984863	d'articles indépendants qui peuvent peuvent être traités comme un ensemble complet.	être
1	108.00000000000017	0.7081971168518066	traités comme d'articles statutaires. Les questions juridiques constituent une partie intégrante de la vie de nombreuses personnes. Cependant, la majorité des citoyens ont très peu ou pas de connaissances sur leurs droits et les processus juridiques fondamentaux. En conséquence, de nombreux citoyens vulnérables ne peuvent pas se permettre le coût de l'assistance d'un expert juridique et sont laissés sans protection, voire exploités. Notre travail vise à combler le fossé entre les personnes et la loi en développant des systèmes de récupération efficaces pour les articles statutaires. Un tel système pourrait fournir un service gratuit d'aide juridique professionnelle pour les humains non qualifiés. Avant d'aborder la principale contribution de ce travail, décrivons d'abord le problème de la récupération d'articles statutaires. Étant donné une question simple sur une question juridique, telle que : « Que risquerais-je si je viole la confidentialité professionnelle ? », un modèle est requis pour récupérer tous les articles statutaires pertinents à partir d'un vaste corpus législatif. Cette tâche de récupération d'information comporte son propre ensemble de défis. Premièrement, elle traite de deux types de langage : le langage naturel courant pour les questions et le langage juridique complexe pour les statuts. Cette différence dans la distribution du langage rend plus difficile pour un système de récupérer des candidats pertinents, car cela nécessite indirectement un système d'interprétation inhérent capable de traduire une question naturelle en une question juridique qui correspond à la terminologie des statuts. De plus, le droit statutaire n'est pas une pile d'articles indépendants qui peuvent être traités comme une source complète d'informations sur le	peuvent être traités comme un ensemble complet.
1	109.20000000000017	0.8707911968231201	une source New	d'articles statutaires. Les questions juridiques constituent une partie intégrante de la vie de nombreuses personnes. Cependant, la majorité des citoyens ont très peu ou pas de connaissances sur leurs droits et les processus juridiques fondamentaux. En conséquence, de nombreux citoyens vulnérables ne peuvent pas se permettre le coût de l'assistance d'un expert juridique et sont laissés sans protection, voire exploités. Notre travail vise à combler le fossé entre les personnes et la loi en développant des systèmes de récupération efficaces pour les articles statutaires. Un tel système pourrait fournir un service gratuit d'aide juridique professionnelle pour les humains non qualifiés. Avant d'aborder la principale contribution de ce travail, décrivons d'abord le problème de la récupération d'articles statutaires. Étant donné une question simple sur une question juridique, telle que : « Que risquerais-je si je viole la confidentialité professionnelle ? », un modèle est requis pour récupérer tous les articles statutaires pertinents à partir d'un vaste corpus législatif. Cette tâche de récupération d'information comporte son propre ensemble de défis. Premièrement, elle traite de deux types de langage : le langage naturel courant pour les questions et le langage juridique complexe pour les statuts. Cette différence dans la distribution du langage rend plus difficile pour un système de récupérer des candidats pertinents, car cela nécessite indirectement un système d'interprétation inhérent capable de traduire une question naturelle en une question juridique qui correspond à la terminologie des statuts. De plus, le droit statutaire n'est pas une pile d'articles indépendants qui peuvent être traités comme une source complète d'informations sur le
1	110.40000000000018	1.0305945873260498	d'information complète en pour un système de récupérer des candidats pertinents, car cela nécessite indirectement un système d'interprétation inhérent capable de traduire une question naturelle en une question juridique qui correspond à la terminologie des statuts. De plus, le droit statutaire n'est pas une pile d'articles indépendants qui peuvent être traités comme une source d'information complète en eux-mêmes, contrairement aux actualités ou aux recettes par exemple.	New
1	111.60000000000018	0.9023659229278564	eux-mêmes, contrairement aux actualités ou aux candidats pertinents, car cela nécessite indirectement un système d'interprétation inhérent capable de traduire une question naturelle en une question juridique qui correspond à la terminologie des statuts. De plus, le droit statutaire n'est pas une pile d'articles indépendants qui peuvent être traités comme une source d'information complète en eux-mêmes, contrairement aux actualités ou aux recettes, par exemple.	pour un système de récupérer des candidats pertinents, car cela nécessite indirectement un système d'interprétation inhérent capable de traduire une question naturelle en une question juridique qui correspond à la terminologie des statuts. De plus, le droit statutaire n'est pas une pile d'articles indépendants qui peuvent être traités comme une source d'information complète en eux-mêmes, contrairement aux actualités ou aux recettes par exemple.
1	112.80000000000018	0.796201229095459	cela nécessite indirectement un système d'interprétation inhérent capable de traduire une question naturelle en une question juridique qui correspond à la terminologie des statuts. De plus, le droit statutaire n'est pas une pile d'articles indépendants qui peuvent être traités comme une source d'information complète en eux-mêmes, contrairement aux actualités ou aux recettes, par exemple. Au contraire, c'est une structure	candidats pertinents, car cela nécessite indirectement un système d'interprétation inhérent capable de traduire une question naturelle en une question juridique qui correspond à la terminologie des statuts. De plus, le droit statutaire n'est pas une pile d'articles indépendants qui peuvent être traités comme une source d'information complète en eux-mêmes, contrairement aux actualités ou aux recettes, par exemple.
1	114.00000000000018	0.7595019340515137	Au contraire, c'est une de défis. Premièrement, elle traite de deux types de langage : le langage naturel courant pour les questions et le langage juridique complexe pour les statuts. Cette différence dans la distribution du langage rend plus difficile pour un système de récupérer des candidats pertinents, car cela nécessite indirectement un système d'interprétation inhérent capable de traduire une question naturelle en une question juridique qui correspond à la terminologie des statuts. De plus, le droit statutaire n'est pas une pile d'articles indépendants qui peuvent être traités comme une source d'information complète en eux-mêmes, contrairement aux actualités ou aux recettes, par exemple. Au contraire, c'est une collection structurée de lois.	cela nécessite indirectement un système d'interprétation inhérent capable de traduire une question naturelle en une question juridique qui correspond à la terminologie des statuts. De plus, le droit statutaire n'est pas une pile d'articles indépendants qui peuvent être traités comme une source d'information complète en eux-mêmes, contrairement aux actualités ou aux recettes, par exemple. Au contraire, c'est une structure
1	115.20000000000019	0.6333842277526855	collection structurée de statuts. De plus, le droit statutaire n'est pas une pile d'articles indépendants qui peuvent être traités comme une source d'information complète en eux-mêmes, contrairement aux actualités ou aux recettes, par exemple. Au contraire, c'est une collection structurée de dispositions juridiques qui ont	de défis. Premièrement, elle traite de deux types de langage : le langage naturel courant pour les questions et le langage juridique complexe pour les statuts. Cette différence dans la distribution du langage rend plus difficile pour un système de récupérer des candidats pertinents, car cela nécessite indirectement un système d'interprétation inhérent capable de traduire une question naturelle en une question juridique qui correspond à la terminologie des statuts. De plus, le droit statutaire n'est pas une pile d'articles indépendants qui peuvent être traités comme une source d'information complète en eux-mêmes, contrairement aux actualités ou aux recettes, par exemple. Au contraire, c'est une collection structurée de lois.
1	116.40000000000019	0.9745140075683594	dispositions juridiques qui capable de traduire une question naturelle en une question juridique qui correspond à la terminologie des statuts. De plus, le droit statutaire n'est pas une pile d'articles indépendants qui peuvent être traités comme une source d'information complète en eux-mêmes, contrairement aux actualités ou aux recettes, par exemple. Au contraire, c'est une collection structurée de dispositions juridiques qui n'ont un sens complet que lorsqu'elles sont considérées ensemble.	statuts. De plus, le droit statutaire n'est pas une pile d'articles indépendants qui peuvent être traités comme une source d'information complète en eux-mêmes, contrairement aux actualités ou aux recettes, par exemple. Au contraire, c'est une collection structurée de dispositions juridiques qui ont
1	117.6000000000002	0.9581828117370605	n'ont un sens complet que lorsqu'elles sont considérées en une question juridique qui correspond à la terminologie des statuts. De plus, le droit statutaire n'est pas une pile d'articles indépendants qui peuvent être traités comme une source d'information complète en eux-mêmes, contrairement aux actualités ou aux recettes, par exemple. Au contraire, c'est une collection structurée de dispositions juridiques qui n'ont un sens complet que lorsqu'elles sont considérées dans l'ordre.	capable de traduire une question naturelle en une question juridique qui correspond à la terminologie des statuts. De plus, le droit statutaire n'est pas une pile d'articles indépendants qui peuvent être traités comme une source d'information complète en eux-mêmes, contrairement aux actualités ou aux recettes, par exemple. Au contraire, c'est une collection structurée de dispositions juridiques qui n'ont un sens complet que lorsqu'elles sont considérées ensemble.
1	118.8000000000002	0.5594542026519775	dans global.	en une question juridique qui correspond à la terminologie des statuts. De plus, le droit statutaire n'est pas une pile d'articles indépendants qui peuvent être traités comme une source d'information complète en eux-mêmes, contrairement aux actualités ou aux recettes, par exemple. Au contraire, c'est une collection structurée de dispositions juridiques qui n'ont un sens complet que lorsqu'elles sont considérées dans l'ordre.
1	120.0000000000002	0.8780732154846191	leur contexte ensemble avec le	global.
1	121.2000000000002	0.9378817081451416	C'est-à-dire, complémentaires.	ensemble avec le
1	122.4000000000002	0.7861459255218506	le droit statutaire n'est pas une pile d'articles indépendants qui peuvent être traités comme une source d'information complète en eux-mêmes, contrairement aux actualités ou aux recettes, par exemple. Au contraire, c'est une collection structurée de dispositions juridiques qui n'ont un sens complet que lorsqu'elles sont considérées dans leur contexte global. C'est-à-dire, ensemble avec les informations supplémentaires provenant des articles voisins.	complémentaires.
1	123.60000000000021	0.8633921146392822	ensemble avec les informations supplémentaires provenant des articles le droit statutaire n'est pas une pile d'articles indépendants qui peuvent être traités comme une source d'information complète en eux-mêmes, contrairement aux actualités ou aux recettes, par exemple. Au contraire, c'est une collection structurée de dispositions juridiques qui n'ont un sens complet que lorsqu'elles sont considérées dans leur contexte global. C'est-à-dire, ensemble avec les informations supplémentaires provenant des articles voisins, les champs	le droit statutaire n'est pas une pile d'articles indépendants qui peuvent être traités comme une source d'information complète en eux-mêmes, contrairement aux actualités ou aux recettes, par exemple. Au contraire, c'est une collection structurée de dispositions juridiques qui n'ont un sens complet que lorsqu'elles sont considérées dans leur contexte global. C'est-à-dire, ensemble avec les informations supplémentaires provenant des articles voisins.
1	124.80000000000021	0.8699078559875488	et sont laissés sans protection, voire exploités. Notre travail vise à combler le fossé entre les personnes et la loi en développant des systèmes de récupération efficaces pour les articles statutaires. Un tel système pourrait fournir un service gratuit d'aide juridique professionnelle pour les humains non qualifiés. Avant d'aborder la principale contribution de ce travail, décrivons d'abord le problème de la récupération d'articles statutaires. Étant donné une question simple sur une question juridique, telle que : « Que risquerais-je si je viole la confidentialité professionnelle ? », un modèle est requis pour récupérer tous les articles statutaires pertinents à partir d'un vaste corpus législatif. Cette tâche de récupération d'information comporte son propre ensemble de défis. Premièrement, elle traite de deux types de langage : le langage naturel courant pour les questions et le langage juridique complexe pour les statuts. Cette différence dans la distribution du langage rend plus difficile pour un système de récupérer des candidats pertinents, car cela nécessite indirectement un système d'interprétation inhérent capable de traduire une question naturelle en une question juridique qui correspond à la terminologie des statuts. De plus, le droit statutaire n'est pas une pile d'articles indépendants qui peuvent être traités comme une source d'information complète en eux-mêmes, contrairement aux actualités ou aux recettes, par exemple. Au contraire, c'est une collection structurée de dispositions juridiques qui n'ont un sens complet que lorsqu'elles sont considérées dans leur contexte global. C'est-à-dire, ensemble avec les informations supplémentaires provenant des articles voisins, les champs et sous-champs auxquels elles appartiennent.	le droit statutaire n'est pas une pile d'articles indépendants qui peuvent être traités comme une source d'information complète en eux-mêmes, contrairement aux actualités ou aux recettes, par exemple. Au contraire, c'est une collection structurée de dispositions juridiques qui n'ont un sens complet que lorsqu'elles sont considérées dans leur contexte global. C'est-à-dire, ensemble avec les informations supplémentaires provenant des articles voisins, les champs
1	126.00000000000021	0.7984354496002197	sous-champs auxquels elles indépendants qui peuvent être traités comme une source d'information complète en eux-mêmes, contrairement aux actualités ou aux recettes, par exemple. Au contraire, c'est une collection structurée de dispositions juridiques qui n'ont un sens complet que lorsqu'elles sont considérées dans leur contexte global. C'est-à-dire, ensemble avec les informations supplémentaires provenant des articles voisins, les champs et sous-champs auxquels elles appartiennent, et les	sont laissés sans protection, voire exploités. Notre travail vise à combler le fossé entre les personnes et la loi en développant des systèmes de récupération efficaces pour les articles statutaires. Un tel système pourrait fournir un service gratuit d'aide juridique professionnelle pour les humains non qualifiés. Avant d'aborder la principale contribution de ce travail, décrivons d'abord le problème de la récupération d'articles statutaires. Étant donné une question simple sur une question juridique, telle que : « Que risquerais-je si je viole la confidentialité professionnelle ? », un modèle est requis pour récupérer tous les articles statutaires pertinents à partir d'un vaste corpus législatif. Cette tâche de récupération d'information comporte son propre ensemble de défis. Premièrement, elle traite de deux types de langage : le langage naturel courant pour les questions et le langage juridique complexe pour les statuts. Cette différence dans la distribution du langage rend plus difficile pour un système de récupérer des candidats pertinents, car cela nécessite indirectement un système d'interprétation inhérent capable de traduire une question naturelle en une question juridique qui correspond à la terminologie des statuts. De plus, le droit statutaire n'est pas une pile d'articles indépendants qui peuvent être traités comme une source d'information complète en eux-mêmes, contrairement aux actualités ou aux recettes, par exemple. Au contraire, c'est une collection structurée de dispositions juridiques qui n'ont un sens complet que lorsqu'elles sont considérées dans leur contexte global. C'est-à-dire, ensemble avec les informations supplémentaires provenant des articles voisins, les champs et sous-champs auxquels elles appartiennent.
1	127.20000000000022	0.7726001739501953	appartiennent, et leur place dans la structure de	indépendants qui peuvent être traités comme une source d'information complète en eux-mêmes, contrairement aux actualités ou aux recettes, par exemple. Au contraire, c'est une collection structurée de dispositions juridiques qui n'ont un sens complet que lorsqu'elles sont considérées dans leur contexte global. C'est-à-dire, ensemble avec les informations supplémentaires provenant des articles voisins, les champs et sous-champs auxquels elles appartiennent, et les
1	128.4000000000002	0.6705360412597656		de
1	129.6000000000002	0.24153900146484375	du droit.	
1	130.80000000000018	0.6766722202301025	plus, le droit statutaire n'est pas une pile d'articles indépendants qui peuvent être traités comme une source d'information complète en eux-mêmes, contrairement aux actualités ou aux recettes, par exemple. Au contraire, c'est une collection structurée de dispositions juridiques qui n'ont un sens complet que lorsqu'elles sont considérées dans leur contexte global. C'est-à-dire, ensemble avec les informations supplémentaires provenant des articles voisins, les champs et sous-champs auxquels elles appartiennent, et leur place dans la structure du droit. Enfin, les articles statutaires sont un	
1	132.00000000000017	0.8595869541168213	Enfin, les articles statutaires n'est pas une pile d'articles indépendants qui peuvent être traités comme une source d'information complète en eux-mêmes, contrairement aux actualités ou aux recettes, par exemple. Au contraire, c'est une collection structurée de dispositions juridiques qui n'ont un sens complet que lorsqu'elles sont considérées dans leur contexte global. C'est-à-dire, ensemble avec les informations supplémentaires provenant des articles voisins, les champs et sous-champs auxquels elles appartiennent, et leur place dans la structure du droit. Enfin, les articles statutaires ne sont pas de petits paragraphes.	plus, le droit statutaire n'est pas une pile d'articles indépendants qui peuvent être traités comme une source d'information complète en eux-mêmes, contrairement aux actualités ou aux recettes, par exemple. Au contraire, c'est une collection structurée de dispositions juridiques qui n'ont un sens complet que lorsqu'elles sont considérées dans leur contexte global. C'est-à-dire, ensemble avec les informations supplémentaires provenant des articles voisins, les champs et sous-champs auxquels elles appartiennent, et leur place dans la structure du droit. Enfin, les articles statutaires sont un
1	133.20000000000016	0.8994960784912109	eux-mêmes, contrairement aux actualités ou aux recettes, par exemple. Au contraire, c'est une collection structurée de dispositions juridiques qui n'ont un sens complet que lorsqu'elles sont considérées dans leur contexte global. C'est-à-dire, ensemble avec les informations supplémentaires provenant des articles voisins, les champs et sous-champs auxquels elles appartiennent, et leur place dans la structure du droit. Enfin, les articles statutaires sont rédigés en petits paragraphes, ce qui est généralement le cas.	n'est pas une pile d'articles indépendants qui peuvent être traités comme une source d'information complète en eux-mêmes, contrairement aux actualités ou aux recettes, par exemple. Au contraire, c'est une collection structurée de dispositions juridiques qui n'ont un sens complet que lorsqu'elles sont considérées dans leur contexte global. C'est-à-dire, ensemble avec les informations supplémentaires provenant des articles voisins, les champs et sous-champs auxquels elles appartiennent, et leur place dans la structure du droit. Enfin, les articles statutaires ne sont pas de petits paragraphes.
1	134.40000000000015	1.0092887878417969	sont	eux-mêmes, contrairement aux actualités ou aux recettes, par exemple. Au contraire, c'est une collection structurée de dispositions juridiques qui n'ont un sens complet que lorsqu'elles sont considérées dans leur contexte global. C'est-à-dire, ensemble avec les informations supplémentaires provenant des articles voisins, les champs et sous-champs auxquels elles appartiennent, et leur place dans la structure du droit. Enfin, les articles statutaires sont rédigés en petits paragraphes, ce qui est généralement le cas.
1	135.60000000000014	1.3515803813934326		
1	136.80000000000013	1.008833646774292	rédigés en petits paragraphes, ce qui est généralement l'unité de récupération typique dans la plupart des travaux de récupération.	
1	138.0000000000001	0.6189694404602051		
1	139.2000000000001	0.7600870132446289	Ici, collection structurée de dispositions juridiques qui n'ont un sens complet que lorsqu'elles sont considérées dans leur contexte global. C'est-à-dire, ensemble avec les informations supplémentaires provenant des articles voisins, les champs et sous-champs auxquels elles appartiennent, et leur place dans la structure du droit. Enfin, les articles statutaires sont rédigés en petits paragraphes, ce qui est généralement l'unité de récupération typique dans la plupart des travaux de récupération. Ici, ce sont de longs documents qui peuvent être	
1	140.4000000000001	0.919776439666748		collection structurée de dispositions juridiques qui n'ont un sens complet que lorsqu'elles sont considérées dans leur contexte global. C'est-à-dire, ensemble avec les informations supplémentaires provenant des articles voisins, les champs et sous-champs auxquels elles appartiennent, et leur place dans la structure du droit. Enfin, les articles statutaires sont rédigés en petits paragraphes, ce qui est généralement l'unité de récupération typique dans la plupart des travaux de récupération. Ici, ce sont de longs documents qui peuvent être
1	141.60000000000008	0.9743402004241943	il s'agit de longs documents pouvant atteindre actualités ou aux recettes, par exemple. Au contraire, c'est une collection structurée de dispositions juridiques qui n'ont un sens complet que lorsqu'elles sont considérées dans leur contexte global. C'est-à-dire, ensemble avec les informations supplémentaires provenant des articles voisins, les champs et sous-champs auxquels elles appartiennent, et leur place dans la structure du droit. Enfin, les articles statutaires sont rédigés en petits paragraphes, ce qui est généralement l'unité de récupération typique dans la plupart des travaux de récupération. Ici, il s'agit de longs documents pouvant atteindre 6 000 mots.	
1	142.80000000000007	0.39649105072021484		actualités ou aux recettes, par exemple. Au contraire, c'est une collection structurée de dispositions juridiques qui n'ont un sens complet que lorsqu'elles sont considérées dans leur contexte global. C'est-à-dire, ensemble avec les informations supplémentaires provenant des articles voisins, les champs et sous-champs auxquels elles appartiennent, et leur place dans la structure du droit. Enfin, les articles statutaires sont rédigés en petits paragraphes, ce qui est généralement l'unité de récupération typique dans la plupart des travaux de récupération. Ici, il s'agit de longs documents pouvant atteindre 6 000 mots.
1	144.00000000000006	0.6744024753570557		
1	145.20000000000005	1.2274518013000488	Les récents progrès en TALN complet que lorsqu'elles sont considérées dans leur contexte global. C'est-à-dire, ensemble avec les informations supplémentaires provenant des articles voisins, les champs et sous-champs auxquels elles appartiennent, et leur place dans la structure du droit. Enfin, les articles statutaires sont rédigés en petits paragraphes, ce qui est généralement l'unité de récupération typique dans la plupart des travaux de récupération. Ici, il s'agit de longs documents pouvant atteindre 6 000 mots. Les récents progrès en TALN (Traitement Automatique des Langues Naturelles) ont suscité un immense intérêt.	
1	146.40000000000003	1.1401491165161133	(Traitement Automatique des Langues Naturelles) ont suscité un juridiques qui n'ont un sens complet que lorsqu'elles sont considérées dans leur contexte global. C'est-à-dire, ensemble avec les informations supplémentaires provenant des articles voisins, les champs et sous-champs auxquels elles appartiennent, et leur place dans la structure du droit. Enfin, les articles statutaires sont rédigés en petits paragraphes, ce qui est généralement l'unité de récupération typique dans la plupart des travaux de récupération. Ici, il s'agit de longs documents pouvant atteindre 6 000 mots. Les récents progrès en TALN (Traitement Automatique des Langues Naturelles) ont suscité un grand intérêt pour de nombreuses tâches juridiques.	complet que lorsqu'elles sont considérées dans leur contexte global. C'est-à-dire, ensemble avec les informations supplémentaires provenant des articles voisins, les champs et sous-champs auxquels elles appartiennent, et leur place dans la structure du droit. Enfin, les articles statutaires sont rédigés en petits paragraphes, ce qui est généralement l'unité de récupération typique dans la plupart des travaux de récupération. Ici, il s'agit de longs documents pouvant atteindre 6 000 mots. Les récents progrès en TALN (Traitement Automatique des Langues Naturelles) ont suscité un immense intérêt.
1	147.60000000000002	0.8687074184417725	grand intérêt juridiques qui n'ont un sens complet que lorsqu'elles sont considérées dans leur contexte global. C'est-à-dire, ensemble avec les informations supplémentaires provenant des articles voisins, les champs et sous-champs auxquels elles appartiennent, et leur place dans la structure du droit. Enfin, les articles statutaires sont rédigés en petits paragraphes, ce qui est généralement l'unité de récupération typique dans la plupart des travaux de récupération. Ici, il s'agit de longs documents pouvant atteindre 6 000 mots. Les récents progrès en TALN (Traitement Automatique des Langues Naturelles) ont suscité un grand intérêt dans de nombreuses tâches juridiques, telles que la justice juridique.	juridiques qui n'ont un sens complet que lorsqu'elles sont considérées dans leur contexte global. C'est-à-dire, ensemble avec les informations supplémentaires provenant des articles voisins, les champs et sous-champs auxquels elles appartiennent, et leur place dans la structure du droit. Enfin, les articles statutaires sont rédigés en petits paragraphes, ce qui est généralement l'unité de récupération typique dans la plupart des travaux de récupération. Ici, il s'agit de longs documents pouvant atteindre 6 000 mots. Les récents progrès en TALN (Traitement Automatique des Langues Naturelles) ont suscité un grand intérêt pour de nombreuses tâches juridiques.
1	148.8	0.9231381416320801	dans de nombreuses tâches juridiques, telles que la global. C'est-à-dire, ensemble avec les informations supplémentaires provenant des articles voisins, les champs et sous-champs auxquels elles appartiennent, et leur place dans la structure du droit. Enfin, les articles statutaires sont rédigés en petits paragraphes, ce qui est généralement l'unité de récupération typique dans la plupart des travaux de récupération. Ici, il s'agit de longs documents pouvant atteindre 6 000 mots. Les récents progrès en TALN (Traitement Automatique des Langues Naturelles) ont suscité un grand intérêt dans de nombreuses tâches juridiques, telles que la prédiction des jugements juridiques ou	juridiques qui n'ont un sens complet que lorsqu'elles sont considérées dans leur contexte global. C'est-à-dire, ensemble avec les informations supplémentaires provenant des articles voisins, les champs et sous-champs auxquels elles appartiennent, et leur place dans la structure du droit. Enfin, les articles statutaires sont rédigés en petits paragraphes, ce qui est généralement l'unité de récupération typique dans la plupart des travaux de récupération. Ici, il s'agit de longs documents pouvant atteindre 6 000 mots. Les récents progrès en TALN (Traitement Automatique des Langues Naturelles) ont suscité un grand intérêt dans de nombreuses tâches juridiques, telles que la justice juridique.
1	150.0	0.8690676689147949		global. C'est-à-dire, ensemble avec les informations supplémentaires provenant des articles voisins, les champs et sous-champs auxquels elles appartiennent, et leur place dans la structure du droit. Enfin, les articles statutaires sont rédigés en petits paragraphes, ce qui est généralement l'unité de récupération typique dans la plupart des travaux de récupération. Ici, il s'agit de longs documents pouvant atteindre 6 000 mots. Les récents progrès en TALN (Traitement Automatique des Langues Naturelles) ont suscité un grand intérêt dans de nombreuses tâches juridiques, telles que la prédiction des jugements juridiques ou
1	151.2	0.6166164875030518	ensemble avec les informations supplémentaires provenant des articles voisins, les champs et sous-champs auxquels elles appartiennent, et leur place dans la structure du droit. Enfin, les articles statutaires sont rédigés en petits paragraphes, ce qui est généralement l'unité de récupération typique dans la plupart des travaux de récupération. Ici, il s'agit de longs documents pouvant atteindre 6 000 mots. Les récents progrès en TALN (Traitement Automatique des Langues Naturelles) ont suscité un grand intérêt dans de nombreuses tâches juridiques, telles que la prédiction des jugements juridiques ou la révision automatique des contrats.	
1	152.39999999999998	0.33660340309143066		ensemble avec les informations supplémentaires provenant des articles voisins, les champs et sous-champs auxquels elles appartiennent, et leur place dans la structure du droit. Enfin, les articles statutaires sont rédigés en petits paragraphes, ce qui est généralement l'unité de récupération typique dans la plupart des travaux de récupération. Ici, il s'agit de longs documents pouvant atteindre 6 000 mots. Les récents progrès en TALN (Traitement Automatique des Langues Naturelles) ont suscité un grand intérêt dans de nombreuses tâches juridiques, telles que la prédiction des jugements juridiques ou la révision automatique des contrats.
1	153.59999999999997	0.7542858123779297		
1	154.79999999999995	0.8586835861206055	Mais la récupération d'articles	
1	155.99999999999994	0.8375091552734375	statutaires est restée principalement à la terminologie des statuts. De plus, le droit statutaire n'est pas une pile d'articles indépendants qui peuvent être traités comme une source d'information complète en eux-mêmes, contrairement aux actualités ou aux recettes, par exemple. Au contraire, c'est une collection structurée de dispositions juridiques qui n'ont un sens complet que lorsqu'elles sont considérées dans leur contexte global. C'est-à-dire, ensemble avec les informations supplémentaires provenant des articles voisins, les champs et sous-champs auxquels elles appartiennent, et leur place dans la structure du droit. Enfin, les articles statutaires sont rédigés en petits paragraphes, ce qui est généralement l'unité de récupération typique dans la plupart des travaux de récupération. Ici, il s'agit de longs documents pouvant atteindre 6 000 mots. Les récents progrès en TALN (Traitement Automatique des Langues Naturelles) ont suscité un grand intérêt dans de nombreuses tâches juridiques, telles que la prédiction des jugements juridiques ou la révision automatique des contrats. Mais la récupération d'articles statutaires est restée principalement inchangée en raison du manque	
1	157.19999999999993	0.8439533710479736	et leur place dans la structure du droit. Enfin, les articles statutaires sont rédigés en petits paragraphes, ce qui est généralement l'unité de récupération typique dans la plupart des travaux de récupération. Ici, il s'agit de longs documents pouvant atteindre 6 000 mots. Les récents progrès en TALN (Traitement Automatique des Langues Naturelles) ont suscité un grand intérêt dans de nombreuses tâches juridiques, telles que la prédiction des jugements juridiques ou la révision automatique des contrats. Mais la récupération d'articles statutaires est restée principalement inchangée en raison du manque de grands et de hauts	à la terminologie des statuts. De plus, le droit statutaire n'est pas une pile d'articles indépendants qui peuvent être traités comme une source d'information complète en eux-mêmes, contrairement aux actualités ou aux recettes, par exemple. Au contraire, c'est une collection structurée de dispositions juridiques qui n'ont un sens complet que lorsqu'elles sont considérées dans leur contexte global. C'est-à-dire, ensemble avec les informations supplémentaires provenant des articles voisins, les champs et sous-champs auxquels elles appartiennent, et leur place dans la structure du droit. Enfin, les articles statutaires sont rédigés en petits paragraphes, ce qui est généralement l'unité de récupération typique dans la plupart des travaux de récupération. Ici, il s'agit de longs documents pouvant atteindre 6 000 mots. Les récents progrès en TALN (Traitement Automatique des Langues Naturelles) ont suscité un grand intérêt dans de nombreuses tâches juridiques, telles que la prédiction des jugements juridiques ou la révision automatique des contrats. Mais la récupération d'articles statutaires est restée principalement inchangée en raison du manque
1	158.39999999999992	0.8082709312438965	de statuts. Cette différence dans la distribution du langage rend plus difficile pour un système de récupérer des candidats pertinents, car cela nécessite indirectement un système d'interprétation inhérent capable de traduire une question naturelle en une question juridique qui correspond à la terminologie des statuts. De plus, le droit statutaire n'est pas une pile d'articles indépendants qui peuvent être traités comme une source d'information complète en eux-mêmes, contrairement aux actualités ou aux recettes, par exemple. Au contraire, c'est une collection structurée de dispositions juridiques qui n'ont un sens complet que lorsqu'elles sont considérées dans leur contexte global. C'est-à-dire, ensemble avec les informations supplémentaires provenant des articles voisins, les champs et sous-champs auxquels elles appartiennent, et leur place dans la structure du droit. Enfin, les articles statutaires sont rédigés en petits paragraphes, ce qui est généralement l'unité de récupération typique dans la plupart des travaux de récupération. Ici, il s'agit de longs documents pouvant atteindre 6 000 mots. Les récents progrès en TALN (Traitement Automatique des Langues Naturelles) ont suscité un grand intérêt dans de nombreuses tâches juridiques, telles que la prédiction des jugements juridiques ou la révision automatique des contrats. Mais la récupération d'articles statutaires est restée principalement inchangée en raison du manque de tâches de labellisation grandes et de haute qualité.	et leur place dans la structure du droit. Enfin, les articles statutaires sont rédigés en petits paragraphes, ce qui est généralement l'unité de récupération typique dans la plupart des travaux de récupération. Ici, il s'agit de longs documents pouvant atteindre 6 000 mots. Les récents progrès en TALN (Traitement Automatique des Langues Naturelles) ont suscité un grand intérêt dans de nombreuses tâches juridiques, telles que la prédiction des jugements juridiques ou la révision automatique des contrats. Mais la récupération d'articles statutaires est restée principalement inchangée en raison du manque de grands et de hauts
1	159.5999999999999	0.928839921951294		statuts. Cette différence dans la distribution du langage rend plus difficile pour un système de récupérer des candidats pertinents, car cela nécessite indirectement un système d'interprétation inhérent capable de traduire une question naturelle en une question juridique qui correspond à la terminologie des statuts. De plus, le droit statutaire n'est pas une pile d'articles indépendants qui peuvent être traités comme une source d'information complète en eux-mêmes, contrairement aux actualités ou aux recettes, par exemple. Au contraire, c'est une collection structurée de dispositions juridiques qui n'ont un sens complet que lorsqu'elles sont considérées dans leur contexte global. C'est-à-dire, ensemble avec les informations supplémentaires provenant des articles voisins, les champs et sous-champs auxquels elles appartiennent, et leur place dans la structure du droit. Enfin, les articles statutaires sont rédigés en petits paragraphes, ce qui est généralement l'unité de récupération typique dans la plupart des travaux de récupération. Ici, il s'agit de longs documents pouvant atteindre 6 000 mots. Les récents progrès en TALN (Traitement Automatique des Langues Naturelles) ont suscité un grand intérêt dans de nombreuses tâches juridiques, telles que la prédiction des jugements juridiques ou la révision automatique des contrats. Mais la récupération d'articles statutaires est restée principalement inchangée en raison du manque de tâches de labellisation grandes et de haute qualité.
1	160.7999999999999	1.0386672019958496	jeux de données étiquetés de grande taille et de haute qualité.	
1	161.9999999999999	0.756244421005249	Dans ce travail, nous	
1	163.19999999999987	0.960179328918457	présentons un	
1	164.39999999999986	0.9399914741516113	nouveau jeu de	
1	165.59999999999985	0.8551430702209473		
1	166.79999999999984	1.0887882709503174	données centré sur le citoyen francophone pour étudier	
1	167.99999999999983	0.7213129997253418	si	
1	169.19999999999982	0.8156466484069824	un modèle de récupération peut approximer	
1	170.3999999999998	0.7311513423919678	l'efficacité et	
1	171.5999999999998	0.6825854778289795	la fiabilité	
1	172.79999999999978	0.740950345993042		
1	173.99999999999977	0.9466762542724609	d'un expert juridique pour la tâche	
1	175.19999999999976	0.441389799118042	de récupération d'articles statutaires.	
1	176.39999999999975	0.15166568756103516		
1	177.59999999999974	0.14627599716186523		
1	178.79999999999973	0.14568090438842773		
1	179.99999999999972	0.9028434753417969		
1	181.1999999999997	1.1392343044281006	Notre jeu de données belge de récupération d'articles statutaires	
1	182.3999999999997	0.8599941730499268	comprend plus de	
1	183.59999999999968	0.9307255744934082	1 100 questions	
1	184.79999999999967	0.7618968486785889	juridiques posées par des	
1	185.99999999999966	0.6653897762298584	citoyens belges.	
1	187.19999999999965	0.8281445503234863	Ces questions	
1	188.39999999999964	0.9045310020446777	couvrent un large éventail de	
1	189.59999999999962	0.9667918682098389	sujets, allant de la	
1	190.7999999999996	0.8739564418792725	famille au logement, en passant par	
1	191.9999999999996	0.7871809005737305		
1	193.1999999999996	0.49480724334716797	l'argent, le travail et la sécurité sociale.	
1	194.39999999999958	0.8901493549346924		
1	195.59999999999957	0.8437798023223877	Chacune	
1	196.79999999999956	0.9509139060974121	a été étiquetée par des	
1	197.99999999999955	0.8284425735473633	juristes expérimentés avec	
1	199.19999999999953	0.7944121360778809	des références	
1	200.39999999999952	0.8916518688201904	à des articles pertinents	
1	201.5999999999995	0.959632158279419	provenant d'un corpus de plus de	
1	202.7999999999995	0.7713768482208252	22	
1	203.9999999999995	0.869147539138794	600 articles	
1	205.19999999999948	0.7029962539672852	juridiques	
1	206.39999999999947	0.3502376079559326	issus des codes belges.	
1	207.59999999999945	0.9399268627166748		
1	208.79999999999944	0.9591929912567139	Parlons maintenant de la manière dont nous avons	
1	209.99999999999943	0.935462474822998	collecté ce jeu de données.	
1	211.19999999999942	0.8139328956604004	Tout d'abord, nous	
1	212.3999999999994	0.7272248268127441	avons commencé par compiler un	
1	213.5999999999994	0.66876220703125	vaste corpus	
1	214.7999999999994	0.8246138095855713	d'articles juridiques.	
1	215.99999999999937	0.7278575897216797	Nous avons considéré	
1	217.19999999999936	0.7243766784667969	32	
1	218.39999999999935	0.8032796382904053	codes belges	
1	219.59999999999934	0.7593567371368408	disponibles publiquement et extrait tous	
1	220.79999999999933	0.6644933223724365	leurs	
1	221.99999999999932	0.7676587104797363	articles ainsi que les	
1	223.1999999999993	0.3414771556854248	titres de sections correspondants.	
1	224.3999999999993	0.6958036422729492		
1	225.59999999999928	0.8544540405273438	Ensuite, nous avons recueilli des	
1	226.79999999999927	0.6747243404388428	questions juridiques avec	
1	227.99999999999926	0.7366647720336914	des références	
1	229.19999999999925	0.8870208263397217	à des statuts pertinents.	
1	230.39999999999924	0.8608212471008301	Pour ce faire, nous avons	
1	231.59999999999923	0.8493330478668213	collaboré avec	
1	232.79999999999922	0.8020744323730469	un cabinet d'avocats belge qui	
1	233.9999999999992	0.8200902938842773	reçoit	
1	235.1999999999992	0.9450137615203857		
1	236.39999999999918	1.0095672607421875	chaque année environ 4 000	
1	237.59999999999917	0.9182217121124268	e-mails de citoyens belges	
1	238.79999999999916	0.7727658748626709	demandant des conseils sur une question	
1	239.99999999999915	0.7650797367095947	juridique personnelle.	
1	241.19999999999914	0.880826473236084	Nous avons eu la chance	
1	242.39999999999912	0.756007194519043	d'accéder à	
1	243.5999999999991	0.8278889656066895	leurs sites web où	
1	244.7999999999991	0.7634792327880859	leur équipe	
1	245.9999999999991	0.9787368774414062	de juristes expérimentés	
1	247.19999999999908	0.8638436794281006		
1	248.39999999999907	0.9859702587127686	aborde les problèmes juridiques les plus courants en Belgique.	
1	249.59999999999906	0.801572322845459	Nous avons	
1	250.79999999999905	0.9347350597381592	recueilli des milliers de	
1	251.99999999999903	0.995481014251709	questions, annotées avec	
1	253.19999999999902	0.9446640014648438	des	
1	254.399999999999	0.9293298721313477	catégories, des sous-catégories et des	
1	255.599999999999	0.7407400608062744	références juridiques	
1	256.799999999999	0.3478116989135742	aux statuts pertinents.	
1	257.999999999999	0.6612288951873779		
1	259.19999999999897	0.759352445602417	Enfin, nous avons transmis	
1	260.39999999999895	0.6907095909118652	les références	
1	261.59999999999894	0.6898684501647949	juridiques et	
1	262.79999999999893	0.7243742942810059	filtré les	
1	263.9999999999989	0.8148717880249023	questions dont les références	
1	265.1999999999989	0.7816746234893799	n'étaient pas des	
1	266.3999999999989	0.9190573692321777	articles dans l'un des	
1	267.5999999999989	0.7531194686889648	codes de loi que nous	
1	268.7999999999989	0.6899583339691162	avons considérés.	
1	269.99999999999886	0.751462459564209	Les références restantes	
1	271.19999999999885	0.7318785190582275	ont été	
1	272.39999999999884	0.806469202041626	correspondances et converties en	
1	273.59999999999883	0.7572202682495117		
1	274.7999999999988	0.8467512130737305	les identifiants d'article	
1	275.9999999999988	0.7212076187133789	correspondants	
1	277.1999999999988	0.2705857753753662		
1	278.3999999999988	0.8225679397583008	.	
1	279.5999999999988	1.105088233947754		
1	280.79999999999876	0.6596765518188477		
1	281.99999999999875	1.1926257610321045	Nous sommes finalement arrivés à	
1	283.19999999999874	1.240382432937622	1108 questions. chacune soigneusement étiquetée avec	
1	284.3999999999987	0.9012422561645508	les identifiants des articles pertinents	
1	285.5999999999987	0.6467776298522949		
1	286.7999999999987	0.8945693969726562	de notre vaste corpus de	
1	287.9999999999987	0.7393343448638916	22	
1	289.1999999999987	0.7417237758636475		
1	290.39999999999867	0.40857505798339844	633 articles statutaires.	
1	291.59999999999866	0.5849237442016602		
1	292.79999999999865	0.7985391616821289		
1	293.99999999999864	0.9161121845245361	De plus, chaque question est accompagnée d'une	
1	295.1999999999986	0.7596480846405029	catégorie principale et	
1	296.3999999999986	0.8351471424102783	d'une concaténation de	
1	297.5999999999986	0.7240519523620605		
1	298.7999999999986	1.0119314193725586	sous-catégories, et chaque article	
1	299.9999999999986	1.0099105834960938	est accompagné d'une concaténation	
1	301.19999999999857	0.8896372318267822	de leurs	
1	302.39999999999856	0.8866255283355713	titres de sous-séquence dans la	
1	303.59999999999854	0.9090285301208496	structure du droit.	
1	304.79999999999853	0.7645862102508545	Cette information supplémentaire	
1	305.9999999999985	0.89959716796875	n'est pas utilisée dans	
1	307.1999999999985	0.9284853935241699	le présent travail mais pourrait	
1	308.3999999999985	0.8488237857818604	être intéressante pour	
1	309.5999999999985	0.8819324970245361		
1	310.7999999999985	1.0641181468963623		
1	311.99999999999847	1.0553255081176758	des recherches futures sur la récupération d'informations juridiques ou	
1	313.19999999999845	0.3432633876800537	la classification de texte juridique.	
1	314.39999999999844	0.7541098594665527		
1	315.59999999999843	0.8883779048919678	Examinons maintenant certaines	
1	316.7999999999984	0.9167964458465576	caractéristiques de notre jeu de données.	
1	317.9999999999984	0.9093644618988037	Les questions sont comprises entre	
1	319.1999999999984	0.9370241165161133	5 et 44	
1	320.3999999999984	0.8725123405456543		
1	321.5999999999984	0.5520739555358887	mots, avec une médiane de 40 mots.	
1	322.79999999999836	0.7266190052032471		
1	323.99999999999835	0.8890480995178223	Les articles sont beaucoup plus	
1	325.19999999999834	0.9330117702484131	longs, avec une	
1	326.39999999999833	0.8430395126342773	longueur médiane de 77	
1	327.5999999999983	0.7801895141601562	mots, avec	
1	328.7999999999983	0.9085285663604736		
1	329.9999999999983	1.102168083190918	142 d'entre eux dépassant	
1	331.1999999999983	0.8319604396820068	1 000 mots.	
1	332.3999999999983	0.7592864036560059		
1	333.59999999999826	0.9503786563873291		
1	334.79999999999825	0.9803876876831055	La longueur	
1	335.99999999999824	0.9444770812988281	la plus élevée étant de	
1	337.1999999999982	0.42676758766174316	5 790 mots.	
1	338.3999999999982	0.7429718971252441		
1	339.5999999999982	0.9042422771453857	Comme mentionné précédemment,	
1	340.7999999999982	0.91044020652771	les questions couvrent	
1	341.9999999999982	0.9077041149139404	un large éventail de	
1	343.19999999999817	1.1071710586547852	sujets, avec environ	
1	344.39999999999816	0.9324142932891846	85 % d'entre elles	
1	345.59999999999815	0.860797643661499	concernant soit la	
1	346.79999999999814	0.8986520767211914	famille,	
1	347.9999999999981	0.9465823173522949	le logement,	
1	349.1999999999981	1.0405049324035645	l'argent ou la justice, tandis que les	
1	350.3999999999981	0.9630904197692871	15 % restants	
1	351.5999999999981	0.7695186138153076	concernent soit la sécurité	
1	352.7999999999981	0.7234396934509277	sociale,	
1	353.99999999999807	0.720360517501831	les	
1	355.19999999999806	0.32223057746887207	étrangers ou le travail.	
1	356.39999999999804	0.7048540115356445		
1	357.59999999999803	0.819023609161377	Les articles sont également très	
1	358.799999999998	0.9241824150085449	diversifiés car ils	
1	359.999999999998	0.8959219455718994	proviennent de 32	
1	361.199999999998	0.788262128829956	codes belges	
1	362.399999999998	1.0313382148742676	différents qui couvrent	
1	363.599999999998	0.4905204772949219	un grand nombre de sujets illégaux.	
1	364.79999999999797	0.81123948097229		
1	365.99999999999795	0.9618279933929443	Voici le nombre total	
1	367.19999999999794	1.0242218971252441	d'articles collectés à partir de chacun	
1	368.39999999999793	0.3624584674835205	de ces codes belges.	
1	369.5999999999979	0.8217456340789795		
1	370.7999999999979	0.818530797958374	Sur les 22	
1	371.9999999999979	0.7277743816375732		
1	373.1999999999979	0.9640922546386719	633 articles,	
1	374.3999999999979	0.7909684181213379		
1	375.59999999999786	0.8978374004364014	seuls 1	
1	376.79999999999785	0.9172408580780029	612 sont	
1	377.99999999999784	0.9835970401763916		
1	379.19999999999783	1.010761022567749		
1	380.3999999999978	1.0766472816467285	désignés comme pertinents pour au moins une question dans	
1	381.5999999999978	0.8947439193725586	le jeu de données.	
1	382.7999999999978	0.9194183349609375	Et environ 80 %	
1	383.9999999999978	0.9558660984039307	de ces articles	
1	385.1999999999978	0.8420088291168213	cités proviennent	
1	386.39999999999776	1.0474562644958496	soit du	
1	387.59999999999775	1.1315746307373047	Code civil, soit	
1	388.79999999999774	1.1279940605163574		
1	389.9999999999977	1.2562923431396484	du Code judiciaire, soit du Code d'instruction criminelle, soit du Code pénal.	
1	391.1999999999977	0.7189581394195557		
1	392.3999999999977	0.9086184501647949	Parallèlement, 18	
1	393.5999999999977	0.8891644477844238	sur 32 codes	
1	394.7999999999977	0.9202206134796143	ont moins de 5	
1	395.99999999999767	0.8386983871459961	articles mentionnés	
1	397.19999999999766	0.81874680519104	comme pertinents pour au moins	
1	398.39999999999765	0.7738428115844727	une	
1	399.59999999999764	0.9563722610473633	question, ce qui peut	
1	400.7999999999976	1.0255048274993896	s'expliquer par le fait que	
1	401.9999999999976	0.8564949035644531	ces codes se concentrent moins sur	
1	403.1999999999976	0.7761640548706055	les	
1	404.3999999999976	0.36369967460632324	individus et leurs préoccupations.	
1	405.5999999999976	0.6561770439147949		
1	406.79999999999757	0.8609287738800049	Globalement,	
1	407.99999999999756	0.9221510887145996	la médiane du nombre de citations	
1	409.19999999999754	0.7676889896392822	pour ces articles cités	
1	410.39999999999753	0.7476704120635986	est	
1	411.5999999999975	0.940741777420044	de	
1	412.7999999999975	1.2586309909820557	2, et moins de 25	
1	413.9999999999975	0.984175443649292	% d'entre eux	
1	415.1999999999975	0.8866229057312012	sont cités plus de 5	
1	416.3999999999975	0.22869324684143066	fois.	
1	417.59999999999746	0.7984538078308105		
1	418.79999999999745	0.9605181217193604	En utilisant nos jeux de données,	
1	419.99999999999744	0.9256134033203125	nous	
1	421.19999999999743	1.054551601409912	avons évalué plusieurs approches de	
1	422.3999999999974	1.0028529167175293	récupération,	
1	423.5999999999974	0.4810974597930908	incluant les architectures lexicales et denses.	
1	424.7999999999974	0.8987307548522949		
1	425.9999999999974	0.987694501876831	Étant donné une requête et un article,	
1	427.1999999999974	0.881767988204956	un modèle lexical	
1	428.39999999999736	1.0140719413757324	attribue un	
1	429.59999999999735	0.8884236812591553	score	
1	430.79999999999734	0.917046070098877	au couple requête-article en	
1	431.9999999999973	0.959007740020752	calculant la somme sur	
1	433.1999999999973	0.9261107444763184	les termes de la requête	
1	434.3999999999973	0.9476580619812012	des poids de chacun	
1	435.5999999999973	0.3950343132019043	de ces termes dans cet article.	
1	436.7999999999973	0.8379497528076172		
1	437.99999999999727	0.9761359691619873	Nous expérimentons avec	
1	439.19999999999726	0.9757091999053955		
1	440.39999999999725	0.9767136573791504		
1	441.59999999999724	1.1450653076171875	les fonctions de classement	
1	442.7999999999972	1.2519702911376953		
1	443.9999999999972	1.2988195419311523	standards TF-IDF et BM25. Le principal problème avec ces approches est qu'elles	
1	445.1999999999972	0.8226613998413086	ne peuvent récupérer	
1	446.3999999999972	0.8965520858764648	que les articles contenant	
1	447.5999999999972	0.9337542057037354	des mots-clés présents dans	
1	448.79999999999717	0.9661452770233154	la requête.	
1	449.99999999999716	0.9218940734863281	Pour surmonter cette limitation, nous	
1	451.19999999999715	0.9616150856018066	expérimentons	
1	452.39999999999714	0.9317440986633301	avec une	
1	453.5999999999971	1.077432632446289	architecture basée sur	
1	454.7999999999971	1.2431774139404297	les réseaux de neurones capable de capturer	
1	455.9999999999971	1.0744383335113525	les relations sémantiques entre les	
1	457.1999999999971	0.991929292678833	requêtes et les articles.	
1	458.3999999999971	0.8485238552093506	Nous utilisons un	
1	459.59999999999707	0.9641449451446533	modèle	
1	460.79999999999706	1.0368874073028564	encodeur BERT qui mappe les requêtes et	
1	461.99999999999704	0.9850554466247559	les articles vers	
1	463.19999999999703	0.4513850212097168	des représentations vectorielles denses.	
1	464.399999999997	0.7619264125823975		
1	465.599999999997	0.9955415725708008	et calcule	
1	466.799999999997	0.9764523506164551	un score de pertinence entre	
1	467.999999999997	0.9077198505401611	un couple	
1	469.199999999997	0.9346158504486084	requête-article par la similarité de	
1	470.39999999999696	0.26587414741516113	leurs embeddings.	
1	471.59999999999695	0.7887012958526611		
1	472.79999999999694	0.9708094596862793	Ces embeddings	
1	473.99999999999693	0.9843323230743408	résultent généralement	
1	475.1999999999969	1.1295969486236572	d'une opération de pooling sur la	
1	476.3999999999969	0.4775097370147705	sortie d'un modèle d'embedding de mots.	
1	477.5999999999969	0.7084352970123291		
1	478.7999999999969	0.9831397533416748		
1	479.9999999999969	1.095308780670166	D'abord, nous étudions l'efficacité de	
1	481.19999999999686	1.07938814163208		
1	482.39999999999685	1.068237543106079		
1	483.59999999999684	1.319349765777588	Siamese Beyond Coders dans un cadre d'évaluation	
1	484.7999999999968	1.321608543395996	zero-shot, c'est-à-dire	
1	485.9999999999968	1.1648738384246826		
1	487.1999999999968	1.2163424491882324	que des modèles d'embedding de mots pré-entraînés sont appliqués	
1	488.3999999999968	0.8824701309204102	hors boîte	
1	489.5999999999968	0.8044779300689697	sans aucun	
1	490.79999999999677	0.8666796684265137	ajustement supplémentaire.	
1	491.99999999999676	0.9823746681213379	Nous expérimentons avec	
1	493.19999999999675	0.9439959526062012		
1	494.39999999999674	0.959263801574707	un	
1	495.5999999999967	1.0518825054168701	encodeur de texte indépendant du contexte, à savoir	
1	496.7999999999967	0.9962716102600098	Word2Vec et	
1	497.9999999999967	0.9403207302093506	FastText, et	
1	499.1999999999967	0.9646444320678711		
1	500.3999999999967	1.1119463443756104	des modèles d'embedding dépendants du	
1	501.59999999999667	1.0494577884674072	contexte, à savoir	
1	502.79999999999666	1.194361686706543		
1	503.99999999999665	1.1615040302276611	Roberta et plus spécifiquement CamemBERT, qui est un	
1	505.19999999999663	0.937039852142334	modèle Roberta français.	
1	506.3999999999966	0.8969161510467529	De plus, nous	
1	507.5999999999966	1.0281481742858887	formons	
1	508.7999999999966	0.9197039604187012		
1	509.9999999999966	1.1047673225402832	notre propre modèle basé sur	
1	511.1999999999966	1.094606637954712	CamemBERT, B encoders, sur	
1	512.3999999999966	1.0201520919799805	nos jeux de données.	
1	513.5999999999966	1.0009958744049072	Notez que pour	
1	514.7999999999967	1.034038782119751	l'entraînement, nous expérimentons avec	
1	515.9999999999967	0.9731314182281494	les deux	
1	517.1999999999967	0.9449715614318848		
1	518.3999999999968	1.1605162620544434	saveurs de l'architecture Beyond Coder.	
1	519.5999999999968	0.9470095634460449	Siamese, qui	
1	520.7999999999969	0.9200124740600586	utilise un	
1	521.9999999999969	1.0678083896636963	modèle d'embedding de mots unique	
1	523.199999999997	0.959263801574707	qui mappe la	
1	524.399999999997	0.9945690631866455	requête et l'article	
1	525.5999999999971	0.9297640323638916	ensemble dans un espace	
1	526.7999999999971	0.8933062553405762	vectoriel dense partagé.	
1	527.9999999999972	0.8210806846618652	Et	
1	529.1999999999972	1.0241327285766602		
1	530.3999999999972	1.0959713459014893	Tutora, qui utilise deux	
1	531.5999999999973	1.2432448863983154	modèles d'embedding de mots indépendants qui	
1	532.7999999999973	1.0388243198394775		
1	533.9999999999974	1.2090730667114258	codent la requête et l'article séparément dans des espaces	
1	535.1999999999974	0.32933998107910156	d'embedding différents.	
1	536.3999999999975	0.9413912296295166		
1	537.5999999999975	1.0357518196105957	Nous expérimentons avec	
1	538.7999999999976	1.1325139999389648	le pooling moyen, maximum et	
1	539.9999999999976	1.1150636672973633	CLS, ainsi que le produit	
1	541.1999999999977	1.070117473602295	scalaire et la cosinus	
1	542.3999999999977	0.38831615447998047	pour calculer les similarités.	
1	543.5999999999977	0.17064595222473145		
1	544.7999999999978	0.8379545211791992		
1	545.9999999999978	1.1230416297912598	Voici les résultats de	
1	547.1999999999979	1.1423239707946777	notre ligne de base sur l'ensemble de	
1	548.3999999999979	1.0912766456604004		
1	549.599999999998	1.3065435886383057	test, avec les méthodes lexicales ci-dessus, les	
1	550.799999999998	1.0948197841644287	encodeurs B	
1	551.9999999999981	1.043250322341919		
1	553.1999999999981	1.3243682384490967		
1	554.3999999999982	1.3590431213378906	Siamese évalués dans un cadre zero-shot au milieu, et les	
1	555.5999999999982	0.4527859687805176	Beyond Coders affinés en dessous.	
1	556.7999999999982	0.9579975605010986		
1	557.9999999999983	1.1119096279144287	Globalement, les Beyond Coders	
1	559.1999999999983	1.0405445098876953	affinés surpassent	
1	560.3999999999984	1.0952074527740479	significativement toutes les autres lignes de base.	
1	561.5999999999984	0.9626169204711914	Le modèle	
1	562.7999999999985	0.9860889911651611	à deux tours améliore sa	
1	563.9999999999985	1.0507569313049316	variante	
1	565.1999999999986	1.2410314083099365	Siamese sur le rappel à	
1	566.3999999999986	1.238112211227417	100, mais performe de manière	
1	567.5999999999987	0.3943941593170166	similaire sur les autres	
1	568.7999999999987	1.021963119506836		
1	569.9999999999987	1.2660987377166748		
1	571.1999999999988	1.3572149276733398		
1	572.3999999999988	1.5176784992218018	indicateurs. Bien que BM25 sous-performe le Beyond	
1	573.5999999999989	1.2856650352478027	Coders entraîné de manière significative, ses performances	
1	574.7999999999989	1.140014410018921	indiquent qu'il reste	
1	575.999999999999	1.0880730152130127	une ligne de base solide pour	
1	577.199999999999	0.396167516708374	la récupération spécifique au domaine.	
1	578.3999999999991	0.9618082046508789		
1	579.5999999999991	1.116894006729126	Concernant l'évaluation	
1	580.7999999999992	1.0952856540679932	zero-shot de Siamese	
1	581.9999999999992	1.0622549057006836	Biencoder, nous	
1	583.1999999999992	1.0942189693450928	trouvons que l'utilisation directe	
1	584.3999999999993	1.1266210079193115	des embeddings d'un modèle	
1	585.5999999999993	1.0210742950439453	CamemBERT	
1	586.7999999999994	1.1826059818267822	pré-entraîné sans optimisation	
1	587.9999999999994	0.9980909824371338	pour la	
1	589.1999999999995	1.083183765411377	tâche de récupération	
1	590.3999999999995	1.1553795337677002	d'information donne de mauvais résultats.	
1	591.5999999999996	1.0518040657043457		
1	592.7999999999996	0.5564630031585693	ce qui est cohérent avec des conclusions précédentes.	
1	593.9999999999997	0.9370298385620117		
1	595.1999999999997	1.1008920669555664	De plus, nous observons	
1	596.3999999999997	1.0731627941131592	que	
1	597.5999999999998	0.8230609893798828		
1	598.7999999999998	1.1684484481811523		
1	599.9999999999999	1.2764549255371094		
1	601.1999999999999	1.3072445392608643	l'encodeur B Word2Vec surpasse significativement	
1	602.4	1.1145997047424316	les modèles	
1	603.6	1.3559136390686035	basés sur FastText et Bird, suggérant peut-être	
1	604.8000000000001	1.094221830368042	que les	
1	606.0000000000001	1.0871174335479736	embeddings de mots pré-entraînés sont plus	
1	607.2000000000002	1.020341396331787	appropriés pour	
1	608.4000000000002	0.9879608154296875	la tâche que les	
1	609.6000000000003	0.9677078723907471		
1	610.8000000000003	0.9596362113952637	embeddings de niveau caractère ou sous-mot.	
1	612.0000000000003	0.8942499160766602		
1	613.2000000000004	0.4129297733306885	lorsqu'ils sont utilisés hors boîte.	
1	614.4000000000004	0.17673707008361816		
1	615.6000000000005	0.9841084480285645		
1	616.8000000000005	1.2016136646270752	Bien que prometteurs, ces résultats	
1	618.0000000000006	1.0071616172790527	suggèrent de	
1	619.2000000000006	1.1444180011749268	grandes possibilités	
1	620.4000000000007	1.1156163215637207	d'amélioration par rapport à un niveau de	
1	621.6000000000007	0.9217214584350586	compétence	
1	622.8000000000008	1.0557096004486084	juridique qui peut éventuellement	
1	624.0000000000008	0.9976720809936523	récupérer tous les articles	
1	625.2000000000008	0.9420778751373291	pertinents pour toute	
1	626.4000000000009	0.9694721698760986	question et	
1	627.6000000000009	0.39618706703186035	ainsi obtenir des notes parfaites.	
1	628.800000000001	0.905350923538208		
1	630.000000000001	0.9567606449127197	Concluons en	
1	631.2000000000011	1.0306413173675537	discutant	
1	632.4000000000011	1.0956826210021973	de deux limites de nos jeux de données.	
1	633.6000000000012	0.9762606620788574	Premièrement, le	
1	634.8000000000012	1.0367801189422607	corpus d'articles est	
1	636.0000000000013	1.0735738277435303	limité à ceux	
1	637.2000000000013	1.1206583976745605	collectés à partir des	
1	638.4000000000013	1.074721097946167	32 codes belges	
1	639.6000000000014	1.0352752208709717	considérés, ce qui ne	
1	640.8000000000014	1.1149144172668457	couvre pas l'ensemble	
1	642.0000000000015	1.1486194133758545	du droit belge	
1	643.2000000000015	1.0696256160736084	car les articles	
1	644.4000000000016	1.1932120323181152	provenant des décrets, des directives et	
1	645.6000000000016	0.4471590518951416	des ordonnances sont manquants.	
1	646.8000000000017	0.9420347213745117		
1	648.0000000000017	1.0513155460357666	Pendant la construction du jeu de données,	
1	649.2000000000018	1.0136256217956543	toutes les références à	
1	650.4000000000018	1.0436105728149414	ces articles non collectés	
1	651.6000000000018	1.1091091632843018	ont été	
1	652.8000000000019	1.134631872177124	ignorées, ce qui cause certaines	
1	654.0000000000019	1.1251177787780762	questions à se retrouver avec seulement	
1	655.200000000002	1.0678284168243408	une fraction	
1	656.400000000002	0.4645535945892334	du nombre initial d'articles pertinents.	
1	657.6000000000021	0.8558895587921143		
1	658.8000000000021	1.0156960487365723	Cette	
1	660.0000000000022	1.2367403507232666	perte d'information implique que la réponse	
1	661.2000000000022	1.0537443161010742	contenue dans	
1	662.4000000000023	1.0754685401916504	les articles	
1	663.6000000000023	1.0110151767730713	restants pertinents pourrait être	
1	664.8000000000023	1.1228725910186768		
1	666.0000000000024	0.5634942054748535	incomplète, bien qu'elle soit toujours complètement appropriée.	
1	667.2000000000024	0.17517757415771484		
1	668.4000000000025	1.0379183292388916		
1	669.6000000000025	1.2248187065124512	Deuxièmement, nous devons noter	
1	670.8000000000026	1.1357557773590088	que	
1	672.0000000000026	1.2496252059936523	toutes les questions juridiques ne peuvent pas être répondues	
1	673.2000000000027	1.0498576164245605	uniquement avec des statuts.	
1	674.4000000000027	1.1750187873840332	Par exemple, la	
1	675.6000000000028	1.2632403373718262	question : « Puis-je expulser	
1	676.8000000000028	1.0876314640045166	mes locataires s'ils	
1	678.0000000000028	1.0630013942718506	font trop de bruit	
1	679.2000000000029	1.206031322479248	» n'a	
1	680.4000000000029	1.1805050373077393	peut-être pas de réponse détaillée dans	
1	681.600000000003	1.0415337085723877	le droit	
1	682.800000000003	1.0719001293182373	statutaire qui quantifie une	
1	684.0000000000031	1.1164419651031494		
1	685.2000000000031	1.2451441287994385	limite sonore spécifique au-delà de laquelle l'expulsion	
1	686.4000000000032	1.0795626640319824	est autorisée.	
1	687.6000000000032	1.2896661758422852		
1	688.8000000000033	1.3935647010803223	Au lieu de cela, le propriétaire devrait probablement s'appuyer davantage sur la	
1	690.0000000000033	1.0491549968719482	jurisprudence et	
1	691.2000000000033	1.071976900100708	trouver des précédents similaires à	
1	692.4000000000034	1.068458080291748	sa situation actuelle.	
1	693.6000000000034	1.4720385074615479	Par exemple, le locataire	
1	694.8000000000035	1.1659893989562988	fait deux	
1	696.0000000000035	1.1382689476013184	parties par semaine jusqu'à 2 heures du matin.	
1	697.2000000000036	0.8918318748474121	Donc,	
1	698.4000000000036	1.0322253704071045	certaines questions sont	
1	699.6000000000037	1.1358613967895508	mieux adaptées que	
1	700.8000000000037	1.1840057373046875	d'autres à	
1	702.0000000000038	1.2345638275146484	la tâche de récupération d'articles	
1	703.2000000000038	1.195474624633789	statutaires, et le domaine	
1	704.4000000000038	1.0569453239440918	de celles qui sont moins adaptées	
1	705.6000000000039	0.3050057888031006	reste à déterminer.	
1	706.8000000000039	0.8885116577148438		
1	708.000000000004	0.9579353332519531	Nous espérons que	
1	709.200000000004	1.1866779327392578	tout ce travail	
1	710.4000000000041	1.2145180702209473	suscite l'intérêt pour	
1	711.6000000000041	1.0371520519256592	développer des	
1	712.8000000000042	1.208491563796997		
1	714.0000000000042	0.6383161544799805	modèles pratiques et fiables de récupération d'articles statutaires.	
1	715.2000000000043	0.9197936058044434		
1	716.4000000000043	1.1634550094604492	qui peuvent aider à	
1	717.6000000000043	1.0694000720977783	améliorer l'accès à la justice	
1	718.8000000000044	1.0394484996795654	pour tous.	
1	720.0000000000044	1.262568473815918	Vous pouvez consulter notre	
1	721.2000000000045	1.099327564239502	papier, jeu de données et code aux	
1	722.0012500000045	0.7789168357849121	liens suivants. Merci.	
2	1.2	0.2063901424407959	Bonjour !	
2	2.4	0.4327855110168457	Bonjour, nous avons le plaisir de vous présenter	Bonjour !
2	3.5999999999999996	0.46761369705200195	notre travail.	avons le plaisir de vous présenter
2	4.8	0.502021312713623	sommes heureux de présenter notre travail sur les voyelles.	notre travail.
2	6.0	0.45672607421875	voyelles, une tâche dans	voyelles.
2	7.2	0.3723173141479492	indépendante.	dans
2	8.4	0.3492875099182129	benchmark destinée à.	indépendante.
2	9.6	0.4516642093658447	de benchmark destinée destinée à tester la vision.	benchmark destinée à.
2	10.799999999999999	0.46855878829956055	à tester modèles de vision et de langage.	destinée à tester la vision.
2	11.999999999999998	0.538121223449707	les modèles de vision et de modèles de vision et de langage avec des spécificités	modèles de vision et de langage.
2	13.199999999999998	0.4494767189025879	linguistiques.	modèles de vision et de langage avec des spécificités
2	14.399999999999997	0.263533353805542	linguistiques.	
2	15.599999999999996	0.31867361068725586	Pourquoi avons-nous	linguistiques.
2	16.799999999999997	0.4416780471801758	les modèles de vision et de langage avec des spécificités linguistiques. Pourquoi avons-nous pris la peine de	
2	17.999999999999996	0.5090470314025879	mettre en place ce benchmark ?	les modèles de vision et de langage avec des spécificités linguistiques. Pourquoi avons-nous pris la peine de
2	19.199999999999996	0.3434109687805176		
2	20.399999999999995	0.38912224769592285	bien, au cours du dernier	mettre en place ce benchmark ?
2	21.599999999999994	0.49655652046203613	Eh bien, au cours années,	bien, au cours du dernier
2	22.799999999999994	0.543499231338501	des dernières années, nous avons constaté une évolution.	années,
2	23.999999999999993	0.4141507148742676	nous avons constaté une explosion de	années, nous avons constaté une évolution.
2	25.199999999999992	0.504188060760498	transformeurs.	de
2	26.39999999999999	0.6372518539428711	modèles de vision et de langage basés sur les transformeurs.	transformeurs.
2	27.59999999999999	0.5986027717590332	de	modèles de vision et de langage basés sur les transformeurs.
2	28.79999999999999	0.5913043022155762	sur les transformeurs. Pré-entraînés sur de grandes quantités de données.	
2	29.99999999999999	0.7430665493011475	Pré-entraînés sur de grandes quantités de vision et de langage basés sur les transformeurs. Pré-entraînés sur de grandes quantités d'images et de texte.	sur les transformeurs. Pré-entraînés sur de grandes quantités de données.
2	31.19999999999999	0.5163140296936035	paires d'images et de texte.	de vision et de langage basés sur les transformeurs. Pré-entraînés sur de grandes quantités d'images et de texte.
2	32.39999999999999	0.7176544666290283	de Chaque l'un de ces modèles	paires d'images et de texte.
2	33.599999999999994	0.7349545955657959	paires d'images et de texte. Chaque l'un de ces modèles pousse l'état de l'art.	
2	34.8	0.5556466579437256	pousse l'état de l'état de l'art sur très	paires d'images et de texte. Chaque l'un de ces modèles pousse l'état de l'art.
2	36.0	0.5935714244842529	l'art sur d'images et de texte. Chaque l'un de ces modèles pousse l'état de l'art sur les tâches de vision et de langage.	l'état de l'art sur très
2	37.2	0.557844877243042	les tâches de vision et de d'images et de texte. Chaque l'un de ces modèles pousse l'état de l'art sur les tâches de vision et de langage, telles que.	d'images et de texte. Chaque l'un de ces modèles pousse l'état de l'art sur les tâches de vision et de langage.
2	38.400000000000006	0.4900074005126953	langage, telles questions visuelles.	d'images et de texte. Chaque l'un de ces modèles pousse l'état de l'art sur les tâches de vision et de langage, telles que.
2	39.60000000000001	0.6272914409637451	que réponse aux questions visuelles, la commentaire visuel.	questions visuelles.
2	40.80000000000001	0.7082774639129639	la réponse aux questions visuel.	réponse aux questions visuelles, la commentaire visuel.
2	42.000000000000014	0.7856369018554688	Pré-entraînés sur de grandes quantités de paires d'images et de texte. Chaque l'un de ces modèles pousse l'état de l'art sur les tâches de vision et de langage, telles que la réponse aux questions visuelles, le raisonnement commun sensuel visuel et la recherche d'images.	visuel.
2	43.20000000000002	1.047588586807251	visuelles, le raisonnement commun sensuel récupération d'images et l'ancrage de phrases.	Pré-entraînés sur de grandes quantités de paires d'images et de texte. Chaque l'un de ces modèles pousse l'état de l'art sur les tâches de vision et de langage, telles que la réponse aux questions visuelles, le raisonnement commun sensuel visuel et la recherche d'images.
2	44.40000000000002	0.9924838542938232	visuel, la récupération un message.	récupération d'images et l'ancrage de phrases.
2	45.60000000000002	0.728926420211792	d'images, l'ancrage de phrases. Nous avons donc reçu	un message.
2	46.800000000000026	0.43883776664733887	l'ancrage de phrases. Nous avons donc reçu un message. Les précisions sur ce type.	
2	48.00000000000003	0.5834164619445801	Les précisions sur phrases. Nous avons donc reçu un message. Les précisions sur ces benchmarks spécifiques à la tâche.	l'ancrage de phrases. Nous avons donc reçu un message. Les précisions sur ce type.
2	49.20000000000003	0.5063521862030029	ces benchmarks spécifiques benchmarks spécifiques aux tâches sont augmentées.	phrases. Nous avons donc reçu un message. Les précisions sur ces benchmarks spécifiques à la tâche.
2	50.400000000000034	0.4091300964355469	aux tâches augmentent régulièrement.	benchmarks spécifiques aux tâches sont augmentées.
2	51.60000000000004	0.2704639434814453		
2	52.80000000000004	0.4438908100128174	Mais savons-nous quoi ?	augmentent régulièrement.
2	54.00000000000004	0.6163413524627686	modèles ont réellement ?	quoi ?
2	55.200000000000045	0.48000049591064453	ce que les modèles ont réellement réellement appris ?	modèles ont réellement ?
2	56.40000000000005	0.20676898956298828		réellement appris ?
2	57.60000000000005	0.33803629875183105	Qu'est-ce qui	
2	58.800000000000054	0.5483059883117676	transformation vision et langage ?	qui
2	60.00000000000006	0.6026036739349365	comprend ?	transformation vision et langage ?
2	61.20000000000006	0.712505578994751	qu'un transformeur de vision et de langage comprend lorsqu'il est assigné	comprend ?
2	62.40000000000006	0.4256744384765625	un message. Les précisions sur ces benchmarks spécifiques aux tâches augmentent régulièrement. Mais savons-nous ce que les modèles ont réellement appris ? Qu'est-ce qu'un transformeur de vision et de langage comprend lorsqu'il attribue une haute	est assigné
2	63.600000000000065	0.5147380828857422	attribue score élevé pour cette image ?	un message. Les précisions sur ces benchmarks spécifiques aux tâches augmentent régulièrement. Mais savons-nous ce que les modèles ont réellement appris ? Qu'est-ce qu'un transformeur de vision et de langage comprend lorsqu'il attribue une haute
2	64.80000000000007	0.5172154903411865	un score élevé pour cette image image et ceci ?	score élevé pour cette image ?
2	66.00000000000007	0.52974534034729	et phrase afin de les faire correspondre ?	image et ceci ?
2	67.20000000000007	0.4212973117828369	cette	phrase afin de les faire correspondre ?
2	68.40000000000008	0.48970723152160645	Et un score faible pour celle-ci ?	
2	69.60000000000008	0.4831676483154297	?	
2	70.80000000000008	0.27569103240966797		?
2	72.00000000000009	0.46692562103271484	vision et de langage comprend lorsqu'il attribue un score élevé pour cette image et cette phrase afin de les faire correspondre ? Et un score faible pour celle-ci ? Les modèles de vision et de langage	
2	73.20000000000009	0.7020704746246338	concentrent-ils sur les	vision et de langage comprend lorsqu'il attribue un score élevé pour cette image et cette phrase afin de les faire correspondre ? Et un score faible pour celle-ci ? Les modèles de vision et de langage
2	74.40000000000009	0.5727028846740723	se concentrent-ils sur bonne chose ?	concentrent-ils sur les
2	75.6000000000001	0.631817102432251	la bonne chose, ou se concentrent-ils sur	bonne chose ?
2	76.8000000000001	0.44983768463134766	biais ?	chose, ou se concentrent-ils sur
2	78.0000000000001	0.9047374725341797	biais comme l'ont montré les précédents ?	biais ?
2	79.2000000000001	0.9610764980316162	chose, ou se concentrent-ils sur des biais comme l'ont montré les travaux précédents ?	biais comme l'ont montré les précédents ?
2	80.4000000000001	0.516859769821167	Pour jeter plus	
2	81.60000000000011	0.5758850574493408	lumière sur cet aspect ?	
2	82.80000000000011	0.56437087059021	de lumière sur cet aspect, nous proposons.	lumière sur cet aspect ?
2	84.00000000000011	0.4583089351654053	proposons un plus	proposons.
2	85.20000000000012	0.7068793773651123	tâche.	un plus
2	86.40000000000012	0.7128803730010986	une direction plus agnostique par rapport à la tâche.	tâche.
2	87.60000000000012	0.7488155364990234	et cette phrase afin de les faire correspondre ? Et un score faible pour celle-ci ? Les modèles de vision et de langage se concentrent-ils sur la bonne chose, ou se concentrent-ils sur des biais comme l'ont montré les travaux précédents ? Pour jeter plus de lumière sur cet aspect, nous proposons une direction plus agnostique par rapport à la tâche et introduisons	tâche.
2	88.80000000000013	0.6601278781890869	valves qui testent.	et cette phrase afin de les faire correspondre ? Et un score faible pour celle-ci ? Les modèles de vision et de langage se concentrent-ils sur la bonne chose, ou se concentrent-ils sur des biais comme l'ont montré les travaux précédents ? Pour jeter plus de lumière sur cet aspect, nous proposons une direction plus agnostique par rapport à la tâche et introduisons
2	90.00000000000013	0.6347405910491943	des valves qui sensibilité.	valves qui testent.
2	91.20000000000013	0.7221889495849609	testent la vision et de langage se concentrent-ils sur la bonne chose, ou se concentrent-ils sur des biais comme l'ont montré les travaux précédents ? Pour jeter plus de lumière sur cet aspect, nous proposons une direction plus agnostique par rapport à la tâche et introduisons des valves qui testent la sensibilité de la vision et du langage.	sensibilité.
2	92.40000000000013	0.6565017700195312	sensibilité langage.	vision et de langage se concentrent-ils sur la bonne chose, ou se concentrent-ils sur des biais comme l'ont montré les travaux précédents ? Pour jeter plus de lumière sur cet aspect, nous proposons une direction plus agnostique par rapport à la tâche et introduisons des valves qui testent la sensibilité de la vision et du langage.
2	93.60000000000014	0.7180845737457275	des modèles de vision et de modèles de vision et de langage se concentrent-ils sur la bonne chose, ou se concentrent-ils sur des biais comme l'ont montré les travaux précédents ? Pour jeter plus de lumière sur cet aspect, nous proposons une direction plus agnostique par rapport à la tâche et introduisons des valves qui testent la sensibilité des modèles de vision et de langage à spécifiquement.	langage.
2	94.80000000000014	0.6526281833648682	langage à spécifiques aux tâches augmentent régulièrement. Mais savons-nous ce que les modèles ont réellement appris ? Qu'est-ce qu'un transformeur de vision et de langage comprend lorsqu'il attribue un score élevé pour cette image et cette phrase afin de les faire correspondre ? Et un score faible pour celle-ci ? Les modèles de vision et de langage se concentrent-ils sur la bonne chose, ou se concentrent-ils sur des biais comme l'ont montré les travaux précédents ? Pour jeter plus de lumière sur cet aspect, nous proposons une direction plus agnostique par rapport à la tâche et introduisons des valves qui testent la sensibilité des modèles de vision et de langage à des phénomènes linguistiques spécifiques.	modèles de vision et de langage se concentrent-ils sur la bonne chose, ou se concentrent-ils sur des biais comme l'ont montré les travaux précédents ? Pour jeter plus de lumière sur cet aspect, nous proposons une direction plus agnostique par rapport à la tâche et introduisons des valves qui testent la sensibilité des modèles de vision et de langage à spécifiquement.
2	96.00000000000014	0.7421858310699463	des phénomènes linguistiques langage se concentrent-ils sur la bonne chose, ou se concentrent-ils sur des biais comme l'ont montré les travaux précédents ? Pour jeter plus de lumière sur cet aspect, nous proposons une direction plus agnostique par rapport à la tâche et introduisons des valves qui testent la sensibilité des modèles de vision et de langage à des phénomènes linguistiques spécifiques qui affectent les deux.	spécifiques aux tâches augmentent régulièrement. Mais savons-nous ce que les modèles ont réellement appris ? Qu'est-ce qu'un transformeur de vision et de langage comprend lorsqu'il attribue un score élevé pour cette image et cette phrase afin de les faire correspondre ? Et un score faible pour celle-ci ? Les modèles de vision et de langage se concentrent-ils sur la bonne chose, ou se concentrent-ils sur des biais comme l'ont montré les travaux précédents ? Pour jeter plus de lumière sur cet aspect, nous proposons une direction plus agnostique par rapport à la tâche et introduisons des valves qui testent la sensibilité des modèles de vision et de langage à des phénomènes linguistiques spécifiques.
2	97.20000000000014	0.691195011138916	spécifiques qui affectent linguistique.	langage se concentrent-ils sur la bonne chose, ou se concentrent-ils sur des biais comme l'ont montré les travaux précédents ? Pour jeter plus de lumière sur cet aspect, nous proposons une direction plus agnostique par rapport à la tâche et introduisons des valves qui testent la sensibilité des modèles de vision et de langage à des phénomènes linguistiques spécifiques qui affectent les deux.
2	98.40000000000015	0.6827049255371094	à la fois et de langage se concentrent-ils sur la bonne chose, ou se concentrent-ils sur des biais comme l'ont montré les travaux précédents ? Pour jeter plus de lumière sur cet aspect, nous proposons une direction plus agnostique par rapport à la tâche et introduisons des valves qui testent la sensibilité des modèles de vision et de langage à des phénomènes linguistiques spécifiques qui affectent à la fois le linguistique et le visuel.	linguistique.
2	99.60000000000015	0.6193885803222656	visuelles.	et de langage se concentrent-ils sur la bonne chose, ou se concentrent-ils sur des biais comme l'ont montré les travaux précédents ? Pour jeter plus de lumière sur cet aspect, nous proposons une direction plus agnostique par rapport à la tâche et introduisons des valves qui testent la sensibilité des modèles de vision et de langage à des phénomènes linguistiques spécifiques qui affectent à la fois le linguistique et le visuel.
2	100.80000000000015	0.7529332637786865	les modalités linguistiques et	visuelles.
2	102.00000000000016	0.7651464939117432	Nous ciblons sensibilité des modèles de vision et de langage à des phénomènes linguistiques spécifiques qui affectent à la fois les modalités linguistiques et visuelles. Nous ciblons l'existence, la pluriel.	
2	103.20000000000016	0.7992968559265137	l'existence, la concentrent-ils sur des biais comme l'ont montré les travaux précédents ? Pour jeter plus de lumière sur cet aspect, nous proposons une direction plus agnostique par rapport à la tâche et introduisons des valves qui testent la sensibilité des modèles de vision et de langage à des phénomènes linguistiques spécifiques qui affectent à la fois les modalités linguistiques et visuelles. Nous ciblons l'existence, la pluriel et le comptage.	sensibilité des modèles de vision et de langage à des phénomènes linguistiques spécifiques qui affectent à la fois les modalités linguistiques et visuelles. Nous ciblons l'existence, la pluriel.
2	104.40000000000016	0.7516708374023438	relations spatiales.	concentrent-ils sur des biais comme l'ont montré les travaux précédents ? Pour jeter plus de lumière sur cet aspect, nous proposons une direction plus agnostique par rapport à la tâche et introduisons des valves qui testent la sensibilité des modèles de vision et de langage à des phénomènes linguistiques spécifiques qui affectent à la fois les modalités linguistiques et visuelles. Nous ciblons l'existence, la pluriel et le comptage.
2	105.60000000000016	0.9996836185455322	pluriel, le comptage, les relations relations spatiales, les actions et l'énergie.	relations spatiales.
2	106.80000000000017	0.8475863933563232	spatiales, les actions et co-référence d'entités.	relations spatiales, les actions et l'énergie.
2	108.00000000000017	0.883230447769165	la comment procédons-nous ?	co-référence d'entités.
2	109.20000000000017	0.6080873012542725	Mais comment	comment procédons-nous ?
2	110.40000000000018	0.7777349948883057	testons-nous si et de langage se concentrent-ils sur la bonne chose, ou se concentrent-ils sur des biais comme l'ont montré les travaux précédents ? Pour jeter plus de lumière sur cet aspect, nous proposons une direction plus agnostique par rapport à la tâche et introduisons des valves qui testent la sensibilité des modèles de vision et de langage à des phénomènes linguistiques spécifiques qui affectent à la fois les modalités linguistiques et visuelles. Nous ciblons l'existence, la pluriel, le comptage, les relations spatiales, les actions et la co-référence d'entités. Mais comment testons-nous si les modèles de vision et de langage ?	
2	111.60000000000018	0.6858882904052734	les modèles de vision et de langage modèles de vision et de langage à des phénomènes linguistiques spécifiques qui affectent à la fois les modalités linguistiques et visuelles. Nous ciblons l'existence, la pluriel, le comptage, les relations spatiales, les actions et la co-référence d'entités. Mais comment testons-nous si les modèles de vision et de langage ont capturé	et de langage se concentrent-ils sur la bonne chose, ou se concentrent-ils sur des biais comme l'ont montré les travaux précédents ? Pour jeter plus de lumière sur cet aspect, nous proposons une direction plus agnostique par rapport à la tâche et introduisons des valves qui testent la sensibilité des modèles de vision et de langage à des phénomènes linguistiques spécifiques qui affectent à la fois les modalités linguistiques et visuelles. Nous ciblons l'existence, la pluriel, le comptage, les relations spatiales, les actions et la co-référence d'entités. Mais comment testons-nous si les modèles de vision et de langage ?
2	112.80000000000018	0.592289924621582	ces phénomènes ?	modèles de vision et de langage à des phénomènes linguistiques spécifiques qui affectent à la fois les modalités linguistiques et visuelles. Nous ciblons l'existence, la pluriel, le comptage, les relations spatiales, les actions et la co-référence d'entités. Mais comment testons-nous si les modèles de vision et de langage ont capturé
2	114.00000000000018	0.49396610260009766		
2	115.20000000000019	0.5315940380096436	FOILant.	ces phénomènes ?
2	116.40000000000019	0.7212564945220947	testent la sensibilité des modèles de vision et de langage à des phénomènes linguistiques spécifiques qui affectent à la fois les modalités linguistiques et visuelles. Nous ciblons l'existence, la pluriel, le comptage, les relations spatiales, les actions et la co-référence d'entités. Mais comment testons-nous si les modèles de vision et de langage ont capturé ces phénomènes ? Par FOILing, une méthode précédemment	FOILant.
2	117.6000000000002	0.8607156276702881	vision et de langage à des phénomènes linguistiques spécifiques qui affectent à la fois les modalités linguistiques et visuelles. Nous ciblons l'existence, la pluriel, le comptage, les relations spatiales, les actions et la co-référence d'entités. Mais comment testons-nous si les modèles de vision et de langage ont capturé ces phénomènes ? Par FOILing, une méthode précédemment appliquée pour la vision et	testent la sensibilité des modèles de vision et de langage à des phénomènes linguistiques spécifiques qui affectent à la fois les modalités linguistiques et visuelles. Nous ciblons l'existence, la pluriel, le comptage, les relations spatiales, les actions et la co-référence d'entités. Mais comment testons-nous si les modèles de vision et de langage ont capturé ces phénomènes ? Par FOILing, une méthode précédemment
2	118.8000000000002	0.7209329605102539	appliquée pour modèles de vision et de langage à des phénomènes linguistiques spécifiques qui affectent à la fois les modalités linguistiques et visuelles. Nous ciblons l'existence, la pluriel, le comptage, les relations spatiales, les actions et la co-référence d'entités. Mais comment testons-nous si les modèles de vision et de langage ont capturé ces phénomènes ? Par FOILing, une méthode précédemment appliquée pour les modèles de vision et de langage.	vision et de langage à des phénomènes linguistiques spécifiques qui affectent à la fois les modalités linguistiques et visuelles. Nous ciblons l'existence, la pluriel, le comptage, les relations spatiales, les actions et la co-référence d'entités. Mais comment testons-nous si les modèles de vision et de langage ont capturé ces phénomènes ? Par FOILing, une méthode précédemment appliquée pour la vision et
2	120.0000000000002	0.816779375076294	les modèles de vision et de modèles de vision et de langage à des phénomènes linguistiques spécifiques qui affectent à la fois les modalités linguistiques et visuelles. Nous ciblons l'existence, la pluriel, le comptage, les relations spatiales, les actions et la co-référence d'entités. Mais comment testons-nous si les modèles de vision et de langage ont capturé ces phénomènes ? Par FOILing, une méthode précédemment appliquée pour les modèles de vision et de langage uniquement pour non-cadre.	modèles de vision et de langage à des phénomènes linguistiques spécifiques qui affectent à la fois les modalités linguistiques et visuelles. Nous ciblons l'existence, la pluriel, le comptage, les relations spatiales, les actions et la co-référence d'entités. Mais comment testons-nous si les modèles de vision et de langage ont capturé ces phénomènes ? Par FOILing, une méthode précédemment appliquée pour les modèles de vision et de langage.
2	121.2000000000002	0.8682098388671875	langage uniquement pour phénomènes linguistiques spécifiques qui affectent à la fois les modalités linguistiques et visuelles. Nous ciblons l'existence, la pluriel, le comptage, les relations spatiales, les actions et la co-référence d'entités. Mais comment testons-nous si les modèles de vision et de langage ont capturé ces phénomènes ? Par FOILing, une méthode précédemment appliquée pour les modèles de vision et de langage uniquement pour les groupes nominaux par Ravi Shekhar.	modèles de vision et de langage à des phénomènes linguistiques spécifiques qui affectent à la fois les modalités linguistiques et visuelles. Nous ciblons l'existence, la pluriel, le comptage, les relations spatiales, les actions et la co-référence d'entités. Mais comment testons-nous si les modèles de vision et de langage ont capturé ces phénomènes ? Par FOILing, une méthode précédemment appliquée pour les modèles de vision et de langage uniquement pour non-cadre.
2	122.4000000000002	0.8480727672576904	les groupes nominaux par Ravi affectent à la fois les modalités linguistiques et visuelles. Nous ciblons l'existence, la pluriel, le comptage, les relations spatiales, les actions et la co-référence d'entités. Mais comment testons-nous si les modèles de vision et de langage ont capturé ces phénomènes ? Par FOILing, une méthode précédemment appliquée pour les modèles de vision et de langage uniquement pour les groupes nominaux par Ravi Shekhar et collaborateurs.	phénomènes linguistiques spécifiques qui affectent à la fois les modalités linguistiques et visuelles. Nous ciblons l'existence, la pluriel, le comptage, les relations spatiales, les actions et la co-référence d'entités. Mais comment testons-nous si les modèles de vision et de langage ont capturé ces phénomènes ? Par FOILing, une méthode précédemment appliquée pour les modèles de vision et de langage uniquement pour les groupes nominaux par Ravi Shekhar.
2	123.60000000000021	0.843379020690918	Shekhar et affectent à la fois les modalités linguistiques et visuelles. Nous ciblons l'existence, la pluriel, le comptage, les relations spatiales, les actions et la co-référence d'entités. Mais comment testons-nous si les modèles de vision et de langage ont capturé ces phénomènes ? Par FOILing, une méthode précédemment appliquée pour les modèles de vision et de langage uniquement pour les groupes nominaux par Ravi Shekhar et ses collaborateurs, et sur le comptage.	affectent à la fois les modalités linguistiques et visuelles. Nous ciblons l'existence, la pluriel, le comptage, les relations spatiales, les actions et la co-référence d'entités. Mais comment testons-nous si les modèles de vision et de langage ont capturé ces phénomènes ? Par FOILing, une méthode précédemment appliquée pour les modèles de vision et de langage uniquement pour les groupes nominaux par Ravi Shekhar et collaborateurs.
2	124.80000000000021	0.75909423828125	ses collaborateurs, et affectent à la fois les modalités linguistiques et visuelles. Nous ciblons l'existence, la pluriel, le comptage, les relations spatiales, les actions et la co-référence d'entités. Mais comment testons-nous si les modèles de vision et de langage ont capturé ces phénomènes ? Par FOILing, une méthode précédemment appliquée pour les modèles de vision et de langage uniquement pour les groupes nominaux par Ravi Shekhar et ses collaborateurs, et pour le comptage en demandant.	affectent à la fois les modalités linguistiques et visuelles. Nous ciblons l'existence, la pluriel, le comptage, les relations spatiales, les actions et la co-référence d'entités. Mais comment testons-nous si les modèles de vision et de langage ont capturé ces phénomènes ? Par FOILing, une méthode précédemment appliquée pour les modèles de vision et de langage uniquement pour les groupes nominaux par Ravi Shekhar et ses collaborateurs, et sur le comptage.
2	126.00000000000021	0.7643887996673584	pour le comptage nous dans des travaux précédents.	affectent à la fois les modalités linguistiques et visuelles. Nous ciblons l'existence, la pluriel, le comptage, les relations spatiales, les actions et la co-référence d'entités. Mais comment testons-nous si les modèles de vision et de langage ont capturé ces phénomènes ? Par FOILing, une méthode précédemment appliquée pour les modèles de vision et de langage uniquement pour les groupes nominaux par Ravi Shekhar et ses collaborateurs, et pour le comptage en demandant.
2	127.20000000000022	0.8456182479858398	par	nous dans des travaux précédents.
2	128.4000000000002	0.6197021007537842	que	
2	129.6000000000002	0.8341305255889893	FOILer signifie Nous ciblons l'existence, la pluriel, le comptage, les relations spatiales, les actions et la co-référence d'entités. Mais comment testons-nous si les modèles de vision et de langage ont capturé ces phénomènes ? Par FOILing, une méthode précédemment appliquée pour les modèles de vision et de langage uniquement pour les groupes nominaux par Ravi Shekhar et ses collaborateurs, et pour le comptage par nous dans des travaux précédents. FOILer signifie essentiellement que nous prenons la légende.	que
2	130.80000000000018	0.8463349342346191	essentiellement que nous prenons la d'une image.	Nous ciblons l'existence, la pluriel, le comptage, les relations spatiales, les actions et la co-référence d'entités. Mais comment testons-nous si les modèles de vision et de langage ont capturé ces phénomènes ? Par FOILing, une méthode précédemment appliquée pour les modèles de vision et de langage uniquement pour les groupes nominaux par Ravi Shekhar et ses collaborateurs, et pour le comptage par nous dans des travaux précédents. FOILer signifie essentiellement que nous prenons la légende.
2	132.00000000000017	0.7190597057342529	légende d'une image et produisons un	d'une image.
2	133.20000000000016	0.6320943832397461	foil par	
2	134.40000000000015	0.6711196899414062	les relations spatiales, les actions et la co-référence d'entités. Mais comment testons-nous si les modèles de vision et de langage ont capturé ces phénomènes ? Par FOILing, une méthode précédemment appliquée pour les modèles de vision et de langage uniquement pour les groupes nominaux par Ravi Shekhar et ses collaborateurs, et pour le comptage par nous dans des travaux précédents. FOILer signifie essentiellement que nous prenons la légende d'une image et produisons un foil en modifiant la légende.	par
2	135.60000000000014	0.6708343029022217	en modifiant la telle que	les relations spatiales, les actions et la co-référence d'entités. Mais comment testons-nous si les modèles de vision et de langage ont capturé ces phénomènes ? Par FOILing, une méthode précédemment appliquée pour les modèles de vision et de langage uniquement pour les groupes nominaux par Ravi Shekhar et ses collaborateurs, et pour le comptage par nous dans des travaux précédents. FOILer signifie essentiellement que nous prenons la légende d'une image et produisons un foil en modifiant la légende.
2	136.80000000000013	0.7205965518951416	légende d'entités. Mais comment testons-nous si les modèles de vision et de langage ont capturé ces phénomènes ? Par FOILing, une méthode précédemment appliquée pour les modèles de vision et de langage uniquement pour les groupes nominaux par Ravi Shekhar et ses collaborateurs, et pour le comptage par nous dans des travaux précédents. FOILer signifie essentiellement que nous prenons la légende d'une image et produisons un foil en modifiant la légende de telle sorte qu'elle ne	telle que
2	138.0000000000001	0.7569608688354492	pas l'image.	d'entités. Mais comment testons-nous si les modèles de vision et de langage ont capturé ces phénomènes ? Par FOILing, une méthode précédemment appliquée pour les modèles de vision et de langage uniquement pour les groupes nominaux par Ravi Shekhar et ses collaborateurs, et pour le comptage par nous dans des travaux précédents. FOILer signifie essentiellement que nous prenons la légende d'une image et produisons un foil en modifiant la légende de telle sorte qu'elle ne
2	139.2000000000001	0.5740125179290771	décrit l'image.	pas l'image.
2	140.4000000000001	0.7388749122619629	plus Et nous faisons cela.	l'image.
2	141.60000000000008	0.7441403865814209	d'entités. Mais comment testons-nous si les modèles de vision et de langage ont capturé ces phénomènes ? Par FOILing, une méthode précédemment appliquée pour les modèles de vision et de langage uniquement pour les groupes nominaux par Ravi Shekhar et ses collaborateurs, et pour le comptage par nous dans des travaux précédents. FOILer signifie essentiellement que nous prenons la légende d'une image et produisons un foil en modifiant la légende de telle sorte qu'elle ne décrit plus l'image. Et nous effectuons ces altérations de phrases.	faisons cela.
2	142.80000000000007	0.8774979114532471	effectuons ces altérations de par Ravi Shekhar et ses collaborateurs, et pour le comptage par nous dans des travaux précédents. FOILer signifie essentiellement que nous prenons la légende d'une image et produisons un foil en modifiant la légende de telle sorte qu'elle ne décrit plus l'image. Et nous effectuons ces altérations de phrases en nous concentrant sur le signal.	d'entités. Mais comment testons-nous si les modèles de vision et de langage ont capturé ces phénomènes ? Par FOILing, une méthode précédemment appliquée pour les modèles de vision et de langage uniquement pour les groupes nominaux par Ravi Shekhar et ses collaborateurs, et pour le comptage par nous dans des travaux précédents. FOILer signifie essentiellement que nous prenons la légende d'une image et produisons un foil en modifiant la légende de telle sorte qu'elle ne décrit plus l'image. Et nous effectuons ces altérations de phrases.
2	144.00000000000006	0.7356729507446289	phrases en nous concentrant sur spécifiques qui affectent à la fois les modalités linguistiques et visuelles. Nous ciblons l'existence, la pluriel, le comptage, les relations spatiales, les actions et la co-référence d'entités. Mais comment testons-nous si les modèles de vision et de langage ont capturé ces phénomènes ? Par FOILing, une méthode précédemment appliquée pour les modèles de vision et de langage uniquement pour les groupes nominaux par Ravi Shekhar et ses collaborateurs, et pour le comptage par nous dans des travaux précédents. FOILer signifie essentiellement que nous prenons la légende d'une image et produisons un foil en modifiant la légende de telle sorte qu'elle ne décrit plus l'image. Et nous effectuons ces altérations de phrases en nous concentrant sur six éléments spécifiques.	par Ravi Shekhar et ses collaborateurs, et pour le comptage par nous dans des travaux précédents. FOILer signifie essentiellement que nous prenons la légende d'une image et produisons un foil en modifiant la légende de telle sorte qu'elle ne décrit plus l'image. Et nous effectuons ces altérations de phrases en nous concentrant sur le signal.
2	145.20000000000005	0.596198320388794	six éléments collaborateurs, et pour le comptage par nous dans des travaux précédents. FOILer signifie essentiellement que nous prenons la légende d'une image et produisons un foil en modifiant la légende de telle sorte qu'elle ne décrit plus l'image. Et nous effectuons ces altérations de phrases en nous concentrant sur six éléments spécifiques, tels que	spécifiques qui affectent à la fois les modalités linguistiques et visuelles. Nous ciblons l'existence, la pluriel, le comptage, les relations spatiales, les actions et la co-référence d'entités. Mais comment testons-nous si les modèles de vision et de langage ont capturé ces phénomènes ? Par FOILing, une méthode précédemment appliquée pour les modèles de vision et de langage uniquement pour les groupes nominaux par Ravi Shekhar et ses collaborateurs, et pour le comptage par nous dans des travaux précédents. FOILer signifie essentiellement que nous prenons la légende d'une image et produisons un foil en modifiant la légende de telle sorte qu'elle ne décrit plus l'image. Et nous effectuons ces altérations de phrases en nous concentrant sur six éléments spécifiques.
2	146.40000000000003	0.8387670516967773	l'existence, la pluriel, le comptage, les relations spatiales, les actions et la co-référence d'entités. Mais comment testons-nous si les modèles de vision et de langage ont capturé ces phénomènes ? Par FOILing, une méthode précédemment appliquée pour les modèles de vision et de langage uniquement pour les groupes nominaux par Ravi Shekhar et ses collaborateurs, et pour le comptage par nous dans des travaux précédents. FOILer signifie essentiellement que nous prenons la légende d'une image et produisons un foil en modifiant la légende de telle sorte qu'elle ne décrit plus l'image. Et nous effectuons ces altérations de phrases en nous concentrant sur six éléments spécifiques, tels que l'existence, le pluriel.	collaborateurs, et pour le comptage par nous dans des travaux précédents. FOILer signifie essentiellement que nous prenons la légende d'une image et produisons un foil en modifiant la légende de telle sorte qu'elle ne décrit plus l'image. Et nous effectuons ces altérations de phrases en nous concentrant sur six éléments spécifiques, tels que
2	147.60000000000002	0.8392457962036133	le langage ont capturé ces phénomènes ? Par FOILing, une méthode précédemment appliquée pour les modèles de vision et de langage uniquement pour les groupes nominaux par Ravi Shekhar et ses collaborateurs, et pour le comptage par nous dans des travaux précédents. FOILer signifie essentiellement que nous prenons la légende d'une image et produisons un foil en modifiant la légende de telle sorte qu'elle ne décrit plus l'image. Et nous effectuons ces altérations de phrases en nous concentrant sur six éléments spécifiques, tels que l'existence, le pluriel, le comptage.	la pluriel, le comptage, les relations spatiales, les actions et la co-référence d'entités. Mais comment testons-nous si les modèles de vision et de langage ont capturé ces phénomènes ? Par FOILing, une méthode précédemment appliquée pour les modèles de vision et de langage uniquement pour les groupes nominaux par Ravi Shekhar et ses collaborateurs, et pour le comptage par nous dans des travaux précédents. FOILer signifie essentiellement que nous prenons la légende d'une image et produisons un foil en modifiant la légende de telle sorte qu'elle ne décrit plus l'image. Et nous effectuons ces altérations de phrases en nous concentrant sur six éléments spécifiques, tels que l'existence, le pluriel.
2	148.8	0.8347437381744385	pluriel, le relations spatiales, les actions et la co-référence d'entités. Mais comment testons-nous si les modèles de vision et de langage ont capturé ces phénomènes ? Par FOILing, une méthode précédemment appliquée pour les modèles de vision et de langage uniquement pour les groupes nominaux par Ravi Shekhar et ses collaborateurs, et pour le comptage par nous dans des travaux précédents. FOILer signifie essentiellement que nous prenons la légende d'une image et produisons un foil en modifiant la légende de telle sorte qu'elle ne décrit plus l'image. Et nous effectuons ces altérations de phrases en nous concentrant sur six éléments spécifiques, tels que l'existence, le pluriel, le comptage, les relations spatiales.	langage ont capturé ces phénomènes ? Par FOILing, une méthode précédemment appliquée pour les modèles de vision et de langage uniquement pour les groupes nominaux par Ravi Shekhar et ses collaborateurs, et pour le comptage par nous dans des travaux précédents. FOILer signifie essentiellement que nous prenons la légende d'une image et produisons un foil en modifiant la légende de telle sorte qu'elle ne décrit plus l'image. Et nous effectuons ces altérations de phrases en nous concentrant sur six éléments spécifiques, tels que l'existence, le pluriel, le comptage.
2	150.0	0.7874138355255127	comptage, les relations relations spatiales, les actions et la co-référence d'entités. Mais comment testons-nous si les modèles de vision et de langage ont capturé ces phénomènes ? Par FOILing, une méthode précédemment appliquée pour les modèles de vision et de langage uniquement pour les groupes nominaux par Ravi Shekhar et ses collaborateurs, et pour le comptage par nous dans des travaux précédents. FOILer signifie essentiellement que nous prenons la légende d'une image et produisons un foil en modifiant la légende de telle sorte qu'elle ne décrit plus l'image. Et nous effectuons ces altérations de phrases en nous concentrant sur six éléments spécifiques, tels que l'existence, le pluriel, le comptage, les relations spatiales, les actions et	relations spatiales, les actions et la co-référence d'entités. Mais comment testons-nous si les modèles de vision et de langage ont capturé ces phénomènes ? Par FOILing, une méthode précédemment appliquée pour les modèles de vision et de langage uniquement pour les groupes nominaux par Ravi Shekhar et ses collaborateurs, et pour le comptage par nous dans des travaux précédents. FOILer signifie essentiellement que nous prenons la légende d'une image et produisons un foil en modifiant la légende de telle sorte qu'elle ne décrit plus l'image. Et nous effectuons ces altérations de phrases en nous concentrant sur six éléments spécifiques, tels que l'existence, le pluriel, le comptage, les relations spatiales.
2	151.2	0.9370689392089844	co-référence d'entités. Mais comment testons-nous si les modèles de vision et de langage ont capturé ces phénomènes ? Par FOILing, une méthode précédemment appliquée pour les modèles de vision et de langage uniquement pour les groupes nominaux par Ravi Shekhar et ses collaborateurs, et pour le comptage par nous dans des travaux précédents. FOILer signifie essentiellement que nous prenons la légende d'une image et produisons un foil en modifiant la légende de telle sorte qu'elle ne décrit plus l'image. Et nous effectuons ces altérations de phrases en nous concentrant sur six éléments spécifiques, tels que l'existence, le pluriel, le comptage, les relations spatiales, les actions et la co-référence d'entités.	relations spatiales, les actions et la co-référence d'entités. Mais comment testons-nous si les modèles de vision et de langage ont capturé ces phénomènes ? Par FOILing, une méthode précédemment appliquée pour les modèles de vision et de langage uniquement pour les groupes nominaux par Ravi Shekhar et ses collaborateurs, et pour le comptage par nous dans des travaux précédents. FOILer signifie essentiellement que nous prenons la légende d'une image et produisons un foil en modifiant la légende de telle sorte qu'elle ne décrit plus l'image. Et nous effectuons ces altérations de phrases en nous concentrant sur six éléments spécifiques, tels que l'existence, le pluriel, le comptage, les relations spatiales, les actions et
2	152.39999999999998	0.8264865875244141	la co-référence co-référence d'entités. Mais comment testons-nous si les modèles de vision et de langage ont capturé ces phénomènes ? Par FOILing, une méthode précédemment appliquée pour les modèles de vision et de langage uniquement pour les groupes nominaux par Ravi Shekhar et ses collaborateurs, et pour le comptage par nous dans des travaux précédents. FOILer signifie essentiellement que nous prenons la légende d'une image et produisons un foil en modifiant la légende de telle sorte qu'elle ne décrit plus l'image. Et nous effectuons ces altérations de phrases en nous concentrant sur six éléments spécifiques, tels que l'existence, le pluriel, le comptage, les relations spatiales, les actions et la co-référence d'entités, où chaque élément	co-référence d'entités. Mais comment testons-nous si les modèles de vision et de langage ont capturé ces phénomènes ? Par FOILing, une méthode précédemment appliquée pour les modèles de vision et de langage uniquement pour les groupes nominaux par Ravi Shekhar et ses collaborateurs, et pour le comptage par nous dans des travaux précédents. FOILer signifie essentiellement que nous prenons la légende d'une image et produisons un foil en modifiant la légende de telle sorte qu'elle ne décrit plus l'image. Et nous effectuons ces altérations de phrases en nous concentrant sur six éléments spécifiques, tels que l'existence, le pluriel, le comptage, les relations spatiales, les actions et la co-référence d'entités.
2	153.59999999999997	0.7871472835540771	l'image. Et nous effectuons ces altérations de phrases en nous concentrant sur six éléments spécifiques, tels que l'existence, le pluriel, le comptage, les relations spatiales, les actions et la co-référence d'entités, où chaque élément peut consister.	co-référence d'entités. Mais comment testons-nous si les modèles de vision et de langage ont capturé ces phénomènes ? Par FOILing, une méthode précédemment appliquée pour les modèles de vision et de langage uniquement pour les groupes nominaux par Ravi Shekhar et ses collaborateurs, et pour le comptage par nous dans des travaux précédents. FOILer signifie essentiellement que nous prenons la légende d'une image et produisons un foil en modifiant la légende de telle sorte qu'elle ne décrit plus l'image. Et nous effectuons ces altérations de phrases en nous concentrant sur six éléments spécifiques, tels que l'existence, le pluriel, le comptage, les relations spatiales, les actions et la co-référence d'entités, où chaque élément
2	154.79999999999995	0.6019341945648193	peut de telle sorte qu'elle ne décrit plus l'image. Et nous effectuons ces altérations de phrases en nous concentrant sur six éléments spécifiques, tels que l'existence, le pluriel, le comptage, les relations spatiales, les actions et la co-référence d'entités, où chaque élément peut consister en un ou	l'image. Et nous effectuons ces altérations de phrases en nous concentrant sur six éléments spécifiques, tels que l'existence, le pluriel, le comptage, les relations spatiales, les actions et la co-référence d'entités, où chaque élément peut consister.
2	155.99999999999994	0.7070894241333008	phénomènes ? Par FOILing, une méthode précédemment appliquée pour les modèles de vision et de langage uniquement pour les groupes nominaux par Ravi Shekhar et ses collaborateurs, et pour le comptage par nous dans des travaux précédents. FOILer signifie essentiellement que nous prenons la légende d'une image et produisons un foil en modifiant la légende de telle sorte qu'elle ne décrit plus l'image. Et nous effectuons ces altérations de phrases en nous concentrant sur six éléments spécifiques, tels que l'existence, le pluriel, le comptage, les relations spatiales, les actions et la co-référence d'entités, où chaque élément peut consister en un ou plusieurs instruments.	de telle sorte qu'elle ne décrit plus l'image. Et nous effectuons ces altérations de phrases en nous concentrant sur six éléments spécifiques, tels que l'existence, le pluriel, le comptage, les relations spatiales, les actions et la co-référence d'entités, où chaque élément peut consister en un ou
2	157.19999999999993	0.7555217742919922	nous effectuons ces altérations de phrases en nous concentrant sur six éléments spécifiques, tels que l'existence, le pluriel, le comptage, les relations spatiales, les actions et la co-référence d'entités, où chaque élément peut consister en un ou plusieurs instruments. Dans le cas où nous avons trouvé	phénomènes ? Par FOILing, une méthode précédemment appliquée pour les modèles de vision et de langage uniquement pour les groupes nominaux par Ravi Shekhar et ses collaborateurs, et pour le comptage par nous dans des travaux précédents. FOILer signifie essentiellement que nous prenons la légende d'une image et produisons un foil en modifiant la légende de telle sorte qu'elle ne décrit plus l'image. Et nous effectuons ces altérations de phrases en nous concentrant sur six éléments spécifiques, tels que l'existence, le pluriel, le comptage, les relations spatiales, les actions et la co-référence d'entités, où chaque élément peut consister en un ou plusieurs instruments.
2	158.39999999999992	0.8377206325531006	Dans le cas où nous	nous effectuons ces altérations de phrases en nous concentrant sur six éléments spécifiques, tels que l'existence, le pluriel, le comptage, les relations spatiales, les actions et la co-référence d'entités, où chaque élément peut consister en un ou plusieurs instruments. Dans le cas où nous avons trouvé
2	159.5999999999999	0.7281639575958252		
2	160.7999999999999	0.8085589408874512	trouvons plus d'une manière phénomènes ? Par FOILing, une méthode précédemment appliquée pour les modèles de vision et de langage uniquement pour les groupes nominaux par Ravi Shekhar et ses collaborateurs, et pour le comptage par nous dans des travaux précédents. FOILer signifie essentiellement que nous prenons la légende d'une image et produisons un foil en modifiant la légende de telle sorte qu'elle ne décrit plus l'image. Et nous effectuons ces altérations de phrases en nous concentrant sur six éléments spécifiques, tels que l'existence, le pluriel, le comptage, les relations spatiales, les actions et la co-référence d'entités, où chaque élément peut consister en un ou plusieurs instruments. Dans le cas où nous trouvons plus d'une manière intéressante de créer phase.	
2	161.9999999999999	0.706885814666748	intéressante de créer FOILer signifie essentiellement que nous prenons la légende d'une image et produisons un foil en modifiant la légende de telle sorte qu'elle ne décrit plus l'image. Et nous effectuons ces altérations de phrases en nous concentrant sur six éléments spécifiques, tels que l'existence, le pluriel, le comptage, les relations spatiales, les actions et la co-référence d'entités, où chaque élément peut consister en un ou plusieurs instruments. Dans le cas où nous trouvons plus d'une manière intéressante de créer des instances FOIL.	phénomènes ? Par FOILing, une méthode précédemment appliquée pour les modèles de vision et de langage uniquement pour les groupes nominaux par Ravi Shekhar et ses collaborateurs, et pour le comptage par nous dans des travaux précédents. FOILer signifie essentiellement que nous prenons la légende d'une image et produisons un foil en modifiant la légende de telle sorte qu'elle ne décrit plus l'image. Et nous effectuons ces altérations de phrases en nous concentrant sur six éléments spécifiques, tels que l'existence, le pluriel, le comptage, les relations spatiales, les actions et la co-référence d'entités, où chaque élément peut consister en un ou plusieurs instruments. Dans le cas où nous trouvons plus d'une manière intéressante de créer phase.
2	163.19999999999987	0.6766171455383301	pour le comptage par nous dans des travaux précédents. FOILer signifie essentiellement que nous prenons la légende d'une image et produisons un foil en modifiant la légende de telle sorte qu'elle ne décrit plus l'image. Et nous effectuons ces altérations de phrases en nous concentrant sur six éléments spécifiques, tels que l'existence, le pluriel, le comptage, les relations spatiales, les actions et la co-référence d'entités, où chaque élément peut consister en un ou plusieurs instruments. Dans le cas où nous trouvons plus d'une manière intéressante de créer des instances FOIL. Par exemple,	FOILer signifie essentiellement que nous prenons la légende d'une image et produisons un foil en modifiant la légende de telle sorte qu'elle ne décrit plus l'image. Et nous effectuons ces altérations de phrases en nous concentrant sur six éléments spécifiques, tels que l'existence, le pluriel, le comptage, les relations spatiales, les actions et la co-référence d'entités, où chaque élément peut consister en un ou plusieurs instruments. Dans le cas où nous trouvons plus d'une manière intéressante de créer des instances FOIL.
2	164.39999999999986	0.6102645397186279	le comptage par nous dans des travaux précédents. FOILer signifie essentiellement que nous prenons la légende d'une image et produisons un foil en modifiant la légende de telle sorte qu'elle ne décrit plus l'image. Et nous effectuons ces altérations de phrases en nous concentrant sur six éléments spécifiques, tels que l'existence, le pluriel, le comptage, les relations spatiales, les actions et la co-référence d'entités, où chaque élément peut consister en un ou plusieurs instruments. Dans le cas où nous trouvons plus d'une manière intéressante de créer des instances FOIL. Par exemple, dans le cas	pour le comptage par nous dans des travaux précédents. FOILer signifie essentiellement que nous prenons la légende d'une image et produisons un foil en modifiant la légende de telle sorte qu'elle ne décrit plus l'image. Et nous effectuons ces altérations de phrases en nous concentrant sur six éléments spécifiques, tels que l'existence, le pluriel, le comptage, les relations spatiales, les actions et la co-référence d'entités, où chaque élément peut consister en un ou plusieurs instruments. Dans le cas où nous trouvons plus d'une manière intéressante de créer des instances FOIL. Par exemple,
2	165.59999999999985	0.6321547031402588	les groupes nominaux par Ravi Shekhar et ses collaborateurs, et pour le comptage par nous dans des travaux précédents. FOILer signifie essentiellement que nous prenons la légende d'une image et produisons un foil en modifiant la légende de telle sorte qu'elle ne décrit plus l'image. Et nous effectuons ces altérations de phrases en nous concentrant sur six éléments spécifiques, tels que l'existence, le pluriel, le comptage, les relations spatiales, les actions et la co-référence d'entités, où chaque élément peut consister en un ou plusieurs instruments. Dans le cas où nous trouvons plus d'une manière intéressante de créer des instances FOIL. Par exemple, dans le cas des actions,	le comptage par nous dans des travaux précédents. FOILer signifie essentiellement que nous prenons la légende d'une image et produisons un foil en modifiant la légende de telle sorte qu'elle ne décrit plus l'image. Et nous effectuons ces altérations de phrases en nous concentrant sur six éléments spécifiques, tels que l'existence, le pluriel, le comptage, les relations spatiales, les actions et la co-référence d'entités, où chaque élément peut consister en un ou plusieurs instruments. Dans le cas où nous trouvons plus d'une manière intéressante de créer des instances FOIL. Par exemple, dans le cas
2	166.79999999999984	0.8171539306640625	nous prenons la légende d'une image et produisons un foil en modifiant la légende de telle sorte qu'elle ne décrit plus l'image. Et nous effectuons ces altérations de phrases en nous concentrant sur six éléments spécifiques, tels que l'existence, le pluriel, le comptage, les relations spatiales, les actions et la co-référence d'entités, où chaque élément peut consister en un ou plusieurs instruments. Dans le cas où nous trouvons plus d'une manière intéressante de créer des instances FOIL. Par exemple, dans le cas de l'élément actions, nous en avons deux.	les groupes nominaux par Ravi Shekhar et ses collaborateurs, et pour le comptage par nous dans des travaux précédents. FOILer signifie essentiellement que nous prenons la légende d'une image et produisons un foil en modifiant la légende de telle sorte qu'elle ne décrit plus l'image. Et nous effectuons ces altérations de phrases en nous concentrant sur six éléments spécifiques, tels que l'existence, le pluriel, le comptage, les relations spatiales, les actions et la co-référence d'entités, où chaque élément peut consister en un ou plusieurs instruments. Dans le cas où nous trouvons plus d'une manière intéressante de créer des instances FOIL. Par exemple, dans le cas des actions,
2	167.99999999999983	0.8047683238983154	de l'élément actions, nous précédents. FOILer signifie essentiellement que nous prenons la légende d'une image et produisons un foil en modifiant la légende de telle sorte qu'elle ne décrit plus l'image. Et nous effectuons ces altérations de phrases en nous concentrant sur six éléments spécifiques, tels que l'existence, le pluriel, le comptage, les relations spatiales, les actions et la co-référence d'entités, où chaque élément peut consister en un ou plusieurs instruments. Dans le cas où nous trouvons plus d'une manière intéressante de créer des instances FOIL. Par exemple, dans le cas de l'élément actions, nous avons deux instruments.	nous prenons la légende d'une image et produisons un foil en modifiant la légende de telle sorte qu'elle ne décrit plus l'image. Et nous effectuons ces altérations de phrases en nous concentrant sur six éléments spécifiques, tels que l'existence, le pluriel, le comptage, les relations spatiales, les actions et la co-référence d'entités, où chaque élément peut consister en un ou plusieurs instruments. Dans le cas où nous trouvons plus d'une manière intéressante de créer des instances FOIL. Par exemple, dans le cas de l'élément actions, nous en avons deux.
2	169.19999999999982	0.75205397605896	avons deux FOILing, une méthode précédemment appliquée pour les modèles de vision et de langage uniquement pour les groupes nominaux par Ravi Shekhar et ses collaborateurs, et pour le comptage par nous dans des travaux précédents. FOILer signifie essentiellement que nous prenons la légende d'une image et produisons un foil en modifiant la légende de telle sorte qu'elle ne décrit plus l'image. Et nous effectuons ces altérations de phrases en nous concentrant sur six éléments spécifiques, tels que l'existence, le pluriel, le comptage, les relations spatiales, les actions et la co-référence d'entités, où chaque élément peut consister en un ou plusieurs instruments. Dans le cas où nous trouvons plus d'une manière intéressante de créer des instances FOIL. Par exemple, dans le cas de l'élément actions, nous avons deux instruments, l'un dans lequel l'action	précédents. FOILer signifie essentiellement que nous prenons la légende d'une image et produisons un foil en modifiant la légende de telle sorte qu'elle ne décrit plus l'image. Et nous effectuons ces altérations de phrases en nous concentrant sur six éléments spécifiques, tels que l'existence, le pluriel, le comptage, les relations spatiales, les actions et la co-référence d'entités, où chaque élément peut consister en un ou plusieurs instruments. Dans le cas où nous trouvons plus d'une manière intéressante de créer des instances FOIL. Par exemple, dans le cas de l'élément actions, nous avons deux instruments.
2	170.3999999999998	0.9054498672485352	instruments, l'un dans lequel modifiant la légende de telle sorte qu'elle ne décrit plus l'image. Et nous effectuons ces altérations de phrases en nous concentrant sur six éléments spécifiques, tels que l'existence, le pluriel, le comptage, les relations spatiales, les actions et la co-référence d'entités, où chaque élément peut consister en un ou plusieurs instruments. Dans le cas où nous trouvons plus d'une manière intéressante de créer des instances FOIL. Par exemple, dans le cas de l'élément actions, nous avons deux instruments, l'un dans lequel le verbe d'action est changé.	FOILing, une méthode précédemment appliquée pour les modèles de vision et de langage uniquement pour les groupes nominaux par Ravi Shekhar et ses collaborateurs, et pour le comptage par nous dans des travaux précédents. FOILer signifie essentiellement que nous prenons la légende d'une image et produisons un foil en modifiant la légende de telle sorte qu'elle ne décrit plus l'image. Et nous effectuons ces altérations de phrases en nous concentrant sur six éléments spécifiques, tels que l'existence, le pluriel, le comptage, les relations spatiales, les actions et la co-référence d'entités, où chaque élément peut consister en un ou plusieurs instruments. Dans le cas où nous trouvons plus d'une manière intéressante de créer des instances FOIL. Par exemple, dans le cas de l'élément actions, nous avons deux instruments, l'un dans lequel l'action
2	171.5999999999998	0.9796555042266846	le verbe d'action est un foil en modifiant la légende de telle sorte qu'elle ne décrit plus l'image. Et nous effectuons ces altérations de phrases en nous concentrant sur six éléments spécifiques, tels que l'existence, le pluriel, le comptage, les relations spatiales, les actions et la co-référence d'entités, où chaque élément peut consister en un ou plusieurs instruments. Dans le cas où nous trouvons plus d'une manière intéressante de créer des instances FOIL. Par exemple, dans le cas de l'élément actions, nous avons deux instruments, l'un dans lequel le verbe d'action est remplacé par un autre action différente.	modifiant la légende de telle sorte qu'elle ne décrit plus l'image. Et nous effectuons ces altérations de phrases en nous concentrant sur six éléments spécifiques, tels que l'existence, le pluriel, le comptage, les relations spatiales, les actions et la co-référence d'entités, où chaque élément peut consister en un ou plusieurs instruments. Dans le cas où nous trouvons plus d'une manière intéressante de créer des instances FOIL. Par exemple, dans le cas de l'élément actions, nous avons deux instruments, l'un dans lequel le verbe d'action est changé.
2	172.79999999999978	0.8292913436889648	collaborateurs, et pour le comptage par nous dans des travaux précédents. FOILer signifie essentiellement que nous prenons la légende d'une image et produisons un foil en modifiant la légende de telle sorte qu'elle ne décrit plus l'image. Et nous effectuons ces altérations de phrases en nous concentrant sur six éléments spécifiques, tels que l'existence, le pluriel, le comptage, les relations spatiales, les actions et la co-référence d'entités, où chaque élément peut consister en un ou plusieurs instruments. Dans le cas où nous trouvons plus d'une manière intéressante de créer des instances FOIL. Par exemple, dans le cas de l'élément actions, nous avons deux instruments, l'un dans lequel le verbe d'action est changé par un autre action, et l'autre dans lequel	un foil en modifiant la légende de telle sorte qu'elle ne décrit plus l'image. Et nous effectuons ces altérations de phrases en nous concentrant sur six éléments spécifiques, tels que l'existence, le pluriel, le comptage, les relations spatiales, les actions et la co-référence d'entités, où chaque élément peut consister en un ou plusieurs instruments. Dans le cas où nous trouvons plus d'une manière intéressante de créer des instances FOIL. Par exemple, dans le cas de l'élément actions, nous avons deux instruments, l'un dans lequel le verbe d'action est remplacé par un autre action différente.
2	173.99999999999977	0.9648556709289551	l'image. Et nous effectuons ces altérations de phrases en nous concentrant sur six éléments spécifiques, tels que l'existence, le pluriel, le comptage, les relations spatiales, les actions et la co-référence d'entités, où chaque élément peut consister en un ou plusieurs instruments. Dans le cas où nous trouvons plus d'une manière intéressante de créer des instances FOIL. Par exemple, dans le cas de l'élément actions, nous avons deux instruments, l'un dans lequel le verbe d'action est changé par un autre action, et l'autre dans lequel les actants sont.	collaborateurs, et pour le comptage par nous dans des travaux précédents. FOILer signifie essentiellement que nous prenons la légende d'une image et produisons un foil en modifiant la légende de telle sorte qu'elle ne décrit plus l'image. Et nous effectuons ces altérations de phrases en nous concentrant sur six éléments spécifiques, tels que l'existence, le pluriel, le comptage, les relations spatiales, les actions et la co-référence d'entités, où chaque élément peut consister en un ou plusieurs instruments. Dans le cas où nous trouvons plus d'une manière intéressante de créer des instances FOIL. Par exemple, dans le cas de l'élément actions, nous avons deux instruments, l'un dans lequel le verbe d'action est changé par un autre action, et l'autre dans lequel
2	175.19999999999976	0.6973533630371094	les actants en modifiant la légende de telle sorte qu'elle ne décrit plus l'image. Et nous effectuons ces altérations de phrases en nous concentrant sur six éléments spécifiques, tels que l'existence, le pluriel, le comptage, les relations spatiales, les actions et la co-référence d'entités, où chaque élément peut consister en un ou plusieurs instruments. Dans le cas où nous trouvons plus d'une manière intéressante de créer des instances FOIL. Par exemple, dans le cas de l'élément actions, nous avons deux instruments, l'un dans lequel le verbe d'action est changé par un autre action, et l'autre dans lequel les actants sont échangés.	l'image. Et nous effectuons ces altérations de phrases en nous concentrant sur six éléments spécifiques, tels que l'existence, le pluriel, le comptage, les relations spatiales, les actions et la co-référence d'entités, où chaque élément peut consister en un ou plusieurs instruments. Dans le cas où nous trouvons plus d'une manière intéressante de créer des instances FOIL. Par exemple, dans le cas de l'élément actions, nous avons deux instruments, l'un dans lequel le verbe d'action est changé par un autre action, et l'autre dans lequel les actants sont.
2	176.39999999999975	0.7841222286224365	modifiant la légende de telle sorte qu'elle ne décrit plus l'image. Et nous effectuons ces altérations de phrases en nous concentrant sur six éléments spécifiques, tels que l'existence, le pluriel, le comptage, les relations spatiales, les actions et la co-référence d'entités, où chaque élément peut consister en un ou plusieurs instruments. Dans le cas où nous trouvons plus d'une manière intéressante de créer des instances FOIL. Par exemple, dans le cas de l'élément actions, nous avons deux instruments, l'un dans lequel le verbe d'action est changé par un autre action, et l'autre dans lequel les actants sont échangés. Comptage et correction.	en modifiant la légende de telle sorte qu'elle ne décrit plus l'image. Et nous effectuons ces altérations de phrases en nous concentrant sur six éléments spécifiques, tels que l'existence, le pluriel, le comptage, les relations spatiales, les actions et la co-référence d'entités, où chaque élément peut consister en un ou plusieurs instruments. Dans le cas où nous trouvons plus d'une manière intéressante de créer des instances FOIL. Par exemple, dans le cas de l'élément actions, nous avons deux instruments, l'un dans lequel le verbe d'action est changé par un autre action, et l'autre dans lequel les actants sont échangés.
2	177.59999999999974	0.8024516105651855	nous effectuons ces altérations de phrases en nous concentrant sur six éléments spécifiques, tels que l'existence, le pluriel, le comptage, les relations spatiales, les actions et la co-référence d'entités, où chaque élément peut consister en un ou plusieurs instruments. Dans le cas où nous trouvons plus d'une manière intéressante de créer des instances FOIL. Par exemple, dans le cas de l'élément actions, nous avons deux instruments, l'un dans lequel le verbe d'action est changé par un autre action, et l'autre dans lequel les actants sont échangés. Le comptage et la co-référence sont également	modifiant la légende de telle sorte qu'elle ne décrit plus l'image. Et nous effectuons ces altérations de phrases en nous concentrant sur six éléments spécifiques, tels que l'existence, le pluriel, le comptage, les relations spatiales, les actions et la co-référence d'entités, où chaque élément peut consister en un ou plusieurs instruments. Dans le cas où nous trouvons plus d'une manière intéressante de créer des instances FOIL. Par exemple, dans le cas de l'élément actions, nous avons deux instruments, l'un dans lequel le verbe d'action est changé par un autre action, et l'autre dans lequel les actants sont échangés. Comptage et correction.
2	178.79999999999973	1.0302283763885498	plus l'image. Et nous effectuons ces altérations de phrases en nous concentrant sur six éléments spécifiques, tels que l'existence, le pluriel, le comptage, les relations spatiales, les actions et la co-référence d'entités, où chaque élément peut consister en un ou plusieurs instruments. Dans le cas où nous trouvons plus d'une manière intéressante de créer des instances FOIL. Par exemple, dans le cas de l'élément actions, nous avons deux instruments, l'un dans lequel le verbe d'action est changé par un autre action, et l'autre dans lequel les actants sont échangés. Le comptage et la co-référence sont également des éléments qui en ont plus.	nous effectuons ces altérations de phrases en nous concentrant sur six éléments spécifiques, tels que l'existence, le pluriel, le comptage, les relations spatiales, les actions et la co-référence d'entités, où chaque élément peut consister en un ou plusieurs instruments. Dans le cas où nous trouvons plus d'une manière intéressante de créer des instances FOIL. Par exemple, dans le cas de l'élément actions, nous avons deux instruments, l'un dans lequel le verbe d'action est changé par un autre action, et l'autre dans lequel les actants sont échangés. Le comptage et la co-référence sont également
2	179.99999999999972	0.7367403507232666	des éléments qui plus l'image. Et nous effectuons ces altérations de phrases en nous concentrant sur six éléments spécifiques, tels que l'existence, le pluriel, le comptage, les relations spatiales, les actions et la co-référence d'entités, où chaque élément peut consister en un ou plusieurs instruments. Dans le cas où nous trouvons plus d'une manière intéressante de créer des instances FOIL. Par exemple, dans le cas de l'élément actions, nous avons deux instruments, l'un dans lequel le verbe d'action est changé par un autre action, et l'autre dans lequel les actants sont échangés. Le comptage et la co-référence sont également des éléments qui ont plus d'un instrument.	plus l'image. Et nous effectuons ces altérations de phrases en nous concentrant sur six éléments spécifiques, tels que l'existence, le pluriel, le comptage, les relations spatiales, les actions et la co-référence d'entités, où chaque élément peut consister en un ou plusieurs instruments. Dans le cas où nous trouvons plus d'une manière intéressante de créer des instances FOIL. Par exemple, dans le cas de l'élément actions, nous avons deux instruments, l'un dans lequel le verbe d'action est changé par un autre action, et l'autre dans lequel les actants sont échangés. Le comptage et la co-référence sont également des éléments qui en ont plus.
2	181.1999999999997	0.7673816680908203	Et nous effectuons ces altérations de phrases en nous concentrant sur six éléments spécifiques, tels que l'existence, le pluriel, le comptage, les relations spatiales, les actions et la co-référence d'entités, où chaque élément peut consister en un ou plusieurs instruments. Dans le cas où nous trouvons plus d'une manière intéressante de créer des instances FOIL. Par exemple, dans le cas de l'élément actions, nous avons deux instruments, l'un dans lequel le verbe d'action est changé par un autre action, et l'autre dans lequel les actants sont échangés. Le comptage et la co-référence sont également des éléments qui ont plus d'un instrument. Et nous créons	plus l'image. Et nous effectuons ces altérations de phrases en nous concentrant sur six éléments spécifiques, tels que l'existence, le pluriel, le comptage, les relations spatiales, les actions et la co-référence d'entités, où chaque élément peut consister en un ou plusieurs instruments. Dans le cas où nous trouvons plus d'une manière intéressante de créer des instances FOIL. Par exemple, dans le cas de l'élément actions, nous avons deux instruments, l'un dans lequel le verbe d'action est changé par un autre action, et l'autre dans lequel les actants sont échangés. Le comptage et la co-référence sont également des éléments qui ont plus d'un instrument.
2	182.3999999999997	0.7462852001190186		effectuons ces altérations de phrases en nous concentrant sur six éléments spécifiques, tels que l'existence, le pluriel, le comptage, les relations spatiales, les actions et la co-référence d'entités, où chaque élément peut consister en un ou plusieurs instruments. Dans le cas où nous trouvons plus d'une manière intéressante de créer des instances FOIL. Par exemple, dans le cas de l'élément actions, nous avons deux instruments, l'un dans lequel le verbe d'action est changé par un autre action, et l'autre dans lequel les actants sont échangés. Le comptage et la co-référence sont également des éléments qui ont plus d'un instrument. Et nous créons
2	183.59999999999968	0.7973690032958984	ces foils en	
2	184.79999999999967	0.9034316539764404	nous assurant qu'ils	
2	185.99999999999966	0.8690767288208008	échouent à décrire	
2	187.19999999999965	0.8440606594085693	l'image, qu'ils	
2	188.39999999999964	0.7314326763153076	sont grammaticaux et	
2	189.59999999999962	0.633068323135376	autrement	
2	190.7999999999996	0.8000860214233398	des phrases valides.	
2	191.9999999999996	0.707953929901123	Ce n'est pas facile	
2	193.1999999999996	0.6281948089599609	à faire	
2	194.39999999999958	0.7662937641143799	car un	
2	195.59999999999957	0.8112719058990479	légende foilée peut	
2	196.79999999999956	0.7507390975952148	être moins probable	
2	197.99999999999955	0.35707950592041016	que la légende originale.	
2	199.19999999999953	0.7565834522247314		
2	200.39999999999952	0.8342840671539307	Par exemple, bien que ce ne soit pas	
2	201.5999999999995	0.6848063468933105	impossible, il	
2	202.7999999999995	0.6370453834533691	est statistiquement	
2	203.9999999999995	0.701934814453125	moins probable que	
2	205.19999999999948	0.7194650173187256	des plantes coupent un	
2	206.39999999999947	0.699897050857544	homme qu'un	
2	207.59999999999945	0.6805222034454346	homme coupe des	
2	208.79999999999944	0.8354613780975342		
2	209.99999999999943	0.9750711917877197	plantes, et les grands modèles de vision et de	
2	211.19999999999942	0.6361649036407471	langage pourraient en tirer parti.	
2	212.3999999999994	0.6048274040222168		
2	213.5999999999994	0.9033663272857666	Par conséquent, pour obtenir	
2	214.7999999999994	0.7611937522888184	des foils valides, nous	
2	215.99999999999937	0.24998188018798828	devons agir.	
2	217.19999999999936	0.663654088973999		
2	218.39999999999935	0.7934718132019043		
2	219.59999999999934	0.9419143199920654	Premièrement, nous utilisons	
2	220.79999999999933	0.8434185981750488	des modèles de langage puissants pour	
2	221.99999999999932	0.8818314075469971	proposer des foils.	
2	223.1999999999993	0.8372108936309814	Deuxièmement, nous utilisons	
2	224.3999999999993	0.8205766677856445		
2	225.59999999999928	0.8698599338531494	l'inférence	
2	226.79999999999927	0.8784387111663818		
2	227.99999999999926	0.9086451530456543	naturelle du langage	
2	229.19999999999925	0.8350684642791748	pour filtrer les foils qui pourraient	
2	230.39999999999924	0.7133948802947998	encore	
2	231.59999999999923	0.9147055149078369	décrire l'image,	
2	232.79999999999922	0.8752789497375488	car lors de la construction des foils,	
2	233.9999999999992	0.933722972869873	nous devons nous assurer	
2	235.1999999999992	0.5167727470397949	qu'ils échouent à décrire l'image.	
2	236.39999999999918	0.638756275177002		
2	237.59999999999917	0.9329934120178223	Pour tester cela automatiquement,	
2	238.79999999999916	0.8402786254882812	nous appliquons l'inférence naturelle	
2	239.99999999999915	0.616981029510498	du	
2	241.19999999999914	0.6552519798278809	langage avec	
2	242.39999999999912	0.8286046981811523		
2	243.5999999999991	0.8551843166351318	le raisonnement suivant. Nous considérons une	
2	244.7999999999991	0.7404139041900635	image comme	
2	245.9999999999991	0.8085098266601562	prémisse et sa	
2	247.19999999999908	0.7568628787994385	légende, son	
2	248.39999999999907	0.6802051067352295	hypothèse implicite.	
2	249.59999999999906	0.7740330696105957	En	
2	250.79999999999905	0.8812811374664307	outre, nous considérons la	
2	251.99999999999903	0.7417984008789062	légende comme	
2	253.19999999999902	0.8002114295959473		
2	254.399999999999	0.86958909034729	prémisse, et le foil est son hypothèse.	
2	255.599999999999	0.6838464736938477	Si un	
2	256.799999999999	0.7886731624603271	modèle NLI prédit	
2	257.999999999999	0.7021210193634033		
2	259.19999999999897	0.9317653179168701	que le	
2	260.39999999999895	0.9810488224029541		
2	261.59999999999894	1.0888161659240723		
2	262.79999999999893	1.3264644145965576	FOI contredit ou est neutre par rapport à la légende, nous prenons cela	
2	263.9999999999989	0.7490329742431641	comme indicateur	
2	265.1999999999989	0.4287745952606201	d'un	
2	266.3999999999989	0.8020408153533936	FOIL valide.	
2	267.5999999999989	0.8545076847076416	Si un NLI prédit	
2	268.7999999999989	0.8662011623382568	que le FOI est	
2	269.99999999999886	0.7480735778808594	implicite par la légende,	
2	271.19999999999885	0.7832250595092773	il	
2	272.39999999999884	0.8263092041015625	ne peut pas être un bon	
2	273.59999999999883	0.887986421585083	foil	
2	274.7999999999988	0.8695008754730225		
2	275.9999999999988	1.0029163360595703	car par transitivité, il	
2	277.1999999999988	0.9124021530151367	donnerait une description vraie de	
2	278.3999999999988	0.8042542934417725	l'image et nous	
2	279.5999999999988	0.35373854637145996	filtrons ces foils.	
2	280.79999999999876	0.7348523139953613		
2	281.99999999999875	0.9634251594543457	Mais cette procédure n'est pas	
2	283.19999999999874	0.8300700187683105	parfaite, c'est juste un	
2	284.3999999999987	0.7702782154083252	indicateur de	
2	285.5999999999987	0.8798701763153076	foils valides,	
2	286.7999999999987	0.9329433441162109	donc, comme	
2	287.9999999999987	0.9466361999511719	troisième mesure pour générer des foils	
2	289.1999999999987	0.846968412399292	valides, nous employons	
2	290.39999999999867	0.7734725475311279	des annotateurs	
2	291.59999999999866	0.8314180374145508	humains pour valider	
2	292.79999999999865	0.7152106761932373	les données utilisées dans	
2	293.99999999999864	0.6847670078277588	les valves.	
2	295.1999999999986	0.6713004112243652	Donc, après	
2	296.3999999999986	0.7042574882507324	filtrage et	
2	297.5999999999986	0.7872040271759033	évaluation humaine, nous	
2	298.7999999999986	0.7510185241699219	avons autant	
2	299.9999999999986	0.808070182800293	d'instances de test que	
2	301.19999999999857	0.6862912178039551	décrites dans	
2	302.39999999999856	0.7470498085021973	ce tableau.	
2	303.59999999999854	0.809689998626709	Notez que	
2	304.79999999999853	0.8560421466827393		
2	305.9999999999985	0.9636259078979492	valve ne fournit aucune donnée	
2	307.1999999999985	0.8788635730743408	d'entraînement mais seulement des données de	
2	308.3999999999985	0.8997368812561035	test, car il	
2	309.5999999999985	0.8867485523223877	s'agit d'un	
2	310.7999999999985	0.7669992446899414	benchmark de test	
2	311.99999999999847	0.8615820407867432	à zéro-shot uniquement.	
2	313.19999999999845	0.7597866058349609	Il est conçu pour	
2	314.39999999999844	0.7328107357025146	exploiter les	
2	315.59999999999843	0.8368978500366211	capacités	
2	316.7999999999984	0.8709347248077393	existantes des modèles de vision et de	
2	317.9999999999984	0.69134521484375	langage après	
2	319.1999999999984	0.6782126426696777	pré-entraînement.	
2	320.3999999999984	0.8855102062225342		
2	321.5999999999984	0.9118719100952148	Le fine-tuning	
2	322.79999999999836	0.972416877746582	permettrait seulement aux modèles d'exploiter	
2	323.99999999999835	0.838937520980835	des artefacts ou	
2	325.19999999999834	0.9492490291595459	des biais statistiques dans les	
2	326.39999999999833	0.8799724578857422		
2	327.5999999999983	1.03076171875	données. Et nous savons tous que ces modèles aiment	
2	328.7999999999983	0.7721118927001953	tricher et	
2	329.9999999999983	1.1107397079467773	prendre des raccourcis.	
2	331.1999999999983	1.0732686519622803	Et comme nous l'avons dit, nous sommes	
2	332.3999999999983	0.729994535446167	intéressés à évaluer	
2	333.59999999999826	0.7972073554992676	quelles	
2	334.79999999999825	0.8791415691375732	capacités les modèles de vision et de langage	
2	335.99999999999824	0.7227826118469238	possèdent	
2	337.1999999999982	0.3232462406158447	après pré-entraînement.	
2	338.3999999999982	0.6272284984588623		
2	339.5999999999982	0.8877942562103271	Nous expérimentons avec	
2	340.7999999999982	0.8230531215667725	cinq modèles de vision et de	
2	341.9999999999982	0.7739722728729248	langage sur	
2	343.19999999999817	0.8519515991210938	les valves, à savoir avec	
2	344.39999999999816	0.7864394187927246		
2	345.59999999999815	0.9846458435058594	Clip,	
2	346.79999999999814	1.1030464172363281		
2	347.9999999999981	1.1719305515289307	LXMert, Vilbert, Vilbert12in1, et	
2	349.1999999999981	0.9287080764770508		
2	350.3999999999981	1.0256376266479492	VisualBirt.	
2	351.5999999999981	1.0219471454620361		
2	352.7999999999981	1.1394596099853516		
2	353.99999999999807	1.2028870582580566	Nos deux métriques d'évaluation les plus importantes sont la précision des modèles dans la	
2	355.19999999999806	0.881061315536499	classification	
2	356.39999999999804	0.9812533855438232	de paires image-phrase en	
2	357.59999999999803	0.38965559005737305	légendes et en foils.	
2	358.799999999998	0.7230188846588135		
2	359.999999999998	0.9041099548339844	Peut-être plus pertinent pour	
2	361.199999999998	0.8256049156188965	cette vidéo, nous allons	
2	362.399999999998	0.7731032371520996	présenter	
2	363.599999999998	0.9480247497558594	notre métrique plus	
2	364.79999999999797	0.8814263343811035	permissive, la précision par	
2	365.99999999999795	0.6831507682800293	paire, qui	
2	367.19999999999794	0.7172586917877197	mesure si	
2	368.39999999999793	0.8500490188598633		
2	369.5999999999979	0.991962194442749	le score d'alignement image-phrase est	
2	370.7999999999979	0.8321166038513184	supérieur pour	
2	371.9999999999979	0.8598208427429199	la paire image-texte	
2	373.1999999999979	0.7991337776184082	correcte que pour	
2	374.3999999999979	0.9035375118255615	sa paire foilée.	
2	375.59999999999786	0.9120626449584961	Pour plus de	
2	376.79999999999785	0.9206151962280273	métriques et de résultats sur eux,	
2	377.99999999999784	0.2845187187194824	consultez notre papier.	
2	379.19999999999783	0.7820878028869629		
2	380.3999999999978	0.9406020641326904	Les résultats avec la précision par	
2	381.5999999999978	0.9839415550231934	paire sont montrés ici et	
2	382.7999999999978	1.02290678024292	ils sont cohérents	
2	383.9999999999978	0.9486165046691895	avec les résultats que nous avons obtenus	
2	385.1999999999978	0.8531558513641357	des autres métriques.	
2	386.39999999999776	0.8504786491394043		
2	387.59999999999775	0.9832983016967773		
2	388.79999999999774	1.185631275177002		
2	389.9999999999977	1.3775544166564941	C'est la meilleure performance à zéro-shot atteinte par Vilbert 12 in	
2	391.1999999999977	0.9518740177154541	1, suivie par Vilbert	
2	392.3999999999977	0.8211414813995361		
2	393.5999999999977	0.8838465213775635		
2	394.7999999999977	1.025489091873169	AlexMurt, Clip, et enfin	
2	395.99999999999767	0.8981666564941406	Visual Bird. C'est notable comment	
2	397.19999999999766	0.8266153335571289	les instruments centrés	
2	398.39999999999765	0.854114294052124	sur	
2	399.59999999999764	1.0249054431915283		
2	400.7999999999976	1.0480341911315918	les objets individuels comme l'existence et les groupes	
2	401.9999999999976	0.8919563293457031	nominaux sont presque	
2	403.1999999999976	0.9047112464904785	résolus par	
2	404.3999999999976	1.0024657249450684	Vilbert	
2	405.5999999999976	1.07865571975708	12-in-1, soulignant que les	
2	406.79999999999757	0.8463807106018066	modèles sont capables	
2	407.99999999999756	0.9087707996368408	d'identifier	
2	409.19999999999754	0.9308855533599854	des objets nommés et leur	
2	410.39999999999753	0.7569453716278076	présence dans les images.	
2	411.5999999999975	0.7501437664031982	Cependant,	
2	412.7999999999975	0.856419563293457	aucun des éléments restants	
2	413.9999999999975	0.9502038955688477	ne peut être	
2	415.1999999999975	0.9922542572021484	résolue de manière fiable dans	
2	416.3999999999975	0.4286186695098877	nos configurations de foilage adversaire.	
2	417.59999999999746	0.8418636322021484		
2	418.79999999999745	1.037468671798706	Nous voyons	
2	419.99999999999744	1.1691088676452637		
2	421.19999999999743	1.2492082118988037	dans les instruments de pluriel et de comptage que les modèles de vision et de	
2	422.3999999999974	0.8282675743103027	langage ont	
2	423.5999999999974	0.907975435256958	du mal à	
2	424.7999999999974	0.9499359130859375	distinguer les références	
2	425.9999999999974	0.9201490879058838	à un objet unique versus plusieurs	
2	427.1999999999974	0.8437919616699219	objets ou à	
2	428.39999999999736	0.35184431076049805	les compter dans une image.	
2	429.59999999999735	0.7324860095977783		
2	430.79999999999734	0.98586106300354	La pièce de relation montre	
2	431.9999999999973	0.8872480392456055	qu'ils ont des difficultés à	
2	433.1999999999973	0.7918245792388916		
2	434.3999999999973	0.9887878894805908	classer correctement	
2	435.5999999999973	1.009021282196045	une relation spatiale nommée entre des	
2	436.7999999999973	0.926978588104248	objets dans une image.	
2	437.99999999999727	0.8615074157714844	Ils ont aussi du	
2	439.19999999999726	0.9186673164367676	mal à	
2	440.39999999999725	0.9042148590087891	distinguer les actions et	
2	441.59999999999724	0.8136909008026123	à identifier leurs	
2	442.7999999999972	0.9064791202545166	participants, même	
2	443.9999999999972	0.9840035438537598	s'ils sont soutenus	
2	445.1999999999972	1.0528745651245117	par des biais de	
2	446.3999999999972	1.0525343418121338	plausibilité, comme nous le voyons dans	
2	447.5999999999972	0.9306113719940186	la pièce des actions.	
2	448.79999999999717	0.9448654651641846	De la	
2	449.99999999999716	0.9923372268676758	pièce de co-référence, nous	
2	451.19999999999715	0.7896134853363037	découvrons que tracer plusieurs	
2	452.39999999999714	0.8275172710418701	références	
2	453.5999999999971	0.9539713859558105	au même objet dans une	
2	454.7999999999971	0.8522062301635742	image en utilisant des	
2	455.9999999999971	0.8747687339782715	pronoms est	
2	457.1999999999971	0.9166743755340576	également difficile pour	
2	458.3999999999971	0.9336307048797607	les modèles de vision et de langage.	
2	459.59999999999707	0.9608759880065918	Comme	
2	460.79999999999706	1.0958960056304932	une vérification de santé, et parce que c'est	
2	461.99999999999704	0.89908766746521	une expérience intéressante,	
2	463.19999999999703	0.9724612236022949	nous	
2	464.399999999997	1.0970416069030762	avons également mis à l'épreuve deux	
2	465.599999999997	1.0622446537017822	modèles uniquement textuels,	
2	466.799999999997	0.9827055931091309	GPT-1 et	
2	467.999999999997	0.9707136154174805	GPT-2, pour évaluer	
2	469.199999999997	0.901557445526123	si Vols est	
2	470.39999999999696	0.964571475982666	soluble par ces	
2	471.59999999999695	0.8694095611572266	modèles unimodaux	
2	472.79999999999694	0.8122107982635498	en calculant	
2	473.99999999999693	0.9395899772644043	la perplexité	
2	475.1999999999969	1.035130262374878		
2	476.3999999999969	1.350149154663086	de la légende correcte et	
2	477.5999999999969	1.1021060943603516		
2	478.7999999999969	1.3193552494049072	par défaut, sans image ici, et en prédisant	
2	479.9999999999969	0.5230123996734619	l'entrée avec la perplexité la plus basse.	
2	481.19999999999686	0.7830286026000977		
2	482.39999999999685	0.941655158996582	Si la perplexité est plus	
2	483.59999999999684	0.9884867668151855	élevée pour le	
2	484.7999999999968	0.9721362590789795	FOIL, nous prenons cela comme	
2	485.9999999999968	0.8699500560760498	une indication	
2	487.1999999999968	0.9675238132476807	que la légende	
2	488.3999999999968	1.0175652503967285	foilée peut souffrir	
2	489.5999999999968	1.070103406906128	d'un biais de	
2	490.79999999999677	0.8953776359558105	plausibilité ou d'autres biais linguistiques.	
2	491.99999999999676	0.8118007183074951		
2	493.19999999999675	0.943814754486084	Et c'est intéressant de	
2	494.39999999999674	0.8705170154571533	voir que dans certains	
2	495.5999999999967	0.8642034530639648	cas	
2	496.7999999999967	1.0717945098876953		
2	497.9999999999967	1.125978708267212	, les modèles textuels GPT ont capturé la	
2	499.1999999999967	0.9588334560394287	plausibilité du	
2	500.3999999999967	0.9755868911743164	monde mieux que	
2	501.59999999999667	0.4300808906555176	les modèles de vision et de langage.	
2	502.79999999999666	0.8006563186645508		
2	503.99999999999665	0.9500272274017334		
2	505.19999999999663	1.0905797481536865	Donc, pour résumer, valse est un	
2	506.3999999999966	0.9120917320251465	benchmark qui	
2	507.5999999999966	0.9390926361083984	utilise la lentille	
2	508.7999999999966	1.0387113094329834	des constructions linguistiques pour	
2	509.9999999999966	1.0015342235565186	aider la communauté à	
2	511.1999999999966	0.9382708072662354	améliorer	
2	512.3999999999966	1.0251634120941162	les modèles de vision et de langage	
2	513.5999999999966	1.017913818359375	en testant difficilement	
2	514.7999999999967	0.9367213249206543		
2	515.9999999999967	1.0325779914855957	leurs capacités d'ancrage visuel.	
2	517.1999999999967	0.9136896133422852	Nos	
2	518.3999999999968	1.034271001815796	expériences montrent que les modèles de vision et	
2	519.5999999999968	0.9491288661956787	de langage identifient	
2	520.7999999999969	0.9441828727722168	des objets	
2	521.9999999999969	1.0779790878295898	nommés dans leur présence	
2	523.199999999997	1.0109906196594238	dans les images bien, comme	
2	524.399999999997	0.8802480697631836	le montre	
2	525.5999999999971	1.0668084621429443	la pièce	
2	526.7999999999971	1.192983865737915	d'existence, mais peinent à ancrer	
2	527.9999999999972	0.9139077663421631	leur	
2	529.1999999999972	1.083892583847046	interdépendance et leurs	
2	530.3999999999972	1.1701929569244385	relations dans des scènes visuelles	
2	531.5999999999973	1.0704939365386963	lorsqu'ils sont	
2	532.7999999999973	0.48057103157043457	forcés de respecter des indicateurs linguistiques.	
2	533.9999999999974	0.8502106666564941		
2	535.1999999999974	0.9531106948852539	Nous aimerions vraiment encourager	
2	536.3999999999975	0.9599575996398926	la communauté à utiliser	
2	537.5999999999975	1.0072126388549805	les valves pour	
2	538.7999999999976	1.0240411758422852	mesurer les progrès vers	
2	539.9999999999976	0.9837720394134521	l'ancrage	
2	541.1999999999977	0.9786133766174316	linguistique avec	
2	542.3999999999977	1.0785293579101562	les modèles de vision et de langage.	
2	543.5999999999977	1.1207268238067627	Et encore plus,	
2	544.7999999999978	1.0855112075805664	les voyelles pourraient être utilisées comme	
2	545.9999999999978	0.9466226100921631	une évaluation indirecte des	
2	547.1999999999979	1.0515787601470947	ensembles de	
2	548.3999999999979	1.066037893295288	données, car les modèles pourraient être	
2	549.599999999998	0.922379732131958	évalués avant et	
2	550.799999999998	1.093003511428833	après l'entraînement ou	
2	551.9999999999981	0.9877598285675049	le fine-tuning pour voir	
2	553.1999999999981	0.9111618995666504	si un ensemble de données	
2	554.3999999999982	1.1098532676696777	aide les	
2	555.5999999999982	1.0908663272857666	modèles à s'améliorer sur n'importe	
2	556.7999999999982	0.9265615940093994	quel aspect	
2	557.9999999999983	1.0130462646484375	testé par les valves.	
2	559.1999999999983	0.8622362613677979	Si vous êtes intéressé,	
2	560.3999999999984	0.890594482421875	consultez	
2	561.5999999999984	1.0730676651000977	les données de	
2	562.7999999999985	1.164013385772705	Valve sur	
2	563.9999999999985	1.1733648777008057		
2	565.1999999999986	1.185394048690796		
2	566.3999999999986	0.751950740814209	GitHub. Et si vous avez des questions, n'hésitez pas à nous contacter.	
2	567.5999999999987	0.17413663864135742		
2	567.8079999999986	0.28906846046447754		
