docid	audio_s	compute_s	generated	deleted
0	1.12	0.04567766189575195		
0	2.24	0.2987947463989258	Okay.	
0	3.3600000000000003	0.25127530097961426	Hallo an alle	Okay.
0	4.48	0.39452123641967773	zusammen, heute werde ich ein	an alle
0	5.6000000000000005	0.5839788913726807	meine Forschungsarbeit zur Lernung vorstellen.	ein
0	6.720000000000001	0.5478806495666504	"Forschungsarbeit „Learning to Reason Deduct"" vorstellen."	meine Forschungsarbeit zur Lernung vorstellen.
0	7.840000000000001	0.5852885246276855	"unsere Forschungsarbeit „Deduktives Lernen"" vorstellen."	"Forschungsarbeit „Learning to Reason Deduct"" vorstellen."
0	8.96	0.8263726234436035	"„Deduktives Lernen als komplexes Problemlösen im Metro-System"" vorstellen."	"Lernen"" vorstellen."
0	10.080000000000002	0.9762952327728271	"Lernen komplexes Schlussfolgerungs-Extrahieren"" vorstellen."	"„Deduktives Lernen als komplexes Problemlösen im Metro-System"" vorstellen."
0	11.200000000000003	0.8527097702026367	Ich bin Alan von BioScript.	"komplexes Schlussfolgerungs-Extrahieren"" vorstellen."
0	12.320000000000004	1.1435902118682861	: Metro-Problem als komplexes dem AI-Labor von Biden, und dies	Ich bin Alan von BioScript.
0	13.440000000000005	1.0530142784118652	ist eine gemeinsame Arbeit mit	dem AI-Labor von Biden, und dies
0	14.560000000000006	1.1705281734466553	"räumliches Extrahieren"" vorstellen. Ich bin Alan aus dem AI-Labor von Biden, und dies Thierry von der Universität von"	ist eine gemeinsame Arbeit mit
0	15.680000000000007	0.4032599925994873	Texas an	Universität von
0	16.800000000000008	0.495236873626709	Austin, und wir sind	Texas an
0	17.92000000000001	0.582629919052124	Austin und Weiru von SUDD.	Austin, und wir sind
0	19.04000000000001	0.5397648811340332	University of Texas at	Austin und Weiru von SUDD.
0	20.16000000000001	0.5348770618438721	Zuerst möchte ich über unsere Motivation sprechen.	
0	21.280000000000012	0.643561601638794	Motivation für das Reasoning sprechen.	sprechen.
0	22.400000000000013	0.4543023109436035	Also hier	Motivation für das Reasoning sprechen.
0	23.520000000000014	0.4268457889556885	zeigen wir ein Beispiel, um	Also hier
0	24.640000000000015	0.60382080078125	"Hier zeigen wir ein Metro-Problem als komplexes räumliches Extrahieren"" vorstellen. Ich bin Alan aus dem AI-Labor von Biden, und dies ist eine gemeinsame Arbeit mit Thierry von der University of Texas at Austin und Weiru von SUDD. Zuerst möchte ich über unsere Motivation für das Reasoning sprechen. Hier zeigen wir ein Beispiel für mehrstufiges Reasoning."	zeigen wir ein Beispiel, um
0	25.760000000000016	0.6084420680999756	hilfreich ist.	"Metro-Problem als komplexes räumliches Extrahieren"" vorstellen. Ich bin Alan aus dem AI-Labor von Biden, und dies ist eine gemeinsame Arbeit mit Thierry von der University of Texas at Austin und Weiru von SUDD. Zuerst möchte ich über unsere Motivation für das Reasoning sprechen. Hier zeigen wir ein Beispiel für mehrstufiges Reasoning."
0	26.880000000000017	0.8088343143463135	Beispiel, bei dem mehrstufiges Reasoning Diese Abbildung stammt aus	hilfreich ist.
0	28.000000000000018	0.5850632190704346	dem PELM-Paper.	
0	29.12000000000002	0.5520398616790771	PELM-Paper, wo sie bevorzugen	PELM-Paper.
0	30.24000000000002	0.681401252746582	Prompting zur Lösung durchführen.	wo sie bevorzugen
0	31.36000000000002	0.5959084033966064	in dem sie Prompting zur Lösung Lösung des Methodenproblems durchführen.	Prompting zur Lösung durchführen.
0	32.48000000000002	0.501152515411377	des Method-Problems in wenigen Jahren durchführen.	Lösung des Methodenproblems durchführen.
0	33.600000000000016	0.589047908782959	in wenigen kurzen Lernszenarien durchführen.	Jahren durchführen.
0	34.72000000000001	0.33293795585632324	Method-Problems in wenigen Szenarien durchführen.	in wenigen kurzen Lernszenarien durchführen.
0	35.84000000000001	0.6832802295684814	wenigen kurzen Lernszenarien durchführen. Auf der NetPen-Seite	Method-Problems in wenigen Szenarien durchführen.
0	36.96000000000001	0.8550014495849609	können wir sehen, ob wir	wenigen kurzen Lernszenarien durchführen. Auf der NetPen-Seite
0	38.080000000000005	0.5126864910125732	Lernszenarien durchführen. Auf der NetPen-Seite sehen wir, ob wir einige Beispiele geben.	können wir sehen, ob wir
0	39.2	0.6520378589630127	sehen wir, ob wir mit nur Fragen einige Beispiele geben können.	Lernszenarien durchführen. Auf der NetPen-Seite sehen wir, ob wir einige Beispiele geben.
0	40.32	0.5892231464385986	Method-Problems in wenigen kurzen Lernszenarien durchführen. Auf der NetPen-Seite sehen wir, ob wir einige Proben mit nur Fragen und Antworten geben, dann	mit nur Fragen einige Beispiele geben können.
0	41.44	0.6950106620788574	einige Proben mit nur Fragen und Antworten geben, können wir möglicherweise nicht die	Method-Problems in wenigen kurzen Lernszenarien durchführen. Auf der NetPen-Seite sehen wir, ob wir einige Proben mit nur Fragen und Antworten geben, dann
0	42.559999999999995	0.5552892684936523	korrekten Antworten nicht erhalten.	nicht die
0	43.67999999999999	0.579179048538208	die Aber wenn wir einige	korrekten Antworten nicht erhalten.
0	44.79999999999999	0.5631680488586426	mehr Reasoning hinzufügen, diese Frage	einige
0	45.91999999999999	0.7248599529266357	etwas mehr Reasoning-Beschreibung geben, ist das Modell in der Lage.	mehr Reasoning hinzufügen, diese Frage
0	47.039999999999985	0.5782957077026367	kann das Modell die	ist das Modell in der Lage.
0	48.15999999999998	0.6548688411712646	Reasoning-Beschreibung vorhersagen.	
0	49.27999999999998	0.5687310695648193	Reasoning-Beschreibung vorhersagen und auch	vorhersagen.
0	50.39999999999998	0.683037519454956	eine korrekte Vorhersage treffen.	Reasoning-Beschreibung vorhersagen und auch
0	51.519999999999975	0.538562536239624	hier eine korrekte Vorhersage treffen.	eine korrekte Vorhersage treffen.
0	52.63999999999997	0.46752071380615234		
0	53.75999999999997	0.39257192611694336	Also ist es gut,	hier eine korrekte Vorhersage treffen.
0	54.87999999999997	0.6544573307037354	interpretierbare Multiplikation zu haben.	Also ist es gut,
0	55.999999999999964	0.8122990131378174	Es ist Reasoning-Beschreibung geben, kann das Modell die Reasoning-Beschreibung vorhersagen und auch hier eine korrekte Vorhersage treffen. Es ist also gut, interpretierbares mehrstufiges Reasoning zu haben.	interpretierbare Multiplikation zu haben.
0	57.11999999999996	0.7521708011627197	Ausgabe zu haben.	Reasoning-Beschreibung geben, kann das Modell die Reasoning-Beschreibung vorhersagen und auch hier eine korrekte Vorhersage treffen. Es ist also gut, interpretierbares mehrstufiges Reasoning zu haben.
0	58.23999999999996	0.9016695022583008	gut, interpretierbares mehrstufiges Reasoning als Und wir denken auch	Ausgabe zu haben.
0	59.35999999999996	0.6033675670623779	Method-Probleme	auch
0	60.479999999999954	0.5355143547058105	auch, dass mehrstufiges Reasoning als Ausgabe zu haben. Und wir denken auch, dass das Method-Problem einfach und	Method-Probleme
0	61.59999999999995	0.6037881374359131	Method-Probleme eine einfache Anwendung zur Evaluation sind.	mehrstufiges Reasoning als Ausgabe zu haben. Und wir denken auch, dass das Method-Problem einfach und
0	62.71999999999995	0.8276374340057373	korrekte Vorhersage treffen. Es ist gut, interpretierbares mehrstufiges Reasoning als Ausgabe zu haben. Und wir denken auch, dass das Method-Problem eine einfache Anwendung ist, um solches Reasoning zu evaluieren.	Method-Probleme eine einfache Anwendung zur Evaluation sind.
0	63.83999999999995	0.8897864818572998	das Method-Problem eine einfache Anwendung ist, um bewerten.	korrekte Vorhersage treffen. Es ist gut, interpretierbares mehrstufiges Reasoning als Ausgabe zu haben. Und wir denken auch, dass das Method-Problem eine einfache Anwendung ist, um solches Reasoning zu evaluieren.
0	64.95999999999995	0.5618767738342285	solche Reasoning-Fähigkeiten zu Reasoning-Fähigkeiten zu bewerten.	bewerten.
0	66.07999999999996	0.1668872833251953		Reasoning-Fähigkeiten zu bewerten.
0	67.19999999999996	0.5136356353759766	Also in unserem Problem-Einrichtung,	
0	68.31999999999996	0.5988137722015381	gegeben	in unserem Problem-Einrichtung,
0	69.43999999999997	0.6649379730224609	hier in unserem Fragen, müssen wir lösen	gegeben
0	70.55999999999997	0.7279596328735352	diese Frage lösen und	Fragen, müssen wir lösen
0	71.67999999999998	0.8074479103088379	Problem-Einrichtung, gegeben die Fragen, müssen wir	diese Frage lösen und
0	72.79999999999998	0.47649526596069336	Reasoning-Fähigkeiten zu bewerten. Also hier in unserem Problem-Einrichtung, gegeben die Fragen, müssen wir diese Frage lösen und numerische Antworten erhalten.	
0	73.91999999999999	0.6237039566040039	in unserem Problem-Einrichtung, gegeben die Fragen, müssen wir diese Frage lösen und numerische Antworten erhalten. Also in unseren Daten	Reasoning-Fähigkeiten zu bewerten. Also hier in unserem Problem-Einrichtung, gegeben die Fragen, müssen wir diese Frage lösen und numerische Antworten erhalten.
0	75.03999999999999	0.5483040809631348	Datensätzen sind wir	in unserem Problem-Einrichtung, gegeben die Fragen, müssen wir diese Frage lösen und numerische Antworten erhalten. Also in unseren Daten
0	76.16	0.6730220317840576	In unseren Datensätzen die mathematischen	Datensätzen sind wir
0	77.28	0.7130818367004395	werden uns auch	die mathematischen
0	78.4	0.5865583419799805	Ausdrücke die zu den	
0	79.52000000000001	0.5733523368835449	gegeben, die zu diesem führen.	die zu den
0	80.64000000000001	0.5065011978149414	dieser bestimmten Antwort führen.	diesem führen.
0	81.76000000000002	0.49390196800231934	führen.	dieser bestimmten Antwort führen.
0	82.88000000000002	0.3201749324798584	der bestimmten Antwort	führen.
0	84.00000000000003	0.4767937660217285	Ausdrücke gegeben, die zu der bestimmten Antwort führen. Also sind gewisse Annahmen	
0	85.12000000000003	0.548504114151001	auch die mathematischen Ausdrücke gegeben, die zu der bestimmten Antwort führen. Auch bestimmte Annahmen gelten ebenfalls als	Ausdrücke gegeben, die zu der bestimmten Antwort führen. Also sind gewisse Annahmen
0	86.24000000000004	0.6810321807861328	führen. Bestimmte Annahmen gelten auch wie in früheren Arbeiten.	auch die mathematischen Ausdrücke gegeben, die zu der bestimmten Antwort führen. Auch bestimmte Annahmen gelten ebenfalls als
0	87.36000000000004	0.976386308670044	gegeben, die zu der bestimmten Antwort führen. Auch bestimmte Annahmen gelten, wie in früheren Arbeiten. Wir gehen davon aus, dass das Verfahren	führen. Bestimmte Annahmen gelten auch wie in früheren Arbeiten.
0	88.48000000000005	1.2034649848937988	Auch bestimmte Annahmen gelten, wie in früheren Arbeiten. Wir gehen davon aus, dass Präzision der Größen niedriger ist.	gegeben, die zu der bestimmten Antwort führen. Auch bestimmte Annahmen gelten, wie in früheren Arbeiten. Wir gehen davon aus, dass das Verfahren
0	89.60000000000005	0.6962876319885254	die Präzision der Größen bekannt ist und wir nur	Präzision der Größen niedriger ist.
0	90.72000000000006	0.6611402034759521	betrachten nur im Wesentlichen	nur
0	91.84000000000006	0.6700117588043213	grundlegende Operatoren betrachten, wie.	betrachten nur im Wesentlichen
0	92.96000000000006	0.7180538177490234	nur grundlegende Operatoren wie Addition betrachten, einige	grundlegende Operatoren betrachten, wie.
0	94.08000000000007	0.7680118083953857	Addition, Subtraktion und Multiplikation betrachten.	Addition betrachten, einige
0	95.20000000000007	0.8112039566040039	Addition, Subtraktion, Multiplikation und Division betrachten.	Subtraktion und Multiplikation betrachten.
0	96.32000000000008	0.8444035053253174	Subtraktion, Division und Exponentiation betrachten.	Addition, Subtraktion, Multiplikation und Division betrachten.
0	97.44000000000008	0.5448818206787109	Multiplikation,	Division und Exponentiation betrachten.
0	98.56000000000009	0.5781872272491455	Größen bekannt ist und wir nur grundlegende Operatoren wie Addition, Subtraktion, Multiplikation, Division und Exponentiation betrachten. Darüber hinaus komplizierte Operatoren.	
0	99.68000000000009	0.6069142818450928	Darüber hinaus Operatoren wie Addition, Subtraktion, Multiplikation, Division und Exponentiation betrachten. Darüber hinaus können komplizierte Operatoren tatsächlich	Größen bekannt ist und wir nur grundlegende Operatoren wie Addition, Subtraktion, Multiplikation, Division und Exponentiation betrachten. Darüber hinaus komplizierte Operatoren.
0	100.8000000000001	0.7426221370697021	diese zerlegt werden.	Operatoren wie Addition, Subtraktion, Multiplikation, Division und Exponentiation betrachten. Darüber hinaus können komplizierte Operatoren tatsächlich
0	101.9200000000001	0.7128629684448242	in diese diese grundlegenden Operatoren zerlegt werden.	diese zerlegt werden.
0	103.0400000000001	0.4275240898132324		diese grundlegenden Operatoren zerlegt werden.
0	104.16000000000011	0.526832103729248	Also frühere Arbeiten in	
0	105.28000000000011	0.7091889381408691	Method-Problem-Lösen.	Arbeiten in
0	106.40000000000012	0.6714231967926025	tatsächlich in diese grundlegenden Operatoren zerlegt werden. Also frühere Arbeiten im Method-Problem-Lösung eigentlich.	Method-Problem-Lösen.
0	107.52000000000012	0.7038717269897461	Arbeiten im Method-Problem-Lösung können tatsächlich	tatsächlich in diese grundlegenden Operatoren zerlegt werden. Also frühere Arbeiten im Method-Problem-Lösung eigentlich.
0	108.64000000000013	0.44936370849609375	zerlegt werden. Also frühere Arbeiten im Method-Problem-Lösung können tatsächlich in	
0	109.76000000000013	0.5519778728485107	Sequence-to-Sequence und	zerlegt werden. Also frühere Arbeiten im Method-Problem-Lösung können tatsächlich in
0	110.88000000000014	0.9623682498931885	sequenz-zu-baum Modelle kategorisiert werden.	Sequence-to-Sequence und
0	112.00000000000014	0.737013578414917	sequenz-zu-sequenz und	sequenz-zu-baum Modelle kategorisiert werden.
0	113.12000000000015	0.560917854309082	traditionelle sequenz.	
0	114.24000000000015	0.7132737636566162	Also traditionelle sequenz-zu-sequenz und sequenz-zu-baum Modelle kategorisiert werden. Also traditionelle sequenz-zu-sequenz Modelle	traditionelle sequenz.
0	115.36000000000016	0.8723142147064209	sequenz-zu-sequenz und sequenz-zu-baum Modelle kategorisiert werden. Also traditionelle sequenz-zu-sequenz-Modelle konvertieren den Ausdruck.	sequenz-zu-sequenz und sequenz-zu-baum Modelle kategorisiert werden. Also traditionelle sequenz-zu-sequenz Modelle
0	116.48000000000016	1.1297590732574463	sequenz-zu-sequenz-Modelle konvertieren den sequenz-zu-sequenz und sequenz-zu-baum Modelle kategorisiert werden. Also traditionelle sequenz-zu-sequenz-Modelle konvertieren den Ausdruck in eine spezifische Sequenz.	sequenz-zu-sequenz und sequenz-zu-baum Modelle kategorisiert werden. Also traditionelle sequenz-zu-sequenz-Modelle konvertieren den Ausdruck.
0	117.60000000000016	0.7654464244842529	Ausdruck in eine spezifische für die Generierung.	sequenz-zu-sequenz und sequenz-zu-baum Modelle kategorisiert werden. Also traditionelle sequenz-zu-sequenz-Modelle konvertieren den Ausdruck in eine spezifische Sequenz.
0	118.72000000000017	0.8240485191345215	Sequenz für die Generierung, und das ist ziemlich einfach.	für die Generierung.
0	119.84000000000017	0.7907230854034424	einfach zu implementieren.	das ist ziemlich einfach.
0	120.96000000000018	0.8201274871826172	es ist ziemlich einfach zu es ist ziemlich einfach zu implementieren und es kann generieren.	einfach zu implementieren.
0	122.08000000000018	0.7527101039886475	implementieren und es kann konvertieren den Ausdruck in eine spezifische Sequenz für die Generierung, und es ist ziemlich einfach zu implementieren und es kann verallgemeinern auf	es ist ziemlich einfach zu implementieren und es kann generieren.
0	123.20000000000019	0.6904675960540771	viele verschiedene	konvertieren den Ausdruck in eine spezifische Sequenz für die Generierung, und es ist ziemlich einfach zu implementieren und es kann verallgemeinern auf
0	124.32000000000019	0.8379414081573486	verallgemeinert werden auf Komplikationen.	viele verschiedene
0	125.4400000000002	0.5310845375061035	komplizierte Probleme.	Komplikationen.
0	126.5600000000002	0.7411050796508789	Aber die Nachteile sind die Leistung	
0	127.6800000000002	0.8355603218078613	die Generierung, und es ist ziemlich einfach zu implementieren und es kann verallgemeinert werden auf viele verschiedene komplizierte Probleme. Aber die Nachteile der Leistung sind tatsächlich verallgemeinert.	sind die Leistung
0	128.8000000000002	0.6503081321716309	der Leistung sind generell nicht	die Generierung, und es ist ziemlich einfach zu implementieren und es kann verallgemeinert werden auf viele verschiedene komplizierte Probleme. Aber die Nachteile der Leistung sind tatsächlich verallgemeinert.
0	129.92000000000021	0.7219982147216797	eigentlich besser als die Struktur.	generell nicht
0	131.04000000000022	0.9169611930847168	im Allgemeinen nicht besser als die Generierung, und es ist ziemlich einfach zu implementieren und es kann verallgemeinert werden auf viele verschiedene komplizierte Probleme. Aber die Nachteile der Leistung sind eigentlich im Allgemeinen nicht besser als die strukturellen Modelle, und es ist	besser als die Struktur.
0	132.16000000000022	0.7821190357208252	strukturellen Modelle, und es	Generierung, und es ist ziemlich einfach zu implementieren und es kann verallgemeinert werden auf viele verschiedene komplizierte Probleme. Aber die Nachteile der Leistung sind eigentlich im Allgemeinen nicht besser als die strukturellen Modelle, und es ist
0	133.28000000000023	0.801466703414917	fehlt an der interpretierbares mehrstufiges Reasoning als Ausgabe zu haben. Und wir denken auch, dass das Method-Problem eine einfache Anwendung ist, um solche Reasoning-Fähigkeiten zu bewerten. Also hier in unserem Problem-Einrichtung, gegeben die Fragen, müssen wir diese Frage lösen und numerische Antworten erhalten. In unseren Datensätzen werden uns auch die mathematischen Ausdrücke gegeben, die zu der bestimmten Antwort führen. Auch bestimmte Annahmen gelten, wie in früheren Arbeiten. Wir gehen davon aus, dass die Präzision der Größen bekannt ist und wir nur grundlegende Operatoren wie Addition, Subtraktion, Multiplikation, Division und Exponentiation betrachten. Darüber hinaus können komplizierte Operatoren tatsächlich in diese grundlegenden Operatoren zerlegt werden. Also frühere Arbeiten im Method-Problem-Lösung können tatsächlich in sequenz-zu-sequenz und sequenz-zu-baum Modelle kategorisiert werden. Also traditionelle sequenz-zu-sequenz-Modelle konvertieren den Ausdruck in eine spezifische Sequenz für die Generierung, und es ist ziemlich einfach zu implementieren und es kann verallgemeinert werden auf viele verschiedene komplizierte Probleme. Aber die Nachteile der Leistung sind eigentlich im Allgemeinen nicht besser als die strukturellen Modelle, und es fehlt an der Interpretierbarkeit für die Vorhersage.	
0	134.40000000000023	0.4385526180267334		interpretierbares mehrstufiges Reasoning als Ausgabe zu haben. Und wir denken auch, dass das Method-Problem eine einfache Anwendung ist, um solche Reasoning-Fähigkeiten zu bewerten. Also hier in unserem Problem-Einrichtung, gegeben die Fragen, müssen wir diese Frage lösen und numerische Antworten erhalten. In unseren Datensätzen werden uns auch die mathematischen Ausdrücke gegeben, die zu der bestimmten Antwort führen. Auch bestimmte Annahmen gelten, wie in früheren Arbeiten. Wir gehen davon aus, dass die Präzision der Größen bekannt ist und wir nur grundlegende Operatoren wie Addition, Subtraktion, Multiplikation, Division und Exponentiation betrachten. Darüber hinaus können komplizierte Operatoren tatsächlich in diese grundlegenden Operatoren zerlegt werden. Also frühere Arbeiten im Method-Problem-Lösung können tatsächlich in sequenz-zu-sequenz und sequenz-zu-baum Modelle kategorisiert werden. Also traditionelle sequenz-zu-sequenz-Modelle konvertieren den Ausdruck in eine spezifische Sequenz für die Generierung, und es ist ziemlich einfach zu implementieren und es kann verallgemeinert werden auf viele verschiedene komplizierte Probleme. Aber die Nachteile der Leistung sind eigentlich im Allgemeinen nicht besser als die strukturellen Modelle, und es fehlt an der Interpretierbarkeit für die Vorhersage.
0	135.52000000000024	0.5913846492767334	tatsächlich in sequenz-zu-sequenz und sequenz-zu-baum Modelle kategorisiert werden. Also traditionelle sequenz-zu-sequenz-Modelle konvertieren den Ausdruck in eine spezifische Sequenz für die Generierung, und es ist ziemlich einfach zu implementieren und es kann verallgemeinert werden auf viele verschiedene komplizierte Probleme. Aber die Nachteile der Leistung sind eigentlich im Allgemeinen nicht besser als die strukturellen Modelle, und es fehlt an der Interpretierbarkeit für die Vorhersage. Aber eigentlich diese Richtung.	
0	136.64000000000024	0.7133133411407471	Aber eigentlich Richtung immer noch ziemlich	tatsächlich in sequenz-zu-sequenz und sequenz-zu-baum Modelle kategorisiert werden. Also traditionelle sequenz-zu-sequenz-Modelle konvertieren den Ausdruck in eine spezifische Sequenz für die Generierung, und es ist ziemlich einfach zu implementieren und es kann verallgemeinert werden auf viele verschiedene komplizierte Probleme. Aber die Nachteile der Leistung sind eigentlich im Allgemeinen nicht besser als die strukturellen Modelle, und es fehlt an der Interpretierbarkeit für die Vorhersage. Aber eigentlich diese Richtung.
0	137.76000000000025	0.7616958618164062	ist diese beliebt, weil.	Richtung immer noch ziemlich
0	138.88000000000025	0.7187716960906982	weil um des Chats willen.	weil.
0	140.00000000000026	0.6594338417053223	komplizierte Probleme. Aber die Nachteile der Leistung sind eigentlich im Allgemeinen nicht besser als die strukturellen Modelle, und es fehlt an der Interpretierbarkeit für die Vorhersage. Aber eigentlich ist diese Richtung immer noch ziemlich beliebt, weil des Transformer-Modells.	um des Chats willen.
0	141.12000000000026	0.34281206130981445		komplizierte Probleme. Aber die Nachteile der Leistung sind eigentlich im Allgemeinen nicht besser als die strukturellen Modelle, und es fehlt an der Interpretierbarkeit für die Vorhersage. Aber eigentlich ist diese Richtung immer noch ziemlich beliebt, weil des Transformer-Modells.
0	142.24000000000026	0.5090789794921875		
0	143.36000000000027	0.7529470920562744	Also in Modelle, und es fehlt an der Interpretierbarkeit für die Vorhersage. Aber eigentlich ist diese Richtung immer noch ziemlich beliebt, weil des Transformer-Modells. Also in baum-basierten Modellen	
0	144.48000000000027	0.8298604488372803	baum-basierten Modelle, und es fehlt an der Interpretierbarkeit für die Vorhersage. Aber eigentlich ist diese Richtung immer noch ziemlich beliebt, weil des Transformer-Modells. Also in baum-basierten Modellen, wir eigentlich strukturieren	Modelle, und es fehlt an der Interpretierbarkeit für die Vorhersage. Aber eigentlich ist diese Richtung immer noch ziemlich beliebt, weil des Transformer-Modells. Also in baum-basierten Modellen
0	145.60000000000028	0.8117504119873047	Modelle, und es fehlt an der Interpretierbarkeit für die Vorhersage. Aber eigentlich ist diese Richtung immer noch ziemlich beliebt, weil des Transformer-Modells. Also in baum-basierten Modellen strukturieren wir diese Ausdrücke tatsächlich.	Modelle, und es fehlt an der Interpretierbarkeit für die Vorhersage. Aber eigentlich ist diese Richtung immer noch ziemlich beliebt, weil des Transformer-Modells. Also in baum-basierten Modellen, wir eigentlich strukturieren
0	146.72000000000028	0.9404494762420654	Modellen strukturieren wir diese Ausdrücke Modelle, und es fehlt an der Interpretierbarkeit für die Vorhersage. Aber eigentlich ist diese Richtung immer noch ziemlich beliebt, weil des Transformer-Modells. Also in baum-basierten Modellen strukturieren wir diese Ausdrücke tatsächlich in einer Baumform.	Modelle, und es fehlt an der Interpretierbarkeit für die Vorhersage. Aber eigentlich ist diese Richtung immer noch ziemlich beliebt, weil des Transformer-Modells. Also in baum-basierten Modellen strukturieren wir diese Ausdrücke tatsächlich.
0	147.8400000000003	0.7053050994873047		Modelle, und es fehlt an der Interpretierbarkeit für die Vorhersage. Aber eigentlich ist diese Richtung immer noch ziemlich beliebt, weil des Transformer-Modells. Also in baum-basierten Modellen strukturieren wir diese Ausdrücke tatsächlich in einer Baumform.
0	148.9600000000003	0.8653020858764648	in einer Baumform und folgen einem Modelle, und es fehlt an der Interpretierbarkeit für die Vorhersage. Aber eigentlich ist diese Richtung immer noch ziemlich beliebt, weil des Transformer-Modells. Also in baum-basierten Modellen strukturieren wir diese Ausdrücke in einer Baumform und folgen einem vor-ordentlichen Traverse.	
0	150.0800000000003	0.864424467086792		Modelle, und es fehlt an der Interpretierbarkeit für die Vorhersage. Aber eigentlich ist diese Richtung immer noch ziemlich beliebt, weil des Transformer-Modells. Also in baum-basierten Modellen strukturieren wir diese Ausdrücke in einer Baumform und folgen einem vor-ordentlichen Traverse.
0	151.2000000000003	1.0433292388916016	vor-Ordnungstraversierung in Vorhersage. Aber eigentlich ist diese Richtung immer noch ziemlich beliebt, weil des Transformer-Modells. Also in baum-basierten Modellen strukturieren wir diese Ausdrücke in einer Baumform und folgen einem vor-Ordnungstraversierung in Baum-Generierungen. Also hier können wir	
0	152.3200000000003	0.9379050731658936	Baum-Generierungen. Also hier	Vorhersage. Aber eigentlich ist diese Richtung immer noch ziemlich beliebt, weil des Transformer-Modells. Also in baum-basierten Modellen strukturieren wir diese Ausdrücke in einer Baumform und folgen einem vor-Ordnungstraversierung in Baum-Generierungen. Also hier können wir
0	153.4400000000003	0.7597527503967285	halten wir die Generierung	
0	154.56000000000031	0.8393702507019043	der Operatoren bis wir des Transformer-Modells. Also in baum-basierten Modellen strukturieren wir diese Ausdrücke in einer Baumform und folgen einem vor-Ordnungstraversierung in Baum-Generierungen. Also hier halten wir die Generierung der Operatoren bis wir die Blätter erreichen, die sind die	
0	155.68000000000032	0.7672383785247803	Blätter erreichen, die	des Transformer-Modells. Also in baum-basierten Modellen strukturieren wir diese Ausdrücke in einer Baumform und folgen einem vor-Ordnungstraversierung in Baum-Generierungen. Also hier halten wir die Generierung der Operatoren bis wir die Blätter erreichen, die sind die
0	156.80000000000032	0.7207176685333252	Größen sind.	
0	157.92000000000033	0.7050542831420898	Also hier	
0	159.04000000000033	0.7432389259338379	ist das Gute, dass es	
0	160.16000000000034	0.7398579120635986	uns	
0	161.28000000000034	0.7532360553741455	tatsächlich diese binäre Baumstruktur	
0	162.40000000000035	0.6097900867462158	gibt und es	
0	163.52000000000035	0.6438775062561035	ist	
0	164.64000000000036	0.753079891204834	aber aber aber eigentlich	
0	165.76000000000036	0.6647028923034668	ziemlich	
0	166.88000000000036	0.8449239730834961	kontraintuitiv, weil	
0	168.00000000000037	0.626549243927002	wir	
0	169.12000000000037	0.8186154365539551	den Operator zuerst generieren	
0	170.24000000000038	0.7472858428955078	und dann am Ende	
0	171.36000000000038	0.600956916809082	die	
0	172.4800000000004	0.7126924991607666	Größen generieren.	
0	173.6000000000004	0.838186502456665	Und die zweite Sache	
0	174.7200000000004	0.6784689426422119	ist, dass es auch	
0	175.8400000000004	0.6619770526885986	einige repetitive	
0	176.9600000000004	0.7269136905670166	Berechnungen enthält.	
0	178.0800000000004	0.7256953716278076	Also hier, wenn	
0	179.20000000000041	0.7022147178649902	wir diesen Ausdruck	
0	180.32000000000042	0.7294352054595947	a mal drei plus	
0	181.44000000000042	0.7807016372680664	drei ansehen,	
0	182.56000000000043	0.7084407806396484	wird er tatsächlich zweimal generiert.	
0	183.68000000000043	0.5811581611633301	Aber	
0	184.80000000000044	0.7184591293334961	eigentlich sollten wir	
0	185.92000000000044	0.6182734966278076		
0	187.04000000000045	0.3315434455871582	die Ergebnisse wiederverwenden.	
0	188.16000000000045	0.5463132858276367		
0	189.28000000000046	0.7941250801086426	Also in unserem	
0	190.40000000000046	0.6794483661651611	vorgeschlagenen Ansatz wollen wir	
0	191.52000000000046	0.5663650035858154		
0	192.64000000000047	0.6715314388275146	diese Probleme	
0	193.76000000000047	0.5919294357299805	schrittweise	
0	194.88000000000048	0.6011245250701904	und	
0	196.00000000000048	0.6968722343444824	interpretierbar lösen.	
0	197.1200000000005	0.7333238124847412	Also zum Beispiel,	
0	198.2400000000005	0.6743724346160889	hier im zweiten	
0	199.3600000000005	0.5969843864440918	Schritt, können wir	
0	200.4800000000005	0.6354684829711914	diese	
0	201.6000000000005	0.7546608448028564		
0	202.7200000000005	0.7638072967529297	Divisor erhalten, der 27 ist.	
0	203.84000000000052	0.43625593185424805		
0	204.96000000000052	0.9049563407897949		
0	206.08000000000052	0.9178693294525146	Und wir können auch	
0	207.20000000000053	0.9043288230895996	zurück	
0	208.32000000000053	0.9290273189544678		
0	209.44000000000054	1.1191816329956055	verweisen auf die ursprünglichen Fragen, um die relevanten Inhalte zu finden.	
0	210.56000000000054	0.7816939353942871	Und in diesen	
0	211.68000000000055	0.7370858192443848	Schritten erhalten wir	
0	212.80000000000055	0.5897557735443115	die Divisoren.	
0	213.92000000000056	0.561030387878418		
0	215.04000000000056	0.6362903118133545	Und dann	
0	216.16000000000057	0.7554464340209961	in diesem dritten Schritt	
0	217.28000000000057	0.7405054569244385	erhalten wir tatsächlich den	
0	218.40000000000057	0.7031059265136719		
0	219.52000000000058	0.8243551254272461	Quotienten, okay und	
0	220.64000000000058	0.7305037975311279	nach diesen drei Schritten	
0	221.7600000000006	0.6823153495788574	können wir tatsächlich	
0	222.8800000000006	0.7627310752868652	die Ergebnisse	
0	224.0000000000006	0.7515840530395508	vom zweiten Schritt wiederverwenden und dann	
0	225.1200000000006	0.4781525135040283		
0	226.2400000000006	0.5818221569061279		
0	227.3600000000006	0.7633254528045654	die Ergebnisse	
0	228.48000000000062	0.7654874324798584	des vierten Schritts	
0	229.60000000000062	0.7210650444030762	erhalten und schließlich	
0	230.72000000000062	0.6882996559143066	können wir	
0	231.84000000000063	0.33557844161987305	die Dividenden erhalten.	
0	232.96000000000063	0.45496416091918945		
0	234.08000000000064	0.6280574798583984		
0	235.20000000000064	0.7530591487884521	Also hier	
0	236.32000000000065	0.7007706165313721	generieren wir	
0	237.44000000000065	0.680527925491333	den gesamten Ausdruck	
0	238.56000000000066	0.5658543109893799		
0	239.68000000000066	0.6487793922424316	direkt statt	
0	240.80000000000067	0.7395734786987305		
0	241.92000000000067	0.8689091205596924	einzelner Operatoren oder Größen.	
0	243.04000000000067	0.6458051204681396	Das macht den Prozess	
0	244.16000000000068	0.21833324432373047	genauer.	
0	245.28000000000068	0.6805481910705566		
0	246.4000000000007	0.8448367118835449	Also in unserem deduktiven	
0	247.5200000000007	0.6092994213104248	System	
0	248.6400000000007	0.7250590324401855	beginnen wir	
0	249.7600000000007	0.8807172775268555	zunächst mit einer	
0	250.8800000000007	0.8654530048370361	Reihe von Größen, die in den Fragen präsentiert	
0	252.0000000000007	0.7885839939117432		
0	253.12000000000072	0.8511388301849365	werden, und auch einige Konstanten	
0	254.24000000000072	0.7156744003295898	als unsere	
0	255.36000000000072	0.6650881767272949	Anfangszustand.	
0	256.4800000000007	0.6467180252075195		
0	257.6000000000007	0.8109767436981201	Der Ausdruck wird	
0	258.7200000000007	0.6739301681518555	durch Eij OP	
0	259.8400000000007	0.7411055564880371		
0	260.9600000000007	0.7633473873138428	dargestellt, wo wir	
0	262.0800000000007	0.8033533096313477	Operatoren	
0	263.2000000000007	0.8484148979187012	von QI zu	
0	264.32000000000073	0.8381426334381104	QJ durchführen, und solcher	
0	265.44000000000074	0.6995382308959961	Ausdruck ist	
0	266.56000000000074	0.7647228240966797	eigentlich gerichtet.	
0	267.68000000000075	0.809027910232544	Also haben wir auch	
0	268.80000000000075	0.8118197917938232		
0	269.92000000000075	1.0051562786102295	hier Subtraktion Reverse, um	
0	271.04000000000076	0.8623735904693604	die entgegengesetzte Richtung darzustellen.	
0	272.16000000000076	0.7112851142883301	Das ist ziemlich	
0	273.28000000000077	0.704826831817627	ähnlich zu	
0	274.4000000000008	0.7325301170349121		
0	275.5200000000008	0.9112515449523926	Relation Extraktion. Also in	
0	276.6400000000008	0.8431768417358398	einem formellen deduktiven	
0	277.7600000000008	0.6713180541992188	System, zum Zeitpunkt	
0	278.8800000000008	0.7199621200561523	t,	
0	280.0000000000008	0.6870825290679932	wenden wir den Operator	
0	281.1200000000008	0.7633278369903564	zwischen	
0	282.2400000000008	0.8481442928314209	dem qi und qj Paar	
0	283.3600000000008	0.7879369258880615		
0	284.4800000000008	0.9915707111358643	an, und dann erhalten wir diesen neuen Ausdruck.	
0	285.6000000000008	0.6433508396148682	Wir fügen ihn	
0	286.7200000000008	0.663642168045044	zum	
0	287.8400000000008	0.8816187381744385	nächsten Zustand	
0	288.96000000000083	0.7608649730682373	hinzu, um eine neue	
0	290.08000000000084	0.6301519870758057	Größe zu werden.	
0	291.20000000000084	0.6348168849945068	Also	
0	292.32000000000085	0.7570757865905762		
0	293.44000000000085	0.8568904399871826	diese Slides visualisieren tatsächlich die	
0	294.56000000000085	0.6952857971191406	Evolution der	
0	295.68000000000086	0.8466017246246338	Zustände, wo wir	
0	296.80000000000086	0.8494067192077637		
0	297.92000000000087	0.8469634056091309		
0	299.0400000000009	0.985074520111084		
0	300.1600000000009	1.1129229068756104	den Ausdruck kontinuierlich zu den aktuellen Zuständen hinzufügen. Also in	
0	301.2800000000009	0.9043474197387695	unseren	
0	302.4000000000009	1.035386323928833	Modell-Implementierungen verwenden wir zuerst ein	
0	303.5200000000009	0.9260151386260986	vortrainiertes Sprachmodell, das	
0	304.6400000000009	0.7834303379058838	Bird oder Robot	
0	305.7600000000009	0.8742640018463135	Heads sein kann, und dann	
0	306.8800000000009	0.8247554302215576	kodieren wir einen	
0	308.0000000000009	0.7815628051757812	Satz und	
0	309.1200000000009	0.759181022644043	erhalten	
0	310.2400000000009	0.9036586284637451	dann diese Größen-Darstellungen.	
0	311.3600000000009	0.7715973854064941		
0	312.4800000000009	0.9089434146881104	Sobald wir die Größen-Darstellungen haben,	
0	313.60000000000093	0.8088498115539551	können wir	
0	314.72000000000094	0.9113662242889404	mit Inferenz beginnen. Hier zeigen wir	
0	315.84000000000094	0.7231817245483398	ein Beispiel von	
0	316.96000000000095	0.8367452621459961		
0	318.08000000000095	1.0216801166534424	Q1, um die Darstellung für	
0	319.20000000000095	0.9516520500183105	Q1	
0	320.32000000000096	0.9363360404968262	geteilt durch Q2 und dann mal	
0	321.44000000000096	0.33165502548217773	Q3 zu erhalten.	
0	322.56000000000097	0.690448522567749		
0	323.680000000001	0.8527963161468506	Zuerst erhalten wir	
0	324.800000000001	0.8458912372589111	das	
0	325.920000000001	1.0194683074951172	Paar-Darstellung, was im Wesentlichen nur	
0	327.040000000001	0.7884819507598877	die	
0	328.160000000001	0.8186166286468506	Kette zwischen Q1	
0	329.280000000001	0.9753468036651611	und Q2	
0	330.400000000001	0.9658505916595459	ist, und dann wenden wir	
0	331.520000000001	1.0143482685089111	ein	
0	332.640000000001	1.1112685203552246	Feed-Forward-Netzwerk an, das	
0	333.760000000001	0.7439584732055664		
0	334.880000000001	1.0279309749603271	vom Operator parametrisiert ist.	
0	336.000000000001	0.8372628688812256	Und	
0	337.120000000001	1.1139271259307861		
0	338.24000000000103	1.1150751113891602		
0	339.36000000000104	1.3484938144683838		
0	340.48000000000104	1.2269299030303955	dann erhalten wir schließlich die	
0	341.60000000000105	1.306035041809082		
0	342.72000000000105	1.2950546741485596	Ausdruck-Darstellung q1 geteilt durch q2. Aber	
0	343.84000000000106	0.8760995864868164	in der Praxis in der Inferenzphase	
0	344.96000000000106	0.7668390274047852	können wir möglicherweise	
0	346.08000000000106	0.8431017398834229	die falsche Darstellung	
0	347.20000000000107	0.7397422790527344		
0	348.3200000000011	0.37775588035583496	oder falschen Ausdruck auch erhalten.	
0	349.4400000000011	0.6051647663116455		
0	350.5600000000011	0.7701501846313477	Also hier	
0	351.6800000000011	0.6465039253234863	alle möglichen	
0	352.8000000000011	0.6814320087432861		
0	353.9200000000011	0.752953052520752	Ausdruck gleich	
0	355.0400000000011	0.770129919052124	drei mal die	
0	356.1600000000011	0.7460787296295166	Anzahl der Operatoren.	
0	357.2800000000011	0.733867883682251		
0	358.4000000000011	0.7387983798980713	Das Gute hier ist, dass	
0	359.5200000000011	0.7264947891235352	wir	
0	360.6400000000011	0.810582160949707	leicht Constraints hinzufügen	
0	361.7600000000011	0.8129072189331055	können, um	
0	362.88000000000113	0.8233616352081299	diese Suche	
0	364.00000000000114	0.9426450729370117	diesen Suchraum zu kontrollieren.	
0	365.12000000000114	0.816605806350708	Zum Beispiel, wenn	
0	366.24000000000115	0.8176531791687012	dieser Ausdruck nicht	
0	367.36000000000115	0.8468239307403564	erlaubt ist, können wir	
0	368.48000000000116	0.8163251876831055	diesen Ausdruck einfach	
0	369.60000000000116	0.7186172008514404	in unserem Suchraum entfernen.	
0	370.72000000000116	0.6582562923431396		
0	371.84000000000117	0.8423624038696289	Also im zweiten Schritt	
0	372.9600000000012	0.9120652675628662	machen wir	
0	374.0800000000012	0.9134554862976074	dasselbe, aber der einzige Unterschied	
0	375.2000000000012	0.6615846157073975	ist, dass	
0	376.3200000000012	0.7410950660705566		
0	377.4400000000012	0.7740170955657959		
0	378.5600000000012	0.839102029800415		
0	379.6800000000012	1.0257542133331299	es eine weitere Größe ist.	
0	380.8000000000012	0.8792128562927246	Also diese Größe kommt vom	
0	381.9200000000012	0.7216207981109619	vorher berechneten Ausdruck.	
0	383.0400000000012	0.588123083114624		
0	384.1600000000012	0.7663443088531494	Also schließlich	
0	385.2800000000012	0.8114914894104004	können wir	
0	386.4000000000012	0.8369235992431641	diesen finalen Ausdruck	
0	387.52000000000123	0.7561120986938477		
0	388.64000000000124	0.8458077907562256	q3 mal	
0	389.76000000000124	0.8984143733978271	Q4 erhalten. Und wir	
0	390.88000000000125	0.8881053924560547	können auch die	
0	392.00000000000125	0.8247992992401123	Anzahl aller möglichen	
0	393.12000000000126	0.9752247333526611		
0	394.24000000000126	1.0169658660888672		
0	395.36000000000126	1.1131048202514648	exp	
0	396.48000000000127	1.1820263862609863	Ausdrücke sehen, die sich vom vorherigen Schritt unterscheiden. Also dieser	
0	397.6000000000013	0.8980588912963867	Unterschied macht es schwierig,	
0	398.7200000000013	0.7758505344390869		
0	399.8400000000013	1.0391597747802734	Beam Search anzuwenden, weil	
0	400.9600000000013	1.0072765350341797	die	
0	402.0800000000013	1.063295841217041	Wahrscheinlichkeitsverteilung zwischen diesen beiden	
0	403.2000000000013	0.8147966861724854	Schritten	
0	404.3200000000013	0.3591439723968506	unbalanciert ist.	
0	405.4400000000013	0.6316928863525391		
0	406.5600000000013	0.861285924911499	Also das	
0	407.6800000000013	1.1338706016540527	Trainingsverfahren ist ähnlich zum	
0	408.8000000000013	1.0109870433807373	Training eines	
0	409.9200000000013	1.0848708152770996	sequenz-zu-sequenz-Modells, wo wir	
0	411.0400000000013	0.7922542095184326	den Verlust	
0	412.16000000000133	0.8708477020263672	an jedem Zeitpunkt	
0	413.28000000000134	0.8596968650817871		
0	414.40000000000134	0.9761583805084229	optimieren, und hier verwenden wir auch dieses	
0	415.52000000000135	0.7674176692962646	Tau, um	
0	416.64000000000135	0.8157076835632324	darzustellen, wann	
0	417.76000000000136	0.7610533237457275	wir	
0	418.88000000000136	0.7876536846160889		
0	420.00000000000136	0.4134044647216797	diesen Generierungsprozess beenden sollen.	
0	421.12000000000137	0.6971337795257568		
0	422.2400000000014	0.8527207374572754	Und hier ist der Raum	
0	423.3600000000014	0.8616964817047119	anders als	
0	424.4800000000014	0.8981661796569824		
0	425.6000000000014	1.1474692821502686	sequenz-zu-sequenz, weil der Raum	
0	426.7200000000014	0.8916928768157959	an jedem Zeitpunkt unterschiedlich	
0	427.8400000000014	1.0829663276672363		
0	428.9600000000014	1.1113874912261963	ist, während in traditionellen	
0	430.0800000000014	1.2611751556396484	sequenz-zu-sequenz-Modellen es	
0	431.2000000000014	0.9018290042877197	die Anzahl des Vokabulars ist.	
0	432.3200000000014	0.6375420093536377		
0	433.4400000000014	0.9022085666656494	Und es	
0	434.5600000000014	0.9029991626739502	erlaubt auch,	
0	435.6800000000014	0.8642175197601318	bestimmte Constraints	
0	436.80000000000143	0.8651149272918701	von	
0	437.92000000000144	0.9818134307861328		
0	439.04000000000144	1.0949742794036865		
0	440.16000000000145	1.182739019393921	Prior-Wissen aufzuerlegen. Also führen wir Experimente	
0	441.28000000000145	0.8728537559509277	auf	
0	442.40000000000146	1.1154215335845947		
0	443.52000000000146	1.196434497833252	den häufig verwendeten Method-of-Problem-Datensätzen,	
0	444.64000000000146	0.9408414363861084		
0	445.76000000000147	1.0573735237121582	MAWPS,	
0	446.8800000000015	0.9726064205169678	Math23K, MathQA und	
0	448.0000000000015	0.7698638439178467	SWAM durch.	
0	449.1200000000015	0.7485532760620117	Und hier	
0	450.2400000000015	0.8202261924743652	zeigen wir kurz	
0	451.3600000000015	0.8482213020324707	die Ergebnisse im	
0	452.4800000000015	0.8346724510192871	Vergleich zu den	
0	453.6000000000015	0.8313279151916504	vorher besten Ansätzen.	
0	454.7200000000015	0.8576250076293945	Also unser beste	
0	455.8400000000015	0.8737106323242188	performierende	
0	456.9600000000015	0.8403408527374268		
0	458.0800000000015	1.011869192123413	Variante ist Roberta Deductive	
0	459.2000000000015	0.978198766708374	Reasoner, und eigentlich verwenden wir	
0	460.3200000000015	0.7663571834564209	kein Beam Search	
0	461.44000000000153	0.8677442073822021	im Gegensatz	
0	462.56000000000154	0.9965629577636719	zu offensichtlichen	
0	463.68000000000154	0.5631625652313232	Ansätzen, die	
0	464.80000000000155	0.8207318782806396	Beamsearch verwenden.	
0	465.92000000000155	0.7499997615814209	Okay.	
0	467.04000000000156	0.8141820430755615	Also	
0	468.16000000000156	0.9888989925384521	die besten Ansätze sind oft	
0	469.28000000000156	0.8058974742889404	baum-basierte	
0	470.40000000000157	0.24300122261047363	Modelle.	
0	471.5200000000016	0.16945648193359375		
0	472.6400000000016	0.6419322490692139		
0	473.7600000000016	0.8705482482910156	Also insgesamt	
0	474.8800000000016	0.9410202503204346	ist unser Reasoner in der	
0	476.0000000000016	0.7386868000030518	Lage, zu wählen	
0	477.1200000000016	0.863306999206543		
0	478.2400000000016	1.1120259761810303	, signifikant	
0	479.3600000000016	1.0550556182861328	besser als dieses	
0	480.4800000000016	1.055739402770996		
0	481.6000000000016	1.0765986442565918		
0	482.7200000000016	1.1468441486358643	baumbasierte Modell, aber wir können die absolute Zahl	
0	483.8400000000016	0.8668737411499023	auf Math QA oder	
0	484.9600000000016	0.8069491386413574	SWAM nicht	
0	486.08000000000163	0.9665060043334961	wirklich hoch sehen.	
0	487.20000000000164	0.952080488204956	Also untersuchen wir	
0	488.32000000000164	0.9101057052612305	weiter die Ergebnisse auf	
0	489.44000000000165	1.0349256992340088		
0	490.56000000000165	1.172339677810669	SWAM, und dieser Datensatz ist herausfordernd,	
0	491.68000000000166	0.843193769454956	weil der Autor versucht hat,	
0	492.80000000000166	0.7763266563415527	manuell	
0	493.92000000000166	0.8658530712127686		
0	495.04000000000167	1.1779978275299072	etwas hinzuzufügen, um	
0	496.1600000000017	1.2412822246551514	das NLP-Modell zu	
0	497.2800000000017	1.1090760231018066	verwirren, wie	
0	498.4000000000017	1.0058794021606445		
0	499.5200000000017	1.0494916439056396		
0	500.6400000000017	1.1367347240447998	das Hinzufügen	
0	501.7600000000017	1.129760503768921	von Evaluierungs-Information und zusätzlichen Größen. Also in	
0	502.8800000000017	0.9096827507019043	unserer Vorhersage finden wir	
0	504.0000000000017	0.9150612354278564		
0	505.1200000000017	0.9114253520965576	, dass einige der Zwischenwerte tatsächlich negativ sind.	
0	506.2400000000017	0.6891744136810303		
0	507.3600000000017	0.7788560390472412	Zum	
0	508.4800000000017	0.8103148937225342		
0	509.6000000000017	0.9944195747375488	Beispiel, in dieser Frage fragen	
0	510.72000000000173	1.0030686855316162	wir, wie viele Äpfel	
0	511.84000000000174	0.9502155780792236	Jake hat, aber wir haben	
0	512.9600000000017	0.8519392013549805	einige zusätzliche	
0	514.0800000000017	0.8806304931640625	Informationen wie 17	
0	515.2000000000018	0.8089027404785156		
0	516.3200000000018	0.9950220584869385	Few Pitches und Steven	
0	517.4400000000018	0.93357253074646	hat acht Pitches, was	
0	518.5600000000018	0.7870728969573975	völlig irrelevant ist.	
0	519.6800000000018	0.7827451229095459	Also	
0	520.8000000000018	0.9667155742645264	macht unser Modell einige	
0	521.9200000000018	0.8903744220733643		
0	523.0400000000018	0.9805858135223389	Vorhersage wie diese, die	
0	524.1600000000018	0.750828742980957	negative Werte produziert.	
0	525.2800000000018	0.6192107200622559		
0	526.4000000000018	0.8825826644897461		
0	527.5200000000018	1.0706181526184082	Und wir beobachten diese zwei	
0	528.6400000000018	0.9306566715240479	repräsentieren diese zwei	
0	529.7600000000018	0.8632023334503174	Ausdrücke tatsächlich	
0	530.8800000000018	0.8701541423797607	ähnliche Scores.	
0	532.0000000000018	0.8196597099304199	Also können wir	
0	533.1200000000018	0.8509070873260498		
0	534.2400000000018	1.013026237487793	diesen Suchraum tatsächlich	
0	535.3600000000018	0.9012346267700195	begrenzen, indem wir	
0	536.4800000000018	0.8539257049560547		
0	537.6000000000018	0.9719986915588379	Ergebnisse entfernen, die negativ	
0	538.7200000000018	0.8809142112731934	sind, so dass wir die	
0	539.8400000000019	0.7910411357879639		
0	540.9600000000019	0.788811206817627		
0	542.0800000000019	0.8069894313812256	richtige Antwort machen können.	
0	543.2000000000019	0.6519777774810791		
0	544.3200000000019	0.7506811618804932	Also	
0	545.4400000000019	0.922752857208252	finden wir	
0	546.5600000000019	0.857445478439331	weiter, dass dieser Constraint tatsächlich	
0	547.6800000000019	0.7533218860626221	verbessert	
0	548.8000000000019	0.8143002986907959	sehr	
0	549.9200000000019	0.8802144527435303	viel für	
0	551.0400000000019	0.9842767715454102	einige	
0	552.1600000000019	1.066084861755371	Modelle. Zum Beispiel, für Birds, verbessern wir	
0	553.2800000000019	0.8974928855895996	sieben Punkte und	
0	554.4000000000019	0.9025471210479736	dann für	
0	555.5200000000019	1.0152134895324707	das Roberta-basierte	
0	556.6400000000019	0.9306943416595459	Modell, verbessern wir tatsächlich zwei	
0	557.7600000000019	0.930544376373291	Punkte.	
0	558.8800000000019	0.9843535423278809	Also bessere	
0	560.0000000000019	1.0899083614349365		
0	561.1200000000019	1.1635401248931885	Sprachmodelle haben eine bessere Sprachverständnis-Fähigkeit, so dass	
0	562.2400000000019	0.7591779232025146	die	
0	563.360000000002	0.854421854019165	Zahl hier	
0	564.480000000002	0.8604657649993896	höher für	
0	565.600000000002	0.9986612796783447	Roberta und niedriger für	
0	566.720000000002	0.9702932834625244	Birds ist. Und wir	
0	567.840000000002	1.0151758193969727	versuchen auch, die	
0	568.960000000002	0.9386334419250488	Schwierigkeit	
0	570.080000000002	0.943885326385498	hinter all	
0	571.200000000002	1.1625008583068848	diesem Datensatz zu analysieren.	
0	572.320000000002	1.1172280311584473	Wir gehen davon aus, dass die Anzahl der	
0	573.440000000002	1.0399110317230225	ungenutzten Größe	
0	574.560000000002	0.9573426246643066	als	
0	575.680000000002	0.9703249931335449	irrelevante Information hier betrachtet werden kann.	
0	576.800000000002	0.8271467685699463	Also	
0	577.920000000002	0.8374538421630859	hier können wir	
0	579.040000000002	0.7676892280578613	sehen, dass	
0	580.160000000002	0.8752825260162354	wir	
0	581.280000000002	1.154273271560669	die	
0	582.400000000002	1.0657918453216553		
0	583.520000000002	1.2843515872955322	Anzahl der Proben mit ungenutzten Größen haben und	
0	584.640000000002	1.0296053886413574	der SWAM-Datensatz	
0	585.760000000002	0.7877652645111084		
0	586.880000000002	1.0610382556915283	hat den größten Anteil.	
0	588.000000000002	0.9228894710540771	Und hier zeigen wir auch	
0	589.120000000002	0.29921483993530273	die allgemeine Leistung.	
0	590.240000000002	0.8063328266143799		
0	591.3600000000021	0.976980447769165	Für diese	
0	592.4800000000021	0.9838461875915527	Proben ohne ungenutzte Größen.	
0	593.6000000000021	0.842597484588623	Also die	
0	594.7200000000021	0.8401129245758057	allgemeine Leistung ist	
0	595.8400000000021	0.8254101276397705		
0	596.9600000000021	0.9956343173980713	eigentlich höher als die Leistung ist	
0	598.0800000000021	0.9256095886230469	eigentlich höher als die allgemeine	
0	599.2000000000021	0.9417538642883301	Leistung. Aber mit	
0	600.3200000000021	1.0043511390686035	diesen	
0	601.4400000000021	1.0577101707458496		
0	602.5600000000021	1.1823105812072754	Proben, die mit ungenutzter	
0	603.6800000000021	0.4041891098022461	Größe ist tatsächlich viel schlechter als	
0	604.8000000000021	0.8315656185150146		
0	605.9200000000021	0.8831720352172852		
0	607.0400000000021	0.7963962554931641	die	
0	608.1600000000021	1.026324987411499	allgemeine Leistung.	
0	609.2800000000021	1.1187329292297363	Für	
0	610.4000000000021	1.08699631690979		
0	611.5200000000021	1.107452392578125		
0	612.6400000000021	1.3937816619873047		
0	613.7600000000022	1.3877911567687988	MWPS, haben wir nicht wirklich zu viele Disk-Kasos, also ignoriere ich	
0	614.8800000000022	0.28444671630859375	diesen Teil.	
0	616.0000000000022	0.7159454822540283		
0	617.1200000000022	0.9371302127838135	Also	
0	618.2400000000022	0.9559042453765869	schließlich wollen wir	
0	619.3600000000022	1.0177843570709229	die Interpretierbarkeit	
0	620.4800000000022	1.0028586387634277	durch	
0	621.6000000000022	1.0435340404510498	ein Crash und Participation-Beispiel zeigen.	
0	622.7200000000022	0.8472073078155518	Also hier	
0	623.8400000000022	0.8502137660980225		
0	624.9600000000022	1.0233588218688965	macht unser Modell tatsächlich eine	
0	626.0800000000022	0.9064993858337402	falsche	
0	627.2000000000022	0.942467212677002	Vorhersage	
0	628.3200000000022	0.9320352077484131	im ersten Schritt. Also	
0	629.4400000000022	0.905815839767456	können wir tatsächlich	
0	630.5600000000022	0.9074568748474121		
0	631.6800000000022	0.9929904937744141		
0	632.8000000000022	1.087709665298462	diesen Ausdruck mit dem	
0	633.9200000000022	1.1641738414764404	Satz hier korrelieren. Okay.	
0	635.0400000000022	0.9225757122039795	Also denken	
0	636.1600000000022	1.0560424327850342	wir, dieser Satz könnte	
0	637.2800000000022	0.8072302341461182	das Modell	
0	638.4000000000023	1.0343782901763916		
0	639.5200000000023	1.044517993927002	zu einer falschen Vorhersage	
0	640.6400000000023	1.131115436553955	täuschen. Also hier	
0	641.7600000000023	1.0136487483978271	pflanzen wir	
0	642.8800000000023	1.0056588649749756	noch	
0	644.0000000000023	1.0316412448883057		
0	645.1200000000023	1.2670185565948486	35, was das Modell dazu bringt,	
0	646.2400000000023	0.9741954803466797	dass es	
0	647.3600000000023	1.1184263229370117	einen Addition-Operator denken sollte.	
0	648.4800000000023	1.1216113567352295	Also versuchen	
0	649.6000000000023	1.3875038623809814	wir, den Satz zu überarbeiten, um	
0	650.7200000000023	1.2038452625274658	etwas wie die Anzahl der Paarpalmen	
0	651.8400000000023	1.0696094036102295	sind 35	
0	652.9600000000023	0.9869663715362549	weniger als die	
0	654.0800000000023	1.0336194038391113	Apfelbäume zu sein.	
0	655.2000000000023	1.0399761199951172	Also machen wir	
0	656.3200000000023	1.0787601470947266	es, um	
0	657.4400000000023	1.2112247943878174	genauere Semantik zu vermitteln, so dass	
0	658.5600000000023	0.9392542839050293	das Modell in der Lage ist,	
0	659.6800000000023	0.9401853084564209	die	
0	660.8000000000023	0.9642181396484375	Vorhersage korrekt zu machen.	
0	661.9200000000023	0.8401668071746826		
0	663.0400000000024	0.9931116104125977	Diese Studie zeigt, wie	
0	664.1600000000024	0.9089865684509277	die interpretierbare	
0	665.2800000000024	0.8760340213775635	Vorhersage	
0	666.4000000000024	1.002931833267212	uns	
0	667.5200000000024	0.9856364727020264	hilft, das	
0	668.6400000000024	0.33693909645080566	Modellverhalten zu verstehen.	
0	669.7600000000024	0.7454984188079834		
0	670.8800000000024	0.913719654083252	Also	
0	672.0000000000024	1.0133605003356934	um unsere Arbeit zu	
0	673.1200000000024	1.0483956336975098	schließen, ist unser Modell	
0	674.2400000000024	1.0897026062011719	eigentlich ziemlich	
0	675.3600000000024	1.0218729972839355	effizient und wir sind in der Lage,	
0	676.4800000000024	0.7858748435974121		
0	677.6000000000024	0.960716724395752		
0	678.7200000000024	1.1387784481048584		
0	679.8400000000024	1.1383607387542725	interpretierbare Lösungsprozesse	
0	680.9600000000024	1.2464840412139893	zu bieten und wir können leicht einige	
0	682.0800000000024	1.085984468460083	Prior-Wissen als	
0	683.2000000000024	1.0383553504943848		
0	684.3200000000024	1.1489300727844238	Constraint integrieren, was	
0	685.4400000000024	1.073462963104248		
0	686.5600000000024	1.1100850105285645	die Leistung verbessern kann. Und die letzte Sache ist, dass	
0	687.6800000000025	1.1241393089294434		
0	688.8000000000025	1.0749626159667969	der zugrundeliegende Mechanismus nicht nur	
0	689.9200000000025	1.240323543548584	auf	
0	691.0400000000025	1.3027219772338867	Mapwork-Problem-Lösungsaufgaben anwendbar	
0	692.1600000000025	1.2919213771820068	ist, sondern auch	
0	693.2800000000025	1.2122912406921387	auf andere Aufgaben, die	
0	694.4000000000025	1.2130770683288574	mehrstufiges Reasoning beinhalten.	
0	695.5200000000025	0.9926602840423584	Aber wir haben auch	
0	696.6400000000025	0.918511152267456	gewisse Limitationen.	
0	697.7600000000025	1.0598044395446777	Wenn wir	
0	698.8800000000025	1.0507633686065674	eine große Anzahl von Operatoren	
0	700.0000000000025	0.914222002029419	oder	
0	701.1200000000025	1.1842267513275146		
0	702.2400000000025	1.0762524604797363		
0	703.3600000000025	1.1508533954620361	Konstanten haben, kann der Speicherbedarf	
0	704.4800000000025	1.011737585067749	ziemlich hoch sein.	
0	705.6000000000025	0.9658329486846924	Und die zweite Sache	
0	706.7200000000025	1.0654215812683105	ist,	
0	707.8400000000025	1.185722827911377	dass, wie erwähnt, weil	
0	708.9600000000025	1.0440545082092285	die Wahrscheinlichkeitsverteilung	
0	710.0800000000025	1.035529375076294	zwischen	
0	711.2000000000025	1.0882213115692139	verschiedenen	
0	712.3200000000026	1.276249885559082	Zeitpunkten unbalanciert	
0	713.4400000000026	1.1672539710998535	ist, ist es auch ziemlich	
0	714.5600000000026	0.9853963851928711	schwierig, Beam	
0	715.6800000000026	0.9077568054199219	Search anzuwenden.	
0	716.8000000000026	0.7440354824066162		
0	717.9200000000026	0.7763328552246094		
0	719.0400000000026	0.9887752532958984	Also	
0	720.1600000000026	0.9603447914123535	ist das das Ende der	
0	721.2800000000026	0.9630887508392334		
0	722.4000000000026	0.9946691989898682		
0	723.0229375000026	1.1364514827728271	Rede, und Fragen sind willkommen. Danke.	
1	1.12	0.04435276985168457		
1	2.24	0.30699729919433594	Hallo, mein Name ist	
1	3.3600000000000003	0.5417723655700684	Antoine und ich komme aus Massachusetts.	
1	4.48	0.5377459526062012	Universität Maastricht.	aus Massachusetts.
1	5.6000000000000005	0.5069890022277832	von der Ich werde präsentieren	Universität Maastricht.
1	6.720000000000001	0.5372481346130371	meine John-Arbeit mit vorlegen.	präsentieren
1	7.840000000000001	0.7046864032745361	Jerry vorstellen, die sich mit Neuem befasst.	vorlegen.
1	8.96	0.6758205890655518	einen neuen Datensatz für das Statutory handelt.	mit Neuem befasst.
1	10.080000000000002	0.6174397468566895	um einen neuen Datensatz für das Artikel handelt.	einen neuen Datensatz für das Statutory handelt.
1	11.200000000000003	0.3665926456451416	Abrufen gesetzlicher	Artikel handelt.
1	12.320000000000004	0.30082201957702637	Rechtliches Thema.	
1	13.440000000000005	0.49123430252075195	Fragen sind ein integraler Bestandteil davon.	Rechtliches Thema.
1	14.560000000000006	0.5683910846710205	Bestandteil des Lebens vieler Menschen.	Fragen sind ein integraler Bestandteil davon.
1	15.680000000000007	0.6395649909973145	Lebens vieler Menschen.	Bestandteil des Lebens vieler Menschen.
1	16.800000000000008	0.7405726909637451	Lebens vieler Menschen, doch die Mehrheit der Bürger	Lebens vieler Menschen.
1	17.92000000000001	0.8664321899414062	Rechtsfragen sind ein integraler Bestandteil des Lebens vieler Menschen, doch die Mehrheit der Bürger hat wenig bis nichts	Lebens vieler Menschen, doch die Mehrheit der Bürger
1	19.04000000000001	0.4445629119873047	Lebens vieler Menschen, doch die Mehrheit der Bürger verfügt über wenig bis keine Kenntnisse darüber.	Lebens vieler Menschen, doch die Mehrheit der Bürger hat wenig bis nichts
1	20.16000000000001	0.6002051830291748	verfügt über wenig bis keine Kenntnisse ihre Rechte und Grundrechte.	Lebens vieler Menschen, doch die Mehrheit der Bürger verfügt über wenig bis keine Kenntnisse darüber.
1	21.280000000000012	0.5347409248352051	über ihre Rechte und grundlegenden rechtlichen Verfahren.	ihre Rechte und Grundrechte.
1	22.400000000000013	0.3651700019836426		
1	23.520000000000014	0.290874719619751	viele	grundlegenden rechtlichen Verfahren.
1	24.640000000000015	0.47134876251220703	sind viele vulnerable Bürger.	viele
1	25.760000000000016	0.717705249786377	Infolgedessen Bürger, die sich nicht leisten können,	sind viele vulnerable Bürger.
1	26.880000000000017	0.8405492305755615	haben viele verwundbare Bürger, die sich die teure Unterstützung nicht leisten können, keinen Zugang zu	Bürger, die sich nicht leisten können,
1	28.000000000000018	0.7817668914794922	Rechtsexperten nicht leisten können, keinen Zugang zu rechtlicher Beratung.	nicht leisten können, keinen Zugang zu
1	29.12000000000002	0.5291156768798828	eines Rechtsexperten nicht leisten können, keinen Rechtsexperten nicht leisten können, keinen Schutz.	Rechtsexperten nicht leisten können, keinen Zugang zu rechtlicher Beratung.
1	30.24000000000002	0.47888827323913574	oder im schlimmsten Fall gar keinen.	Rechtsexperten nicht leisten können, keinen Schutz.
1	31.36000000000002	0.5942933559417725	Schutz oder im schlimmsten Fall können, keinen Schutz oder im schlimmsten Fall werden sie ausgenutzt.	oder im schlimmsten Fall gar keinen.
1	32.48000000000002	0.34348034858703613		können, keinen Schutz oder im schlimmsten Fall werden sie ausgenutzt.
1	33.600000000000016	0.41037607192993164	Unsere Arbeit zielt darauf ab,	
1	34.72000000000001	0.6493780612945557	rechtlichen Verfahren. Infolgedessen haben viele verwundbare Bürger, die sich die teure Unterstützung eines Rechtsexperten nicht leisten können, keinen Schutz oder im schlimmsten Fall werden sie ausgenutzt. Unsere Arbeit zielt darauf ab, die Lücke zwischen zu schließen.	
1	35.84000000000001	0.5640609264373779	die Lücke zwischen die Lücke zwischen Menschen und dem Recht zu schließen.	rechtlichen Verfahren. Infolgedessen haben viele verwundbare Bürger, die sich die teure Unterstützung eines Rechtsexperten nicht leisten können, keinen Schutz oder im schlimmsten Fall werden sie ausgenutzt. Unsere Arbeit zielt darauf ab, die Lücke zwischen zu schließen.
1	36.96000000000001	0.5557727813720703	Menschen und dem Recht zu Recht zu schließen, indem wir effektive	die Lücke zwischen Menschen und dem Recht zu schließen.
1	38.080000000000005	0.6393544673919678	Retrieval-Systeme entwickeln.	Recht zu schließen, indem wir effektive
1	39.2	0.5429937839508057	Retrieval-Systeme für gesetzliche Artikel entwickeln.	entwickeln.
1	40.32	0.36551332473754883		
1	41.44	0.3838808536529541	Ein solches System könnte	Retrieval-Systeme für gesetzliche Artikel entwickeln.
1	42.559999999999995	0.5989396572113037	ein kostenloses Profil bereitstellen.	
1	43.67999999999999	0.4827084541320801	kostenlose, professionelle Rechtsberatung bieten.	ein kostenloses Profil bereitstellen.
1	44.79999999999999	0.4725000858306885	eine kostenlose professionelle Rechtsberatungsleistung für	kostenlose, professionelle Rechtsberatung bieten.
1	45.91999999999999	0.6664688587188721	bieten.	
1	47.039999999999985	0.37146997451782227		bieten.
1	48.15999999999998	0.7382941246032715	unerfahrene Menschen bieten. Bevor wir in den Hauptteil einsteigen,	
1	49.27999999999998	0.541433572769165	Hauptbeiträge dieser Arbeit kommen,	in den Hauptteil einsteigen,
1	50.39999999999998	0.632920503616333	zur besprechen wir zunächst.	Hauptbeiträge dieser Arbeit kommen,
1	51.519999999999975	0.42983293533325195	beschreiben wir zunächst das Problem.	besprechen wir zunächst.
1	52.63999999999997	0.6380932331085205	Artikel.	Problem.
1	53.75999999999997	0.5169034004211426	Problem des Artikel.	Artikel.
1	54.87999999999997	0.5981760025024414	Abrufens gesetzlicher Gegeben ein einfacher	Artikel.
1	55.999999999999964	0.5867681503295898	Rechtsberatungsleistung für unerfahrene Menschen bieten. Bevor wir zur Hauptbeiträge dieser Arbeit kommen, beschreiben wir zunächst das Problem des Abrufens gesetzlicher Artikel. Gegeben ein einfacher Fragestellung zu einem Rechtsgebiet,	
1	57.11999999999996	0.5451507568359375	Fragestellung zu einem wie zum Beispiel	Rechtsberatungsleistung für unerfahrene Menschen bieten. Bevor wir zur Hauptbeiträge dieser Arbeit kommen, beschreiben wir zunächst das Problem des Abrufens gesetzlicher Artikel. Gegeben ein einfacher Fragestellung zu einem Rechtsgebiet,
1	58.23999999999996	0.545039176940918	Rechtsproblem, wie zum Was soll ich	wie zum Beispiel
1	59.35999999999996	0.6250312328338623	Beispiel: Was wenn ich verstoße?	Was soll ich
1	60.479999999999954	0.6819713115692139	riskiere ich, wenn ich verletze?	wenn ich verstoße?
1	61.59999999999995	0.5840103626251221		
1	62.71999999999995	0.7551267147064209	die Modell erforderlich.	verletze?
1	63.83999999999995	0.8427605628967285	berufliche Schweigepflicht verletze? Ist ein Modell zu einem Rechtsproblem, wie zum Beispiel: Was riskiere ich, wenn ich die berufliche Schweigepflicht verletze? Ist ein Modell erforderlich, um alle	Modell erforderlich.
1	64.95999999999995	0.6417529582977295	alle relevanten gesetzlichen Artikel zu abrufen.	zu einem Rechtsproblem, wie zum Beispiel: Was riskiere ich, wenn ich die berufliche Schweigepflicht verletze? Ist ein Modell erforderlich, um alle
1	66.07999999999996	0.4498884677886963	relevanten gesetzlichen Artikel einem Rechtsproblem, wie zum Beispiel: Was riskiere ich, wenn ich die berufliche Schweigepflicht verletze? Ist ein Modell erforderlich, um alle relevanten gesetzlichen Artikel aus einer	alle relevanten gesetzlichen Artikel zu abrufen.
1	67.19999999999996	0.701932430267334	aus großen Korpus des Gesetzgebers zu abrufen.	einem Rechtsproblem, wie zum Beispiel: Was riskiere ich, wenn ich die berufliche Schweigepflicht verletze? Ist ein Modell erforderlich, um alle relevanten gesetzlichen Artikel aus einer
1	68.31999999999996	0.6169488430023193	einem großen Korpus Gesetzen zu abrufen.	großen Korpus des Gesetzgebers zu abrufen.
1	69.43999999999997	0.5468485355377197	von Diese Information	Gesetzen zu abrufen.
1	70.55999999999997	0.4627952575683594	Aufgabe kommt	Information
1	71.67999999999998	0.7047264575958252	Informationssuche mit sich.	Aufgabe kommt
1	72.79999999999998	0.5515279769897461	bringt ihre von Gesetzen zu abrufen. Diese Informationssuche bringt ihre eigenen Herausforderungen mit sich.	mit sich.
1	73.91999999999999	0.5683114528656006	Erstens,	von Gesetzen zu abrufen. Diese Informationssuche bringt ihre eigenen Herausforderungen mit sich.
1	75.03999999999999	0.45978617668151855	Ist ein Modell erforderlich, um alle relevanten gesetzlichen Artikel aus einem großen Korpus von Gesetzen zu abrufen. Diese Informationssuche bringt ihre eigenen Herausforderungen mit sich. Erstens geht es um zwei	Erstens,
1	76.16	0.5855557918548584	von Gesetzen zu abrufen. Diese Informationssuche bringt ihre eigenen Herausforderungen mit sich. Erstens geht es um zwei Sprachtypen.	Ist ein Modell erforderlich, um alle relevanten gesetzlichen Artikel aus einem großen Korpus von Gesetzen zu abrufen. Diese Informationssuche bringt ihre eigenen Herausforderungen mit sich. Erstens geht es um zwei
1	77.28	0.6348075866699219	Sprachtypen: Umgangssprache und	von Gesetzen zu abrufen. Diese Informationssuche bringt ihre eigenen Herausforderungen mit sich. Erstens geht es um zwei Sprachtypen.
1	78.4	0.7395792007446289	die berufliche Schweigepflicht verletze? Ist ein Modell erforderlich, um alle relevanten gesetzlichen Artikel aus einem großen Korpus von Gesetzen zu abrufen. Diese Informationssuche bringt ihre eigenen Herausforderungen mit sich. Erstens geht es um zwei Sprachtypen: Die alltägliche natürliche Sprache für den	Umgangssprache und
1	79.52000000000001	0.6423771381378174	eigenen Herausforderungen mit sich. Erstens geht es um zwei Sprachtypen: umgängliche natürliche Sprache für die Fragen und	die berufliche Schweigepflicht verletze? Ist ein Modell erforderlich, um alle relevanten gesetzlichen Artikel aus einem großen Korpus von Gesetzen zu abrufen. Diese Informationssuche bringt ihre eigenen Herausforderungen mit sich. Erstens geht es um zwei Sprachtypen: Die alltägliche natürliche Sprache für den
1	80.64000000000001	0.8019299507141113	gesetzlichen Artikel aus einem großen Korpus von Gesetzen zu abrufen. Diese Informationssuche bringt ihre eigenen Herausforderungen mit sich. Erstens geht es um zwei Sprachtypen: umgängliche natürliche Sprache für die Fragen und komplexe juristische Sprache.	eigenen Herausforderungen mit sich. Erstens geht es um zwei Sprachtypen: umgängliche natürliche Sprache für die Fragen und
1	81.76000000000002	0.6807618141174316	komplexe Gesetzen zu abrufen. Diese Informationssuche bringt ihre eigenen Herausforderungen mit sich. Erstens geht es um zwei Sprachtypen: umgängliche natürliche Sprache für die Fragen und komplexe rechtliche Sprache für den Gesetzestext.	gesetzlichen Artikel aus einem großen Korpus von Gesetzen zu abrufen. Diese Informationssuche bringt ihre eigenen Herausforderungen mit sich. Erstens geht es um zwei Sprachtypen: umgängliche natürliche Sprache für die Fragen und komplexe juristische Sprache.
1	82.88000000000002	0.5825250148773193	rechtliche Sprache für Gesetzen zu abrufen. Diese Informationssuche bringt ihre eigenen Herausforderungen mit sich. Erstens geht es um zwei Sprachtypen: umgängliche natürliche Sprache für die Fragen und komplexe rechtliche Sprache für die Gesetze.	Gesetzen zu abrufen. Diese Informationssuche bringt ihre eigenen Herausforderungen mit sich. Erstens geht es um zwei Sprachtypen: umgängliche natürliche Sprache für die Fragen und komplexe rechtliche Sprache für den Gesetzestext.
1	84.00000000000003	0.5592710971832275	Diese Informationssuche bringt ihre eigenen Herausforderungen mit sich. Erstens geht es um zwei Sprachtypen: umgängliche natürliche Sprache für die Fragen und komplexe rechtliche Sprache für die Gesetze. Dieser Unterschied ist	Gesetzen zu abrufen. Diese Informationssuche bringt ihre eigenen Herausforderungen mit sich. Erstens geht es um zwei Sprachtypen: umgängliche natürliche Sprache für die Fragen und komplexe rechtliche Sprache für die Gesetze.
1	85.12000000000003	0.5979297161102295	Dieser Unterschied in der Sprachverteilung.	Diese Informationssuche bringt ihre eigenen Herausforderungen mit sich. Erstens geht es um zwei Sprachtypen: umgängliche natürliche Sprache für die Fragen und komplexe rechtliche Sprache für die Gesetze. Dieser Unterschied ist
1	86.24000000000004	0.6523690223693848	Herausforderungen mit sich. Erstens geht es um zwei Sprachtypen: umgängliche natürliche Sprache für die Fragen und komplexe rechtliche Sprache für die Gesetze. Dieser Unterschied in den Sprachverteilungen macht es schwieriger für	der Sprachverteilung.
1	87.36000000000004	0.6975827217102051	den Sprachverteilungen macht es System schwieriger,	Herausforderungen mit sich. Erstens geht es um zwei Sprachtypen: umgängliche natürliche Sprache für die Fragen und komplexe rechtliche Sprache für die Gesetze. Dieser Unterschied in den Sprachverteilungen macht es schwieriger für
1	88.48000000000005	0.8204424381256104	relevante Code-Abschnitte zu finden.	System schwieriger,
1	89.60000000000005	0.7154724597930908	für ein System schwieriger, relevante Kandidaten zu finden.	relevante Code-Abschnitte zu finden.
1	90.72000000000006	0.6100187301635742	Kandidaten zu finden, da es indirekt	finden.
1	91.84000000000006	0.5618903636932373	finden, da bringt ihre eigenen Herausforderungen mit sich. Erstens geht es um zwei Sprachtypen: umgängliche natürliche Sprache für die Fragen und komplexe rechtliche Sprache für die Gesetze. Dieser Unterschied in den Sprachverteilungen macht es für ein System schwieriger, relevante Kandidaten zu finden, da dies indirekt eine	Kandidaten zu finden, da es indirekt
1	92.96000000000006	0.7142720222473145	dies erfordert.	bringt ihre eigenen Herausforderungen mit sich. Erstens geht es um zwei Sprachtypen: umgängliche natürliche Sprache für die Fragen und komplexe rechtliche Sprache für die Gesetze. Dieser Unterschied in den Sprachverteilungen macht es für ein System schwieriger, relevante Kandidaten zu finden, da dies indirekt eine
1	94.08000000000007	0.7543332576751709	implizit	erfordert.
1	95.20000000000007	0.9449787139892578	ein inhärentes Interpretationssystem zu	
1	96.32000000000008	0.6678478717803955	erfordert, das natürliche Frage übersetzen kann.	zu
1	97.44000000000008	0.5047545433044434	eine natürliche Frage Frage in eine	natürliche Frage übersetzen kann.
1	98.56000000000009	0.7171969413757324	hat.	Frage in eine
1	99.68000000000009	0.8126986026763916	rechtliche Frage übersetzt, die Terminologie übereinstimmt.	hat.
1	100.8000000000001	0.6882424354553223	mit der Terminologie Gesetze. Dieser Unterschied in den Sprachverteilungen macht es für ein System schwieriger, relevante Kandidaten zu finden, da dies implizit ein inhärentes Interpretationssystem erfordert, das eine natürliche Frage in eine rechtliche Frage übersetzt, die mit der Terminologie der Gesetze übereinstimmt.	Terminologie übereinstimmt.
1	101.9200000000001	0.6757113933563232	Darüber hinaus,	Gesetze. Dieser Unterschied in den Sprachverteilungen macht es für ein System schwieriger, relevante Kandidaten zu finden, da dies implizit ein inhärentes Interpretationssystem erfordert, das eine natürliche Frage in eine rechtliche Frage übersetzt, die mit der Terminologie der Gesetze übereinstimmt.
1	103.0400000000001	0.5800778865814209	ist das Statutrecht	hinaus,
1	104.16000000000011	0.8010079860687256	hinaus kein Stapel von Indizes.	ist das Statutrecht
1	105.28000000000011	0.6853213310241699	unabhängiger Artikel, der	kein Stapel von Indizes.
1	106.40000000000012	0.6860809326171875	nicht ein Stapel unabhängiger Artikel, ein inhärentes Interpretationssystem erfordert, das eine natürliche Frage in eine rechtliche Frage übersetzt, die mit der Terminologie der Gesetze übereinstimmt. Darüber hinaus ist das Statutrecht nicht ein Stapel unabhängiger Artikel, die als	unabhängiger Artikel, der
1	107.52000000000012	0.7024168968200684	vollständige Informationsquelle behandelt werden können.	ein inhärentes Interpretationssystem erfordert, das eine natürliche Frage in eine rechtliche Frage übersetzt, die mit der Terminologie der Gesetze übereinstimmt. Darüber hinaus ist das Statutrecht nicht ein Stapel unabhängiger Artikel, die als
1	108.64000000000013	0.7329936027526855	ihre eigenen Herausforderungen mit sich. Erstens geht es um zwei Sprachtypen: umgängliche natürliche Sprache für die Fragen und komplexe rechtliche Sprache für die Gesetze. Dieser Unterschied in den Sprachverteilungen macht es für ein System schwieriger, relevante Kandidaten zu finden, da dies implizit ein inhärentes Interpretationssystem erfordert, das eine natürliche Frage in eine rechtliche Frage übersetzt, die mit der Terminologie der Gesetze übereinstimmt. Darüber hinaus ist das Statutrecht nicht ein Stapel unabhängiger Artikel, die als vollständige Informationsquelle für sich allein betrachtet werden können.	behandelt werden können.
1	109.76000000000013	0.8664705753326416	eigenen Herausforderungen mit sich. Erstens geht es um zwei Sprachtypen: umgängliche natürliche Sprache für die Fragen und komplexe rechtliche Sprache für die Gesetze. Dieser Unterschied in den Sprachverteilungen macht es für ein System schwieriger, relevante Kandidaten zu finden, da dies implizit ein inhärentes Interpretationssystem erfordert, das eine natürliche Frage in eine rechtliche Frage übersetzt, die mit der Terminologie der Gesetze übereinstimmt. Darüber hinaus ist das Statutrecht nicht ein Stapel unabhängiger Artikel, die als vollständige Informationsquelle einzeln behandelt werden können, im Gegensatz zu Nachrichten oder aktuellen Ereignissen.	ihre eigenen Herausforderungen mit sich. Erstens geht es um zwei Sprachtypen: umgängliche natürliche Sprache für die Fragen und komplexe rechtliche Sprache für die Gesetze. Dieser Unterschied in den Sprachverteilungen macht es für ein System schwieriger, relevante Kandidaten zu finden, da dies implizit ein inhärentes Interpretationssystem erfordert, das eine natürliche Frage in eine rechtliche Frage übersetzt, die mit der Terminologie der Gesetze übereinstimmt. Darüber hinaus ist das Statutrecht nicht ein Stapel unabhängiger Artikel, die als vollständige Informationsquelle für sich allein betrachtet werden können.
1	110.88000000000014	0.8045494556427002	wie beispielsweise Nachrichten oder Rezepte.	eigenen Herausforderungen mit sich. Erstens geht es um zwei Sprachtypen: umgängliche natürliche Sprache für die Fragen und komplexe rechtliche Sprache für die Gesetze. Dieser Unterschied in den Sprachverteilungen macht es für ein System schwieriger, relevante Kandidaten zu finden, da dies implizit ein inhärentes Interpretationssystem erfordert, das eine natürliche Frage in eine rechtliche Frage übersetzt, die mit der Terminologie der Gesetze übereinstimmt. Darüber hinaus ist das Statutrecht nicht ein Stapel unabhängiger Artikel, die als vollständige Informationsquelle einzeln behandelt werden können, im Gegensatz zu Nachrichten oder aktuellen Ereignissen.
1	112.00000000000014	0.8947675228118896	auf sich allein betrachtet werden können, Beispiel: Was riskiere ich, wenn ich die berufliche Schweigepflicht verletze? Ist ein Modell erforderlich, um alle relevanten gesetzlichen Artikel aus einem großen Korpus von Gesetzen zu abrufen. Diese Informationssuche bringt ihre eigenen Herausforderungen mit sich. Erstens geht es um zwei Sprachtypen: umgängliche natürliche Sprache für die Fragen und komplexe rechtliche Sprache für die Gesetze. Dieser Unterschied in den Sprachverteilungen macht es für ein System schwieriger, relevante Kandidaten zu finden, da dies implizit ein inhärentes Interpretationssystem erfordert, das eine natürliche Frage in eine rechtliche Frage übersetzt, die mit der Terminologie der Gesetze übereinstimmt. Darüber hinaus ist das Statutrecht nicht ein Stapel unabhängiger Artikel, die als vollständige Informationsquelle auf sich allein betrachtet werden können, wie beispielsweise Nachrichten oder Rezepte. Stattdessen	wie beispielsweise Nachrichten oder Rezepte.
1	113.12000000000015	0.6469032764434814	es eine Struktur.	Beispiel: Was riskiere ich, wenn ich die berufliche Schweigepflicht verletze? Ist ein Modell erforderlich, um alle relevanten gesetzlichen Artikel aus einem großen Korpus von Gesetzen zu abrufen. Diese Informationssuche bringt ihre eigenen Herausforderungen mit sich. Erstens geht es um zwei Sprachtypen: umgängliche natürliche Sprache für die Fragen und komplexe rechtliche Sprache für die Gesetze. Dieser Unterschied in den Sprachverteilungen macht es für ein System schwieriger, relevante Kandidaten zu finden, da dies implizit ein inhärentes Interpretationssystem erfordert, das eine natürliche Frage in eine rechtliche Frage übersetzt, die mit der Terminologie der Gesetze übereinstimmt. Darüber hinaus ist das Statutrecht nicht ein Stapel unabhängiger Artikel, die als vollständige Informationsquelle auf sich allein betrachtet werden können, wie beispielsweise Nachrichten oder Rezepte. Stattdessen
1	114.24000000000015	0.7173233032226562	ist es eine strukturierte Sammlung von rechtlichen	es eine Struktur.
1	115.36000000000016	0.8487453460693359	ganzes	rechtlichen
1	116.48000000000016	0.8370914459228516	Rechtsvorschriften, die Bedeutung haben.	ganzes
1	117.60000000000016	0.9434545040130615	erst betrachtet werden können, wie beispielsweise Nachrichten oder Rezepte. Stattdessen ist es eine strukturierte Sammlung von Rechtsvorschriften, die erst dann eine ganze Bedeutung haben, wenn sie in der richtigen Reihenfolge betrachtet werden.	Bedeutung haben.
1	118.72000000000017	0.7292189598083496	Gesamtkontext ihre ganze Bedeutung entfalten.	betrachtet werden können, wie beispielsweise Nachrichten oder Rezepte. Stattdessen ist es eine strukturierte Sammlung von Rechtsvorschriften, die erst dann eine ganze Bedeutung haben, wenn sie in der richtigen Reihenfolge betrachtet werden.
1	119.84000000000017	0.8789606094360352	im Gesamtkontext Das heißt, zusammen mit	Gesamtkontext ihre ganze Bedeutung entfalten.
1	120.96000000000018	0.8925948143005371	das Statutrecht nicht ein Stapel unabhängiger Artikel, die als vollständige Informationsquelle auf sich allein betrachtet werden können, wie beispielsweise Nachrichten oder Rezepte. Stattdessen ist es eine strukturierte Sammlung von Rechtsvorschriften, die erst im Gesamtkontext , also zusammen mit den ergänzenden Informationen, eine ganze Bedeutung erhalten.	Das heißt, zusammen mit
1	122.08000000000018	1.0839035511016846	Informationen aus den benachbarten	das Statutrecht nicht ein Stapel unabhängiger Artikel, die als vollständige Informationsquelle auf sich allein betrachtet werden können, wie beispielsweise Nachrichten oder Rezepte. Stattdessen ist es eine strukturierte Sammlung von Rechtsvorschriften, die erst im Gesamtkontext , also zusammen mit den ergänzenden Informationen, eine ganze Bedeutung erhalten.
1	123.20000000000019	1.1709556579589844	eine ganze Bedeutung haben. Das heißt, zusammen mit den ergänzenden Artikel, die als vollständige Informationsquelle auf sich allein betrachtet werden können, wie beispielsweise Nachrichten oder Rezepte. Stattdessen ist es eine strukturierte Sammlung von Rechtsvorschriften, die erst im Gesamtkontext eine ganze Bedeutung haben. Das heißt, zusammen mit den ergänzenden Informationen aus den benachbarten Artikeln,	Informationen aus den benachbarten
1	124.32000000000019	0.7259247303009033	Rezepte. Stattdessen ist es eine strukturierte Sammlung von Rechtsvorschriften, die erst im Gesamtkontext eine ganze Bedeutung haben. Das heißt, zusammen mit den ergänzenden Informationen aus den benachbarten Artikeln, den Feldern und Unterfeldern.	Artikel, die als vollständige Informationsquelle auf sich allein betrachtet werden können, wie beispielsweise Nachrichten oder Rezepte. Stattdessen ist es eine strukturierte Sammlung von Rechtsvorschriften, die erst im Gesamtkontext eine ganze Bedeutung haben. Das heißt, zusammen mit den ergänzenden Informationen aus den benachbarten Artikeln,
1	125.4400000000002	0.8137972354888916	den Feldern und Unterfeldern, denen sie angehören.	Rezepte. Stattdessen ist es eine strukturierte Sammlung von Rechtsvorschriften, die erst im Gesamtkontext eine ganze Bedeutung haben. Das heißt, zusammen mit den ergänzenden Informationen aus den benachbarten Artikeln, den Feldern und Unterfeldern.
1	126.5600000000002	0.8830499649047852	und ihrer Position in der	angehören.
1	127.6800000000002	0.8094840049743652	angehören, Struktur des Rechts.	und ihrer Position in der
1	128.8000000000002	0.28018951416015625		
1	129.92000000000021	0.6374895572662354	Statutrecht.	Struktur des Rechts.
1	131.04000000000022	0.6990437507629395	gesetzliche Artikel nicht glatt.	Statutrecht.
1	132.16000000000022	0.7052445411682129	Schließlich sind gesetzliche Artikel kleinen Absätze.	gesetzliche Artikel nicht glatt.
1	133.28000000000023	0.790006160736084	kleiner Absatz, was normalerweise der typische Fall ist.	kleinen Absätze.
1	134.40000000000023	0.9340801239013672	Retrieval-Einheit ist.	kleiner Absatz, was normalerweise der typische Fall ist.
1	135.52000000000024	1.1915295124053955	keine kleinen Absätze, was normalerweise die typische Retrieval-Einheit in den meisten Retrieval-Arbeiten ist.	Retrieval-Einheit ist.
1	136.64000000000024	0.4874541759490967		
1	137.76000000000025	0.5165176391601562	sie angehören, und ihrer Position in der Struktur des Rechts. Schließlich sind gesetzliche Artikel keine kleinen Absätze, was normalerweise die typische Retrieval-Einheit in den meisten Retrieval-Arbeiten ist. Hier sind sie	in den meisten Retrieval-Arbeiten ist.
1	138.88000000000025	0.6718606948852539	lange Dokumente, die	sie angehören, und ihrer Position in der Struktur des Rechts. Schließlich sind gesetzliche Artikel keine kleinen Absätze, was normalerweise die typische Retrieval-Einheit in den meisten Retrieval-Arbeiten ist. Hier sind sie
1	140.00000000000026	0.8286645412445068	zu sechs Seiten lang sein können.	
1	141.12000000000026	0.8287012577056885	bis zu sechstausend Wörter umfassen können.	zu sechs Seiten lang sein können.
1	142.24000000000026	0.8412449359893799	6.000 Wörter umfassen können.	sechstausend Wörter umfassen können.
1	143.36000000000027	1.019493579864502	Die jüngsten Fortschritte	
1	144.48000000000027	0.8455085754394531	jüngsten Fortschritte im Bereich NLP haben ausgelöst	
1	145.60000000000028	0.8299331665039062	im Bereich NLP haben	jüngsten Fortschritte im Bereich NLP haben ausgelöst
1	146.72000000000028	0.8756105899810791	großes Interesse bei vielen wie zum Beispiel: Was riskiere ich, wenn ich die berufliche Schweigepflicht verletze? Ist ein Modell erforderlich, um alle relevanten gesetzlichen Artikel aus einem großen Korpus von Gesetzen zu abrufen. Diese Informationssuche bringt ihre eigenen Herausforderungen mit sich. Erstens geht es um zwei Sprachtypen: umgängliche natürliche Sprache für die Fragen und komplexe rechtliche Sprache für die Gesetze. Dieser Unterschied in den Sprachverteilungen macht es für ein System schwieriger, relevante Kandidaten zu finden, da dies implizit ein inhärentes Interpretationssystem erfordert, das eine natürliche Frage in eine rechtliche Frage übersetzt, die mit der Terminologie der Gesetze übereinstimmt. Darüber hinaus ist das Statutrecht nicht ein Stapel unabhängiger Artikel, die als vollständige Informationsquelle auf sich allein betrachtet werden können, wie beispielsweise Nachrichten oder Rezepte. Stattdessen ist es eine strukturierte Sammlung von Rechtsvorschriften, die erst im Gesamtkontext eine ganze Bedeutung haben. Das heißt, zusammen mit den ergänzenden Informationen aus den benachbarten Artikeln, den Feldern und Unterfeldern, denen sie angehören, und ihrer Position in der Struktur des Rechts. Schließlich sind gesetzliche Artikel keine kleinen Absätze, was normalerweise die typische Retrieval-Einheit in den meisten Retrieval-Arbeiten ist. Hier sind sie lange Dokumente, die bis zu 6.000 Wörter umfassen können. Die jüngsten Fortschritte im Bereich NLP haben großes Interesse bei vielen rechtlichen Aufgaben geweckt, wie zum Beispiel	
1	147.8400000000003	0.9340717792510986	Position in der Struktur des Rechts. Schließlich sind gesetzliche Artikel keine kleinen Absätze, was normalerweise die typische Retrieval-Einheit in den meisten Retrieval-Arbeiten ist. Hier sind sie lange Dokumente, die bis zu 6.000 Wörter umfassen können. Die jüngsten Fortschritte im Bereich NLP haben großes Interesse bei vielen Rechtsaufgaben geweckt, wie etwa der juristischen Urteilsfindung.	wie zum Beispiel: Was riskiere ich, wenn ich die berufliche Schweigepflicht verletze? Ist ein Modell erforderlich, um alle relevanten gesetzlichen Artikel aus einem großen Korpus von Gesetzen zu abrufen. Diese Informationssuche bringt ihre eigenen Herausforderungen mit sich. Erstens geht es um zwei Sprachtypen: umgängliche natürliche Sprache für die Fragen und komplexe rechtliche Sprache für die Gesetze. Dieser Unterschied in den Sprachverteilungen macht es für ein System schwieriger, relevante Kandidaten zu finden, da dies implizit ein inhärentes Interpretationssystem erfordert, das eine natürliche Frage in eine rechtliche Frage übersetzt, die mit der Terminologie der Gesetze übereinstimmt. Darüber hinaus ist das Statutrecht nicht ein Stapel unabhängiger Artikel, die als vollständige Informationsquelle auf sich allein betrachtet werden können, wie beispielsweise Nachrichten oder Rezepte. Stattdessen ist es eine strukturierte Sammlung von Rechtsvorschriften, die erst im Gesamtkontext eine ganze Bedeutung haben. Das heißt, zusammen mit den ergänzenden Informationen aus den benachbarten Artikeln, den Feldern und Unterfeldern, denen sie angehören, und ihrer Position in der Struktur des Rechts. Schließlich sind gesetzliche Artikel keine kleinen Absätze, was normalerweise die typische Retrieval-Einheit in den meisten Retrieval-Arbeiten ist. Hier sind sie lange Dokumente, die bis zu 6.000 Wörter umfassen können. Die jüngsten Fortschritte im Bereich NLP haben großes Interesse bei vielen rechtlichen Aufgaben geweckt, wie zum Beispiel
1	148.9600000000003	1.001150369644165	Rechtsaufgaben geweckt, wie	Position in der Struktur des Rechts. Schließlich sind gesetzliche Artikel keine kleinen Absätze, was normalerweise die typische Retrieval-Einheit in den meisten Retrieval-Arbeiten ist. Hier sind sie lange Dokumente, die bis zu 6.000 Wörter umfassen können. Die jüngsten Fortschritte im Bereich NLP haben großes Interesse bei vielen Rechtsaufgaben geweckt, wie etwa der juristischen Urteilsfindung.
1	150.0800000000003	1.0038504600524902	Position in der Struktur des Rechts. Schließlich sind gesetzliche Artikel keine kleinen Absätze, was normalerweise die typische Retrieval-Einheit in den meisten Retrieval-Arbeiten ist. Hier sind sie lange Dokumente, die bis zu 6.000 Wörter umfassen können. Die jüngsten Fortschritte im Bereich NLP haben großes Interesse bei vielen Rechtsaufgaben geweckt, wie etwa der Vorhersage von Gerichtsentscheidungen oder der automatischen Kontaktaufnahme.	
1	151.2000000000003	1.0878443717956543	etwa der Vorhersage von Gerichtsentscheidungen oder der	Position in der Struktur des Rechts. Schließlich sind gesetzliche Artikel keine kleinen Absätze, was normalerweise die typische Retrieval-Einheit in den meisten Retrieval-Arbeiten ist. Hier sind sie lange Dokumente, die bis zu 6.000 Wörter umfassen können. Die jüngsten Fortschritte im Bereich NLP haben großes Interesse bei vielen Rechtsaufgaben geweckt, wie etwa der Vorhersage von Gerichtsentscheidungen oder der automatischen Kontaktaufnahme.
1	152.3200000000003	0.6171932220458984	automatisierten	
1	153.4400000000003	0.8442230224609375	Vertragsprüfung. Retrieval-Arbeiten ist. Hier sind sie lange Dokumente, die bis zu 6.000 Wörter umfassen können. Die jüngsten Fortschritte im Bereich NLP haben großes Interesse bei vielen Rechtsaufgaben geweckt, wie etwa der Vorhersage von Gerichtsentscheidungen oder der automatisierten Vertragsprüfung. Aber das Abrufen gesetzlicher Artikel.	
1	154.56000000000031	0.8640973567962646	Retrieval-Arbeiten ist. Hier sind sie lange Dokumente, die bis zu 6.000 Wörter umfassen können. Die jüngsten Fortschritte im Bereich NLP haben großes Interesse bei vielen Rechtsaufgaben geweckt, wie etwa der Vorhersage von Gerichtsentscheidungen oder der automatisierten Vertragsprüfung. Doch das Abrufen gesetzlicher Artikel ist nach wie vor viele.	Retrieval-Arbeiten ist. Hier sind sie lange Dokumente, die bis zu 6.000 Wörter umfassen können. Die jüngsten Fortschritte im Bereich NLP haben großes Interesse bei vielen Rechtsaufgaben geweckt, wie etwa der Vorhersage von Gerichtsentscheidungen oder der automatisierten Vertragsprüfung. Aber das Abrufen gesetzlicher Artikel.
1	155.68000000000032	0.7441904544830322	Doch das Abrufen gesetzlicher Artikel ist	Retrieval-Arbeiten ist. Hier sind sie lange Dokumente, die bis zu 6.000 Wörter umfassen können. Die jüngsten Fortschritte im Bereich NLP haben großes Interesse bei vielen Rechtsaufgaben geweckt, wie etwa der Vorhersage von Gerichtsentscheidungen oder der automatisierten Vertragsprüfung. Doch das Abrufen gesetzlicher Artikel ist nach wie vor viele.
1	156.80000000000032	0.6318056583404541	aufgrund	
1	157.92000000000033	0.9363138675689697	des Mangels an großen können. Die jüngsten Fortschritte im Bereich NLP haben großes Interesse bei vielen Rechtsaufgaben geweckt, wie etwa der Vorhersage von Gerichtsentscheidungen oder der automatisierten Vertragsprüfung. Doch das Abrufen gesetzlicher Artikel ist aufgrund des Mangels an großen und hochwertigen Daten hauptsächlich unberührt geblieben.	
1	159.04000000000033	0.8781116008758545	und hochwertigen Retrieval-Arbeiten ist. Hier sind sie lange Dokumente, die bis zu 6.000 Wörter umfassen können. Die jüngsten Fortschritte im Bereich NLP haben großes Interesse bei vielen Rechtsaufgaben geweckt, wie etwa der Vorhersage von Gerichtsentscheidungen oder der automatisierten Vertragsprüfung. Doch das Abrufen gesetzlicher Artikel ist aufgrund des Mangels an großen und hochwertigen gelabelten Datensätzen hauptsächlich unberührt geblieben.	können. Die jüngsten Fortschritte im Bereich NLP haben großes Interesse bei vielen Rechtsaufgaben geweckt, wie etwa der Vorhersage von Gerichtsentscheidungen oder der automatisierten Vertragsprüfung. Doch das Abrufen gesetzlicher Artikel ist aufgrund des Mangels an großen und hochwertigen Daten hauptsächlich unberührt geblieben.
1	160.16000000000034	0.8169937133789062	Dokumente, die bis zu 6.000 Wörter umfassen können. Die jüngsten Fortschritte im Bereich NLP haben großes Interesse bei vielen Rechtsaufgaben geweckt, wie etwa der Vorhersage von Gerichtsentscheidungen oder der automatisierten Vertragsprüfung. Doch das Abrufen gesetzlicher Artikel ist aufgrund des Mangels an großen und hochwertigen gelabelten Datensätzen hauptsächlich unberührt geblieben.	Retrieval-Arbeiten ist. Hier sind sie lange Dokumente, die bis zu 6.000 Wörter umfassen können. Die jüngsten Fortschritte im Bereich NLP haben großes Interesse bei vielen Rechtsaufgaben geweckt, wie etwa der Vorhersage von Gerichtsentscheidungen oder der automatisierten Vertragsprüfung. Doch das Abrufen gesetzlicher Artikel ist aufgrund des Mangels an großen und hochwertigen gelabelten Datensätzen hauptsächlich unberührt geblieben.
1	161.28000000000034	0.6606082916259766	Retrieval-Einheit in den meisten Retrieval-Arbeiten ist. Hier sind sie lange Dokumente, die bis zu 6.000 Wörter umfassen können. Die jüngsten Fortschritte im Bereich NLP haben großes Interesse bei vielen Rechtsaufgaben geweckt, wie etwa der Vorhersage von Gerichtsentscheidungen oder der automatisierten Vertragsprüfung. Doch das Abrufen gesetzlicher Artikel ist aufgrund des Mangels an großen und hochwertigen gelabelten Datensätzen hauptsächlich unberührt geblieben. In dieser Arbeit präsentieren wir einen neuen	Dokumente, die bis zu 6.000 Wörter umfassen können. Die jüngsten Fortschritte im Bereich NLP haben großes Interesse bei vielen Rechtsaufgaben geweckt, wie etwa der Vorhersage von Gerichtsentscheidungen oder der automatisierten Vertragsprüfung. Doch das Abrufen gesetzlicher Artikel ist aufgrund des Mangels an großen und hochwertigen gelabelten Datensätzen hauptsächlich unberührt geblieben.
1	162.40000000000035	0.7451589107513428		Retrieval-Einheit in den meisten Retrieval-Arbeiten ist. Hier sind sie lange Dokumente, die bis zu 6.000 Wörter umfassen können. Die jüngsten Fortschritte im Bereich NLP haben großes Interesse bei vielen Rechtsaufgaben geweckt, wie etwa der Vorhersage von Gerichtsentscheidungen oder der automatisierten Vertragsprüfung. Doch das Abrufen gesetzlicher Artikel ist aufgrund des Mangels an großen und hochwertigen gelabelten Datensätzen hauptsächlich unberührt geblieben. In dieser Arbeit präsentieren wir einen neuen
1	163.52000000000035	0.5626223087310791	französischen	
1	164.64000000000036	0.7302742004394531		
1	165.76000000000036	0.9483537673950195	zivilgesellschaftsorientierten	
1	166.88000000000036	0.8961784839630127	Datensatz, um zu untersuchen, ob	
1	168.00000000000037	0.8016777038574219		
1	169.12000000000037	0.7579360008239746	ein Retrieval-Modell die	
1	170.24000000000038	0.7413384914398193	Effizienz und	
1	171.36000000000038	0.7890064716339111	Zuverlässigkeit	
1	172.4800000000004	0.806835412979126	eines	
1	173.6000000000004	0.9949989318847656	Rechtsexperts für	
1	174.7200000000004	0.8734021186828613	die Aufgabe des Abrufens gesetzlicher Artikel approximieren kann.	
1	175.8400000000004	0.15990877151489258		
1	176.9600000000004	0.16548728942871094		
1	178.0800000000004	0.9025628566741943		
1	179.20000000000041	0.6370508670806885	Oder ein belgisches Datensatz für das Abrufen gesetzlicher Artikel.	
1	180.32000000000042	0.5551202297210693		
1	181.44000000000042	0.7824447154998779	besteht aus mehr als	
1	182.56000000000043	0.7272632122039795		
1	183.68000000000043	0.971205472946167	1.100	
1	184.80000000000044	0.8863871097564697	Rechtsfragen, die von	
1	185.92000000000044	0.8019139766693115	belgischen Bürgern gestellt wurden.	
1	187.04000000000045	0.7965490818023682	Diese Fragen	
1	188.16000000000045	0.7906448841094971	decken ein breites Spektrum	
1	189.28000000000046	0.7861859798431396	von Themen	
1	190.40000000000046	0.7570891380310059	ab, von Familie, Wohnen,	
1	191.52000000000046	0.7687022686004639		
1	192.64000000000047	0.7308251857757568	Geld bis hin zu Arbeit und	
1	193.76000000000047	0.6306819915771484	Sozialversicherung.	
1	194.88000000000048	0.578498125076294	Jeder	
1	196.00000000000048	0.7652914524078369	wurde von	
1	197.1200000000005	0.7892415523529053	erfahrenen Juristen	
1	198.2400000000005	0.7563893795013428	mit	
1	199.3600000000005	0.8871009349822998	Verweisen auf relevante Artikel	
1	200.4800000000005	0.8050656318664551	aus einem Korpus	
1	201.6000000000005	0.8876256942749023	von mehr als	
1	202.7200000000005	0.9331319332122803	22.600	
1	203.84000000000052	0.7830495834350586	Rechtsartikeln	
1	204.96000000000052	0.840651273727417	aus	
1	206.08000000000052	0.5331032276153564	belgischen Gesetzbüchern gelabelt.	
1	207.20000000000053	0.866142749786377		
1	208.32000000000053	0.9726982116699219	Lassen Sie uns nun darüber sprechen, wie wir	
1	209.44000000000054	0.3697237968444824	diesen Datensatz gesammelt haben.	
1	210.56000000000054	0.8045556545257568		
1	211.68000000000055	0.9522049427032471	Zuerst haben wir	
1	212.80000000000055	0.9544980525970459	mit der Kompilierung eines großen Korpus	
1	213.92000000000056	0.4002680778503418	von Rechtsartikeln begonnen.	
1	215.04000000000056	0.637446403503418		
1	216.16000000000057	0.7991044521331787	Wir haben	
1	217.28000000000057	1.0509216785430908	32 öffentlich verfügbare	
1	218.40000000000057	0.8032858371734619	belgische Gesetzbücher berücksichtigt und	
1	219.52000000000058	0.673285961151123	alle	
1	220.64000000000058	0.6087567806243896	ihre Artikel	
1	221.7600000000006	0.7936668395996094	sowie die entsprechenden	
1	222.8800000000006	0.4231300354003906	Abschnittsüberschriften extrahiert.	
1	224.0000000000006	0.5676591396331787		
1	225.1200000000006	0.7300291061401367		
1	226.2400000000006	0.8084428310394287	Anschließend haben wir Rechtsfragen	
1	227.3600000000006	0.7983794212341309	mit Verweisen	
1	228.48000000000062	0.37027955055236816	auf relevante Gesetze gesammelt.	
1	229.60000000000062	0.7705776691436768		
1	230.72000000000062	1.0515520572662354		
1	231.84000000000063	1.0465013980865479	Dazu haben wir	
1	232.96000000000063	1.0658786296844482	mit einer belgischen Anwaltskanzlei zusammengearbeitet, die	
1	234.08000000000064	0.8939394950866699		
1	235.20000000000064	0.978386640548706		
1	236.32000000000065	1.1393382549285889	jedes Jahr rund 4.000 E-Mails von belgischen	
1	237.44000000000065	0.9627435207366943	Bürgern erhält, die	
1	238.56000000000066	0.7389528751373291	nach Beratung zu	
1	239.68000000000066	0.8028254508972168	einem persönlichen Rechtsproblem fragen.	
1	240.80000000000067	0.7102153301239014	Wir hatten	
1	241.92000000000067	0.8065898418426514		
1	243.04000000000067	0.8925507068634033	das Glück, Zugang zu ihren Websites zu	
1	244.16000000000068	0.8087866306304932	erhalten, wo ihr Team	
1	245.28000000000068	0.794111967086792		
1	246.4000000000007	1.0472075939178467	erfahrener Juristen	
1	247.5200000000007	0.5620782375335693	die häufigsten belgischen Rechtsprobleme behandelt.	
1	248.6400000000007	0.7002544403076172		
1	249.7600000000007	0.8118019104003906	Wir haben Tausende	
1	250.8800000000007	0.854212760925293	von Fragen	
1	252.0000000000007	0.8264918327331543	gesammelt, die mit	
1	253.12000000000072	0.6708738803863525	Kategorien,	
1	254.24000000000072	1.0019125938415527	Unterkategorien und	
1	255.36000000000072	0.8765127658843994		
1	256.4800000000007	0.5467143058776855	rechtlichen Verweisen auf relevante Gesetze annotiert wurden.	
1	257.6000000000007	0.1701984405517578		
1	258.7200000000007	0.8475103378295898		
1	259.8400000000007	0.758000373840332	Schließlich haben wir die rechtlichen Verweise	
1	260.9600000000007	0.7191522121429443		
1	262.0800000000007	0.7541601657867432	übergeben und	
1	263.2000000000007	0.7604184150695801	die Fragen	
1	264.32000000000073	0.8217728137969971	gefiltert, deren	
1	265.44000000000074	0.9274582862854004	Verweise keine Artikel	
1	266.56000000000074	0.9594006538391113	in einem der	
1	267.68000000000075	0.8525187969207764	von uns berücksichtigten Gesetzbücher waren.	
1	268.80000000000075	0.7110903263092041		
1	269.92000000000075	0.8586723804473877	Die verbleibenden Verweise	
1	271.04000000000076	0.7676339149475098	wurden	
1	272.16000000000076	0.7028844356536865	abgeglichen und	
1	273.28000000000077	0.7621054649353027	in die entsprechenden	
1	274.4000000000008	0.79707932472229		
1	275.5200000000008	0.8343651294708252	Artikel-IDs von	
1	276.6400000000008	0.23154997825622559		
1	277.7600000000008	0.8622701168060303		
1	278.8800000000008	1.0342304706573486		
1	280.0000000000008	1.0837557315826416		
1	281.1200000000008	1.0237722396850586		
1	282.2400000000008	1.309096336364746	umgewandelt.	
1	283.3600000000008	1.290799856185913		
1	284.4800000000008	1.5005569458007812		
1	285.6000000000008	1.5491163730621338	Wir kamen schließlich mit 1108 Fragen heraus, jede sorgfältig mit den IDs der relevanten Artikel aus	
1	286.7200000000008	0.9915575981140137	unserem großen Korpus	
1	287.8400000000008	0.8912129402160645	von	
1	288.96000000000083	1.2165272235870361		
1	290.08000000000084	0.9237303733825684		
1	291.20000000000084	0.9882962703704834	22.633 gesetzlichen Artikeln gelabelt.	
1	292.32000000000085	0.6470932960510254	Darüber	
1	293.44000000000085	0.792001485824585	hinaus	
1	294.56000000000085	0.9181621074676514	kommt jede Frage mit	
1	295.68000000000086	0.8995223045349121	einer Hauptkategorie und einer	
1	296.80000000000086	0.7050204277038574	Kette von	
1	297.92000000000087	0.742431640625		
1	299.0400000000009	0.8966784477233887	Unterkategorien, und jeder	
1	300.1600000000009	0.855086088180542	Artikel kommt mit einer	
1	301.2800000000009	0.871610164642334	Kette ihrer nachfolgenden	
1	302.4000000000009	0.7324175834655762	Überschriften in der	
1	303.5200000000009	0.6728425025939941	Struktur des Rechts.	
1	304.6400000000009	0.7086935043334961	Diese zusätzliche	
1	305.7600000000009	0.8864743709564209	Information wird	
1	306.8800000000009	0.844893217086792	in der vorliegenden Arbeit nicht verwendet,	
1	308.0000000000009	0.8076126575469971	könnte aber für	
1	309.1200000000009	0.8623232841491699	zukünftige Forschung	
1	310.2400000000009	1.0456597805023193	im Bereich	
1	311.3600000000009	0.9967491626739502	der juristischen	
1	312.4800000000009	0.5583083629608154	Informationssuche oder juristischen Textklassifikation von Interesse sein.	
1	313.60000000000093	0.7145504951477051		
1	314.72000000000094	0.7497544288635254	Schauen wir uns einige	
1	315.84000000000094	0.6992397308349609	Merkmale	
1	316.96000000000095	0.8685216903686523	unseres Datensatzes an.	
1	318.08000000000095	0.9532430171966553	Die Fragen liegen zwischen	
1	319.20000000000095	1.0431923866271973	5 und 44	
1	320.32000000000096	1.0273070335388184	Wörtern lang, mit einer	
1	321.44000000000096	0.46733880043029785	Medianlänge von 40 Wörtern.	
1	322.56000000000097	0.6868829727172852		
1	323.680000000001	0.8643639087677002	Die Artikel sind viel	
1	324.800000000001	0.93988037109375	länger, mit einer	
1	325.920000000001	0.8208916187286377	Medianlänge von 77	
1	327.040000000001	0.803062915802002		
1	328.160000000001	0.8964617252349854	Wörtern,	
1	329.280000000001	1.0730843544006348	wobei 142 davon	
1	330.400000000001	0.8661720752716064	mehr als 1000 Wörter überschreiten.	
1	331.520000000001	0.7701046466827393		
1	332.640000000001	0.7120115756988525	Die Länge	
1	333.760000000001	0.83884596824646		
1	334.880000000001	0.8786721229553223	eines beträgt bis zu	
1	336.000000000001	0.745415449142456		
1	337.120000000001	0.3836548328399658	5790 Wörter.	
1	338.24000000000103	0.6774241924285889		
1	339.36000000000104	0.8359692096710205	Wie zuvor	
1	340.48000000000104	0.9198398590087891	erwähnt, deckt die Frage	
1	341.60000000000105	0.8134591579437256	ein breites Spektrum	
1	342.72000000000105	0.8670198917388916	von Themen	
1	343.84000000000106	0.8736295700073242	ab, wobei rund 85%	
1	344.96000000000106	0.7477614879608154	davon entweder über	
1	346.08000000000106	0.7431111335754395		
1	347.20000000000107	0.9167635440826416	Familie, Wohnen,	
1	348.3200000000011	0.8544394969940186	Geld oder Gerechtigkeit	
1	349.4400000000011	0.9242804050445557	gehen, während	
1	350.5600000000011	1.030526876449585	die verbleibenden 15%	
1	351.6800000000011	0.7525424957275391	entweder	
1	352.8000000000011	0.8711721897125244	soziale	
1	353.9200000000011	0.7995164394378662	Sicherheit, Ausländer oder	
1	355.0400000000011	0.28167128562927246	Arbeit betreffen.	
1	356.1600000000011	0.6437811851501465		
1	357.2800000000011	0.8117876052856445		
1	358.4000000000011	1.0459399223327637	Die Artikel sind	
1	359.5200000000011	1.0565927028656006	auch sehr vielfältig, da sie aus	
1	360.6400000000011	0.9712643623352051	32 verschiedenen	
1	361.7600000000011	1.044299840927124	belgischen Gesetzbüchern	
1	362.88000000000113	0.938746452331543	stammen, die eine große Anzahl	
1	364.00000000000114	0.9494795799255371	von illegalen Themen abdecken.	
1	365.12000000000114	0.8646552562713623	Hier ist die	
1	366.24000000000115	0.8370792865753174	Gesamtzahl der gesammelten Artikel	
1	367.36000000000115	0.918057918548584	aus jedem	
1	368.48000000000116	0.469271183013916	dieser belgischen Gesetzbücher.	
1	369.60000000000116	0.7912640571594238		
1	370.72000000000116	0.8157811164855957	Von den	
1	371.84000000000117	0.8104429244995117	22.633	
1	372.9600000000012	0.6386203765869141		
1	374.0800000000012	0.811553955078125	Artikeln nur	
1	375.2000000000012	0.7526977062225342		
1	376.3200000000012	0.7895464897155762		
1	377.4400000000012	0.8866324424743652	1.612 werden als	
1	378.5600000000012	0.7415783405303955	relevant	
1	379.6800000000012	0.8200736045837402	für mindestens eine Frage	
1	380.8000000000012	0.31683921813964844	im Datensatz bezeichnet.	
1	381.9200000000012	0.7514355182647705		
1	383.0400000000012	0.908238410949707	Und rund 80%	
1	384.1600000000012	0.8067452907562256	dieser zitierten	
1	385.2800000000012	0.8850150108337402	Artikel stammen entweder aus dem	
1	386.4000000000012	1.1333465576171875	Zivilgesetzbuch,	
1	387.52000000000123	1.143932580947876	dem Justizgesetzbuch oder dem	
1	388.64000000000124	1.1937165260314941		
1	389.76000000000124	1.1803007125854492	Strafuntersuchungsgesetzbuch oder dem Strafrechtsgesetzbuch.	
1	390.88000000000125	0.9029216766357422		
1	392.00000000000125	0.8098576068878174	Gleichzeitig sind	
1	393.12000000000126	0.9419491291046143	18 von 32	
1	394.24000000000126	0.8857228755950928	Gesetzbüchern weniger	
1	395.36000000000126	0.8847897052764893	als 5	
1	396.48000000000127	0.8273701667785645	Artikel genannt, die als relevant	
1	397.6000000000013	0.7598404884338379	für mindestens eine	
1	398.7200000000013	0.8120949268341064	Frage bezeichnet	
1	399.8400000000013	0.9094009399414062	werden, was	
1	400.9600000000013	1.0333387851715088	durch die Tatsache erklärt werden kann, dass diese	
1	402.0800000000013	1.012763500213623	Gesetzbücher weniger auf	
1	403.2000000000013	0.9172513484954834	Einzelpersonen	
1	404.3200000000013	0.3964371681213379	und ihre Anliegen fokussieren.	
1	405.4400000000013	0.5988426208496094		
1	406.5600000000013	0.7765042781829834		
1	407.6800000000013	0.8895823955535889	Insgesamt ist die Medianzahl der	
1	408.8000000000013	0.8420207500457764	Zitate für diese	
1	409.9200000000013	0.7758433818817139	zitierten	
1	411.0400000000013	0.9211509227752686	Artikel	
1	412.16000000000133	0.9683191776275635	2, und weniger als	
1	413.28000000000134	0.8919119834899902	25% davon	
1	414.40000000000134	0.8598685264587402	werden	
1	415.52000000000135	0.8618338108062744	mehr als	
1	416.64000000000135	0.39202356338500977	5 Mal zitiert.	
1	417.76000000000136	0.742936372756958		
1	418.88000000000136	0.8362941741943359	Mit unseren	
1	420.00000000000136	0.8988211154937744	Datensätzen bewerten wir	
1	421.12000000000137	0.9716262817382812	mehrere	
1	422.2400000000014	1.1336328983306885	Retrieval-Ansätze, einschließlich	
1	423.3600000000014	0.5176582336425781	lexikalischer und dichter Architekturen.	
1	424.4800000000014	0.8658995628356934		
1	425.6000000000014	1.0181617736816406	Gegeben eine Abfrage und ein Artikel,	
1	426.7200000000014	0.8295352458953857		
1	427.8400000000014	1.1400420665740967	weist ein lexikalisches Modell eine	
1	428.9600000000014	1.0183255672454834	Punktzahl auf	
1	430.0800000000014	1.112004280090332		
1	431.2000000000014	1.244173526763916	die Abfrage-Artikel-Paar zu, indem es die Summe	
1	432.3200000000014	0.9775824546813965	über die	
1	433.4400000000014	0.9764459133148193	Abfrage-Terme	
1	434.5600000000014	0.93007493019104	der Gewichte jedes dieser	
1	435.6800000000014	0.36749696731567383	Terme in diesem Artikel berechnet.	
1	436.80000000000143	0.7849090099334717		
1	437.92000000000144	0.9822618961334229	Wir experimentieren mit dem	
1	439.04000000000144	0.9435040950775146		
1	440.16000000000145	1.013460397720337	Standard-TF-IDF und	
1	441.28000000000145	0.9691791534423828	BM25-Rangierungsfunktionen.	
1	442.40000000000146	0.8369324207305908	Das Hauptproblem mit	
1	443.52000000000146	0.9070980548858643	diesen	
1	444.64000000000146	0.9865717887878418	Ansätzen ist, dass sie nur	
1	445.76000000000147	0.9555759429931641	Artikel abrufen können, die	
1	446.8800000000015	1.0000345706939697	Schlüsselwörter	
1	448.0000000000015	0.9264981746673584	enthalten, die in der Abfrage vorhanden sind.	
1	449.1200000000015	0.8747644424438477		
1	450.2400000000015	0.9619975090026855	Um diese Einschränkung zu überwinden,	
1	451.3600000000015	0.9493427276611328	experimentieren wir	
1	452.4800000000015	0.7929017543792725	mit	
1	453.6000000000015	1.0891034603118896	einer neuronalen Architektur, die	
1	454.7200000000015	0.7418642044067383	semantische	
1	455.8400000000015	0.9059631824493408	Beziehungen zwischen	
1	456.9600000000015	0.8727312088012695	Abfragen und Artikeln erfassen kann.	
1	458.0800000000015	0.9146182537078857		
1	459.2000000000015	1.123225450515747	Wir verwenden ein	
1	460.3200000000015	1.1028072834014893	BERT-Encoder-Modell, das Abfragen	
1	461.44000000000153	0.9359359741210938	und Artikel	
1	462.56000000000154	0.9420971870422363	in dichte	
1	463.68000000000154	0.8788230419158936	Vektorrepräsentationen	
1	464.80000000000155	0.9348604679107666	abbildet und	
1	465.92000000000155	1.0656070709228516	eine Relevanzpunktzahl	
1	467.04000000000156	0.9337775707244873	zwischen	
1	468.16000000000156	1.1241445541381836	einem Abfrage-Artikel-Paar	
1	469.28000000000156	0.9821960926055908	berechnet, basierend auf der Ähnlichkeit ihrer	
1	470.40000000000157	0.26167750358581543	Embeddings.	
1	471.5200000000016	0.8635506629943848		
1	472.6400000000016	1.051255702972412	Diese Embeddings	
1	473.7600000000016	1.1122126579284668	resultieren typischerweise aus	
1	474.8800000000016	1.0627789497375488	einer Pooling-Operation auf dem	
1	476.0000000000016	0.8632731437683105	Ausgabe eines	
1	477.1200000000016	0.36578965187072754	Wortembedding-Modells.	
1	478.2400000000016	0.8222968578338623		
1	479.3600000000016	1.1328084468841553	Zuerst untersuchen wir die	
1	480.4800000000016	1.0293779373168945	Wirksamkeit von	
1	481.6000000000016	1.0936803817749023		
1	482.7200000000016	1.4386687278747559		
1	483.8400000000016	1.5793354511260986	Siameschen B-Encodern in einem Zero-Shot-Bewertungseinstellung, was bedeutet,	
1	484.9600000000016	0.9728991985321045	dass	
1	486.08000000000163	0.9960758686065674	vortrainierte Wortembedding-Modelle	
1	487.20000000000164	0.7863864898681641		
1	488.32000000000164	0.8683967590332031	ohne	
1	489.44000000000165	0.9542019367218018	weitere	
1	490.56000000000165	1.086244821548462	Feinabstimmung direkt angewendet werden.	
1	491.68000000000166	0.9463984966278076	Wir experimentieren mit	
1	492.80000000000166	0.8452551364898682		
1	493.92000000000166	0.9527010917663574		
1	495.04000000000167	1.0712108612060547	kontextunabhängigen	
1	496.1600000000017	1.0628089904785156	Textencodern, nämlich	
1	497.2800000000017	1.0586543083190918	Word2Vec und	
1	498.4000000000017	0.9767735004425049	FastText, und	
1	499.5200000000017	0.9353382587432861	kontextabhängigen	
1	500.6400000000017	0.9703280925750732		
1	501.7600000000017	1.0955665111541748	Embedding-Modellen, nämlich RoBERTa und	
1	502.8800000000017	1.087296724319458	insbesondere	
1	504.0000000000017	1.117781639099121	CamemBERT, was ein französisches	
1	505.1200000000017	0.9162018299102783	RoBERTa-Modell ist.	
1	506.2400000000017	0.8425486087799072	Zusätzlich	
1	507.3600000000017	1.0155231952667236	trainieren wir	
1	508.4800000000017	0.9635324478149414	unser eigenes	
1	509.6000000000017	1.1328284740447998	CamemBERT-basiertes	
1	510.72000000000173	1.0956158638000488	Modell,	
1	511.84000000000174	0.99031662940979	uh B-Encodern, auf	
1	512.9600000000017	1.067936897277832	unseren Datensätzen.	
1	514.0800000000017	1.0036232471466064	Beachten Sie, dass	
1	515.2000000000018	1.1513347625732422	wir für das Training mit den beiden	
1	516.3200000000018	0.9877073764801025	Varianten	
1	517.4400000000018	0.9414832592010498	der B-Encoder-Architektur experimentieren.	
1	518.5600000000018	0.809145450592041		
1	519.6800000000018	0.9692106246948242		
1	520.8000000000018	1.1296839714050293	Siamesisch, das	
1	521.9200000000018	1.0878891944885254	ein einzigartiges Wortembedding-Modell	
1	523.0400000000018	0.9245362281799316	verwendet, das die Abfrage	
1	524.1600000000018	0.9253580570220947	und den Artikel	
1	525.2800000000018	0.992027759552002	gemeinsam in einem	
1	526.4000000000018	0.4509437084197998	gemeinsamen dichten Vektorraum abbildet.	
1	527.5200000000018	0.7569801807403564		
1	528.6400000000018	0.9678335189819336	Und	
1	529.7600000000018	1.0640878677368164	Tutora, das zwei unabhängige	
1	530.8800000000018	1.074519395828247	Wortembedding-Modelle	
1	532.0000000000018	1.0505330562591553	verwendet, die die Abfrage	
1	533.1200000000018	1.031003475189209	und den Artikel separat	
1	534.2400000000018	0.9176487922668457	in verschiedene	
1	535.3600000000018	0.3896520137786865	Embedding-Räume kodieren.	
1	536.4800000000018	0.8826587200164795		
1	537.6000000000018	1.0862150192260742	Wir experimentieren mit	
1	538.7200000000018	0.9626121520996094		
1	539.8400000000019	1.1505062580108643	Mean, Max und CLS Pooling sowie	
1	540.9600000000019	1.0846965312957764	mit Punktprodukt und	
1	542.0800000000019	0.9675498008728027	Kosinus	
1	543.2000000000019	0.42563462257385254	zur Berechnung von Ähnlichkeiten.	
1	544.3200000000019	0.7426879405975342		
1	545.4400000000019	0.9171745777130127	Hier sind die	
1	546.5600000000019	0.963508129119873	Ergebnisse unserer Baseline	
1	547.6800000000019	1.0598535537719727	auf dem Testset mit	
1	548.8000000000019	1.100247859954834	den oben genannten lexikalischen	
1	549.9200000000019	1.0599403381347656	Methoden,	
1	551.0400000000019	1.2734835147857666	den Siameschen B-Encodern, die in	
1	552.1600000000019	1.0624768733978271		
1	553.2800000000019	1.4831485748291016	einer Zero-Shot-Einstellung bewertet wurden, in der	
1	554.4000000000019	1.16377854347229	Mitte, und den	
1	555.5200000000019	0.5514962673187256	feingestützten B-Encodern unten.	
1	556.6400000000019	1.0979726314544678		
1	557.7600000000019	1.21661376953125	Insgesamt	
1	558.8800000000019	1.2463724613189697		
1	560.0000000000019	1.391953945159912	übertrifft die feingestellte B-Encoder signifikant alle anderen Baselines.	
1	561.1200000000019	1.0016014575958252		
1	562.2400000000019	1.1545450687408447	Das Zwei-Türm-Modell verbessert sich	
1	563.360000000002	0.9035849571228027		
1	564.480000000002	1.0920753479003906		
1	565.600000000002	1.4393413066864014		
1	566.720000000002	1.475914478302002		
1	567.840000000002	0.9691154956817627	gegenüber seiner Siamesischen Variante bei Recall@100, performt jedoch ähnlich bei den anderen Metriken.	
1	568.960000000002	0.9067723751068115		
1	570.080000000002	1.1328301429748535	Obwohl BM25	
1	571.200000000002	1.0739166736602783		
1	572.320000000002	1.17498779296875	die trainierte B-Encoder signifikant unterlegen war,	
1	573.440000000002	1.0435659885406494		
1	574.560000000002	1.311023473739624	deutete seine Leistung darauf hin, dass es immer noch	
1	575.680000000002	1.1229443550109863	eine starke Baseline für	
1	576.800000000002	0.9772515296936035		
1	577.920000000002	1.118312120437622	domänenspezifisches Abrufen ist.	
1	579.040000000002	1.0219793319702148	Bezüglich	
1	580.160000000002	1.2295994758605957	der Zero-Shot-Bewertung	
1	581.280000000002	1.1602599620819092		
1	582.400000000002	1.1229054927825928		
1	583.520000000002	1.4920642375946045	des Siameschen B-Encoders finden wir, dass das direkte	
1	584.640000000002	1.2224833965301514	Verwenden der Embeddings eines vortrainierten	
1	585.760000000002	0.9756343364715576	CamemBERT-Modells	
1	586.880000000002	0.9239447116851807	ohne Optimierung für	
1	588.000000000002	0.8929457664489746	die	
1	589.120000000002	0.982358455657959		
1	590.240000000002	0.4960951805114746	Informationssuchaufgabe schlechte Ergebnisse liefert.	
1	591.3600000000021	1.0022516250610352		
1	592.4800000000021	0.4535543918609619	Dies ist konsistent mit früheren Befunden.	
1	593.6000000000021	0.8152122497558594		
1	594.7200000000021	1.0408287048339844	Darüber	
1	595.8400000000021	1.0590295791625977	hinaus beobachten wir, dass das	
1	596.9600000000021	0.9492359161376953	Word2Vec-basierte	
1	598.0800000000021	0.8755507469177246		
1	599.2000000000021	1.1178994178771973		
1	600.3200000000021	1.361297607421875	B-Encoder signifikant besser abschneidet als	
1	601.4400000000021	1.027146577835083		
1	602.5600000000021	1.4615936279296875	das FastText- und Bird-basierte	
1	603.6800000000021	1.2395355701446533	Modell, was darauf hindeutet, dass vielleicht vortrainierte	
1	604.8000000000021	0.965407133102417		
1	605.9200000000021	1.053612232208252	wortspezifische Embeddings	
1	607.0400000000021	1.1252319812774658		
1	608.1600000000021	1.1484043598175049	für die Aufgabe angemessener sind als	
1	609.2800000000021	1.0734655857086182	charakterspezifische oder	
1	610.4000000000021	0.8941831588745117		
1	611.5200000000021	1.1676466464996338		
1	612.6400000000021	1.0845613479614258		
1	613.7600000000022	0.5942871570587158	Subwort-Embeddings, wenn sie direkt angewendet werden.	
1	614.8800000000022	0.8309502601623535		
1	616.0000000000022	1.0914640426635742	Obwohl	
1	617.1200000000022	1.143561840057373	vielversprechend, deuten diese Ergebnisse	
1	618.2400000000022	0.8934552669525146	auf	
1	619.3600000000022	1.1051666736602783	ample Möglichkeiten zur Verbesserung	
1	620.4800000000022	1.0885951519012451	im Vergleich zu	
1	621.6000000000022	1.179213285446167	einem qualifizierten Rechtsexperten hin, der	
1	622.7200000000022	0.9504213333129883		
1	623.8400000000022	1.0615215301513672	schließlich alle relevanten Artikel	
1	624.9600000000022	0.9592194557189941	zu jeder Frage abrufen	
1	626.0800000000022	0.9061975479125977		
1	627.2000000000022	0.39081907272338867	und somit perfekte Scores erzielen kann.	
1	628.3200000000022	0.17706847190856934		
1	629.4400000000022	0.9792122840881348		
1	630.5600000000022	1.1730256080627441	Lassen Sie uns abschließend zwei	
1	631.6800000000022	0.9198029041290283	Einschränkungen	
1	632.8000000000022	1.023498296737671	unserer Datensätze diskutieren.	
1	633.9200000000022	1.0363185405731201	Erstens ist das	
1	635.0400000000022	1.1575424671173096	Artikel-Korpus	
1	636.1600000000022	1.279153823852539	auf diejenigen beschränkt, die aus	
1	637.2800000000022	1.2721762657165527	den 32	
1	638.4000000000023	1.2160749435424805	berücksichtigten belgischen Gesetzbüchern gesammelt	
1	639.5200000000023	0.8523621559143066	wurden, was	
1	640.6400000000023	1.0735831260681152	das gesamte	
1	641.7600000000023	1.2366957664489746	belgische Recht nicht abdeckt,	
1	642.8800000000023	0.981008768081665	da Artikel aus	
1	644.0000000000023	1.0414729118347168	Dekreten,	
1	645.1200000000023	0.9509146213531494	Richtlinien und Verordnungen fehlen.	
1	646.2400000000023	0.8893547058105469		
1	647.3600000000023	0.9635319709777832	Während	
1	648.4800000000023	1.0963115692138672	der Datensatzkonstruktion	
1	649.6000000000023	1.2181611061096191	wurden alle Verweise auf diese	
1	650.7200000000023	1.0167672634124756	nicht gesammelten Artikel	
1	651.8400000000023	1.1088650226593018		
1	652.9600000000023	1.2573144435882568	ignoriert, was	
1	654.0800000000023	1.2143995761871338	dazu führt, dass einige Fragen nur	
1	655.2000000000023	1.1400654315948486	einen Bruchteil der ursprünglichen	
1	656.3200000000023	0.3925051689147949	Anzahl relevanter Artikel haben.	
1	657.4400000000023	0.810563325881958		
1	658.5600000000023	0.9404821395874023		
1	659.6800000000023	1.0477137565612793	Dieser Informationsverlust impliziert, dass	
1	660.8000000000023	1.1730155944824219	die Antwort	
1	661.9200000000023	1.1550242900848389	in den verbleibenden relevanten Artikeln enthalten	
1	663.0400000000024	0.9457988739013672		
1	664.1600000000024	1.0796034336090088	unvollständig sein	
1	665.2800000000024	1.046905517578125	könnte, obwohl	
1	666.4000000000024	0.3953430652618408	sie dennoch vollständig angemessen ist.	
1	667.5200000000024	0.18610596656799316		
1	668.6400000000024	1.0107982158660889		
1	669.7600000000024	1.1187396049499512	Zweitens sollten wir beachten, dass nicht	
1	670.8800000000024	1.052598237991333	alle	
1	672.0000000000024	1.0599911212921143	Rechtsfragen	
1	673.1200000000024	1.129115343093872	allein mit Gesetzen beantwortet werden können.	
1	674.2400000000024	1.0468425750732422	Zum Beispiel,	
1	675.3600000000024	1.119642734527588	die Frage: Kann ich	
1	676.4800000000024	1.1234946250915527	meine Mieter kündigen,	
1	677.6000000000024	1.1133050918579102	wenn sie zu viel Lärm	
1	678.7200000000024	1.170501470565796	machen,	
1	679.8400000000024	1.12941312789917	hat möglicherweise keine detaillierte Antwort	
1	680.9600000000024	1.17799973487854	innerhalb des	
1	682.0800000000024	0.9686272144317627	Statutrechts, die	
1	683.2000000000024	1.0979290008544922	eine spezifische	
1	684.3200000000024	1.2640831470489502	Lärmschwelle	
1	685.4400000000024	0.554563045501709	quantifiziert, bei der eine Kündigung erlaubt ist.	
1	686.5600000000024	0.935417890548706		
1	687.6800000000025	1.0306861400604248	Stattdessen sollte der Vermieter	
1	688.8000000000025	1.112602710723877	wahrscheinlich eher auf	
1	689.9200000000025	1.310800313949585	die Rechtsprechung zurückgreifen und	
1	691.0400000000025	1.2449636459350586	Präzedenzfälle finden, die	
1	692.1600000000025	1.0644211769104004	seiner aktuellen Situation ähneln.	
1	693.2800000000025	1.0148265361785889	Zum Beispiel,	
1	694.4000000000025	1.112889051437378	der Mieter macht zwei	
1	695.5200000000025	1.0006563663482666	Parteien pro Woche bis	
1	696.6400000000025	1.0153124332427979	2 Uhr morgens.	
1	697.7600000000025	0.9606978893280029	Daher	
1	698.8800000000025	0.9927487373352051	sind einige Fragen	
1	700.0000000000025	1.1169018745422363	besser geeignet als andere für	
1	701.1200000000025	1.065582513809204		
1	702.2400000000025	1.1995487213134766	die Aufgabe des Abrufens gesetzlicher	
1	703.3600000000025	1.0732808113098145	Artikel, und das Feld	
1	704.4800000000025	0.9874856472015381	der weniger geeigneten	
1	705.6000000000025	0.3107140064239502	bleibt zu bestimmen.	
1	706.7200000000025	0.892561674118042		
1	707.8400000000025	0.9203059673309326	Wir hoffen, dass alle	
1	708.9600000000025	1.0381596088409424	Arbeiten	
1	710.0800000000025	0.9285573959350586	Interesse wecken,	
1	711.2000000000025	0.9820559024810791	praktische und	
1	712.3200000000026	1.132890224456787	zuverlässige	
1	713.4400000000026	1.0640928745269775		
1	714.5600000000026	1.2532329559326172	Modelle für das Abrufen gesetzlicher Artikel zu entwickeln.	
1	715.6800000000026	0.8914852142333984		
1	716.8000000000026	1.157679557800293	Die	
1	717.9200000000026	1.2314729690551758	helfen, den Zugang zur Gerechtigkeit für alle zu verbessern.	
1	719.0400000000026	0.9144093990325928	Sie können	
1	720.1600000000026	1.145862340927124	unsere	
1	721.2800000000026	1.1228904724121094		
1	722.0012500000026	1.4552993774414062	Paper, Datensatz und Code an den folgenden Links überprüfen. Danke.	
2	1.12	0.2096261978149414	Hallo!	
2	2.24	0.3853769302368164	Hallo, wir freuen uns darauf,	Hallo!
2	3.3600000000000003	0.49683070182800293	Hallo! Wir freuen uns, unsere Arbeit vorzustellen.	Hallo, wir freuen uns darauf,
2	4.48	0.6795048713684082	Hallo, wir freuen uns, Ihnen unsere Arbeit über Vokale vorzustellen.	Hallo! Wir freuen uns, unsere Arbeit vorzustellen.
2	5.6000000000000005	0.7267258167266846	Vokalen vorzustellen, eine Aufgabe	über Vokale vorzustellen.
2	6.720000000000001	0.5780398845672607	zu Aufgabe.	Vokalen vorzustellen, eine Aufgabe
2	7.840000000000001	0.5957193374633789	unabhängige Benchmark-Aufgabe.	Aufgabe.
2	8.96	0.6940062046051025	Vokalen vorzustellen, eine für Tests gedacht ist.	unabhängige Benchmark-Aufgabe.
2	10.080000000000002	0.4956088066101074	Prüfung von Vision und Sprache.	für Tests gedacht ist.
2	11.200000000000003	0.6073751449584961	Aufgaben-Benchmark zur Prüfung von Sprachmodellen.	Prüfung von Vision und Sprache.
2	12.320000000000004	0.44563794136047363	Vision- und mit spezifischen	Sprachmodellen.
2	13.440000000000005	0.5825746059417725	Sprachmodellen linguistischen Phänomenen.	mit spezifischen
2	14.560000000000006	0.47777533531188965	bei spezifischen	linguistischen Phänomenen.
2	15.680000000000007	0.3697936534881592	Warum haben wir dies getan?	
2	16.800000000000008	0.4785895347595215	in die Mühe gemacht,	dies getan?
2	17.92000000000001	0.5281434059143066	uns diese Benchmark aufzubauen?	in die Mühe gemacht,
2	19.04000000000001	0.44908905029296875	die Mühe gemacht,	diese Benchmark aufzubauen?
2	20.16000000000001	0.2586216926574707	Nun, während	
2	21.280000000000012	0.3870351314544678	letzten Jahren.	während
2	22.400000000000013	0.4555668830871582	in den letzten haben wir uns die Mühe gemacht, diese Benchmark aufzubauen? Nun, in den letzten Jahren haben wir gesehen, dass	letzten Jahren.
2	23.520000000000014	0.443509578704834	Jahren haben wir haben wir uns die Mühe gemacht, diese Benchmark aufzubauen? Nun, in den letzten Jahren haben wir eine Explosion beobachtet.	haben wir uns die Mühe gemacht, diese Benchmark aufzubauen? Nun, in den letzten Jahren haben wir gesehen, dass
2	24.640000000000015	0.49336743354797363	eine Explosion Jahren haben wir eine Explosion von Transformer-Modellen beobachtet.	haben wir uns die Mühe gemacht, diese Benchmark aufzubauen? Nun, in den letzten Jahren haben wir eine Explosion beobachtet.
2	25.760000000000016	0.43187904357910156	von Jahren haben wir eine Explosion von Transformer-basierten Vision- und	Jahren haben wir eine Explosion von Transformer-Modellen beobachtet.
2	26.880000000000017	0.610802173614502	Vision- und Sprachmodellen beobachtet.	Jahren haben wir eine Explosion von Transformer-basierten Vision- und
2	28.000000000000018	0.4606931209564209	Sprachmodellen Aufgaben-Benchmark zur Prüfung von Vision- und Sprachmodellen bei spezifischen linguistischen Phänomenen. Warum haben wir uns die Mühe gemacht, diese Benchmark aufzubauen? Nun, in den letzten Jahren haben wir eine Explosion von Transformer-basierten Vision- und Sprachmodellen beobachtet, die auf	Vision- und Sprachmodellen beobachtet.
2	29.12000000000002	0.6663265228271484	auf großen Mengen an Informationen vortrainiert wurden.	Aufgaben-Benchmark zur Prüfung von Vision- und Sprachmodellen bei spezifischen linguistischen Phänomenen. Warum haben wir uns die Mühe gemacht, diese Benchmark aufzubauen? Nun, in den letzten Jahren haben wir eine Explosion von Transformer-basierten Vision- und Sprachmodellen beobachtet, die auf
2	30.24000000000002	0.7014801502227783	großen Mengen an Mengen an Bild-Text-Paaren vortrainiert wurden.	auf großen Mengen an Informationen vortrainiert wurden.
2	31.36000000000002	0.5174436569213867		Mengen an Bild-Text-Paaren vortrainiert wurden.
2	32.48000000000002	0.31522703170776367	Jeder dieser Modelle.	
2	33.600000000000016	0.5641875267028809	Bild-Text-Paaren vortrainiert wurden. Jedes dieser Modelle treibt den Stand der Technik voran.	Jeder dieser Modelle.
2	34.72000000000001	0.4689323902130127	Stand der Technik bei	Bild-Text-Paaren vortrainiert wurden. Jedes dieser Modelle treibt den Stand der Technik voran.
2	35.84000000000001	0.7102532386779785	Jeder dieser Modelle setzt den Stand der Technik auf großen Mengen an Bild-Text-Paaren vortrainiert wurden. Jeder dieser Modelle setzt den Stand der Technik für Vision- und Sprachaufgaben neu.	Stand der Technik bei
2	36.96000000000001	0.5898687839508057	Vision- und Sprachmodellen beobachtet, die auf großen Mengen an Bild-Text-Paaren vortrainiert wurden. Jeder dieser Modelle setzt den Stand der Technik bei Vision- und Sprachaufgaben neu, wie zum Beispiel.	auf großen Mengen an Bild-Text-Paaren vortrainiert wurden. Jeder dieser Modelle setzt den Stand der Technik für Vision- und Sprachaufgaben neu.
2	38.080000000000005	0.656602144241333	bei Vision- und Sprachaufgaben wie visuellen Fragebögen neu.	Vision- und Sprachmodellen beobachtet, die auf großen Mengen an Bild-Text-Paaren vortrainiert wurden. Jeder dieser Modelle setzt den Stand der Technik bei Vision- und Sprachaufgaben neu, wie zum Beispiel.
2	39.2	0.6745743751525879	Frage-Antwort oder visuellem fort.	visuellen Fragebögen neu.
2	40.32	0.8011765480041504	visueller Frage-Antwort oder	Frage-Antwort oder visuellem fort.
2	41.44	0.4554264545440674	weiter.	
2	42.559999999999995	0.7159397602081299	Frage-Antwort oder visueller Commonsense-Raumung, Bildabruf und Phrase Graph neu.	weiter.
2	43.67999999999999	0.7608866691589355	visueller Commonsense-Raumung, Bildabruf und Phrase-Grounding neu.	Frage-Antwort oder visueller Commonsense-Raumung, Bildabruf und Phrase Graph neu.
2	44.79999999999999	0.685387372970581	Wir haben also eine Botschaft erhalten.	
2	45.91999999999999	0.5616753101348877	Botschaft: Die Genauigkeit.	Wir haben also eine Botschaft erhalten.
2	47.039999999999985	0.6455717086791992	Daher lautet unsere Botschaft: Die Genauigkeiten bei diesen Aufgaben	Botschaft: Die Genauigkeit.
2	48.15999999999998	0.5881707668304443	Phrase-Grounding neu. Daher lautet unsere Botschaft: Die Genauigkeiten auf diesen aufgabenbezogenen Benchmarks.	bei diesen Aufgaben
2	49.27999999999998	0.6401667594909668	Genauigkeiten bei diesen aufgabenbezogenen Benchmarks sind gestiegen.	Phrase-Grounding neu. Daher lautet unsere Botschaft: Die Genauigkeiten auf diesen aufgabenbezogenen Benchmarks.
2	50.39999999999998	0.6120169162750244	bei diesen aufgabenbezogenen Benchmarks steigen stetig.	Genauigkeiten bei diesen aufgabenbezogenen Benchmarks sind gestiegen.
2	51.519999999999975	0.2710108757019043		
2	52.63999999999997	0.40619897842407227	Aber wissen wir, warum?	steigen stetig.
2	53.75999999999997	0.5899879932403564	was die Modelle tatsächlich können?	wir, warum?
2	54.87999999999997	0.5119521617889404	tatsächlich gelernt haben?	was die Modelle tatsächlich können?
2	55.999999999999964	0.42263340950012207	wir, was die Modelle	tatsächlich gelernt haben?
2	57.11999999999996	0.37632155418395996	Was ist es?	
2	58.23999999999996	0.5113122463226318	es, das ein Vision- und	es?
2	59.35999999999996	0.5334842205047607		
2	60.479999999999954	0.4562807083129883	Sprach-Transformer hat?	es, das ein Vision- und
2	61.59999999999995	0.48124146461486816	wenn er zugreift?	hat?
2	62.71999999999995	0.6039130687713623	versteht, wenn er eine hohe Punktzahl vergibt?	wenn er zugreift?
2	63.83999999999995	0.5359740257263184	Bild eine hohe Punktzahl zuweist?	eine hohe Punktzahl vergibt?
2	64.95999999999995	0.6328220367431641	diesem Bild Bild und diesem Satz eine hohe Punktzahl zuweist?	Bild eine hohe Punktzahl zuweist?
2	66.07999999999996	0.7516138553619385	und diesem Satz eine hohe Punktzahl Satz eine hohe Punktzahl für die Übereinstimmung zuordnet?	Bild und diesem Satz eine hohe Punktzahl zuweist?
2	67.19999999999996	0.4309811592102051		Satz eine hohe Punktzahl für die Übereinstimmung zuordnet?
2	68.31999999999996	0.6827826499938965	eine hohe Punktzahl für die Übereinstimmung zuordnet? Und was, wenn er diesem einen eine niedrige Punktzahl gibt?	
2	69.43999999999997	0.6943504810333252	Und was, wenn er gibt?	eine hohe Punktzahl für die Übereinstimmung zuordnet? Und was, wenn er diesem einen eine niedrige Punktzahl gibt?
2	70.55999999999997	0.5897767543792725	einem anderen eine niedrige Punktzahl	gibt?
2	71.67999999999998	0.7048022747039795		
2	72.79999999999998	0.6226661205291748		
2	73.91999999999999	0.7534425258636475	die Übereinstimmung zuordnet? Und was, wenn er einem anderen eine niedrige Punktzahl gibt? Fokussieren sich Vision- und Sprachmodelle auf das Richtige?	
2	75.03999999999999	0.7845802307128906	versteht, wenn er diesem Bild und diesem Satz eine hohe Punktzahl für die Übereinstimmung zuordnet? Und was, wenn er einem anderen eine niedrige Punktzahl gibt? Konzentrieren sich Vision- und Sprachmodelle auf das Richtige, oder	die Übereinstimmung zuordnet? Und was, wenn er einem anderen eine niedrige Punktzahl gibt? Fokussieren sich Vision- und Sprachmodelle auf das Richtige?
2	76.16	0.8811557292938232	Konzentrieren sich Vision- und Sprachmodelle auf das Bias?	versteht, wenn er diesem Bild und diesem Satz eine hohe Punktzahl für die Übereinstimmung zuordnet? Und was, wenn er einem anderen eine niedrige Punktzahl gibt? Konzentrieren sich Vision- und Sprachmodelle auf das Richtige, oder
2	77.28	0.8710212707519531	Richtige oder die Übereinstimmung zuordnet? Und was, wenn er einem anderen eine niedrige Punktzahl gibt? Konzentrieren sich Vision- und Sprachmodelle auf das Richtige oder konzentrieren sie sich auf Verzerrungen, wie sie von dem	Bias?
2	78.4	0.8594720363616943	konzentrieren sie sich auf Verzerrungen, wie sie früheren Arbeiten gezeigt wurden?	die Übereinstimmung zuordnet? Und was, wenn er einem anderen eine niedrige Punktzahl gibt? Konzentrieren sich Vision- und Sprachmodelle auf das Richtige oder konzentrieren sie sich auf Verzerrungen, wie sie von dem
2	79.52000000000001	0.34201693534851074	in	früheren Arbeiten gezeigt wurden?
2	80.64000000000001	0.4668729305267334	Um mehr Licht zu werfen	
2	81.76000000000002	0.5898478031158447	Licht auf dieses Aspekt zu werfen?	zu werfen
2	82.88000000000002	0.6386163234710693	auf dieses Aspekt zu Satz eine hohe Punktzahl für die Übereinstimmung zuordnet? Und was, wenn er einem anderen eine niedrige Punktzahl gibt? Konzentrieren sich Vision- und Sprachmodelle auf das Richtige oder konzentrieren sie sich auf Verzerrungen, wie sie in früheren Arbeiten gezeigt wurden? Um mehr Licht auf dieses Aspekt zu werfen, schlagen wir vor.	Licht auf dieses Aspekt zu werfen?
2	84.00000000000003	0.5455608367919922	werfen, schlagen wir	Satz eine hohe Punktzahl für die Übereinstimmung zuordnet? Und was, wenn er einem anderen eine niedrige Punktzahl gibt? Konzentrieren sich Vision- und Sprachmodelle auf das Richtige oder konzentrieren sie sich auf Verzerrungen, wie sie in früheren Arbeiten gezeigt wurden? Um mehr Licht auf dieses Aspekt zu werfen, schlagen wir vor.
2	85.12000000000003	0.5503313541412354	einen Aufgaben-Benchmark zur Prüfung von Vision- und Sprachmodellen bei spezifischen linguistischen Phänomenen. Warum haben wir uns die Mühe gemacht, diese Benchmark aufzubauen? Nun, in den letzten Jahren haben wir eine Explosion von Transformer-basierten Vision- und Sprachmodellen beobachtet, die auf großen Mengen an Bild-Text-Paaren vortrainiert wurden. Jeder dieser Modelle setzt den Stand der Technik bei Vision- und Sprachaufgaben wie visueller Frage-Antwort oder visueller Commonsense-Raumung, Bildabruf und Phrase-Grounding neu. Daher lautet unsere Botschaft: Die Genauigkeiten bei diesen aufgabenbezogenen Benchmarks steigen stetig. Aber wissen wir, was die Modelle tatsächlich gelernt haben? Was ist es, das ein Vision- und Sprach-Transformer versteht, wenn er diesem Bild und diesem Satz eine hohe Punktzahl für die Übereinstimmung zuordnet? Und was, wenn er einem anderen eine niedrige Punktzahl gibt? Konzentrieren sich Vision- und Sprachmodelle auf das Richtige oder konzentrieren sie sich auf Verzerrungen, wie sie in früheren Arbeiten gezeigt wurden? Um mehr Licht auf dieses Aspekt zu werfen, schlagen wir einen aufgabenagnostischeren Ansatz vor.	
2	86.24000000000004	0.5380606651306152	vor.	Aufgaben-Benchmark zur Prüfung von Vision- und Sprachmodellen bei spezifischen linguistischen Phänomenen. Warum haben wir uns die Mühe gemacht, diese Benchmark aufzubauen? Nun, in den letzten Jahren haben wir eine Explosion von Transformer-basierten Vision- und Sprachmodellen beobachtet, die auf großen Mengen an Bild-Text-Paaren vortrainiert wurden. Jeder dieser Modelle setzt den Stand der Technik bei Vision- und Sprachaufgaben wie visueller Frage-Antwort oder visueller Commonsense-Raumung, Bildabruf und Phrase-Grounding neu. Daher lautet unsere Botschaft: Die Genauigkeiten bei diesen aufgabenbezogenen Benchmarks steigen stetig. Aber wissen wir, was die Modelle tatsächlich gelernt haben? Was ist es, das ein Vision- und Sprach-Transformer versteht, wenn er diesem Bild und diesem Satz eine hohe Punktzahl für die Übereinstimmung zuordnet? Und was, wenn er einem anderen eine niedrige Punktzahl gibt? Konzentrieren sich Vision- und Sprachmodelle auf das Richtige oder konzentrieren sie sich auf Verzerrungen, wie sie in früheren Arbeiten gezeigt wurden? Um mehr Licht auf dieses Aspekt zu werfen, schlagen wir einen aufgabenagnostischeren Ansatz vor.
2	87.36000000000004	0.32091355323791504	niedrige Punktzahl gibt? Konzentrieren sich Vision- und Sprachmodelle auf das Richtige oder konzentrieren sie sich auf Verzerrungen, wie sie in früheren Arbeiten gezeigt wurden? Um mehr Licht auf dieses Aspekt zu werfen, schlagen wir einen aufgabenagnostischeren Ansatz vor.	vor.
2	88.48000000000005	0.5325007438659668	Valves ein, die	niedrige Punktzahl gibt? Konzentrieren sich Vision- und Sprachmodelle auf das Richtige oder konzentrieren sie sich auf Verzerrungen, wie sie in früheren Arbeiten gezeigt wurden? Um mehr Licht auf dieses Aspekt zu werfen, schlagen wir einen aufgabenagnostischeren Ansatz vor.
2	89.60000000000005	0.3089020252227783	spezifischen linguistischen Phänomenen. Warum haben wir uns die Mühe gemacht, diese Benchmark aufzubauen? Nun, in den letzten Jahren haben wir eine Explosion von Transformer-basierten Vision- und Sprachmodellen beobachtet, die auf großen Mengen an Bild-Text-Paaren vortrainiert wurden. Jeder dieser Modelle setzt den Stand der Technik bei Vision- und Sprachaufgaben wie visueller Frage-Antwort oder visueller Commonsense-Raumung, Bildabruf und Phrase-Grounding neu. Daher lautet unsere Botschaft: Die Genauigkeiten bei diesen aufgabenbezogenen Benchmarks steigen stetig. Aber wissen wir, was die Modelle tatsächlich gelernt haben? Was ist es, das ein Vision- und Sprach-Transformer versteht, wenn er diesem Bild und diesem Satz eine hohe Punktzahl für die Übereinstimmung zuordnet? Und was, wenn er einem anderen eine niedrige Punktzahl gibt? Konzentrieren sich Vision- und Sprachmodelle auf das Richtige oder konzentrieren sie sich auf Verzerrungen, wie sie in früheren Arbeiten gezeigt wurden? Um mehr Licht auf dieses Aspekt zu werfen, schlagen wir einen aufgabenagnostischeren Ansatz vor.	Valves ein, die
2	90.72000000000006	0.31172990798950195	von Vision- und Sprachmodellen bei spezifischen linguistischen Phänomenen. Warum haben wir uns die Mühe gemacht, diese Benchmark aufzubauen? Nun, in den letzten Jahren haben wir eine Explosion von Transformer-basierten Vision- und Sprachmodellen beobachtet, die auf großen Mengen an Bild-Text-Paaren vortrainiert wurden. Jeder dieser Modelle setzt den Stand der Technik bei Vision- und Sprachaufgaben wie visueller Frage-Antwort oder visueller Commonsense-Raumung, Bildabruf und Phrase-Grounding neu. Daher lautet unsere Botschaft: Die Genauigkeiten bei diesen aufgabenbezogenen Benchmarks steigen stetig. Aber wissen wir, was die Modelle tatsächlich gelernt haben? Was ist es, das ein Vision- und Sprach-Transformer versteht, wenn er diesem Bild und diesem Satz eine hohe Punktzahl für die Übereinstimmung zuordnet? Und was, wenn er einem anderen eine niedrige Punktzahl gibt? Konzentrieren sich Vision- und Sprachmodelle auf das Richtige oder konzentrieren sie sich auf Verzerrungen, wie sie in früheren Arbeiten gezeigt wurden? Um mehr Licht auf dieses Aspekt zu werfen, schlagen wir einen aufgabenagnostischeren Ansatz vor.	spezifischen linguistischen Phänomenen. Warum haben wir uns die Mühe gemacht, diese Benchmark aufzubauen? Nun, in den letzten Jahren haben wir eine Explosion von Transformer-basierten Vision- und Sprachmodellen beobachtet, die auf großen Mengen an Bild-Text-Paaren vortrainiert wurden. Jeder dieser Modelle setzt den Stand der Technik bei Vision- und Sprachaufgaben wie visueller Frage-Antwort oder visueller Commonsense-Raumung, Bildabruf und Phrase-Grounding neu. Daher lautet unsere Botschaft: Die Genauigkeiten bei diesen aufgabenbezogenen Benchmarks steigen stetig. Aber wissen wir, was die Modelle tatsächlich gelernt haben? Was ist es, das ein Vision- und Sprach-Transformer versteht, wenn er diesem Bild und diesem Satz eine hohe Punktzahl für die Übereinstimmung zuordnet? Und was, wenn er einem anderen eine niedrige Punktzahl gibt? Konzentrieren sich Vision- und Sprachmodelle auf das Richtige oder konzentrieren sie sich auf Verzerrungen, wie sie in früheren Arbeiten gezeigt wurden? Um mehr Licht auf dieses Aspekt zu werfen, schlagen wir einen aufgabenagnostischeren Ansatz vor.
2	91.84000000000006	0.9418718814849854	Vision- und Sprachmodelle auf das Richtige oder konzentrieren sie sich auf Verzerrungen, wie sie in früheren Arbeiten gezeigt wurden? Um mehr Licht auf dieses Aspekt zu werfen, schlagen wir einen aufgabenagnostischeren Ansatz vor. Wir stellen Valves vor, die die Sensitivität von Vision- und Sprachmodellen testen.	von Vision- und Sprachmodellen bei spezifischen linguistischen Phänomenen. Warum haben wir uns die Mühe gemacht, diese Benchmark aufzubauen? Nun, in den letzten Jahren haben wir eine Explosion von Transformer-basierten Vision- und Sprachmodellen beobachtet, die auf großen Mengen an Bild-Text-Paaren vortrainiert wurden. Jeder dieser Modelle setzt den Stand der Technik bei Vision- und Sprachaufgaben wie visueller Frage-Antwort oder visueller Commonsense-Raumung, Bildabruf und Phrase-Grounding neu. Daher lautet unsere Botschaft: Die Genauigkeiten bei diesen aufgabenbezogenen Benchmarks steigen stetig. Aber wissen wir, was die Modelle tatsächlich gelernt haben? Was ist es, das ein Vision- und Sprach-Transformer versteht, wenn er diesem Bild und diesem Satz eine hohe Punktzahl für die Übereinstimmung zuordnet? Und was, wenn er einem anderen eine niedrige Punktzahl gibt? Konzentrieren sich Vision- und Sprachmodelle auf das Richtige oder konzentrieren sie sich auf Verzerrungen, wie sie in früheren Arbeiten gezeigt wurden? Um mehr Licht auf dieses Aspekt zu werfen, schlagen wir einen aufgabenagnostischeren Ansatz vor.
2	92.96000000000006	0.314971923828125	vor.	Vision- und Sprachmodelle auf das Richtige oder konzentrieren sie sich auf Verzerrungen, wie sie in früheren Arbeiten gezeigt wurden? Um mehr Licht auf dieses Aspekt zu werfen, schlagen wir einen aufgabenagnostischeren Ansatz vor. Wir stellen Valves vor, die die Sensitivität von Vision- und Sprachmodellen testen.
2	94.08000000000007	1.1851739883422852	spezifischen linguistischen Merkmalen testen.	vor.
2	95.20000000000007	1.4133777618408203	Wir führen Valves ein, die die Sensitivität von Vision- und Sprachmodellen gegenüber spezifischen linguistischen Phänomenen. Warum haben wir uns die Mühe gemacht, diese Benchmark aufzubauen? Nun, in den letzten Jahren haben wir eine Explosion von Transformer-basierten Vision- und Sprachmodellen beobachtet, die auf großen Mengen an Bild-Text-Paaren vortrainiert wurden. Jeder dieser Modelle setzt den Stand der Technik bei Vision- und Sprachaufgaben wie visueller Frage-Antwort oder visueller Commonsense-Raumung, Bildabruf und Phrase-Grounding neu. Daher lautet unsere Botschaft: Die Genauigkeiten bei diesen aufgabenbezogenen Benchmarks steigen stetig. Aber wissen wir, was die Modelle tatsächlich gelernt haben? Was ist es, das ein Vision- und Sprach-Transformer versteht, wenn er diesem Bild und diesem Satz eine hohe Punktzahl für die Übereinstimmung zuordnet? Und was, wenn er einem anderen eine niedrige Punktzahl gibt? Konzentrieren sich Vision- und Sprachmodelle auf das Richtige oder konzentrieren sie sich auf Verzerrungen, wie sie in früheren Arbeiten gezeigt wurden? Um mehr Licht auf dieses Aspekt zu werfen, schlagen wir einen aufgabenagnostischeren Ansatz vor. Wir führen Valves ein, die die Sensitivität von Vision- und Sprachmodellen gegenüber spezifischen linguistischen Phänomenen testen, die aufgetreten sind.	spezifischen linguistischen Merkmalen testen.
2	96.32000000000008	0.6016626358032227	Phänomenen testen, die die	Phänomenen. Warum haben wir uns die Mühe gemacht, diese Benchmark aufzubauen? Nun, in den letzten Jahren haben wir eine Explosion von Transformer-basierten Vision- und Sprachmodellen beobachtet, die auf großen Mengen an Bild-Text-Paaren vortrainiert wurden. Jeder dieser Modelle setzt den Stand der Technik bei Vision- und Sprachaufgaben wie visueller Frage-Antwort oder visueller Commonsense-Raumung, Bildabruf und Phrase-Grounding neu. Daher lautet unsere Botschaft: Die Genauigkeiten bei diesen aufgabenbezogenen Benchmarks steigen stetig. Aber wissen wir, was die Modelle tatsächlich gelernt haben? Was ist es, das ein Vision- und Sprach-Transformer versteht, wenn er diesem Bild und diesem Satz eine hohe Punktzahl für die Übereinstimmung zuordnet? Und was, wenn er einem anderen eine niedrige Punktzahl gibt? Konzentrieren sich Vision- und Sprachmodelle auf das Richtige oder konzentrieren sie sich auf Verzerrungen, wie sie in früheren Arbeiten gezeigt wurden? Um mehr Licht auf dieses Aspekt zu werfen, schlagen wir einen aufgabenagnostischeren Ansatz vor. Wir führen Valves ein, die die Sensitivität von Vision- und Sprachmodellen gegenüber spezifischen linguistischen Phänomenen testen, die aufgetreten sind.
2	97.44000000000008	0.5823872089385986	sowohl linguistischen Phänomenen testen, die sowohl die linguistische als auch die	die
2	98.56000000000009	0.6635429859161377	visuellen Modelle beeinflussen.	linguistischen Phänomenen testen, die sowohl die linguistische als auch die
2	99.68000000000009	0.6512327194213867	Modalität beeinflussen.	visuellen Modelle beeinflussen.
2	100.8000000000001	0.7362403869628906	linguistische als auch die visuelle Wir führen Valves ein, die die Sensitivität von Vision- und Sprachmodellen gegenüber spezifischen linguistischen Phänomenen testen, die sowohl die linguistische als auch die visuelle Modalität beeinflussen. Unser Ziel ist	Modalität beeinflussen.
2	101.9200000000001	0.637836217880249	werfen, schlagen wir einen aufgabenagnostischeren Ansatz vor. Wir führen Valves ein, die die Sensitivität von Vision- und Sprachmodellen gegenüber spezifischen linguistischen Phänomenen testen, die sowohl die linguistische als auch die visuelle Modalität beeinflussen. Unser Ziel ist Existenz und Plural.	Wir führen Valves ein, die die Sensitivität von Vision- und Sprachmodellen gegenüber spezifischen linguistischen Phänomenen testen, die sowohl die linguistische als auch die visuelle Modalität beeinflussen. Unser Ziel ist
2	103.0400000000001	0.6654903888702393	aufgabenagnostischeren Ansatz vor. Wir führen Valves ein, die die Sensitivität von Vision- und Sprachmodellen gegenüber spezifischen linguistischen Phänomenen testen, die sowohl die linguistische als auch die visuelle Modalität beeinflussen. Unser Ziel ist Existenz, Pluralität und Zählen.	werfen, schlagen wir einen aufgabenagnostischeren Ansatz vor. Wir führen Valves ein, die die Sensitivität von Vision- und Sprachmodellen gegenüber spezifischen linguistischen Phänomenen testen, die sowohl die linguistische als auch die visuelle Modalität beeinflussen. Unser Ziel ist Existenz und Plural.
2	104.16000000000011	0.8275959491729736	Existenz, aufgabenagnostischeren Ansatz vor. Wir führen Valves ein, die die Sensitivität von Vision- und Sprachmodellen gegenüber spezifischen linguistischen Phänomenen testen, die sowohl die linguistische als auch die visuelle Modalität beeinflussen. Unser Ziel ist Existenz, Pluralität, Zählen und räumliche Beziehungen.	aufgabenagnostischeren Ansatz vor. Wir führen Valves ein, die die Sensitivität von Vision- und Sprachmodellen gegenüber spezifischen linguistischen Phänomenen testen, die sowohl die linguistische als auch die visuelle Modalität beeinflussen. Unser Ziel ist Existenz, Pluralität und Zählen.
2	105.28000000000011	0.7860336303710938	Pluralität, Beziehungen und Aktionen.	aufgabenagnostischeren Ansatz vor. Wir führen Valves ein, die die Sensitivität von Vision- und Sprachmodellen gegenüber spezifischen linguistischen Phänomenen testen, die sowohl die linguistische als auch die visuelle Modalität beeinflussen. Unser Ziel ist Existenz, Pluralität, Zählen und räumliche Beziehungen.
2	106.40000000000012	0.8355505466461182	Zählen, räumliche Aktionen und Entitätsko-referenz.	Beziehungen und Aktionen.
2	107.52000000000012	0.6569523811340332	Beziehungen, Aktionen und Entitätskoreferenz.	Aktionen und Entitätsko-referenz.
2	108.64000000000013	0.6962876319885254	Entitätsko-referenz. Aber wie testen wir?	Entitätskoreferenz.
2	109.76000000000013	0.8798103332519531	testen, die sowohl die linguistische als auch die visuelle Modalität beeinflussen. Unser Ziel ist Existenz, Pluralität, Zählen, räumliche Beziehungen, Aktionen und Entitätsko-referenz. Aber wie testen wir, ob die Vision- und	wir?
2	110.88000000000014	0.7108471393585205	Sprachmodellen gegenüber spezifischen linguistischen Phänomenen testen, die sowohl die linguistische als auch die visuelle Modalität beeinflussen. Unser Ziel ist Existenz, Pluralität, Zählen, räumliche Beziehungen, Aktionen und Entitätsko-referenz. Aber wie testen wir, ob die Vision- und Sprachmodelle	testen, die sowohl die linguistische als auch die visuelle Modalität beeinflussen. Unser Ziel ist Existenz, Pluralität, Zählen, räumliche Beziehungen, Aktionen und Entitätsko-referenz. Aber wie testen wir, ob die Vision- und
2	112.00000000000014	0.5682013034820557	dies erfasst haben?	Sprachmodellen gegenüber spezifischen linguistischen Phänomenen testen, die sowohl die linguistische als auch die visuelle Modalität beeinflussen. Unser Ziel ist Existenz, Pluralität, Zählen, räumliche Beziehungen, Aktionen und Entitätsko-referenz. Aber wie testen wir, ob die Vision- und Sprachmodelle
2	113.12000000000015	0.6103286743164062	Phänomenen testen, die sowohl die linguistische als auch die visuelle Modalität beeinflussen. Unser Ziel ist Existenz, Pluralität, Zählen, räumliche Beziehungen, Aktionen und Entitätsko-referenz. Aber wie testen wir, ob die Vision- und Sprachmodelle diese Phänomene erfasst haben?	dies erfasst haben?
2	114.24000000000015	0.6301488876342773	Durch	Phänomenen testen, die sowohl die linguistische als auch die visuelle Modalität beeinflussen. Unser Ziel ist Existenz, Pluralität, Zählen, räumliche Beziehungen, Aktionen und Entitätsko-referenz. Aber wie testen wir, ob die Vision- und Sprachmodelle diese Phänomene erfasst haben?
2	115.36000000000016	0.5099406242370605	Foiling, ein	
2	116.48000000000016	0.7636358737945557	Methode, die zuvor angewendet wurde.	Foiling, ein
2	117.60000000000016	0.9855852127075195	FOILing, eine Methode, die zuvor für Vision- und Sprachaufgaben angewendet wurde.	Methode, die zuvor angewendet wurde.
2	118.72000000000017	0.7458662986755371		Sprachaufgaben angewendet wurde.
2	119.84000000000017	0.8274538516998291	Sprachmodelle beeinflussen. Unser Ziel ist Existenz, Pluralität, Zählen, räumliche Beziehungen, Aktionen und Entitätsko-referenz. Aber wie testen wir, ob die Vision- und Sprachmodelle diese Phänomene erfasst haben? Durch FOILing, eine Methode, die zuvor für Vision- und Sprachmodelle nur für Nicht-Phonologen angewendet wurde.	
2	120.96000000000018	0.8609292507171631	nur für beeinflussen. Unser Ziel ist Existenz, Pluralität, Zählen, räumliche Beziehungen, Aktionen und Entitätsko-referenz. Aber wie testen wir, ob die Vision- und Sprachmodelle diese Phänomene erfasst haben? Durch FOILing, eine Methode, die zuvor für Vision- und Sprachmodelle nur für Nomen-Phrasen von Ravi Shell angewendet wurde.	beeinflussen. Unser Ziel ist Existenz, Pluralität, Zählen, räumliche Beziehungen, Aktionen und Entitätsko-referenz. Aber wie testen wir, ob die Vision- und Sprachmodelle diese Phänomene erfasst haben? Durch FOILing, eine Methode, die zuvor für Vision- und Sprachmodelle nur für Nicht-Phonologen angewendet wurde.
2	122.08000000000018	0.9336798191070557	Nomen-Phrasen von Ravi beeinflussen. Unser Ziel ist Existenz, Pluralität, Zählen, räumliche Beziehungen, Aktionen und Entitätsko-referenz. Aber wie testen wir, ob die Vision- und Sprachmodelle diese Phänomene erfasst haben? Durch FOILing, eine Methode, die zuvor für Vision- und Sprachmodelle nur für Nomen-Phrasen von Ravi Shekhar und Kollegen angewendet wurde.	beeinflussen. Unser Ziel ist Existenz, Pluralität, Zählen, räumliche Beziehungen, Aktionen und Entitätsko-referenz. Aber wie testen wir, ob die Vision- und Sprachmodelle diese Phänomene erfasst haben? Durch FOILing, eine Methode, die zuvor für Vision- und Sprachmodelle nur für Nomen-Phrasen von Ravi Shell angewendet wurde.
2	123.20000000000019	0.7256407737731934	Shekhar und Zählen, räumliche Beziehungen, Aktionen und Entitätsko-referenz. Aber wie testen wir, ob die Vision- und Sprachmodelle diese Phänomene erfasst haben? Durch FOILing, eine Methode, die zuvor für Vision- und Sprachmodelle nur für Nomen-Phrasen von Ravi Shekhar und Mitarbeitern angewendet wurde, und auch	beeinflussen. Unser Ziel ist Existenz, Pluralität, Zählen, räumliche Beziehungen, Aktionen und Entitätsko-referenz. Aber wie testen wir, ob die Vision- und Sprachmodelle diese Phänomene erfasst haben? Durch FOILing, eine Methode, die zuvor für Vision- und Sprachmodelle nur für Nomen-Phrasen von Ravi Shekhar und Kollegen angewendet wurde.
2	124.32000000000019	0.6641237735748291	Mitarbeitern	Zählen, räumliche Beziehungen, Aktionen und Entitätsko-referenz. Aber wie testen wir, ob die Vision- und Sprachmodelle diese Phänomene erfasst haben? Durch FOILing, eine Methode, die zuvor für Vision- und Sprachmodelle nur für Nomen-Phrasen von Ravi Shekhar und Mitarbeitern angewendet wurde, und auch
2	125.4400000000002	0.8223569393157959	sowie in vorherigen Studien angewendet wurde.	
2	126.5600000000002	0.7497310638427734	für Zählen Arbeit angewendet wurde.	in vorherigen Studien angewendet wurde.
2	127.6800000000002	0.8550574779510498	in unserer vorherigen Pluralität, Zählen, räumliche Beziehungen, Aktionen und Entitätsko-referenz. Aber wie testen wir, ob die Vision- und Sprachmodelle diese Phänomene erfasst haben? Durch FOILing, eine Methode, die zuvor für Vision- und Sprachmodelle nur für Nomen-Phrasen von Ravi Shekhar und Mitarbeitern sowie für Zählen in unserer vorherigen Arbeit angewendet wurde. FOILing im Wesentlichen	Arbeit angewendet wurde.
2	128.8000000000002	0.6988654136657715	FOILing bedeutet im Wesentlichen, dass wir	Pluralität, Zählen, räumliche Beziehungen, Aktionen und Entitätsko-referenz. Aber wie testen wir, ob die Vision- und Sprachmodelle diese Phänomene erfasst haben? Durch FOILing, eine Methode, die zuvor für Vision- und Sprachmodelle nur für Nomen-Phrasen von Ravi Shekhar und Mitarbeitern sowie für Zählen in unserer vorherigen Arbeit angewendet wurde. FOILing im Wesentlichen
2	129.92000000000021	0.7593324184417725	nehmen.	
2	131.04000000000022	0.631009578704834	die und	nehmen.
2	132.16000000000022	0.7810025215148926	Bildunterschrift nehmen Zählen, räumliche Beziehungen, Aktionen und Entitätsko-referenz. Aber wie testen wir, ob die Vision- und Sprachmodelle diese Phänomene erfasst haben? Durch FOILing, eine Methode, die zuvor für Vision- und Sprachmodelle nur für Nomen-Phrasen von Ravi Shekhar und Mitarbeitern sowie für Zählen in unserer vorherigen Arbeit angewendet wurde. FOILing bedeutet im Wesentlichen, dass wir die Bildunterschrift nehmen und ein FOIL erzeugen.	und
2	133.28000000000023	0.679652214050293	Entitätsko-referenz. Aber wie testen wir, ob die Vision- und Sprachmodelle diese Phänomene erfasst haben? Durch FOILing, eine Methode, die zuvor für Vision- und Sprachmodelle nur für Nomen-Phrasen von Ravi Shekhar und Mitarbeitern sowie für Zählen in unserer vorherigen Arbeit angewendet wurde. FOILing bedeutet im Wesentlichen, dass wir die Bildunterschrift nehmen und daraus ein FOIL erzeugen, indem wir	Zählen, räumliche Beziehungen, Aktionen und Entitätsko-referenz. Aber wie testen wir, ob die Vision- und Sprachmodelle diese Phänomene erfasst haben? Durch FOILing, eine Methode, die zuvor für Vision- und Sprachmodelle nur für Nomen-Phrasen von Ravi Shekhar und Mitarbeitern sowie für Zählen in unserer vorherigen Arbeit angewendet wurde. FOILing bedeutet im Wesentlichen, dass wir die Bildunterschrift nehmen und ein FOIL erzeugen.
2	134.40000000000023	0.8408336639404297	Entitätsko-referenz. Aber wie testen wir, ob die Vision- und Sprachmodelle diese Phänomene erfasst haben? Durch FOILing, eine Methode, die zuvor für Vision- und Sprachmodelle nur für Nomen-Phrasen von Ravi Shekhar und Mitarbeitern sowie für Zählen in unserer vorherigen Arbeit angewendet wurde. FOILing bedeutet im Wesentlichen, dass wir die Bildunterschrift nehmen und eine Folie erzeugen, indem wir die Unterschrift ändern.	Entitätsko-referenz. Aber wie testen wir, ob die Vision- und Sprachmodelle diese Phänomene erfasst haben? Durch FOILing, eine Methode, die zuvor für Vision- und Sprachmodelle nur für Nomen-Phrasen von Ravi Shekhar und Mitarbeitern sowie für Zählen in unserer vorherigen Arbeit angewendet wurde. FOILing bedeutet im Wesentlichen, dass wir die Bildunterschrift nehmen und daraus ein FOIL erzeugen, indem wir
2	135.52000000000024	0.9252331256866455	eine Folie erzeugen, indem wir die Unterschrift	Entitätsko-referenz. Aber wie testen wir, ob die Vision- und Sprachmodelle diese Phänomene erfasst haben? Durch FOILing, eine Methode, die zuvor für Vision- und Sprachmodelle nur für Nomen-Phrasen von Ravi Shekhar und Mitarbeitern sowie für Zählen in unserer vorherigen Arbeit angewendet wurde. FOILing bedeutet im Wesentlichen, dass wir die Bildunterschrift nehmen und eine Folie erzeugen, indem wir die Unterschrift ändern.
2	136.64000000000024	0.5991823673248291	so ändern, dass	
2	137.76000000000025	0.537179708480835	sie erfasst haben? Durch FOILing, eine Methode, die zuvor für Vision- und Sprachmodelle nur für Nomen-Phrasen von Ravi Shekhar und Mitarbeitern sowie für Zählen in unserer vorherigen Arbeit angewendet wurde. FOILing bedeutet im Wesentlichen, dass wir die Bildunterschrift nehmen und eine Folie erzeugen, indem wir die Unterschrift so ändern, dass sie nicht beschreibt,	
2	138.88000000000025	0.5984539985656738	Bild nicht mehr beschreibt.	erfasst haben? Durch FOILing, eine Methode, die zuvor für Vision- und Sprachmodelle nur für Nomen-Phrasen von Ravi Shekhar und Mitarbeitern sowie für Zählen in unserer vorherigen Arbeit angewendet wurde. FOILing bedeutet im Wesentlichen, dass wir die Bildunterschrift nehmen und eine Folie erzeugen, indem wir die Unterschrift so ändern, dass sie nicht beschreibt,
2	140.00000000000026	0.682326078414917	das Und wir tun	Bild nicht mehr beschreibt.
2	141.12000000000026	0.7668018341064453	Entitätsko-referenz. Aber wie testen wir, ob die Vision- und Sprachmodelle diese Phänomene erfasst haben? Durch FOILing, eine Methode, die zuvor für Vision- und Sprachmodelle nur für Nomen-Phrasen von Ravi Shekhar und Mitarbeitern sowie für Zählen in unserer vorherigen Arbeit angewendet wurde. FOILing bedeutet im Wesentlichen, dass wir die Bildunterschrift nehmen und eine Folie erzeugen, indem wir die Unterschrift so ändern, dass sie das Bild nicht mehr beschreibt. Und wir führen diese Phrasenänderungen durch.	tun
2	142.24000000000026	0.8496818542480469	führen diese Phrasenänderungen FOILing, eine Methode, die zuvor für Vision- und Sprachmodelle nur für Nomen-Phrasen von Ravi Shekhar und Mitarbeitern sowie für Zählen in unserer vorherigen Arbeit angewendet wurde. FOILing bedeutet im Wesentlichen, dass wir die Bildunterschrift nehmen und eine Folie erzeugen, indem wir die Unterschrift so ändern, dass sie das Bild nicht mehr beschreibt. Und wir führen diese Phrasenänderungen durch Fokussierung durch.	Entitätsko-referenz. Aber wie testen wir, ob die Vision- und Sprachmodelle diese Phänomene erfasst haben? Durch FOILing, eine Methode, die zuvor für Vision- und Sprachmodelle nur für Nomen-Phrasen von Ravi Shekhar und Mitarbeitern sowie für Zählen in unserer vorherigen Arbeit angewendet wurde. FOILing bedeutet im Wesentlichen, dass wir die Bildunterschrift nehmen und eine Folie erzeugen, indem wir die Unterschrift so ändern, dass sie das Bild nicht mehr beschreibt. Und wir führen diese Phrasenänderungen durch.
2	143.36000000000027	0.7391660213470459	auf sechs spezifische	FOILing, eine Methode, die zuvor für Vision- und Sprachmodelle nur für Nomen-Phrasen von Ravi Shekhar und Mitarbeitern sowie für Zählen in unserer vorherigen Arbeit angewendet wurde. FOILing bedeutet im Wesentlichen, dass wir die Bildunterschrift nehmen und eine Folie erzeugen, indem wir die Unterschrift so ändern, dass sie das Bild nicht mehr beschreibt. Und wir führen diese Phrasenänderungen durch Fokussierung durch.
2	144.48000000000027	0.9137330055236816	durch, indem wir uns Teile konzentrieren.	auf sechs spezifische
2	145.60000000000028	0.7974224090576172	Methode, die zuvor für Vision- und Sprachmodelle nur für Nomen-Phrasen von Ravi Shekhar und Mitarbeitern sowie für Zählen in unserer vorherigen Arbeit angewendet wurde. FOILing bedeutet im Wesentlichen, dass wir die Bildunterschrift nehmen und eine Folie erzeugen, indem wir die Unterschrift so ändern, dass sie das Bild nicht mehr beschreibt. Und wir führen diese Phrasenänderungen durch, indem wir uns auf sechs spezifische Teile konzentrieren, wie zum Beispiel Existenz.	konzentrieren.
2	146.72000000000028	0.8429687023162842	konzentrieren, wie Existenz, Pluralität, Zählen, räumliche Beziehungen, Aktionen und Entitätsko-referenz. Aber wie testen wir, ob die Vision- und Sprachmodelle diese Phänomene erfasst haben? Durch FOILing, eine Methode, die zuvor für Vision- und Sprachmodelle nur für Nomen-Phrasen von Ravi Shekhar und Mitarbeitern sowie für Zählen in unserer vorherigen Arbeit angewendet wurde. FOILing bedeutet im Wesentlichen, dass wir die Bildunterschrift nehmen und eine Folie erzeugen, indem wir die Unterschrift so ändern, dass sie das Bild nicht mehr beschreibt. Und wir führen diese Phrasenänderungen durch, indem wir uns auf sechs spezifische Teile konzentrieren, wie Existenz oder Pluralität.	Methode, die zuvor für Vision- und Sprachmodelle nur für Nomen-Phrasen von Ravi Shekhar und Mitarbeitern sowie für Zählen in unserer vorherigen Arbeit angewendet wurde. FOILing bedeutet im Wesentlichen, dass wir die Bildunterschrift nehmen und eine Folie erzeugen, indem wir die Unterschrift so ändern, dass sie das Bild nicht mehr beschreibt. Und wir führen diese Phrasenänderungen durch, indem wir uns auf sechs spezifische Teile konzentrieren, wie zum Beispiel Existenz.
2	147.8400000000003	0.7306365966796875		Existenz, Pluralität, Zählen, räumliche Beziehungen, Aktionen und Entitätsko-referenz. Aber wie testen wir, ob die Vision- und Sprachmodelle diese Phänomene erfasst haben? Durch FOILing, eine Methode, die zuvor für Vision- und Sprachmodelle nur für Nomen-Phrasen von Ravi Shekhar und Mitarbeitern sowie für Zählen in unserer vorherigen Arbeit angewendet wurde. FOILing bedeutet im Wesentlichen, dass wir die Bildunterschrift nehmen und eine Folie erzeugen, indem wir die Unterschrift so ändern, dass sie das Bild nicht mehr beschreibt. Und wir führen diese Phrasenänderungen durch, indem wir uns auf sechs spezifische Teile konzentrieren, wie Existenz oder Pluralität.
2	148.9600000000003	0.8783183097839355	Existenz,	
2	150.0800000000003	0.8594956398010254	Pluralität, Zählen, räumliche Beziehungen, Aktionen und Entitätsko-referenz. Aber wie testen wir, ob die Vision- und Sprachmodelle diese Phänomene erfasst haben? Durch FOILing, eine Methode, die zuvor für Vision- und Sprachmodelle nur für Nomen-Phrasen von Ravi Shekhar und Mitarbeitern sowie für Zählen in unserer vorherigen Arbeit angewendet wurde. FOILing bedeutet im Wesentlichen, dass wir die Bildunterschrift nehmen und eine Folie erzeugen, indem wir die Unterschrift so ändern, dass sie das Bild nicht mehr beschreibt. Und wir führen diese Phrasenänderungen durch, indem wir uns auf sechs spezifische Teile konzentrieren, wie Existenz, Pluralität, Zählen, räumliche Beziehungen, Aktionen und	
2	151.2000000000003	0.7319185733795166		Entitätsko-referenz. Aber wie testen wir, ob die Vision- und Sprachmodelle diese Phänomene erfasst haben? Durch FOILing, eine Methode, die zuvor für Vision- und Sprachmodelle nur für Nomen-Phrasen von Ravi Shekhar und Mitarbeitern sowie für Zählen in unserer vorherigen Arbeit angewendet wurde. FOILing bedeutet im Wesentlichen, dass wir die Bildunterschrift nehmen und eine Folie erzeugen, indem wir die Unterschrift so ändern, dass sie das Bild nicht mehr beschreibt. Und wir führen diese Phrasenänderungen durch, indem wir uns auf sechs spezifische Teile konzentrieren, wie Existenz, Pluralität, Zählen, räumliche Beziehungen, Aktionen und
2	152.3200000000003	0.6983304023742676	Vision- und Sprachmodelle nur für Nomen-Phrasen von Ravi Shekhar und Mitarbeitern sowie für Zählen in unserer vorherigen Arbeit angewendet wurde. FOILing bedeutet im Wesentlichen, dass wir die Bildunterschrift nehmen und eine Folie erzeugen, indem wir die Unterschrift so ändern, dass sie das Bild nicht mehr beschreibt. Und wir führen diese Phrasenänderungen durch, indem wir uns auf sechs spezifische Teile konzentrieren, wie Existenz, Pluralität, Zählen, räumliche Beziehungen, Aktionen und Entitätsko-referenz, wobei jeder Teil	
2	153.4400000000003	0.7064452171325684		Vision- und Sprachmodelle nur für Nomen-Phrasen von Ravi Shekhar und Mitarbeitern sowie für Zählen in unserer vorherigen Arbeit angewendet wurde. FOILing bedeutet im Wesentlichen, dass wir die Bildunterschrift nehmen und eine Folie erzeugen, indem wir die Unterschrift so ändern, dass sie das Bild nicht mehr beschreibt. Und wir führen diese Phrasenänderungen durch, indem wir uns auf sechs spezifische Teile konzentrieren, wie Existenz, Pluralität, Zählen, räumliche Beziehungen, Aktionen und Entitätsko-referenz, wobei jeder Teil
2	154.56000000000031	0.5961899757385254		
2	155.68000000000032	0.7018733024597168	aus einem Mitarbeitern sowie für Zählen in unserer vorherigen Arbeit angewendet wurde. FOILing bedeutet im Wesentlichen, dass wir die Bildunterschrift nehmen und eine Folie erzeugen, indem wir die Unterschrift so ändern, dass sie das Bild nicht mehr beschreibt. Und wir führen diese Phrasenänderungen durch, indem wir uns auf sechs spezifische Teile konzentrieren, wie Existenz, Pluralität, Zählen, räumliche Beziehungen, Aktionen und Entitätsko-referenz, wobei jeder Teil aus einem oder mehreren Instrumenten bestehen kann.	
2	156.80000000000032	0.7338733673095703		Mitarbeitern sowie für Zählen in unserer vorherigen Arbeit angewendet wurde. FOILing bedeutet im Wesentlichen, dass wir die Bildunterschrift nehmen und eine Folie erzeugen, indem wir die Unterschrift so ändern, dass sie das Bild nicht mehr beschreibt. Und wir führen diese Phrasenänderungen durch, indem wir uns auf sechs spezifische Teile konzentrieren, wie Existenz, Pluralität, Zählen, räumliche Beziehungen, Aktionen und Entitätsko-referenz, wobei jeder Teil aus einem oder mehreren Instrumenten bestehen kann.
2	157.92000000000033	0.5427670478820801	Falls wir	
2	159.04000000000033	0.6395237445831299	mehr als	
2	160.16000000000034	0.8022034168243408	ändern, dass sie das Bild nicht mehr beschreibt. Und wir führen diese Phrasenänderungen durch, indem wir uns auf sechs spezifische Teile konzentrieren, wie Existenz, Pluralität, Zählen, räumliche Beziehungen, Aktionen und Entitätsko-referenz, wobei jeder Teil aus einem oder mehreren Instrumenten bestehen kann. Falls wir mehr als einen interessanten Weg gefunden haben, um zu erstellen	
2	161.28000000000034	0.9341435432434082	einen interessanten Weg gefunden haben, um Zählen in unserer vorherigen Arbeit angewendet wurde. FOILing bedeutet im Wesentlichen, dass wir die Bildunterschrift nehmen und eine Folie erzeugen, indem wir die Unterschrift so ändern, dass sie das Bild nicht mehr beschreibt. Und wir führen diese Phrasenänderungen durch, indem wir uns auf sechs spezifische Teile konzentrieren, wie Existenz, Pluralität, Zählen, räumliche Beziehungen, Aktionen und Entitätsko-referenz, wobei jeder Teil aus einem oder mehreren Instrumenten bestehen kann. Falls wir mehr als einen interessanten Weg gefunden haben, um Folie-Instrumente zu erstellen.	ändern, dass sie das Bild nicht mehr beschreibt. Und wir führen diese Phrasenänderungen durch, indem wir uns auf sechs spezifische Teile konzentrieren, wie Existenz, Pluralität, Zählen, räumliche Beziehungen, Aktionen und Entitätsko-referenz, wobei jeder Teil aus einem oder mehreren Instrumenten bestehen kann. Falls wir mehr als einen interessanten Weg gefunden haben, um zu erstellen
2	162.40000000000035	0.7065796852111816	Wesentlichen, dass wir die Bildunterschrift nehmen und eine Folie erzeugen, indem wir die Unterschrift so ändern, dass sie das Bild nicht mehr beschreibt. Und wir führen diese Phrasenänderungen durch, indem wir uns auf sechs spezifische Teile konzentrieren, wie Existenz, Pluralität, Zählen, räumliche Beziehungen, Aktionen und Entitätsko-referenz, wobei jeder Teil aus einem oder mehreren Instrumenten bestehen kann. Falls wir mehr als einen interessanten Weg gefunden haben, um FOIL-Instanzen zu erstellen.	Zählen in unserer vorherigen Arbeit angewendet wurde. FOILing bedeutet im Wesentlichen, dass wir die Bildunterschrift nehmen und eine Folie erzeugen, indem wir die Unterschrift so ändern, dass sie das Bild nicht mehr beschreibt. Und wir führen diese Phrasenänderungen durch, indem wir uns auf sechs spezifische Teile konzentrieren, wie Existenz, Pluralität, Zählen, räumliche Beziehungen, Aktionen und Entitätsko-referenz, wobei jeder Teil aus einem oder mehreren Instrumenten bestehen kann. Falls wir mehr als einen interessanten Weg gefunden haben, um Folie-Instrumente zu erstellen.
2	163.52000000000035	0.8093609809875488		Wesentlichen, dass wir die Bildunterschrift nehmen und eine Folie erzeugen, indem wir die Unterschrift so ändern, dass sie das Bild nicht mehr beschreibt. Und wir führen diese Phrasenänderungen durch, indem wir uns auf sechs spezifische Teile konzentrieren, wie Existenz, Pluralität, Zählen, räumliche Beziehungen, Aktionen und Entitätsko-referenz, wobei jeder Teil aus einem oder mehreren Instrumenten bestehen kann. Falls wir mehr als einen interessanten Weg gefunden haben, um FOIL-Instanzen zu erstellen.
2	164.64000000000036	0.5881409645080566	Zum in unserer vorherigen Arbeit angewendet wurde. FOILing bedeutet im Wesentlichen, dass wir die Bildunterschrift nehmen und eine Folie erzeugen, indem wir die Unterschrift so ändern, dass sie das Bild nicht mehr beschreibt. Und wir führen diese Phrasenänderungen durch, indem wir uns auf sechs spezifische Teile konzentrieren, wie Existenz, Pluralität, Zählen, räumliche Beziehungen, Aktionen und Entitätsko-referenz, wobei jeder Teil aus einem oder mehreren Instrumenten bestehen kann. Falls wir mehr als einen interessanten Weg gefunden haben, um FOIL-Instanzen zu erstellen. Zum Beispiel im Fall von	
2	165.76000000000036	0.6947569847106934	Beispiel im Fall die Bildunterschrift nehmen und eine Folie erzeugen, indem wir die Unterschrift so ändern, dass sie das Bild nicht mehr beschreibt. Und wir führen diese Phrasenänderungen durch, indem wir uns auf sechs spezifische Teile konzentrieren, wie Existenz, Pluralität, Zählen, räumliche Beziehungen, Aktionen und Entitätsko-referenz, wobei jeder Teil aus einem oder mehreren Instrumenten bestehen kann. Falls wir mehr als einen interessanten Weg gefunden haben, um FOIL-Instanzen zu erstellen. Zum Beispiel im Fall des Teils Aktionen,	in unserer vorherigen Arbeit angewendet wurde. FOILing bedeutet im Wesentlichen, dass wir die Bildunterschrift nehmen und eine Folie erzeugen, indem wir die Unterschrift so ändern, dass sie das Bild nicht mehr beschreibt. Und wir führen diese Phrasenänderungen durch, indem wir uns auf sechs spezifische Teile konzentrieren, wie Existenz, Pluralität, Zählen, räumliche Beziehungen, Aktionen und Entitätsko-referenz, wobei jeder Teil aus einem oder mehreren Instrumenten bestehen kann. Falls wir mehr als einen interessanten Weg gefunden haben, um FOIL-Instanzen zu erstellen. Zum Beispiel im Fall von
2	166.88000000000036	0.6780664920806885	des wir führen diese Phrasenänderungen durch, indem wir uns auf sechs spezifische Teile konzentrieren, wie Existenz, Pluralität, Zählen, räumliche Beziehungen, Aktionen und Entitätsko-referenz, wobei jeder Teil aus einem oder mehreren Instrumenten bestehen kann. Falls wir mehr als einen interessanten Weg gefunden haben, um FOIL-Instanzen zu erstellen. Zum Beispiel im Fall des Aktionsteils haben wir zwei.	die Bildunterschrift nehmen und eine Folie erzeugen, indem wir die Unterschrift so ändern, dass sie das Bild nicht mehr beschreibt. Und wir führen diese Phrasenänderungen durch, indem wir uns auf sechs spezifische Teile konzentrieren, wie Existenz, Pluralität, Zählen, räumliche Beziehungen, Aktionen und Entitätsko-referenz, wobei jeder Teil aus einem oder mehreren Instrumenten bestehen kann. Falls wir mehr als einen interessanten Weg gefunden haben, um FOIL-Instanzen zu erstellen. Zum Beispiel im Fall des Teils Aktionen,
2	168.00000000000037	0.7359025478363037	Aktionsteils haben wir	wir führen diese Phrasenänderungen durch, indem wir uns auf sechs spezifische Teile konzentrieren, wie Existenz, Pluralität, Zählen, räumliche Beziehungen, Aktionen und Entitätsko-referenz, wobei jeder Teil aus einem oder mehreren Instrumenten bestehen kann. Falls wir mehr als einen interessanten Weg gefunden haben, um FOIL-Instanzen zu erstellen. Zum Beispiel im Fall des Aktionsteils haben wir zwei.
2	169.12000000000037	0.7680506706237793	zwei ändern, dass sie das Bild nicht mehr beschreibt. Und wir führen diese Phrasenänderungen durch, indem wir uns auf sechs spezifische Teile konzentrieren, wie Existenz, Pluralität, Zählen, räumliche Beziehungen, Aktionen und Entitätsko-referenz, wobei jeder Teil aus einem oder mehreren Instrumenten bestehen kann. Falls wir mehr als einen interessanten Weg gefunden haben, um FOIL-Instanzen zu erstellen. Zum Beispiel im Fall des Aktionsteils haben wir zwei Instrumente, eines davon, in dem die Aktion	
2	170.24000000000038	0.8338432312011719	Instrumente, ist Existenz, Pluralität, Zählen, räumliche Beziehungen, Aktionen und Entitätsko-referenz. Aber wie testen wir, ob die Vision- und Sprachmodelle diese Phänomene erfasst haben? Durch FOILing, eine Methode, die zuvor für Vision- und Sprachmodelle nur für Nomen-Phrasen von Ravi Shekhar und Mitarbeitern sowie für Zählen in unserer vorherigen Arbeit angewendet wurde. FOILing bedeutet im Wesentlichen, dass wir die Bildunterschrift nehmen und eine Folie erzeugen, indem wir die Unterschrift so ändern, dass sie das Bild nicht mehr beschreibt. Und wir führen diese Phrasenänderungen durch, indem wir uns auf sechs spezifische Teile konzentrieren, wie Existenz, Pluralität, Zählen, räumliche Beziehungen, Aktionen und Entitätsko-referenz, wobei jeder Teil aus einem oder mehreren Instrumenten bestehen kann. Falls wir mehr als einen interessanten Weg gefunden haben, um FOIL-Instanzen zu erstellen. Zum Beispiel im Fall des Aktionsteils haben wir zwei Instrumente, eines, in dem das Aktionsverb geändert wird.	ändern, dass sie das Bild nicht mehr beschreibt. Und wir führen diese Phrasenänderungen durch, indem wir uns auf sechs spezifische Teile konzentrieren, wie Existenz, Pluralität, Zählen, räumliche Beziehungen, Aktionen und Entitätsko-referenz, wobei jeder Teil aus einem oder mehreren Instrumenten bestehen kann. Falls wir mehr als einen interessanten Weg gefunden haben, um FOIL-Instanzen zu erstellen. Zum Beispiel im Fall des Aktionsteils haben wir zwei Instrumente, eines davon, in dem die Aktion
2	171.36000000000038	0.9385147094726562	eine Folie erzeugen, indem wir die Unterschrift so ändern, dass sie das Bild nicht mehr beschreibt. Und wir führen diese Phrasenänderungen durch, indem wir uns auf sechs spezifische Teile konzentrieren, wie Existenz, Pluralität, Zählen, räumliche Beziehungen, Aktionen und Entitätsko-referenz, wobei jeder Teil aus einem oder mehreren Instrumenten bestehen kann. Falls wir mehr als einen interessanten Weg gefunden haben, um FOIL-Instanzen zu erstellen. Zum Beispiel im Fall des Aktionsteils haben wir zwei Instrumente, eines davon, bei dem das Aktionsverb mit einem anderen Akzent geändert wird.	ist Existenz, Pluralität, Zählen, räumliche Beziehungen, Aktionen und Entitätsko-referenz. Aber wie testen wir, ob die Vision- und Sprachmodelle diese Phänomene erfasst haben? Durch FOILing, eine Methode, die zuvor für Vision- und Sprachmodelle nur für Nomen-Phrasen von Ravi Shekhar und Mitarbeitern sowie für Zählen in unserer vorherigen Arbeit angewendet wurde. FOILing bedeutet im Wesentlichen, dass wir die Bildunterschrift nehmen und eine Folie erzeugen, indem wir die Unterschrift so ändern, dass sie das Bild nicht mehr beschreibt. Und wir führen diese Phrasenänderungen durch, indem wir uns auf sechs spezifische Teile konzentrieren, wie Existenz, Pluralität, Zählen, räumliche Beziehungen, Aktionen und Entitätsko-referenz, wobei jeder Teil aus einem oder mehreren Instrumenten bestehen kann. Falls wir mehr als einen interessanten Weg gefunden haben, um FOIL-Instanzen zu erstellen. Zum Beispiel im Fall des Aktionsteils haben wir zwei Instrumente, eines, in dem das Aktionsverb geändert wird.
2	172.4800000000004	0.9665248394012451	Aktionen und Entitätsko-referenz. Aber wie testen wir, ob die Vision- und Sprachmodelle diese Phänomene erfasst haben? Durch FOILing, eine Methode, die zuvor für Vision- und Sprachmodelle nur für Nomen-Phrasen von Ravi Shekhar und Mitarbeitern sowie für Zählen in unserer vorherigen Arbeit angewendet wurde. FOILing bedeutet im Wesentlichen, dass wir die Bildunterschrift nehmen und eine Folie erzeugen, indem wir die Unterschrift so ändern, dass sie das Bild nicht mehr beschreibt. Und wir führen diese Phrasenänderungen durch, indem wir uns auf sechs spezifische Teile konzentrieren, wie Existenz, Pluralität, Zählen, räumliche Beziehungen, Aktionen und Entitätsko-referenz, wobei jeder Teil aus einem oder mehreren Instrumenten bestehen kann. Falls wir mehr als einen interessanten Weg gefunden haben, um FOIL-Instanzen zu erstellen. Zum Beispiel im Fall des Aktionsteils haben wir zwei Instrumente, eines, in dem das Aktionsverb durch ein anderes Aktionsverb ersetzt wird, und eines	eine Folie erzeugen, indem wir die Unterschrift so ändern, dass sie das Bild nicht mehr beschreibt. Und wir führen diese Phrasenänderungen durch, indem wir uns auf sechs spezifische Teile konzentrieren, wie Existenz, Pluralität, Zählen, räumliche Beziehungen, Aktionen und Entitätsko-referenz, wobei jeder Teil aus einem oder mehreren Instrumenten bestehen kann. Falls wir mehr als einen interessanten Weg gefunden haben, um FOIL-Instanzen zu erstellen. Zum Beispiel im Fall des Aktionsteils haben wir zwei Instrumente, eines davon, bei dem das Aktionsverb mit einem anderen Akzent geändert wird.
2	173.6000000000004	1.1671795845031738	eines, in dem das Aktionsverb durch ein anderes Aktionsverb ersetzt wird, und	Aktionen und Entitätsko-referenz. Aber wie testen wir, ob die Vision- und Sprachmodelle diese Phänomene erfasst haben? Durch FOILing, eine Methode, die zuvor für Vision- und Sprachmodelle nur für Nomen-Phrasen von Ravi Shekhar und Mitarbeitern sowie für Zählen in unserer vorherigen Arbeit angewendet wurde. FOILing bedeutet im Wesentlichen, dass wir die Bildunterschrift nehmen und eine Folie erzeugen, indem wir die Unterschrift so ändern, dass sie das Bild nicht mehr beschreibt. Und wir führen diese Phrasenänderungen durch, indem wir uns auf sechs spezifische Teile konzentrieren, wie Existenz, Pluralität, Zählen, räumliche Beziehungen, Aktionen und Entitätsko-referenz, wobei jeder Teil aus einem oder mehreren Instrumenten bestehen kann. Falls wir mehr als einen interessanten Weg gefunden haben, um FOIL-Instanzen zu erstellen. Zum Beispiel im Fall des Aktionsteils haben wir zwei Instrumente, eines, in dem das Aktionsverb durch ein anderes Aktionsverb ersetzt wird, und eines
2	174.7200000000004	0.8944401741027832	eines, in dem die	
2	175.8400000000004	0.44265055656433105	Akteure ausgetauscht werden.	
2	176.9600000000004	0.7552154064178467	Vision- und Sprachmodelle auf das Richtige oder konzentrieren sie sich auf Verzerrungen, wie sie in früheren Arbeiten gezeigt wurden? Um mehr Licht auf dieses Aspekt zu werfen, schlagen wir einen aufgabenagnostischeren Ansatz vor. Wir führen Valves ein, die die Sensitivität von Vision- und Sprachmodellen gegenüber spezifischen linguistischen Phänomenen testen, die sowohl die linguistische als auch die visuelle Modalität beeinflussen. Unser Ziel ist Existenz, Pluralität, Zählen, räumliche Beziehungen, Aktionen und Entitätsko-referenz. Aber wie testen wir, ob die Vision- und Sprachmodelle diese Phänomene erfasst haben? Durch FOILing, eine Methode, die zuvor für Vision- und Sprachmodelle nur für Nomen-Phrasen von Ravi Shekhar und Mitarbeitern sowie für Zählen in unserer vorherigen Arbeit angewendet wurde. FOILing bedeutet im Wesentlichen, dass wir die Bildunterschrift nehmen und eine Folie erzeugen, indem wir die Unterschrift so ändern, dass sie das Bild nicht mehr beschreibt. Und wir führen diese Phrasenänderungen durch, indem wir uns auf sechs spezifische Teile konzentrieren, wie Existenz, Pluralität, Zählen, räumliche Beziehungen, Aktionen und Entitätsko-referenz, wobei jeder Teil aus einem oder mehreren Instrumenten bestehen kann. Falls wir mehr als einen interessanten Weg gefunden haben, um FOIL-Instanzen zu erstellen. Zum Beispiel im Fall des Aktionsteils haben wir zwei Instrumente, eines, in dem das Aktionsverb durch ein anderes Aktionsverb ersetzt wird, und eines, in dem die Akteure ausgetauscht werden. Auch bei Zählen und Ko-referenz.	
2	178.0800000000004	0.7966434955596924	Teile konzentrieren, wie Existenz, Pluralität, Zählen, räumliche Beziehungen, Aktionen und Entitätsko-referenz, wobei jeder Teil aus einem oder mehreren Instrumenten bestehen kann. Falls wir mehr als einen interessanten Weg gefunden haben, um FOIL-Instanzen zu erstellen. Zum Beispiel im Fall des Aktionsteils haben wir zwei Instrumente, eines, in dem das Aktionsverb durch ein anderes Aktionsverb ersetzt wird, und eines, in dem die Akteure ausgetauscht werden. Zählen und Ko-referenz sind ebenfalls Teile, die	Vision- und Sprachmodelle auf das Richtige oder konzentrieren sie sich auf Verzerrungen, wie sie in früheren Arbeiten gezeigt wurden? Um mehr Licht auf dieses Aspekt zu werfen, schlagen wir einen aufgabenagnostischeren Ansatz vor. Wir führen Valves ein, die die Sensitivität von Vision- und Sprachmodellen gegenüber spezifischen linguistischen Phänomenen testen, die sowohl die linguistische als auch die visuelle Modalität beeinflussen. Unser Ziel ist Existenz, Pluralität, Zählen, räumliche Beziehungen, Aktionen und Entitätsko-referenz. Aber wie testen wir, ob die Vision- und Sprachmodelle diese Phänomene erfasst haben? Durch FOILing, eine Methode, die zuvor für Vision- und Sprachmodelle nur für Nomen-Phrasen von Ravi Shekhar und Mitarbeitern sowie für Zählen in unserer vorherigen Arbeit angewendet wurde. FOILing bedeutet im Wesentlichen, dass wir die Bildunterschrift nehmen und eine Folie erzeugen, indem wir die Unterschrift so ändern, dass sie das Bild nicht mehr beschreibt. Und wir führen diese Phrasenänderungen durch, indem wir uns auf sechs spezifische Teile konzentrieren, wie Existenz, Pluralität, Zählen, räumliche Beziehungen, Aktionen und Entitätsko-referenz, wobei jeder Teil aus einem oder mehreren Instrumenten bestehen kann. Falls wir mehr als einen interessanten Weg gefunden haben, um FOIL-Instanzen zu erstellen. Zum Beispiel im Fall des Aktionsteils haben wir zwei Instrumente, eines, in dem das Aktionsverb durch ein anderes Aktionsverb ersetzt wird, und eines, in dem die Akteure ausgetauscht werden. Auch bei Zählen und Ko-referenz.
2	179.20000000000041	0.9692857265472412	Zählen, räumliche Beziehungen, Aktionen und Entitätsko-referenz, wobei jeder Teil aus einem oder mehreren Instrumenten bestehen kann. Falls wir mehr als einen interessanten Weg gefunden haben, um FOIL-Instanzen zu erstellen. Zum Beispiel im Fall des Aktionsteils haben wir zwei Instrumente, eines, in dem das Aktionsverb durch ein anderes Aktionsverb ersetzt wird, und eines, in dem die Akteure ausgetauscht werden. Auch Zählen und Ko-referenz sind Teile, die mehr als ein Instrument haben.	Teile konzentrieren, wie Existenz, Pluralität, Zählen, räumliche Beziehungen, Aktionen und Entitätsko-referenz, wobei jeder Teil aus einem oder mehreren Instrumenten bestehen kann. Falls wir mehr als einen interessanten Weg gefunden haben, um FOIL-Instanzen zu erstellen. Zum Beispiel im Fall des Aktionsteils haben wir zwei Instrumente, eines, in dem das Aktionsverb durch ein anderes Aktionsverb ersetzt wird, und eines, in dem die Akteure ausgetauscht werden. Zählen und Ko-referenz sind ebenfalls Teile, die
2	180.32000000000042	0.9563684463500977		Zählen, räumliche Beziehungen, Aktionen und Entitätsko-referenz, wobei jeder Teil aus einem oder mehreren Instrumenten bestehen kann. Falls wir mehr als einen interessanten Weg gefunden haben, um FOIL-Instanzen zu erstellen. Zum Beispiel im Fall des Aktionsteils haben wir zwei Instrumente, eines, in dem das Aktionsverb durch ein anderes Aktionsverb ersetzt wird, und eines, in dem die Akteure ausgetauscht werden. Auch Zählen und Ko-referenz sind Teile, die mehr als ein Instrument haben.
2	181.44000000000042	0.5881481170654297	Und wir führen diese Phrasenänderungen durch, indem wir uns auf sechs spezifische Teile konzentrieren, wie Existenz, Pluralität, Zählen, räumliche Beziehungen, Aktionen und Entitätsko-referenz, wobei jeder Teil aus einem oder mehreren Instrumenten bestehen kann. Falls wir mehr als einen interessanten Weg gefunden haben, um FOIL-Instanzen zu erstellen. Zum Beispiel im Fall des Aktionsteils haben wir zwei Instrumente, eines, in dem das Aktionsverb durch ein anderes Aktionsverb ersetzt wird, und eines, in dem die Akteure ausgetauscht werden. Auch Zählen und Ko-referenz sind Teile, die mehr als ein Instrument haben. Und wir erstellen diese.	
2	182.56000000000043	0.8209419250488281	erstellen	führen diese Phrasenänderungen durch, indem wir uns auf sechs spezifische Teile konzentrieren, wie Existenz, Pluralität, Zählen, räumliche Beziehungen, Aktionen und Entitätsko-referenz, wobei jeder Teil aus einem oder mehreren Instrumenten bestehen kann. Falls wir mehr als einen interessanten Weg gefunden haben, um FOIL-Instanzen zu erstellen. Zum Beispiel im Fall des Aktionsteils haben wir zwei Instrumente, eines, in dem das Aktionsverb durch ein anderes Aktionsverb ersetzt wird, und eines, in dem die Akteure ausgetauscht werden. Auch Zählen und Ko-referenz sind Teile, die mehr als ein Instrument haben. Und wir erstellen diese.
2	183.68000000000043	0.864443302154541	diese Folien, indem wir	
2	184.80000000000044	0.783825159072876	sicherstellen, dass sie	
2	185.92000000000044	0.7185273170471191	das Bild nicht	
2	187.04000000000045	0.9014720916748047	beschreiben,	
2	188.16000000000045	0.8822968006134033		
2	189.28000000000046	0.9181253910064697	aber	
2	190.40000000000046	0.9738326072692871	dennoch grammatikalisch und sonst gültige Sätze sind.	
2	191.52000000000046	0.6753683090209961		
2	192.64000000000047	0.8476617336273193	Das ist nicht einfach zu	
2	193.76000000000047	0.7611041069030762	tun,	
2	194.88000000000048	0.8155703544616699	da eine gefolgte Unterschrift	
2	196.00000000000048	0.7329492568969727	weniger	
2	197.1200000000005	0.7668023109436035	wahrscheinlich sein könnte als die	
2	198.2400000000005	0.6952621936798096	ursprüngliche Unterschrift.	
2	199.3600000000005	0.6391720771789551	Zum Beispiel,	
2	200.4800000000005	0.7292699813842773	obwohl es nicht	
2	201.6000000000005	0.81404709815979	unmöglich ist, ist es	
2	202.7200000000005	0.6784508228302002	statistisch	
2	203.84000000000052	0.7062206268310547		
2	204.96000000000052	0.8576316833496094	unwahrscheinlicher, dass Pflanzen	
2	206.08000000000052	0.847926139831543	einen Mann schneiden, als	
2	207.20000000000053	0.687605619430542	dass ein Mann Pflanzen	
2	208.32000000000053	0.8510773181915283		
2	209.44000000000054	0.9427540302276611	schneidet, und große Vision- und	
2	210.56000000000054	0.6566224098205566	Sprachmodelle könnten dies	
2	211.68000000000055	0.5458509922027588	erkennen.	
2	212.80000000000055	0.7005751132965088		
2	213.92000000000056	0.8584029674530029		
2	215.04000000000056	0.9734683036804199	Daher müssen	
2	216.16000000000057	0.6113543510437012	wir Maßnahmen ergreifen, um gültige Folien zu erhalten.	
2	217.28000000000057	0.5823533535003662		
2	218.40000000000057	0.6674480438232422	Erstens nutzen wir	
2	219.52000000000058	0.7697696685791016	starke	
2	220.64000000000058	0.824854850769043	Sprachmodelle, um	
2	221.7600000000006	0.6986544132232666	Folien vorzuschlagen.	
2	222.8800000000006	0.6173534393310547	Zweitens	
2	224.0000000000006	0.6778514385223389		
2	225.1200000000006	0.8640050888061523	verwenden wir natürliche	
2	226.2400000000006	1.2769100666046143		
2	227.3600000000006	1.0224320888519287	Sprachschlussfolgerung oder kurze NLI, um	
2	228.48000000000062	0.8868889808654785	Folien	
2	229.60000000000062	0.8213436603546143	zu filtern, die	
2	230.72000000000062	0.7238461971282959	das Bild möglicherweise noch	
2	231.84000000000063	0.8321671485900879	beschreiben, da	
2	232.96000000000063	0.8310997486114502	wir	
2	234.08000000000064	1.0103094577789307	beim Erstellen von Folien sicherstellen müssen, dass	
2	235.20000000000064	0.6666700839996338	sie das Bild nicht beschreiben.	
2	236.32000000000065	0.6436173915863037		
2	237.44000000000065	0.7589881420135498	Um dies automatisch zu testen,	
2	238.56000000000066	0.7387733459472656	wenden wir	
2	239.68000000000066	0.8094747066497803	natürliche Sprachschlussfolgerung	
2	240.80000000000067	0.7222959995269775	mit	
2	241.92000000000067	0.8660464286804199	folgender Begründung an.	
2	243.04000000000067	0.6578104496002197	Wir betrachten ein	
2	244.16000000000068	0.6524081230163574	Bild als	
2	245.28000000000068	0.7128844261169434		
2	246.4000000000007	0.8695855140686035	Prämisse und seine	
2	247.5200000000007	0.7733016014099121	Unterschrift als	
2	248.6400000000007	0.7891159057617188	seine implizierte Hypothese.	
2	249.7600000000007	0.7063808441162109		
2	250.8800000000007	0.8514187335968018	Zusätzlich betrachten wir die	
2	252.0000000000007	0.8255302906036377	Unterschrift als	
2	253.12000000000072	0.8582320213317871	Prämisse und die Folie als	
2	254.24000000000072	0.3213653564453125	ihre Hypothese.	
2	255.36000000000072	0.673281192779541		
2	256.4800000000007	0.9296467304229736	Wenn ein NLI-Modell	
2	257.6000000000007	0.7841541767120361	vorhersagt, dass die FOIL	
2	258.7200000000007	0.6419599056243896		
2	259.8400000000007	0.872443675994873		
2	260.9600000000007	0.903831958770752	im Widerspruch zur Unterschrift steht oder neutral bezüglich derselben ist,	
2	262.0800000000007	0.6881060600280762		
2	263.2000000000007	0.6769537925720215		
2	264.32000000000073	0.8961200714111328	nehmen wir dies als Indikator für	
2	265.44000000000074	0.3715789318084717	eine gültige FOIL.	
2	266.56000000000074	0.5932514667510986		
2	267.68000000000075	0.8062245845794678	Wenn ein	
2	268.80000000000075	1.146963357925415	NLI-Modell	
2	269.92000000000075	0.6675014495849609	vorhersagt, dass die FOIL von der Unterschrift impliziert wird,	
2	271.04000000000076	0.7308881282806396		
2	272.16000000000076	0.7807810306549072	kann sie keine gute Folie	
2	273.28000000000077	0.7249486446380615	sein, da sie	
2	274.4000000000008	0.7207555770874023		
2	275.5200000000008	1.011103630065918	durch Transitivität	
2	276.6400000000008	0.9381916522979736	eine wahrheitsgemäße Beschreibung des Bildes liefern	
2	277.7600000000008	0.7900419235229492	würde und wir	
2	278.8800000000008	0.6703522205352783	diese Folien	
2	280.0000000000008	0.7210495471954346	ausschließen.	
2	281.1200000000008	0.6949169635772705	Aber dieses Verfahren ist nicht	
2	282.2400000000008	0.7320928573608398		
2	283.3600000000008	0.9309930801391602	perfekt; es ist nur ein	
2	284.4800000000008	0.7930436134338379	Indikator für gültige	
2	285.6000000000008	0.755089521408081		
2	286.7200000000008	0.9711287021636963	Folien. Daher	
2	287.8400000000008	0.9555678367614746	dienen wir als dritte Maßnahme	
2	288.96000000000083	0.9160494804382324	zur Generierung gültiger	
2	290.08000000000084	0.7914865016937256	Folien menschlichen	
2	291.20000000000084	0.9052436351776123		
2	292.32000000000085	0.9787435531616211	Annotatoren, um die	
2	293.44000000000085	0.4409036636352539	in Valves verwendeten Daten zu validieren.	
2	294.56000000000085	0.6893970966339111		
2	295.68000000000086	0.8060364723205566	Also, nach	
2	296.80000000000086	0.8004004955291748	Filterung und menschlicher Bewertung,	
2	297.92000000000087	0.6778585910797119	haben wir	
2	299.0400000000009	0.8032238483428955	so viele	
2	300.1600000000009	0.7953126430511475	Test-Instanzen wie	
2	301.2800000000009	0.6354348659515381	in	
2	302.4000000000009	0.8390388488769531	dieser Tabelle beschrieben.	
2	303.5200000000009	0.8272149562835693	Beachten Sie, dass Valves	
2	304.6400000000009	0.7197544574737549	keine	
2	305.7600000000009	0.7631564140319824	Trainingsdaten liefert, sondern nur	
2	306.8800000000009	0.25695061683654785	Testdaten.	
2	308.0000000000009	0.7398536205291748		
2	309.1200000000009	0.900090217590332	Da es	
2	310.2400000000009	0.8610513210296631	sich um	
2	311.3600000000009	0.8829121589660645	eine Zero-Shot-Test-Benchmark handelt.	
2	312.4800000000009	0.679987907409668	Es wurde	
2	313.60000000000093	0.6481685638427734	entwickelt, um die	
2	314.72000000000094	0.5738449096679688	bestehenden	
2	315.84000000000094	0.8448605537414551	Fähigkeiten von	
2	316.96000000000095	0.9227104187011719	Vision- und Sprachmodellen	
2	318.08000000000095	0.7656309604644775	nach dem	
2	319.20000000000095	0.8686544895172119	Vortraining zu nutzen.	
2	320.32000000000096	0.7398726940155029	Feinabstimmung	
2	321.44000000000096	0.8288669586181641	würde	
2	322.56000000000097	1.0525901317596436	den Modellen lediglich ermöglichen,	
2	323.680000000001	0.9678683280944824	Artefakte oder	
2	324.800000000001	0.8741240501403809	statistische Verzerrungen	
2	325.920000000001	1.038191795349121	in den Daten	
2	327.040000000001	1.0509042739868164		
2	328.160000000001	1.2224059104919434	auszunutzen. Und wir wissen alle, dass diese Modelle gerne	
2	329.280000000001	1.0034449100494385	betrügen und Abkürzungen nehmen.	
2	330.400000000001	0.7871410846710205	Und wie	
2	331.520000000001	0.8856287002563477	gesagt, wir sind	
2	332.640000000001	0.6725585460662842	daran interessiert,	
2	333.760000000001	0.8303689956665039	welche Fähigkeiten	
2	334.880000000001	0.8619599342346191	die Vision- und Sprachmodelle	
2	336.000000000001	0.7754545211791992	nach dem	
2	337.120000000001	0.3797948360443115	Vortraining haben.	
2	338.24000000000103	0.6214148998260498		
2	339.36000000000104	0.7390925884246826	Wir experimentieren mit	
2	340.48000000000104	0.7414870262145996	fünf Vision- und	
2	341.60000000000105	0.7644002437591553	Sprachmodellen auf	
2	342.72000000000105	0.7422513961791992	Valves, nämlich	
2	343.84000000000106	0.8182485103607178	mit	
2	344.96000000000106	0.865199089050293	Clip,	
2	346.08000000000106	0.9942233562469482		
2	347.20000000000107	1.059807538986206	AlexMert, Vilbert,	
2	348.3200000000011	0.9533236026763916	Vilbert12in1 und	
2	349.4400000000011	0.8815217018127441	VisualBirt. Zwei unserer wichtigsten	
2	350.5600000000011	0.7504863739013672		
2	351.6800000000011	0.8459262847900391	Evaluationsmetriken	
2	352.8000000000011	0.8684980869293213	sind die Genauigkeit	
2	353.9200000000011	0.9083614349365234	der Modelle	
2	355.0400000000011	0.9431765079498291	bei der Klassifizierung von	
2	356.1600000000011	0.8324880599975586	Bild-Satz-Paaren in	
2	357.2800000000011	0.7187612056732178	Unterschriften und	
2	358.4000000000011	0.7501261234283447	Folien.	
2	359.5200000000011	0.8052198886871338	Vielleicht relevanter für	
2	360.6400000000011	0.6829996109008789	dieses Video werden wir	
2	361.7600000000011	0.8516390323638916	unsere	
2	362.88000000000113	0.8055524826049805		
2	364.00000000000114	1.0076954364776611	tolerantere Metrik,	
2	365.12000000000114	0.9325134754180908	die paarweise Genauigkeit,	
2	366.24000000000115	0.7954542636871338	präsentieren, die	
2	367.36000000000115	0.9787285327911377	misst, ob	
2	368.48000000000116	0.9322030544281006		
2	369.60000000000116	1.052983045578003	die Bild-Satz-Alignment-Punktzahl	
2	370.72000000000116	0.9507758617401123	für das	
2	371.84000000000117	0.9078600406646729	korrekte Bild-Text-Paar	
2	372.9600000000012	0.8713681697845459		
2	374.0800000000012	0.9381065368652344	höher ist als für sein gefolgtes Paar.	
2	375.2000000000012	0.7972421646118164	Für	
2	376.3200000000012	0.970421552658081	weitere Metriken und	
2	377.4400000000012	0.8796038627624512	Ergebnisse	
2	378.5600000000012	1.0363519191741943		
2	379.6800000000012	1.1343061923980713	zu ihnen schauen Sie sich bitte unsere Paper an. Die Ergebnisse mit paarweiser	
2	380.8000000000012	0.8507649898529053	Genauigkeit sind	
2	381.9200000000012	0.9089882373809814	hier dargestellt und sie	
2	383.0400000000012	0.9252889156341553	sind konsistent mit den	
2	384.1600000000012	0.9678165912628174	Ergebnissen, die wir aus den	
2	385.2800000000012	0.9255545139312744	anderen Metriken erhalten haben.	
2	386.4000000000012	0.8671391010284424	Ist das	
2	387.52000000000123	0.9481296539306641	die beste	
2	388.64000000000124	1.1642792224884033	Zero-Shot-Leistung, die	
2	389.76000000000124	1.0437252521514893	von Vilbert 12 in 1 erreicht	
2	390.88000000000125	0.9103457927703857	wird, gefolgt von	
2	392.00000000000125	0.8674883842468262		
2	393.12000000000126	0.9377334117889404	Vilbert,	
2	394.24000000000126	0.9949774742126465		
2	395.36000000000126	1.1466419696807861	Alex Murt Clip und schließlich Visual Bird.	
2	396.48000000000127	1.170287847518921	Es ist bemerkenswert, wie	
2	397.6000000000013	0.8543593883514404	Instrumente, die sich auf	
2	398.7200000000013	0.7607362270355225	einzelne Objekte wie	
2	399.8400000000013	0.9898500442504883	Existenz und	
2	400.9600000000013	0.9361522197723389	Nomen-Phrasen	
2	402.0800000000013	0.9672377109527588	konzentrieren, fast	
2	403.2000000000013	0.9407281875610352	vollständig von Vilbert	
2	404.3200000000013	1.093940258026123		
2	405.4400000000013	1.2154088020324707	12-in-1 gelöst werden, was darauf hinweist, dass Modelle	
2	406.5600000000013	1.029590129852295	in der Lage	
2	407.6800000000013	0.9030969142913818	sind,	
2	408.8000000000013	1.0213682651519775	benannte Objekte	
2	409.9200000000013	0.505056619644165	und deren Anwesenheit in Bildern zu identifizieren.	
2	411.0400000000013	0.7375321388244629		
2	412.16000000000133	0.849229097366333	Allerdings	
2	413.28000000000134	0.970247745513916	können keine der verbleibenden Teile	
2	414.40000000000134	0.9219963550567627	zuverlässig	
2	415.52000000000135	0.9801554679870605	in	
2	416.64000000000135	0.5870609283447266	unseren adversarischen Folie-Einstellungen gelöst werden.	
2	417.76000000000136	0.9105246067047119		
2	418.88000000000136	1.039130449295044	Wir sehen	
2	420.00000000000136	1.2146117687225342	aus den Pluralität- und Zähl-Instrumenten, dass	
2	421.12000000000137	0.8842654228210449	Vision- und Sprachmodelle	
2	422.2400000000014	0.797368049621582	Schwierigkeiten	
2	423.3600000000014	0.7642779350280762	haben,	
2	424.4800000000014	0.8648543357849121	Referenzen	
2	425.6000000000014	0.8479342460632324	auf einzelne versus mehrere	
2	426.7200000000014	0.8741095066070557	Objekte zu	
2	427.8400000000014	0.8688352108001709	unterscheiden oder	
2	428.9600000000014	0.9063150882720947	diese in einem Bild zu zählen.	
2	430.0800000000014	0.8512923717498779		
2	431.2000000000014	1.1063616275787354	Der	
2	432.3200000000014	1.1870927810668945	Beziehungsteil zeigt, dass sie Schwierigkeiten haben,	
2	433.4400000000014	0.9783775806427002		
2	434.5600000000014	1.0769219398498535	eine benannte räumliche Beziehung	
2	435.6800000000014	0.9463281631469727	zwischen Objekten	
2	436.80000000000143	1.0866577625274658	in einem Bild korrekt zu klassifizieren.	
2	437.92000000000144	0.8645279407501221	Sie haben auch	
2	439.04000000000144	0.7957875728607178	Schwierigkeiten,	
2	440.16000000000145	0.9171154499053955	Aktionen zu unterscheiden und	
2	441.28000000000145	0.8094620704650879	ihre	
2	442.40000000000146	0.924891471862793	Teilnehmer zu identifizieren,	
2	443.52000000000146	0.8975398540496826	selbst wenn sie	
2	444.64000000000146	1.1051175594329834	durch	
2	445.76000000000147	1.1927902698516846	Plausibilität-Verzerrungen unterstützt werden, wie wir	
2	446.8800000000015	0.3571436405181885	im Aktionsteil sehen.	
2	448.0000000000015	0.8459463119506836		
2	449.1200000000015	0.9099893569946289	Aus dem	
2	450.2400000000015	1.004669427871704	Ko-referenz-Teil erfahren wir, dass	
2	451.3600000000015	0.9002017974853516	das Verfolgen mehrerer	
2	452.4800000000015	0.9166791439056396	Referenzen auf	
2	453.6000000000015	1.1091148853302002	dasselbe Objekt in einem Bild	
2	454.7200000000015	0.827523946762085	durch den Einsatz von Pronomen	
2	455.8400000000015	0.7289178371429443		
2	456.9600000000015	0.9316251277923584	auch	
2	458.0800000000015	0.49524402618408203	für Vision- und Sprachmodelle schwierig ist.	
2	459.2000000000015	0.7179529666900635		
2	460.3200000000015	0.8903694152832031	Als Sanity Check und	
2	461.44000000000153	0.8879966735839844	weil es	
2	462.56000000000154	0.9072229862213135	ein interessantes Experiment ist,	
2	463.68000000000154	0.8974175453186035	bewerten wir auch	
2	464.80000000000155	0.9947421550750732	zwei	
2	465.92000000000155	1.1255788803100586		
2	467.04000000000156	1.2358381748199463		
2	468.16000000000156	1.5257477760314941	text-nur-Modelle, GPT-1 und GPT-2, um zu	
2	469.28000000000156	1.048412561416626	beurteilen, ob	
2	470.40000000000157	1.0964250564575195	Volse	
2	471.5200000000016	1.2906010150909424		
2	472.6400000000016	1.195481300354004	von diesen unimodalen Modellen lösbar ist, indem wir	
2	473.7600000000016	1.1151280403137207	die Perplexität	
2	474.8800000000016	1.0002403259277344	der korrekten und	
2	476.0000000000016	1.004676342010498	Standardunterschrift	
2	477.1200000000016	0.89205002784729		
2	478.2400000000016	1.1109271049499512	ohne Bild berechnen und	
2	479.3600000000016	1.0181293487548828		
2	480.4800000000016	1.2091858386993408	das Eintrag mit der niedrigsten Perplexität vorhersagen.	
2	481.6000000000016	0.8159897327423096	Wenn	
2	482.7200000000016	1.013371467590332	die Perplexität	
2	483.8400000000016	1.0327377319335938	für die Folie höher ist, nehmen wir	
2	484.9600000000016	0.7848150730133057	dies als	
2	486.08000000000163	0.9422388076782227		
2	487.20000000000164	0.992398738861084		
2	488.32000000000164	1.3001189231872559		
2	489.44000000000165	1.4041578769683838	Hinweis darauf, dass die gefolgte Unterschrift unter Plausibilität-Verzerrung	
2	490.56000000000165	0.91398024559021	oder anderen linguistischen	
2	491.68000000000166	0.9313504695892334	Verzerrungen leiden könnte.	
2	492.80000000000166	0.8698539733886719	Und es ist	
2	493.92000000000166	0.8798818588256836	interessant zu sehen,	
2	495.04000000000167	0.9631772041320801	dass in einigen	
2	496.1600000000017	0.9840965270996094	Fällen die	
2	497.2800000000017	1.2136600017547607	text-nur-GPT-Modelle	
2	498.4000000000017	0.9613120555877686	die	
2	499.5200000000017	0.9958896636962891	Plausibilität der Welt besser erfasst	
2	500.6400000000017	0.9402267932891846	haben als die	
2	501.7600000000017	0.3941500186920166	Vision- und Sprachmodelle.	
2	502.8800000000017	0.8407456874847412		
2	504.0000000000017	0.9900851249694824	Also, um zusammenzufassen,	
2	505.1200000000017	0.9067220687866211	ist Valves	
2	506.2400000000017	1.027939796447754	eine Benchmark, die	
2	507.3600000000017	0.9535620212554932	Linse	
2	508.4800000000017	1.0353922843933105	linguistischer	
2	509.6000000000017	1.093660831451416	Konstruktionen	
2	510.72000000000173	1.1834633350372314		
2	511.84000000000174	1.3355605602264404	nutzt, um der Gemeinschaft zu helfen, Vision- und Sprachmodelle	
2	512.9600000000017	1.0247154235839844		
2	514.0800000000017	1.194451093673706	zu verbessern, indem sie ihre	
2	515.2000000000018	0.522763729095459	visuellen Grounding-Fähigkeiten hart testen.	
2	516.3200000000018	0.8574326038360596		
2	517.4400000000018	1.0881705284118652	Unsere Experimente	
2	518.5600000000018	1.0018529891967773	zeigen, dass Vision- und Sprachmodelle	
2	519.6800000000018	0.9023551940917969		
2	520.8000000000018	1.1161746978759766	benannte Objekte	
2	521.9200000000018	1.0438308715820312		
2	523.0400000000018	1.1830687522888184	und deren Anwesenheit in Bildern gut	
2	524.1600000000018	1.0739326477050781	identifizieren, wie	
2	525.2800000000018	1.2272179126739502	vom Existenz-Teil gezeigt	
2	526.4000000000018	1.214766263961792	wird, aber scheitern	
2	527.5200000000018	1.1095118522644043	dabei, ihre	
2	528.6400000000018	1.110689640045166	Interdependenz und Beziehungen	
2	529.7600000000018	1.1731820106506348	in visuellen Szenen zu	
2	530.8800000000018	1.2285056114196777	verankern, wenn sie gezwungen	
2	532.0000000000018	1.0049569606781006	werden, linguistische	
2	533.1200000000018	1.0131750106811523	Indikatoren zu respektieren.	
2	534.2400000000018	0.9129047393798828	Wir würden	
2	535.3600000000018	1.0017035007476807	die Gemeinschaft wirklich	
2	536.4800000000018	1.1230168342590332	ermutigen,	
2	537.6000000000018	1.1530272960662842	Valves zur Messung	
2	538.7200000000018	1.0537397861480713	des Fortschritts	
2	539.8400000000019	0.9900047779083252		
2	540.9600000000019	1.144946813583374	bei der Sprache-Grounding mit	
2	542.0800000000019	1.0499446392059326	Vision- und Sprachmodellen zu	
2	543.2000000000019	1.050114631652832		
2	544.3200000000019	1.1441137790679932	verwenden. Und noch mehr, Valves könnten	
2	545.4400000000019	0.9772014617919922	als indirekte Bewertung	
2	546.5600000000019	0.9560081958770752	von Datensätzen verwendet	
2	547.6800000000019	0.9875128269195557	werden, da Modelle	
2	548.8000000000019	0.8857276439666748		
2	549.9200000000019	1.1167182922363281	vor und nach	
2	551.0400000000019	1.2811930179595947	dem Training oder Feinabstimmung	
2	552.1600000000019	1.164477825164795	evaluiert werden können, um zu sehen, ob	
2	553.2800000000019	1.0224719047546387	ein Datensatz	
2	554.4000000000019	0.9850554466247559		
2	555.5200000000019	1.1147661209106445	hilft, Modelle in	
2	556.6400000000019	1.079296588897705	irgendeinem der Aspekte zu verbessern, die	
2	557.7600000000019	0.9891409873962402	von Valves getestet werden.	
2	558.8800000000019	0.9864706993103027	Wenn Sie interessiert sind,	
2	560.0000000000019	0.9641003608703613	schauen Sie sich	
2	561.1200000000019	0.9834089279174805	die Valves-Daten	
2	562.2400000000019	1.022876262664795	auf GitHub	
2	563.360000000002	1.2042298316955566	an. Und wenn Sie Fragen haben,	
2	564.480000000002	0.9330964088439941	zögern Sie nicht, uns zu kontaktieren.	
2	565.600000000002	0.17166447639465332		
2	566.720000000002	0.17658019065856934		
2	567.8080000000019	0.5005216598510742	zu kontaktieren.	
