docid	audio_s	compute_s	generated	deleted
0	0.72	0.00011706352233886719		
0	1.44	0.03805804252624512		
0	2.16	0.2911367416381836	Ué	
0	2.88	0.3099486827850342	Olá a todos.	Ué
0	3.5999999999999996	0.30563831329345703		
0	4.319999999999999	0.2617309093475342	Hoje vou apresentar	Olá a todos.
0	5.039999999999999	0.340773344039917	nossa pesquisa.	
0	5.759999999999999	0.39082813262939453	trabalho de pesquisa: aprender a	nossa pesquisa.
0	6.479999999999999	0.6815998554229736	nosso trabalho de trabalho de pesquisa, Aprendendo a Raciocinar Dedutivamente.	trabalho de pesquisa: aprender a
0	7.199999999999998	0.5896730422973633	Dedutivamente.	trabalho de pesquisa, Aprendendo a Raciocinar Dedutivamente.
0	7.919999999999998	0.36115169525146484	Problemas do Metrô.	
0	8.639999999999999	0.1610426902770996	Aprendendo a Raciocinar Dedutivamente.	Dedutivamente. Problemas do Metrô.
0	9.36	0.16099262237548828		Aprendendo a Raciocinar Dedutivamente.
0	10.08	0.1607804298400879	Dedutivamente.	
0	10.8	0.7898058891296387	Sou o Alan.	Dedutivamente.
0	11.520000000000001	0.912569522857666	Resolver Problemas do Metro como Extração de Regiões Complexas. Sou o da Biden's	Sou o Alan.
0	12.240000000000002	0.542670726776123	Laboratório de IA de Biden e este	da Biden's
0	12.960000000000003	0.7071287631988525	Alan, do Laboratório de IA de Biden, e este é um jornal.	Laboratório de IA de Biden e este
0	13.680000000000003	0.5709669589996338	trabalho conjunto com Cheryl.	jornal.
0	14.400000000000004	0.631270170211792	Thierry, da Universidade da Universidade da Universidade da Universidade.	Cheryl.
0	15.120000000000005	0.3981637954711914	Texas.	da Universidade da Universidade da Universidade.
0	15.840000000000005	0.33948588371276855	do Texas em Austin.	Texas.
0	16.560000000000006	0.3431873321533203	Texas em Austin.	
0	17.280000000000005	0.4310574531555176	Austin. E com Weidu, da SU.	Texas em Austin.
0	18.000000000000004	0.4838383197784424	E com da Universidade do Texas em Austin. E com Weiru, da SUDD.	Austin. E com Weidu, da SU.
0	18.720000000000002	0.4026305675506592		da Universidade do Texas em Austin. E com Weiru, da SUDD.
0	19.44	0.36565494537353516	Primeiro, gostaria de falar	
0	20.16	0.5627586841583252	sobre nossa motivação.	
0	20.88	0.4941825866699219	motivação para a pesquisa.	motivação.
0	21.599999999999998	0.48717665672302246	raciocínio.	a pesquisa.
0	22.319999999999997	0.4598515033721924	o aqui	raciocínio.
0	23.039999999999996	0.4656863212585449	Então, mostramos um exemplo.	aqui
0	23.759999999999994	0.35376858711242676	exemplo onde	exemplo.
0	24.479999999999993	0.5749151706695557	múltiplos passos.	
0	25.199999999999992	0.5726737976074219	o raciocínio em múltiplos raciocínio. Então, aqui mostramos um exemplo onde o raciocínio em múltiplos passos é útil.	múltiplos passos.
0	25.91999999999999	0.3090097904205322		raciocínio. Então, aqui mostramos um exemplo onde o raciocínio em múltiplos passos é útil.
0	26.63999999999999	0.4006233215332031	Então, aqui mostramos um exemplo onde o raciocínio em múltiplos passos é útil. Esta figura foi extraída.	
0	27.35999999999999	0.45660853385925293	do	Então, aqui mostramos um exemplo onde o raciocínio em múltiplos passos é útil. Esta figura foi extraída.
0	28.079999999999988	0.5364818572998047	papel PELM.	do
0	28.799999999999986	0.581871509552002	Esta figura foi extraída do papel onde o raciocínio em múltiplos passos é útil. Esta figura foi extraída do papel PELM, onde	papel PELM.
0	29.519999999999985	0.5378966331481934	eles realizaram corretamente	onde o raciocínio em múltiplos passos é útil. Esta figura foi extraída do papel PELM, onde
0	30.239999999999984	0.44261908531188965	prompting para resolver.	realizaram corretamente
0	30.959999999999983	0.46950602531433105	realizam prompting para resolver o método.	prompting para resolver.
0	31.679999999999982	0.40587401390075684	resolver o problema do método.	método.
0	32.399999999999984	0.44884228706359863	problema do problema do método do metro em um	resolver o problema do método.
0	33.11999999999998	0.5045566558837891	método do metro em aprendizado com poucos exemplos.	problema do método do metro em um
0	33.83999999999998	0.5000605583190918	cenário de aprendizado com poucas amostras.	aprendizado com poucos exemplos.
0	34.55999999999998	0.4306974411010742	um	cenário de aprendizado com poucas amostras.
0	35.27999999999998	0.3803226947784424	NetPalphine,	
0	35.99999999999998	0.40830349922180176	lado do NetPen,	NetPalphine,
0	36.71999999999998	0.5272672176361084	Do ver se	lado do NetPen,
0	37.439999999999976	0.46096277236938477	podemos ver algumas	ver se
0	38.159999999999975	0.541865348815918	que, se exemplos.	algumas
0	38.879999999999974	0.5057082176208496	fornecermos alguns exemplos apenas com	exemplos.
0	39.59999999999997	0.43335700035095215	pergunta e resposta.	apenas com
0	40.31999999999997	0.5222570896148682	com apenas perguntas e respostas, poderíamos	pergunta e resposta.
0	41.03999999999997	0.535963773727417	talvez não consigamos	poderíamos
0	41.75999999999997	0.4796562194824219	obter o grande.	
0	42.47999999999997	0.4036076068878174	exemplos com apenas perguntas e respostas, talvez não consigamos obter as respostas corretas.	o grande.
0	43.19999999999997	0.48926448822021484	se fornecermos alguns exemplos com apenas perguntas e respostas, talvez não consigamos obter as respostas corretas. Mas se	exemplos com apenas perguntas e respostas, talvez não consigamos obter as respostas corretas.
0	43.919999999999966	0.5048377513885498	mais	se fornecermos alguns exemplos com apenas perguntas e respostas, talvez não consigamos obter as respostas corretas. Mas se
0	44.639999999999965	0.6133549213409424	fornecermos raciocínio, isso	mais
0	45.359999999999964	0.5598938465118408	respostas, talvez não consigamos obter as respostas corretas. Mas se fornecermos mais descrições de raciocínio, quanto mais	raciocínio, isso
0	46.07999999999996	0.580493688583374	descrições de raciocínio, modelo consegue	respostas, talvez não consigamos obter as respostas corretas. Mas se fornecermos mais descrições de raciocínio, quanto mais
0	46.79999999999996	0.4622533321380615	o prever.	modelo consegue
0	47.51999999999996	0.5574233531951904	descrição do raciocínio.	prever.
0	48.23999999999996	0.5491964817047119	prever a descrição do e	descrição do raciocínio.
0	48.95999999999996	0.4256303310394287	raciocínio também	e
0	49.67999999999996	0.31978487968444824	fazer	
0	50.399999999999956	0.42619752883911133	corretas. Mas se fornecermos mais descrições de raciocínio, o modelo consegue prever a descrição do raciocínio e também fazer uma previsão correta.	
0	51.119999999999955	0.4113781452178955	uma previsão aqui.	corretas. Mas se fornecermos mais descrições de raciocínio, o modelo consegue prever a descrição do raciocínio e também fazer uma previsão correta.
0	51.839999999999954	0.2549629211425781	correta	aqui.
0	52.55999999999995	0.15393829345703125		
0	53.27999999999995	0.15256428718566895		
0	53.99999999999995	0.48525142669677734	Então, é bom ter isso.	
0	54.71999999999995	0.5554211139678955	interpretável.	Então, é bom ter isso.
0	55.43999999999995	0.761939287185669	Portanto, é bom ter interpretável.	interpretável.
0	56.15999999999995	0.7048771381378174	raciocínio em múltiplos passos nosso.	interpretável.
0	56.879999999999946	0.4288053512573242	interpretável como	nosso.
0	57.599999999999945	0.38778138160705566	saída, e também	
0	58.31999999999994	0.44005465507507324	saída. E também achamos	saída, e também
0	59.03999999999994	0.5560791492462158	problemas do método	E também achamos
0	59.75999999999994	0.6182193756103516	Também é	problemas do método
0	60.47999999999994	0.6511566638946533	achamos que o problema do método e	é
0	61.19999999999994	0.5074431896209717	do metro é uma previsão correta aqui. Portanto, é bom ter raciocínio em múltiplos passos interpretável como saída. Também achamos que o problema do método do metro é uma aplicação direta.	e
0	61.91999999999994	0.48763132095336914	aplicação para avaliação.	previsão correta aqui. Portanto, é bom ter raciocínio em múltiplos passos interpretável como saída. Também achamos que o problema do método do metro é uma aplicação direta.
0	62.63999999999994	0.5365324020385742	direta para avaliar tal raciocínio.	para avaliação.
0	63.359999999999935	0.4544389247894287	raciocínio.	
0	64.07999999999994	0.26877450942993164	descrições de raciocínio, o modelo consegue prever a descrição do raciocínio e também fazer uma previsão correta aqui. Portanto, é bom ter raciocínio em múltiplos passos interpretável como saída. Também achamos que o problema do método do metro é uma aplicação direta para avaliar tal raciocínio.	raciocínio.
0	64.79999999999994	0.16051745414733887		descrições de raciocínio, o modelo consegue prever a descrição do raciocínio e também fazer uma previsão correta aqui. Portanto, é bom ter raciocínio em múltiplos passos interpretável como saída. Também achamos que o problema do método do metro é uma aplicação direta para avaliar tal raciocínio.
0	65.51999999999994	0.15157461166381836		
0	66.23999999999994	0.4893028736114502		
0	66.95999999999994	0.709911584854126	tais capacidades de raciocínio. Portanto, é bom ter raciocínio em múltiplos passos interpretável como saída. Também achamos que o problema do método do metro é uma aplicação direta para avaliar tais capacidades de raciocínio. Então, aqui no nosso problema	
0	67.67999999999994	0.543306827545166	Então, aqui problema,	Portanto, é bom ter raciocínio em múltiplos passos interpretável como saída. Também achamos que o problema do método do metro é uma aplicação direta para avaliar tais capacidades de raciocínio. Então, aqui no nosso problema
0	68.39999999999993	0.6479830741882324	dado o grafo.	problema,
0	69.11999999999993	0.6587009429931641	no nosso setup de problema, perguntas, precisamos	dado o grafo.
0	69.83999999999993	0.6010909080505371	dadas as resolver isso.	perguntas, precisamos
0	70.55999999999993	0.4414665699005127	esta pergunta e	isso.
0	71.27999999999993	0.45849156379699707	o problema do método do metro é uma aplicação direta para avaliar tais capacidades de raciocínio. Então, aqui no nosso setup de problema, dadas as perguntas, precisamos resolver esta pergunta e obter	
0	71.99999999999993	0.4381139278411865	número.	o problema do método do metro é uma aplicação direta para avaliar tais capacidades de raciocínio. Então, aqui no nosso setup de problema, dadas as perguntas, precisamos resolver esta pergunta e obter
0	72.71999999999993	0.48429203033447266	respostas numéricas.	número.
0	73.43999999999993	0.31914281845092773	as	respostas numéricas.
0	74.15999999999993	0.5629947185516357	Em nosso conjunto de dados,	
0	74.87999999999992	0.6519513130187988	capacidades de raciocínio. Então, aqui no nosso setup de problema, dadas as perguntas, precisamos resolver esta pergunta e obter as respostas numéricas. Em nossos conjuntos de dados, estamos	nosso conjunto de dados,
0	75.59999999999992	0.6837778091430664	nossos conjuntos de dados,	capacidades de raciocínio. Então, aqui no nosso setup de problema, dadas as perguntas, precisamos resolver esta pergunta e obter as respostas numéricas. Em nossos conjuntos de dados, estamos
0	76.31999999999992	0.6248247623443604	também são fornecidas raciocínio. Então, aqui no nosso setup de problema, dadas as perguntas, precisamos resolver esta pergunta e obter as respostas numéricas. Em nossos conjuntos de dados, também são fornecidas as matemáticas	
0	77.03999999999992	0.5316405296325684	matemáticas.	raciocínio. Então, aqui no nosso setup de problema, dadas as perguntas, precisamos resolver esta pergunta e obter as respostas numéricas. Em nossos conjuntos de dados, também são fornecidas as matemáticas
0	77.75999999999992	0.5900192260742188	expressões leva	matemáticas.
0	78.47999999999992	0.5590920448303223	matemáticas, à	leva
0	79.19999999999992	0.5270202159881592	que levam à	à
0	79.91999999999992	0.3766336441040039	esta pergunta e obter as respostas numéricas. Em nossos conjuntos de dados, também são fornecidas expressões matemáticas, que levam à	à
0	80.63999999999992	0.44600749015808105	particular.	esta pergunta e obter as respostas numéricas. Em nossos conjuntos de dados, também são fornecidas expressões matemáticas, que levam à
0	81.35999999999991	0.4710569381713867	resposta pergunta e obter as respostas numéricas. Em nossos conjuntos de dados, também são fornecidas expressões matemáticas, que levam à resposta particular também.	particular.
0	82.07999999999991	0.25768446922302246		pergunta e obter as respostas numéricas. Em nossos conjuntos de dados, também são fornecidas expressões matemáticas, que levam à resposta particular também.
0	82.79999999999991	0.4363117218017578	Então	
0	83.51999999999991	0.5670204162597656	numéricas. Em nossos conjuntos de dados, também são fornecidas expressões matemáticas, que levam à resposta particular também. Certas suposições.	Então
0	84.23999999999991	0.5421218872070312	Certas perguntas, precisamos resolver esta pergunta e obter as respostas numéricas. Em nossos conjuntos de dados, também são fornecidas expressões matemáticas, que levam à resposta particular também. Certas suposições	numéricas. Em nossos conjuntos de dados, também são fornecidas expressões matemáticas, que levam à resposta particular também. Certas suposições.
0	84.95999999999991	0.6005830764770508	aplicam.	perguntas, precisamos resolver esta pergunta e obter as respostas numéricas. Em nossos conjuntos de dados, também são fornecidas expressões matemáticas, que levam à resposta particular também. Certas suposições
0	85.67999999999991	0.677882194519043	também se aplicam, como nos anteriores.	aplicam.
0	86.3999999999999	0.6138899326324463	trabalho anterior.	nos anteriores.
0	87.1199999999999	0.47400522232055664	no perguntas, precisamos resolver esta pergunta e obter as respostas numéricas. Em nossos conjuntos de dados, também são fornecidas expressões matemáticas, que levam à resposta particular também. Certas suposições também se aplicam, como no trabalho anterior.	trabalho anterior.
0	87.8399999999999	0.7400343418121338	de dados, também são fornecidas expressões matemáticas, que levam à resposta particular também. Certas suposições também se aplicam, como no trabalho anterior. Assumimos a precisão do quântico.	perguntas, precisamos resolver esta pergunta e obter as respostas numéricas. Em nossos conjuntos de dados, também são fornecidas expressões matemáticas, que levam à resposta particular também. Certas suposições também se aplicam, como no trabalho anterior.
0	88.5599999999999	0.7788429260253906	Assumimos quantidades é conhecida.	de dados, também são fornecidas expressões matemáticas, que levam à resposta particular também. Certas suposições também se aplicam, como no trabalho anterior. Assumimos a precisão do quântico.
0	89.2799999999999	0.7158210277557373	que a precisão das quantidades é conhecida e nós	quantidades é conhecida.
0	89.9999999999999	0.5572054386138916	apenas	nós
0	90.7199999999999	0.532008171081543	consideramos	apenas
0	91.4399999999999	0.4928305149078369	matemáticas, que levam à resposta particular também. Certas suposições também se aplicam, como no trabalho anterior. Assumimos que a precisão das quantidades é conhecida e consideramos apenas operadores básicos.	
0	92.1599999999999	0.6381270885467529	apenas operadores matemáticas, que levam à resposta particular também. Certas suposições também se aplicam, como no trabalho anterior. Assumimos que a precisão das quantidades é conhecida e consideramos apenas operadores básicos, como adição.	matemáticas, que levam à resposta particular também. Certas suposições também se aplicam, como no trabalho anterior. Assumimos que a precisão das quantidades é conhecida e consideramos apenas operadores básicos.
0	92.8799999999999	0.5615620613098145	básicos, como adição,	matemáticas, que levam à resposta particular também. Certas suposições também se aplicam, como no trabalho anterior. Assumimos que a precisão das quantidades é conhecida e consideramos apenas operadores básicos, como adição.
0	93.5999999999999	0.5986371040344238	adição, subtração,	
0	94.3199999999999	0.6056861877441406	suposições também se aplicam, como no trabalho anterior. Assumimos que a precisão das quantidades é conhecida e consideramos apenas operadores básicos, como adição, subtração, multiplicação,	adição, subtração,
0	95.03999999999989	0.5468370914459229	divisão.	suposições também se aplicam, como no trabalho anterior. Assumimos que a precisão das quantidades é conhecida e consideramos apenas operadores básicos, como adição, subtração, multiplicação,
0	95.75999999999989	0.6264307498931885	divisão e exploração.	divisão.
0	96.47999999999989	0.5994293689727783	multiplicação, divisão e exponencial.	divisão e exploração.
0	97.19999999999989	0.24733638763427734		
0	97.91999999999989	0.5291547775268555	Certas suposições também se aplicam, como no trabalho anterior. Assumimos que a precisão das quantidades é conhecida e consideramos apenas operadores básicos, como adição, subtração, multiplicação, divisão e exponencial. Além disso, pode ser	exponencial.
0	98.63999999999989	0.5629258155822754	Além disso, complicados	Certas suposições também se aplicam, como no trabalho anterior. Assumimos que a precisão das quantidades é conhecida e consideramos apenas operadores básicos, como adição, subtração, multiplicação, divisão e exponencial. Além disso, pode ser
0	99.35999999999989	0.663536548614502	operadores podem ser atribuídos.	complicados
0	100.07999999999988	0.6516835689544678	suposições também se aplicam, como no trabalho anterior. Assumimos que a precisão das quantidades é conhecida e consideramos apenas operadores básicos, como adição, subtração, multiplicação, divisão e exponencial. Além disso, operadores complicados podem ser na verdade decompostos.	atribuídos.
0	100.79999999999988	0.6340785026550293	na verdade decompostos nesses.	suposições também se aplicam, como no trabalho anterior. Assumimos que a precisão das quantidades é conhecida e consideramos apenas operadores básicos, como adição, subtração, multiplicação, divisão e exponencial. Além disso, operadores complicados podem ser na verdade decompostos.
0	101.51999999999988	0.6126918792724609	básicos.	nesses.
0	102.23999999999988	0.5575199127197266	nesses operadores das quantidades é conhecida e consideramos apenas operadores básicos, como adição, subtração, multiplicação, divisão e exponencial. Além disso, operadores complicados podem ser na verdade decompostos nesses operadores básicos.	básicos.
0	102.95999999999988	0.40322351455688477	Então	das quantidades é conhecida e consideramos apenas operadores básicos, como adição, subtração, multiplicação, divisão e exponencial. Além disso, operadores complicados podem ser na verdade decompostos nesses operadores básicos.
0	103.67999999999988	0.1551206111907959		Então
0	104.39999999999988	0.576737642288208	Portanto, trabalhos anteriores no método	
0	105.11999999999988	0.7426941394805908	problemas do método do metro	no método
0	105.83999999999988	0.6604959964752197	em problemas do método do metro	problemas do método do metro
0	106.55999999999987	0.6568269729614258	resolução de podem	problemas do método do metro
0	107.27999999999987	0.18892765045166016		
0	107.99999999999987	0.4076039791107178		
0	108.71999999999987	0.5860922336578369	categorizados em	podem
0	109.43999999999987	0.6889910697937012	na verdade ser	categorizados em
0	110.15999999999987	0.5703372955322266	sequência para e sequência para	
0	110.87999999999987	0.7097060680389404	sequência árvore de modelos.	e sequência para
0	111.59999999999987	0.3074648380279541		
0	112.31999999999987	0.1534867286682129		árvore de modelos.
0	113.03999999999986	0.5970745086669922	Então, a sequência tradicional	
0	113.75999999999986	0.6117193698883057	para	sequência tradicional
0	114.47999999999986	0.6626729965209961	tradicional modelos. Então, a tradicional sequência-para-sequência.	para
0	115.19999999999986	0.7381312847137451	converte a exponencial	modelos. Então, a tradicional sequência-para-sequência.
0	115.91999999999986	0.8851938247680664	sequência-para-sequência converte a expressão em uma sequência.	converte a exponencial
0	116.63999999999986	0.6074347496032715	específica.	sequência.
0	117.35999999999986	0.5781722068786621	sequência para geração.	específica.
0	118.07999999999986	0.27750158309936523	específica	para geração.
0	118.79999999999986	0.5789737701416016	é bastante fácil.	
0	119.51999999999985	0.6285574436187744	E é bastante fácil de implementar.	é bastante fácil.
0	120.23999999999985	0.2784392833709717		
0	120.95999999999985	0.5230634212493896	E ela pode gerar	fácil de implementar.
0	121.67999999999985	0.6149179935455322	generalizar para	gerar
0	122.39999999999985	0.5447039604187012		
0	123.11999999999985	0.47507548332214355	muitos diferentes	generalizar para
0	123.83999999999985	0.5721328258514404		
0	124.55999999999985	0.6122848987579346	tipos de	muitos diferentes
0	125.27999999999984	0.5557460784912109	problemas complicados. problemas do método do metro podem na verdade ser categorizados em sequência para sequência e sequência para árvore de modelos. Então, a tradicional sequência-para-sequência converte a expressão em uma sequência específica para geração. E é bastante fácil de implementar. E ela pode generalizar para muitos diferentes tipos de problemas complicados.	
0	125.99999999999984	0.5868370532989502	problemas complicados. Mas a desvantagem	problemas do método do metro podem na verdade ser categorizados em sequência para sequência e sequência para árvore de modelos. Então, a tradicional sequência-para-sequência converte a expressão em uma sequência específica para geração. E é bastante fácil de implementar. E ela pode generalizar para muitos diferentes tipos de problemas complicados.
0	126.71999999999984	0.7246716022491455	Mas são o desempenho.	problemas complicados. Mas a desvantagem
0	127.43999999999984	0.6935014724731445	as desvantagens desempenho são na verdade	são o desempenho.
0	128.15999999999985	0.6603710651397705	do geralmente	desempenho são na verdade
0	128.87999999999985	0.5383589267730713	não	
0	129.59999999999985	0.6084091663360596	a expressão em uma sequência específica para geração. E é bastante fácil de implementar. E ela pode generalizar para muitos diferentes tipos de problemas complicados. Mas as desvantagens do desempenho são na verdade geralmente não melhores que a estrutura.	
0	130.31999999999985	0.6703579425811768	melhores que estruturais.	a expressão em uma sequência específica para geração. E é bastante fácil de implementar. E ela pode generalizar para muitos diferentes tipos de problemas complicados. Mas as desvantagens do desempenho são na verdade geralmente não melhores que a estrutura.
0	131.03999999999985	0.7331969738006592	os modelos modelos estruturais, e é	estruturais.
0	131.75999999999985	0.68631911277771	estruturais, e falta de	modelos estruturais, e é
0	132.47999999999985	0.6693744659423828	há interpretabilidade.	falta de
0	133.19999999999985	0.6932237148284912	para geração. E é bastante fácil de implementar. E ela pode generalizar para muitos diferentes tipos de problemas complicados. Mas as desvantagens do desempenho são na verdade geralmente não melhores que os modelos estruturais, e há falta de interpretabilidade para a previsão.	interpretabilidade.
0	133.91999999999985	0.3571956157684326		para geração. E é bastante fácil de implementar. E ela pode generalizar para muitos diferentes tipos de problemas complicados. Mas as desvantagens do desempenho são na verdade geralmente não melhores que os modelos estruturais, e há falta de interpretabilidade para a previsão.
0	134.63999999999984	0.15915155410766602		
0	135.35999999999984	0.6006481647491455	Mas na verdade, este	
0	136.07999999999984	0.7166128158569336	direção é	este
0	136.79999999999984	0.7286241054534912	essa direção muitos diferentes tipos de problemas complicados. Mas as desvantagens do desempenho são na verdade geralmente não melhores que os modelos estruturais, e há falta de interpretabilidade para a previsão. Mas na verdade, essa direção ainda é bastante popular.	direção é
0	137.51999999999984	0.6287446022033691	ainda é bastante popular porque.	muitos diferentes tipos de problemas complicados. Mas as desvantagens do desempenho são na verdade geralmente não melhores que os modelos estruturais, e há falta de interpretabilidade para a previsão. Mas na verdade, essa direção ainda é bastante popular.
0	138.23999999999984	0.5582642555236816	porque	porque.
0	138.95999999999984	0.5701174736022949		porque
0	139.67999999999984	0.6924664974212646	modelos estruturais, e há falta de interpretabilidade para a previsão. Mas na verdade, essa direção ainda é bastante popular porque, dos modelos de transformador.	
0	140.39999999999984	0.40042901039123535		modelos estruturais, e há falta de interpretabilidade para a previsão. Mas na verdade, essa direção ainda é bastante popular porque, dos modelos de transformador.
0	141.11999999999983	0.1606433391571045		
0	141.83999999999983	0.4986262321472168		
0	142.55999999999983	0.5805244445800781	Então,	
0	143.27999999999983	0.6584737300872803	em modelos estruturais, e há falta de interpretabilidade para a previsão. Mas na verdade, essa direção ainda é bastante popular porque, dos modelos de transformador. Então, em modelos baseados em árvores.	
0	143.99999999999983	0.7269742488861084	baseados em modelos estruturais, e há falta de interpretabilidade para a previsão. Mas na verdade, essa direção ainda é bastante popular porque, dos modelos de transformador. Então, em modelos baseados em árvores, na verdade	estruturais, e há falta de interpretabilidade para a previsão. Mas na verdade, essa direção ainda é bastante popular porque, dos modelos de transformador. Então, em modelos baseados em árvores.
0	144.71999999999983	0.7125544548034668	árvores, modelos estruturais, e há falta de interpretabilidade para a previsão. Mas na verdade, essa direção ainda é bastante popular porque, dos modelos de transformador. Então, em modelos baseados em árvores, nós na verdade estruturamos.	modelos estruturais, e há falta de interpretabilidade para a previsão. Mas na verdade, essa direção ainda é bastante popular porque, dos modelos de transformador. Então, em modelos baseados em árvores, na verdade
0	145.43999999999983	0.6858475208282471		modelos estruturais, e há falta de interpretabilidade para a previsão. Mas na verdade, essa direção ainda é bastante popular porque, dos modelos de transformador. Então, em modelos baseados em árvores, nós na verdade estruturamos.
0	146.15999999999983	0.767026424407959	na verdade estruturamos respostas numéricas. Em nossos conjuntos de dados, também são fornecidas expressões matemáticas, que levam à resposta particular também. Certas suposições também se aplicam, como no trabalho anterior. Assumimos que a precisão das quantidades é conhecida e consideramos apenas operadores básicos, como adição, subtração, multiplicação, divisão e exponencial. Além disso, operadores complicados podem ser na verdade decompostos nesses operadores básicos. Portanto, trabalhos anteriores em resolução de problemas do método do metro podem na verdade ser categorizados em sequência para sequência e sequência para árvore de modelos. Então, a tradicional sequência-para-sequência converte a expressão em uma sequência específica para geração. E é bastante fácil de implementar. E ela pode generalizar para muitos diferentes tipos de problemas complicados. Mas as desvantagens do desempenho são na verdade geralmente não melhores que os modelos estruturais, e há falta de interpretabilidade para a previsão. Mas na verdade, essa direção ainda é bastante popular porque, dos modelos de transformador. Então, em modelos baseados em árvores, na verdade estruturamos essas expressões em uma	
0	146.87999999999982	0.7340238094329834	essas expressões em	respostas numéricas. Em nossos conjuntos de dados, também são fornecidas expressões matemáticas, que levam à resposta particular também. Certas suposições também se aplicam, como no trabalho anterior. Assumimos que a precisão das quantidades é conhecida e consideramos apenas operadores básicos, como adição, subtração, multiplicação, divisão e exponencial. Além disso, operadores complicados podem ser na verdade decompostos nesses operadores básicos. Portanto, trabalhos anteriores em resolução de problemas do método do metro podem na verdade ser categorizados em sequência para sequência e sequência para árvore de modelos. Então, a tradicional sequência-para-sequência converte a expressão em uma sequência específica para geração. E é bastante fácil de implementar. E ela pode generalizar para muitos diferentes tipos de problemas complicados. Mas as desvantagens do desempenho são na verdade geralmente não melhores que os modelos estruturais, e há falta de interpretabilidade para a previsão. Mas na verdade, essa direção ainda é bastante popular porque, dos modelos de transformador. Então, em modelos baseados em árvores, na verdade estruturamos essas expressões em uma
0	147.59999999999982	0.7223629951477051	forma de	
0	148.31999999999982	0.82086181640625	árvore e seguimos a previsão. Mas na verdade, essa direção ainda é bastante popular porque, dos modelos de transformador. Então, em modelos baseados em árvores, na verdade estruturamos essas expressões em forma de árvore e seguimos uma ordem pré-fixa.	
0	149.03999999999982	0.7388169765472412	uma previsão. Mas na verdade, essa direção ainda é bastante popular porque, dos modelos de transformador. Então, em modelos baseados em árvores, na verdade estruturamos essas expressões em forma de árvore e seguimos uma travessia em ordem prévia.	a previsão. Mas na verdade, essa direção ainda é bastante popular porque, dos modelos de transformador. Então, em modelos baseados em árvores, na verdade estruturamos essas expressões em forma de árvore e seguimos uma ordem pré-fixa.
0	149.75999999999982	0.866058349609375	travessia em ordem em uma sequência específica para geração. E é bastante fácil de implementar. E ela pode generalizar para muitos diferentes tipos de problemas complicados. Mas as desvantagens do desempenho são na verdade geralmente não melhores que os modelos estruturais, e há falta de interpretabilidade para a previsão. Mas na verdade, essa direção ainda é bastante popular porque, dos modelos de transformador. Então, em modelos baseados em árvores, na verdade estruturamos essas expressões em forma de árvore e seguimos uma travessia em ordem prévia na geração da árvore.	previsão. Mas na verdade, essa direção ainda é bastante popular porque, dos modelos de transformador. Então, em modelos baseados em árvores, na verdade estruturamos essas expressões em forma de árvore e seguimos uma travessia em ordem prévia.
0	150.47999999999982	0.7017786502838135	prévia	em uma sequência específica para geração. E é bastante fácil de implementar. E ela pode generalizar para muitos diferentes tipos de problemas complicados. Mas as desvantagens do desempenho são na verdade geralmente não melhores que os modelos estruturais, e há falta de interpretabilidade para a previsão. Mas na verdade, essa direção ainda é bastante popular porque, dos modelos de transformador. Então, em modelos baseados em árvores, na verdade estruturamos essas expressões em forma de árvore e seguimos uma travessia em ordem prévia na geração da árvore.
0	151.19999999999982	0.7980291843414307	nas gerações de árvores.	
0	151.91999999999982	0.6717252731323242	Então, aqui	
0	152.63999999999982	0.6550507545471191	continuamos gerando	
0	153.35999999999981	0.5524332523345947	os	
0	154.0799999999998	0.7054352760314941	operadores até	
0	154.7999999999998	0.8530714511871338	chegarmos às	
0	155.5199999999998	0.43134021759033203	folhas, que são as quantidades.	
0	156.2399999999998	0.5397014617919922		
0	156.9599999999998	0.6846485137939453	Então, aqui	
0	157.6799999999998	0.6677095890045166	a boa coisa é	
0	158.3999999999998	0.6064090728759766		
0	159.1199999999998	0.7055420875549316	que	
0	159.8399999999998	0.7743823528289795	isso nos dá	
0	160.5599999999998	0.7861738204956055	realmente esta	
0	161.2799999999998	0.6975095272064209	estrutura de árvore	
0	161.9999999999998	0.6003437042236328	binária e	
0	162.7199999999998	0.6047360897064209	é	
0	163.4399999999998	0.7298648357391357	mas mas	
0	164.1599999999998	0.8003742694854736	na verdade é	
0	164.8799999999998	0.6796233654022217	bastante	
0	165.5999999999998	0.61250901222229	contra-intuitivo	
0	166.3199999999998	0.6201567649841309	porque	
0	167.0399999999998	0.5802109241485596		
0	167.7599999999998	0.6640191078186035	geramos o operador	
0	168.4799999999998	0.5608296394348145		
0	169.1999999999998	0.7732172012329102	primeiro e	
0	169.9199999999998	0.7220680713653564	então, no final, geramos	
0	170.6399999999998	0.5752854347229004		
0	171.3599999999998	0.2901902198791504	as quantidades.	
0	172.07999999999979	0.15660452842712402		
0	172.79999999999978	0.6744072437286377		
0	173.51999999999978	0.7376327514648438	E a segunda coisa é que	
0	174.23999999999978	0.5797336101531982	isso também	
0	174.95999999999978	0.5848591327667236	contém	
0	175.67999999999978	0.6102294921875		
0	176.39999999999978	0.650170087814331		
0	177.11999999999978	0.7639734745025635	alguns cálculos	
0	177.83999999999978	0.9803683757781982		
0	178.55999999999977	0.9562337398529053	repetitivos. Então, aqui, se olharmos para esta	
0	179.27999999999977	0.6543111801147461		
0	179.99999999999977	0.7296819686889648		
0	180.71999999999977	0.8808977603912354	expressão a vezes três mais três,	
0	181.43999999999977	0.786144495010376		
0	182.15999999999977	0.4551122188568115	ela é na verdade gerada duas vezes.	
0	182.87999999999977	0.5382785797119141		
0	183.59999999999977	0.5725619792938232	Mas	
0	184.31999999999977	0.7409913539886475		
0	185.03999999999976	0.8565237522125244	, na verdade, deveríamos reutilizar	
0	185.75999999999976	0.25104379653930664	os resultados.	
0	186.47999999999976	0.16467857360839844		
0	187.19999999999976	0.15426111221313477		
0	187.91999999999976	0.5183477401733398		
0	188.63999999999976	0.7106411457061768	Então,	
0	189.35999999999976	0.7079324722290039		
0	190.07999999999976	0.6808111667633057	em nossa abordagem proposta, queremos	
0	190.79999999999976	0.18532729148864746	resolver	
0	191.51999999999975	0.5501041412353516		
0	192.23999999999975	0.5850667953491211	esses	
0	192.95999999999975	0.6311600208282471	problemas	
0	193.67999999999975	0.5782530307769775	passo a	
0	194.39999999999975	0.6623597145080566	passo e	
0	195.11999999999975	0.3095076084136963	de maneira interpretável.	
0	195.83999999999975	0.5356471538543701		
0	196.55999999999975	0.7205603122711182		
0	197.27999999999975	0.766108512878418	Então, por exemplo, aqui no segundo	
0	197.99999999999974	0.5529477596282959		
0	198.71999999999974	0.5706725120544434	passo,	
0	199.43999999999974	0.541050910949707	podemos obter	
0	200.15999999999974	0.585432767868042		
0	200.87999999999974	0.6497035026550293	estes	
0	201.59999999999974	0.7171781063079834		
0	202.31999999999974	0.744152307510376	divisor, que é 27.	
0	203.03999999999974	0.5177841186523438		
0	203.75999999999974	0.7115671634674072	E	
0	204.47999999999973	0.6669914722442627	também podemos	
0	205.19999999999973	0.7245328426361084	voltar	
0	205.91999999999973	0.7395820617675781	às perguntas	
0	206.63999999999973	0.73221755027771	originais para encontrar	
0	207.35999999999973	0.5964341163635254	o	
0	208.07999999999973	0.6160933971405029		
0	208.79999999999973	0.7166321277618408	conteúdo relevante.	
0	209.51999999999973	0.6364367008209229	E	
0	210.23999999999972	0.7161812782287598	nestes passos,	
0	210.95999999999972	0.6641573905944824	obtemos	
0	211.67999999999972	0.5723390579223633	os	
0	212.39999999999972	0.26181530952453613	divisores.	
0	213.11999999999972	0.49106645584106445		
0	213.83999999999972	0.6094965934753418		
0	214.55999999999972	0.6897637844085693		
0	215.27999999999972	0.7097291946411133	E então, neste terceiro	
0	215.99999999999972	0.7427310943603516	passo,	
0	216.71999999999971	0.8042333126068115	na verdade, obtemos o	
0	217.4399999999997	0.6741015911102295		
0	218.1599999999997	0.6859843730926514	quociente,	
0	218.8799999999997	0.6153547763824463	certo, e	
0	219.5999999999997	0.600294828414917		
0	220.3199999999997	0.7395246028900146	após estes três	
0	221.0399999999997	0.7675724029541016	passos, na verdade, podemos	
0	221.7599999999997	0.6320948600769043	reutilizar	
0	222.4799999999997	0.64817214012146	os resultados	
0	223.1999999999997	0.620769739151001	do segundo	
0	223.9199999999997	0.5801723003387451	passo e então	
0	224.6399999999997	0.5443665981292725	obter	
0	225.3599999999997	0.47916436195373535	o	
0	226.0799999999997	0.529829740524292		
0	226.7999999999997	0.5874059200286865		
0	227.5199999999997	0.6247599124908447	resultado do	
0	228.2399999999997	0.6423864364624023	quarto	
0	228.9599999999997	0.5926384925842285	passo e	
0	229.6799999999997	0.6100516319274902	finalmente podemos	
0	230.3999999999997	0.5894083976745605	obter o	
0	231.1199999999997	0.5553174018859863		
0	231.8399999999997	0.2539682388305664	dividendo.	
0	232.5599999999997	0.15788698196411133		
0	233.2799999999997	0.5540337562561035		
0	233.9999999999997	0.6861395835876465	Então, aqui	
0	234.7199999999997	0.6119556427001953	na verdade	
0	235.43999999999969	0.664600133895874		
0	236.15999999999968	0.6806714534759521	geramos toda a	
0	236.87999999999968	0.6776537895202637	expressão	
0	237.59999999999968	0.6639676094055176	diretamente, em vez	
0	238.31999999999968	0.5843367576599121	de gerar	
0	239.03999999999968	0.5858800411224365	um único	
0	239.75999999999968	0.6137275695800781		
0	240.47999999999968	0.6123573780059814	operador ou quantidade.	
0	241.19999999999968	0.6383152008056641		
0	241.91999999999967	0.6716029644012451	Isso torna o	
0	242.63999999999967	0.5948634147644043	processo mais	
0	243.35999999999967	0.21667122840881348	preciso.	
0	244.07999999999967	0.1609477996826172		
0	244.79999999999967	0.5936064720153809		
0	245.51999999999967	0.7371771335601807	Então, em nosso	
0	246.23999999999967	0.6321218013763428	sistema	
0	246.95999999999967	0.7015376091003418	dedutivo,	
0	247.67999999999967	0.6761167049407959		
0	248.39999999999966	0.8035430908203125	começamos primeiro com	
0	249.11999999999966	0.7450344562530518	um monte de	
0	249.83999999999966	0.6894607543945312	quantidades apresentadas	
0	250.55999999999966	0.6475746631622314	nas	
0	251.27999999999966	0.7350091934204102	perguntas e também	
0	251.99999999999966	0.6139278411865234	incluindo algumas	
0	252.71999999999966	0.6812756061553955	constantes como	
0	253.43999999999966	0.6070065498352051		
0	254.15999999999966	0.6593234539031982	nosso	
0	254.87999999999965	0.6378006935119629	estado inicial inicial.	
0	255.59999999999965	0.5768535137176514		
0	256.31999999999965	0.6811730861663818	A	
0	257.0399999999997	0.7289259433746338	expressão é	
0	257.7599999999997	0.7201769351959229	representada por	
0	258.47999999999973	0.30762147903442383	Eij OP.	
0	259.19999999999976	0.15861916542053223		
0	259.9199999999998	0.6689176559448242		
0	260.6399999999998	0.7575700283050537	Onde realizamos	
0	261.35999999999984	0.6534392833709717		
0	262.07999999999987	0.7815566062927246		
0	262.7999999999999	0.7589590549468994	o operador de QI a	
0	263.5199999999999	0.6991426944732666		
0	264.23999999999995	0.8455922603607178	QJ, e tal	
0	264.96	0.7202014923095703	expressão é na verdade	
0	265.68	0.6431233882904053	direcionada.	
0	266.40000000000003	0.6091487407684326	Então,	
0	267.12000000000006	0.7087376117706299	também temos	
0	267.8400000000001	0.7283005714416504		
0	268.5600000000001	0.7692110538482666	subtração	
0	269.28000000000014	0.8030776977539062	reversa	
0	270.00000000000017	0.7952072620391846	aqui para representar a	
0	270.7200000000002	0.6836011409759521	direção oposta.	
0	271.4400000000002	0.6952500343322754	Isso é	
0	272.16000000000025	0.6888926029205322	bastante semelhante	
0	272.8800000000003	0.6739189624786377		
0	273.6000000000003	0.6929571628570557	à extração de relações.	
0	274.32000000000033	0.662790060043335		
0	275.04000000000036	0.8050544261932373	Então, em um	
0	275.7600000000004	0.3078482151031494	sistema dedutivo formal,	
0	276.4800000000004	0.7435550689697266		
0	277.20000000000044	0.56522536277771		
0	277.92000000000047	0.7255778312683105	no tempo	
0	278.6400000000005	0.7115106582641602	t,	
0	279.3600000000005	0.6576318740844727	aplicamos	
0	280.08000000000055	0.611102819442749	o operador entre	
0	280.8000000000006	0.6978611946105957	o	
0	281.5200000000006	0.6686038970947266		
0	282.24000000000063	0.7932677268981934	par qi e qj e	
0	282.96000000000066	0.7025315761566162	então	
0	283.6800000000007	0.7370047569274902	obtemos	
0	284.4000000000007	0.7464840412139893	esta nova expressão.	
0	285.12000000000074	0.6056528091430664	Adicionamos	
0	285.84000000000077	0.5125560760498047	ao	
0	286.5600000000008	0.5834052562713623		
0	287.2800000000008	0.6893143653869629	próximo	
0	288.00000000000085	0.7443885803222656	estado para se tornar	
0	288.7200000000009	0.28661608695983887	uma nova quantidade.	
0	289.4400000000009	0.15491795539855957		
0	290.16000000000093	0.5391287803649902		
0	290.88000000000096	0.6813638210296631	Então,	
0	291.600000000001	0.7165727615356445		
0	292.320000000001	0.7354476451873779		
0	293.04000000000104	0.8121461868286133	estes slides na verdade visualizam a evolução	
0	293.76000000000107	0.6033494472503662		
0	294.4800000000011	0.641467809677124	dos	
0	295.2000000000011	0.6848049163818359	estados onde	
0	295.92000000000115	0.7194242477416992	continuamos adicionando	
0	296.6400000000012	0.722836971282959		
0	297.3600000000012	0.6994328498840332	expressões	
0	298.08000000000123	0.6228704452514648	aos estados atuais.	
0	298.80000000000126	0.6329944133758545		
0	299.5200000000013	0.7435500621795654	Então,	
0	300.2400000000013	0.7560172080993652		
0	300.96000000000134	0.8956480026245117	em nossas implementações de modelo,	
0	301.68000000000137	0.865778923034668	primeiro usamos um	
0	302.4000000000014	0.7727022171020508	modelo de linguagem	
0	303.1200000000014	0.780019998550415	pré-treinado que pode	
0	303.84000000000145	0.6824381351470947	ser birds ou	
0	304.5600000000015	0.6987521648406982	robot	
0	305.2800000000015	0.8388609886169434	heads, e então	
0	306.00000000000153	0.7263555526733398	codificamos uma	
0	306.72000000000156	0.7231550216674805	frase e então	
0	307.4400000000016	0.6950819492340088		
0	308.1600000000016	0.8374731540679932	obtemos	
0	308.88000000000164	0.35715603828430176	estas representações de quantidade.	
0	309.60000000000167	0.15837931632995605		
0	310.3200000000017	0.9100785255432129		
0	311.0400000000017	0.5617051124572754	Então, assim que obtemos a representação de quantidade,	
0	311.76000000000175	0.5534951686859131		
0	312.4800000000018	0.6378958225250244		
0	313.2000000000018	0.7412798404693604	podemos começar a fazer	
0	313.92000000000183	0.7832396030426025	inferência.	
0	314.64000000000186	0.7056653499603271	Aqui mostramos um	
0	315.3600000000019	0.675628662109375	exemplo de	
0	316.0800000000019	0.6370632648468018		
0	316.80000000000194	0.7190244197845459	Q1 para	
0	317.52000000000197	0.7797229290008545	obter a	
0	318.240000000002	0.8099274635314941	representação para Q1	
0	318.960000000002	0.6877059936523438	dividido por	
0	319.68000000000205	0.775468111038208	Q2 e	
0	320.4000000000021	0.3240494728088379	depois vezes Q3.	
0	321.1200000000021	0.16827893257141113		
0	321.84000000000214	0.6492831707000732		
0	322.56000000000216	0.6752462387084961	Primeiro, obtemos	
0	323.2800000000022	0.6714186668395996	o	
0	324.0000000000022	0.6276233196258545	par	
0	324.72000000000224	0.7239401340484619	representação, que	
0	325.44000000000227	0.7259721755981445	é basicamente	
0	326.1600000000023	0.6647541522979736	apenas a	
0	326.8800000000023	0.7300868034362793		
0	327.60000000000235	0.7854807376861572	concatenação entre	
0	328.3200000000024	0.7754430770874023	Q1 e	
0	329.0400000000024	0.767686128616333	Q2, e então	
0	329.76000000000244	0.7207193374633789	aplicamos	
0	330.48000000000246	0.7401056289672852	uma rede	
0	331.2000000000025	0.7478654384613037	feedforward, que é	
0	331.9200000000025	0.610579252243042	pr	
0	332.64000000000254	0.6782567501068115	parametrizada	
0	333.3600000000026	0.6220777034759521	pelo operador.	
0	334.0800000000026	0.1563568115234375		
0	334.8000000000026	0.7456541061401367		
0	335.52000000000265	0.9028544425964355	E então finalmente obtemos	
0	336.2400000000027	0.7496926784515381	a representação da	
0	336.9600000000027	0.7723217010498047	expressão	
0	337.68000000000274	0.8147182464599609	q1 dividido por	
0	338.40000000000276	0.2710549831390381	q2.	
0	339.1200000000028	0.7188997268676758		
0	339.8400000000028	0.7830564975738525		
0	340.56000000000284	0.8448035717010498		
0	341.2800000000029	0.8448150157928467	Mas	
0	342.0000000000029	0.981820821762085	, na verdade , na	
0	342.7200000000029	0.8546469211578369	prática, na etapa de inferência, nós	
0	343.44000000000295	0.666114330291748		
0	344.160000000003	0.7209320068359375	poderíamos	
0	344.880000000003	0.7121829986572266	obter a	
0	345.60000000000304	0.6498394012451172	representação	
0	346.32000000000306	0.7118425369262695	incorreta	
0	347.0400000000031	0.6989789009094238		
0	347.7600000000031	0.31999659538269043	também expressão incorreta.	
0	348.48000000000314	0.15977859497070312		
0	349.2000000000032	0.6080701351165771		
0	349.9200000000032	0.7301969528198242	Então, aqui	
0	350.6400000000032	0.7397201061248779	todas as	
0	351.36000000000325	0.6287877559661865		
0	352.0800000000033	0.2670762538909912	possíveis expressões	
0	352.8000000000033	0.6481730937957764		
0	353.52000000000334	0.7377233505249023	é igual	
0	354.24000000000336	0.7426426410675049	a três	
0	354.9600000000034	0.7240324020385742	vezes o número de	
0	355.6800000000034	0.23020410537719727	operadores.	
0	356.40000000000344	0.7421560287475586		
0	357.1200000000035	0.7513504028320312	Então, a coisa	
0	357.8400000000035	0.6682040691375732	boa aqui é	
0	358.5600000000035	0.6305496692657471	que	
0	359.28000000000355	0.6946675777435303	podemos facilmente	
0	360.0000000000036	0.675133466720581	adicionar	
0	360.7200000000036	0.7323155403137207	restrições	
0	361.44000000000364	0.6959738731384277	para controlar	
0	362.16000000000366	0.7505066394805908	esta	
0	362.8800000000037	0.7252962589263916	busca este	
0	363.6000000000037	0.8117785453796387	espaço de busca.	
0	364.32000000000374	0.7342870235443115	Por exemplo, se	
0	365.0400000000038	0.6649222373962402	esta expressão	
0	365.7600000000038	0.7435221672058105	não é	
0	366.4800000000038	0.7192609310150146	permitida, podemos	
0	367.20000000000385	0.6963989734649658	simplesmente	
0	367.9200000000039	0.6760561466217041		
0	368.6400000000039	0.8536946773529053	remover esta	
0	369.36000000000394	0.38780879974365234	expressão em nosso espaço de busca.	
0	370.08000000000396	0.7086074352264404		
0	370.800000000004	0.7392878532409668	Então, no	
0	371.520000000004	0.8077516555786133	segundo	
0	372.24000000000404	0.8934612274169922	passo, fazemos	
0	372.9600000000041	0.8921489715576172	a mesma coisa, mas a única	
0	373.6800000000041	0.6474001407623291	diferença é	
0	374.4000000000041	0.5690224170684814	que	
0	375.12000000000415	0.6760554313659668		
0	375.8400000000042	0.7685813903808594	a única	
0	376.5600000000042	0.7602078914642334	diferença é um	
0	377.28000000000424	0.6395623683929443	mais	
0	378.00000000000426	0.9474620819091797	quantidade.	
0	378.7200000000043	0.6959950923919678	Então, esta quantidade	
0	379.4400000000043	0.639096736907959		
0	380.16000000000435	0.738217830657959	vem do	
0	380.8800000000044	0.7087020874023438		
0	381.6000000000044	0.327742338180542	cálculo de expressão anterior.	
0	382.3200000000044	0.16889429092407227		
0	383.04000000000445	0.6337676048278809		
0	383.7600000000045	0.7255997657775879	Então, finalmente	
0	384.4800000000045	0.6756360530853271	podemos obter	
0	385.20000000000454	0.6704699993133545		
0	385.92000000000456	0.7507600784301758	esta expressão	
0	386.6400000000046	0.716097354888916	final	
0	387.3600000000046	0.7209255695343018		
0	388.08000000000465	0.35997605323791504	Q3 vezes Q4.	
0	388.8000000000047	0.5920741558074951		
0	389.5200000000047	0.6961917877197266	E	
0	390.2400000000047	0.7831487655639648	também podemos ver o	
0	390.96000000000475	0.7998754978179932	número de	
0	391.6800000000048	0.7713940143585205	todas as	
0	392.4000000000048	0.7309622764587402		
0	393.12000000000484	0.7925691604614258	expressões possíveis é	
0	393.84000000000486	0.6956264972686768	diferente do	
0	394.5600000000049	0.6735296249389648	passo anterior.	
0	395.2800000000049	0.7034862041473389		
0	396.00000000000495	0.7190365791320801	Então, tal	
0	396.720000000005	0.732323408126831		
0	397.440000000005	0.8026471138000488		
0	398.160000000005	0.9222404956817627	diferença	
0	398.88000000000505	0.9285597801208496	torna difícil aplicar a busca em feixe porque	
0	399.6000000000051	0.7626357078552246		
0	400.3200000000051	0.801943302154541	a distribuição de	
0	401.04000000000514	0.7685408592224121	probabilidade entre	
0	401.76000000000516	0.642737627029419	estes dois	
0	402.4800000000052	0.8084836006164551	passos	
0	403.2000000000052	0.38254213333129883	é desequilibrada.	
0	403.92000000000525	0.1570725440979004		
0	404.6400000000053	0.17325115203857422		
0	405.3600000000053	0.6824657917022705		
0	406.0800000000053	0.8025319576263428	Então, o	
0	406.80000000000535	0.7794668674468994	procedimento de treinamento é	
0	407.5200000000054	0.7954881191253662	semelhante ao treinamento	
0	408.2400000000054	0.7579071521759033	de	
0	408.96000000000544	0.8785557746887207	um modelo	
0	409.68000000000546	0.9374923706054688	sequência-para-sequência onde	
0	410.4000000000055	0.8003578186035156	otimizamos a	
0	411.1200000000055	0.8076832294464111	perda em cada	
0	411.84000000000555	0.7292373180389404	passo de	
0	412.5600000000056	0.8414897918701172		
0	413.2800000000056	0.8761765956878662	tempo, e aqui também usamos	
0	414.0000000000056	0.6843202114105225	este	
0	414.72000000000565	0.6745173931121826	tau para representar	
0	415.4400000000057	0.5742216110229492		
0	416.1600000000057	0.7081403732299805	quando	
0	416.88000000000574	0.5958378314971924	devemos	
0	417.60000000000576	0.5990457534790039	terminar	
0	418.3200000000058	0.7544407844543457	este	
0	419.0400000000058	0.2983510494232178	processo de geração.	
0	419.76000000000585	0.16200804710388184		
0	420.4800000000059	0.6930797100067139		
0	421.2000000000059	0.7234621047973633	E aqui o espaço	
0	421.9200000000059	0.6730058193206787	é	
0	422.64000000000595	0.7371859550476074	diferente	
0	423.360000000006	0.8110353946685791	de	
0	424.080000000006	0.8127555847167969		
0	424.80000000000604	0.8003380298614502		
0	425.52000000000606	0.9053380489349365	sequência para sequência porque o espaço é	
0	426.2400000000061	0.8064761161804199	diferente em	
0	426.9600000000061	0.8247332572937012	cada passo de tempo	
0	427.68000000000615	0.8386878967285156	enquanto no tradicional	
0	428.4000000000062	0.7056596279144287		
0	429.1200000000062	0.857205867767334	modelo sequência para sequência	
0	429.8400000000062	0.8421576023101807	é o	
0	430.56000000000626	0.370922327041626	número de vocabulário.	
0	431.2800000000063	0.16901350021362305		
0	432.0000000000063	0.1733691692352295		
0	432.72000000000634	0.7221498489379883		
0	433.44000000000636	0.766120195388794	E também	
0	434.1600000000064	0.7664875984191895		
0	434.8800000000064	0.3649027347564697	permite impor certas restrições.	
0	435.60000000000645	0.7039594650268555		
0	436.3200000000065	0.7829959392547607	De prior	
0	437.0400000000065	0.29346561431884766	de conhecimento anterior.	
0	437.7600000000065	0.17337560653686523		
0	438.48000000000656	0.7644035816192627		
0	439.2000000000066	0.8305847644805908	Então,	
0	439.9200000000066	0.824944257736206	conduzimos experimentos	
0	440.64000000000664	0.7614893913269043		
0	441.36000000000666	0.8376309871673584		
0	442.0800000000067	1.0127687454223633		
0	442.8000000000067	1.185257911682129		
0	443.52000000000675	1.1852202415466309	no método de problemas de conjuntos de dados comumente usados,	
0	444.2400000000068	0.8735263347625732		
0	444.9600000000068	0.9828357696533203	MAWPS,	
0	445.6800000000068	1.0167655944824219	Math23K,	
0	446.40000000000686	0.7653200626373291		
0	447.1200000000069	0.3610398769378662	MathQA e SWAM.	
0	447.8400000000069	0.17053484916687012		
0	448.56000000000694	0.7443125247955322		
0	449.28000000000696	0.9013962745666504	E aqui brevemente	
0	450.000000000007	0.8081784248352051	mostramos	
0	450.720000000007	0.8272051811218262	os resultados	
0	451.44000000000705	0.7567300796508789	comparados	
0	452.1600000000071	0.8014771938323975	com	
0	452.8800000000071	0.3678905963897705	as abordagens anteriores melhores.	
0	453.6000000000071	0.7489116191864014		
0	454.32000000000716	0.850886344909668	Então,	
0	455.0400000000072	0.8381838798522949		
0	455.7600000000072	0.9808588027954102		
0	456.48000000000724	0.9703760147094727	nossa variante de melhor desempenho é	
0	457.20000000000726	0.7712655067443848	Roberta Deductive	
0	457.9200000000073	0.8298304080963135		
0	458.6400000000073	1.103754997253418	Reasoner, e na	
0	459.36000000000735	0.9717850685119629		
0	460.0800000000074	0.972736120223999	verdade não usamos	
0	460.8000000000074	1.065309762954712	Busca em	
0	461.5200000000074	0.5538601875305176	Feixe em contraste, abordagens óbvias.	
0	462.24000000000746	0.84433913230896		
0	462.9600000000075	0.7147574424743652		
0	463.6800000000075	0.5718271732330322		
0	464.40000000000754	0.9370741844177246	Usando Busca em Feixe.	
0	465.12000000000756	0.7252030372619629	Certo.	
0	465.8400000000076	0.680412769317627		
0	466.5600000000076	0.8091399669647217	Então,	
0	467.28000000000765	0.8223943710327148	as melhores	
0	468.0000000000077	0.8199524879455566	abordagens são	
0	468.7200000000077	0.8689203262329102	frequentemente	
0	469.44000000000773	0.36191272735595703	modelos baseados em árvores.	
0	470.16000000000776	0.16981077194213867		
0	470.8800000000078	0.1776418685913086		
0	471.6000000000078	0.1790599822998047		
0	472.32000000000784	0.6742451190948486		
0	473.04000000000786	0.8844611644744873	Então,	
0	473.7600000000079	0.9198348522186279		
0	474.4800000000079	0.9134838581085205	como um todo, nosso reasoner é capaz de	
0	475.20000000000795	0.7170963287353516		
0	475.920000000008	0.6783466339111328		
0	476.640000000008	0.7035131454467773	selecionar	
0	477.36000000000803	0.7020690441131592	significativamente	
0	478.08000000000806	0.8201744556427002	superar	
0	478.8000000000081	0.7856752872467041	este modelo	
0	479.5200000000081	0.7559549808502197	baseado em	
0	480.24000000000814	0.7994430065155029	árvores mas podemos	
0	480.96000000000816	0.786872148513794	ver o	
0	481.6800000000082	0.6853835582733154	número	
0	482.4000000000082	0.7809488773345947	absoluto uh	
0	483.12000000000825	0.7985355854034424	no	
0	483.8400000000083	0.8244867324829102	Math	
0	484.5600000000083	0.8926141262054443	ou SWAM não	
0	485.28000000000833	0.8160467147827148	são realmente altos.	
0	486.00000000000836	0.7236700057983398	Então,	
0	486.7200000000084	0.8843872547149658	investigamos	
0	487.4400000000084	0.39939427375793457	mais os resultados em SWAM.	
0	488.16000000000844	0.6943118572235107		
0	488.88000000000847	0.7910232543945312	E	
0	489.6000000000085	0.9223971366882324	este conjunto de dados é	
0	490.3200000000085	0.8683924674987793	desafiador porque o	
0	491.04000000000855	0.6810979843139648	autor	
0	491.7600000000086	0.7506723403930664	tentou	
0	492.4800000000086	0.6991574764251709	uh manualmente	
0	493.20000000000863	0.7782793045043945	re	
0	493.92000000000866	0.7883169651031494	uh adicionar	
0	494.6400000000087	0.8584606647491455	algo para	
0	495.3600000000087	0.8498988151550293	confundir o	
0	496.08000000000874	0.8215961456298828	modelo NLP como tal	
0	496.80000000000877	0.6880228519439697	adicionar	
0	497.5200000000088	0.7025351524353027		
0	498.2400000000088	0.7810242176055908	informações	
0	498.96000000000885	0.8309383392333984	ambientais e	
0	499.6800000000089	0.295302152633667	quantidades extras.	
0	500.4000000000089	0.6532471179962158		
0	501.12000000000893	0.7938308715820312	Então,	
0	501.84000000000896	0.765817403793335	em nossa previsão	
0	502.560000000009	0.7534990310668945	encontramos alguns	
0	503.280000000009	0.7591891288757324	dos	
0	504.00000000000904	0.8505690097808838	valores	
0	504.72000000000907	0.8427734375	intermediários são na verdade negativos.	
0	505.4400000000091	0.1715073585510254		
0	506.1600000000091	0.6634771823883057		
0	506.88000000000915	0.7189459800720215	Por	
0	507.6000000000092	0.797330379486084	exemplo,	
0	508.3200000000092	0.739680290222168		
0	509.04000000000923	0.9654223918914795	nesta pergunta, estamos	
0	509.76000000000926	0.9257068634033203	perguntando	
0	510.4800000000093	0.8899242877960205	quantas maçãs o	
0	511.2000000000093	0.8123054504394531	Jake	
0	511.92000000000934	0.8697919845581055	tem, mas temos	
0	512.6400000000093	0.7444782257080078	algumas informações	
0	513.3600000000093	0.7819924354553223	extras como	
0	514.0800000000094	0.794835090637207	17	
0	514.8000000000094	0.7540004253387451	poucos	
0	515.5200000000094	0.9005386829376221		
0	516.2400000000094	0.9971644878387451	pitches, e Steven tem	
0	516.9600000000095	0.8682994842529297		
0	517.6800000000095	0.9580628871917725	oito pitches, que é totalmente	
0	518.4000000000095	0.30554628372192383	irrelevante.	
0	519.1200000000096	0.8257572650909424		
0	519.8400000000096	0.9250915050506592	Então, nosso modelo	
0	520.5600000000096	0.8668053150177002	faz	
0	521.2800000000096	0.9100625514984131	algumas	
0	522.0000000000097	0.9269661903381348	uh previsão como esta, que é	
0	522.7200000000097	0.7887368202209473	uh	
0	523.4400000000097	0.8274142742156982		
0	524.1600000000097	0.37143611907958984	pr produzindo valores negativos.	
0	524.8800000000098	0.6799914836883545		
0	525.6000000000098	0.7814278602600098	E	
0	526.3200000000098	0.8487856388092041	observamos	
0	527.0400000000099	0.8753266334533691	estes dois	
0	527.7600000000099	0.8622980117797852	representam uh	
0	528.4800000000099	0.9192533493041992	estas duas	
0	529.2000000000099	0.9843623638153076	expressões na verdade	
0	529.92000000001	0.8782455921173096	têm pontuações similares.	
0	530.64000000001	0.7317798137664795		
0	531.36000000001	0.8036463260650635	Então, podemos	
0	532.08000000001	0.723651647567749	na verdade	
0	532.8000000000101	0.8697800636291504	limitar	
0	533.5200000000101	0.7978034019470215	este espaço de	
0	534.2400000000101	0.7689621448516846	busca removendo	
0	534.9600000000102	0.7509307861328125	como	
0	535.6800000000102	0.807368278503418	aqueles	
0	536.4000000000102	0.30394554138183594	resultados são negativos.	
0	537.1200000000102	0.8061580657958984		
0	537.8400000000103	0.8257160186767578		
0	538.5600000000103	0.9355933666229248	Então, que podemos fazer o	
0	539.2800000000103	0.8199243545532227	uh uh	
0	540.0000000000103	0.7904489040374756	fazer a	
0	540.7200000000104	0.27144527435302734	resposta correta.	
0	541.4400000000104	0.16704654693603516		
0	542.1600000000104	0.16305041313171387		
0	542.8800000000105	0.6655459403991699		
0	543.6000000000105	0.7230069637298584		
0	544.3200000000105	0.785247802734375	Então, uh	
0	545.0400000000105	0.8345293998718262	encontramos mais	
0	545.7600000000106	0.897014856338501	tais	
0	546.4800000000106	0.8910925388336182	restrições na verdade	
0	547.2000000000106	0.7689311504364014	melhoram uh	
0	547.9200000000106	0.7065620422363281	bastante	
0	548.6400000000107	0.6884369850158691	para	
0	549.3600000000107	0.7669672966003418		
0	550.0800000000107	0.8673341274261475	alguns	
0	550.8000000000108	0.9758191108703613		
0	551.5200000000108	1.0319881439208984	modelos. Por exemplo, para birds, melhoramos	
0	552.2400000000108	0.7600700855255127	sete	
0	552.9600000000108	0.7822902202606201	pontos e	
0	553.6800000000109	0.8325488567352295		
0	554.4000000000109	0.9520342350006104	então para o	
0	555.1200000000109	0.9809427261352539	modelo baseado em Roberta, na verdade	
0	555.840000000011	0.8640763759613037	melhoramos	
0	556.560000000011	0.7973222732543945	dois uh pontos.	
0	557.280000000011	0.8413858413696289		
0	558.000000000011	0.9214739799499512	Então, melhor modelo de linguagem	
0	558.720000000011	0.8084311485290527	tem	
0	559.4400000000111	0.8756906986236572		
0	560.1600000000111	0.946744441986084		
0	560.8800000000111	1.0109307765960693	uma melhor capacidade de compreensão de linguagem para que	
0	561.6000000000112	0.7483565807342529	o	
0	562.3200000000112	0.7605106830596924		
0	563.0400000000112	0.8523061275482178	número uh aqui é	
0	563.7600000000112	0.8001422882080078	uh	
0	564.4800000000113	0.8373539447784424	maior para Roberta e	
0	565.2000000000113	0.8266913890838623	menor para	
0	565.9200000000113	0.8061280250549316		
0	566.6400000000114	0.9160711765289307		
0	567.3600000000114	0.9744319915771484	birds. E também tentamos analisar	
0	568.0800000000114	0.8135104179382324	a dificuldade atrás	
0	568.8000000000114	0.7918317317962646	deste uh	
0	569.5200000000115	0.8007550239562988	b atrás	
0	570.2400000000115	0.8757157325744629	de	
0	570.9600000000115	1.042858600616455	todo este conjunto de dados.	
0	571.6800000000115	0.9121191501617432	Assumimos o número	
0	572.4000000000116	0.8003325462341309	de	
0	573.1200000000116	0.8631725311279297	quantidade não utilizada pode	
0	573.8400000000116	0.8225553035736084	ser considerada	
0	574.5600000000117	0.8781366348266602		
0	575.2800000000117	0.40527987480163574	como informação irrelevante aqui.	
0	576.0000000000117	0.7463247776031494		
0	576.7200000000117	0.8662281036376953	Então, uh	
0	577.4400000000118	0.8102676868438721	aqui podemos	
0	578.1600000000118	0.7820188999176025	ver	
0	578.8800000000118	0.7461600303649902	que	
0	579.6000000000118	0.8917021751403809		
0	580.3200000000119	0.9720785617828369	uh we we temos o lump	
0	581.0400000000119	0.8958137035369873		
0	581.7600000000119	0.9890553951263428	a porcentagem de amostras	
0	582.480000000012	0.9450387954711914	com	
0	583.200000000012	1.0018105506896973	quantidades não utilizadas e	
0	583.920000000012	0.9509005546569824	o conjunto de dados	
0	584.640000000012	0.8448939323425293	swamp tem	
0	585.3600000000121	0.8200418949127197	a maior	
0	586.0800000000121	0.8533346652984619	proporção.	
0	586.8000000000121	0.8850588798522949	E aqui também	
0	587.5200000000121	0.8388276100158691	mostramos o	
0	588.2400000000122	0.27153658866882324	desempenho geral.	
0	588.9600000000122	0.18349838256835938		
0	589.6800000000122	0.18992114067077637		
0	590.4000000000123	0.8156149387359619		
0	591.1200000000123	0.9062187671661377	Para aquelas amostras	
0	591.8400000000123	0.8366844654083252	sem	
0	592.5600000000123	0.9642622470855713	quantidades não utilizadas.	
0	593.2800000000124	0.8205068111419678	Então, o	
0	594.0000000000124	0.8966751098632812	desempenho geral é	
0	594.7200000000124	0.7768599987030029	na verdade superior	
0	595.4400000000124	0.7521812915802002	ao	
0	596.1600000000125	0.8644492626190186		
0	596.8800000000125	0.941096305847168	o desempenho é na verdade superior	
0	597.6000000000125	0.8196864128112793		
0	598.3200000000126	0.9322736263275146	a	
0	599.0400000000126	1.0149171352386475	que o desempenho geral. Mas com	
0	599.7600000000126	0.8725645542144775	aquelas amostras que	
0	600.4800000000126	0.8835704326629639	com	
0	601.2000000000127	0.9091160297393799	quantidades não	
0	601.9200000000127	0.9196751117706299	utilizadas é na verdade	
0	602.6400000000127	0.8815162181854248	muito	
0	603.3600000000127	0.8218333721160889	pior	
0	604.0800000000128	0.8737220764160156		
0	604.8000000000128	0.9791738986968994	do que o muito	
0	605.5200000000128	0.3502380847930908	pior do que o uh	
0	606.2400000000129	0.807636022567749		
0	606.9600000000129	0.3166804313659668	o desempenho geral.	
0	607.6800000000129	0.8138501644134521		
0	608.4000000000129	0.9125092029571533	Para	
0	609.120000000013	1.0102741718292236	M A WPS não we	
0	609.840000000013	0.8174521923065186	não temos	
0	610.560000000013	0.8494598865509033	uh	
0	611.280000000013	0.9022352695465088	muitos desk cases.	
0	612.0000000000131	0.8434209823608398	Então, eu	
0	612.7200000000131	0.9106717109680176		
0	613.4400000000131	0.9159305095672607	apenas uh ignoro	
0	614.1600000000132	0.2767465114593506	esta parte.	
0	614.8800000000132	0.17830228805541992		
0	615.6000000000132	0.730914831161499		
0	616.3200000000132	0.8171947002410889		
0	617.0400000000133	0.8878273963928223	Então, uh finalmente	
0	617.7600000000133	0.8104908466339111	queremos mostrar	
0	618.4800000000133	0.850792407989502	a	
0	619.2000000000133	0.9260437488555908	interpretabilidade através	
0	619.9200000000134	0.8403012752532959	de um crash e	
0	620.6400000000134	0.7822210788726807	participação	
0	621.3600000000134	0.9061322212219238	exemplo.	
0	622.0800000000135	0.8157899379730225	Então, aqui	
0	622.8000000000135	0.8006808757781982	nosso	
0	623.5200000000135	0.8476276397705078	modelo na verdade	
0	624.2400000000135	0.8299970626831055	faz um	
0	624.9600000000136	0.8172109127044678		
0	625.6800000000136	0.8830370903015137	erro de	
0	626.4000000000136	0.8839435577392578	previsão uh no	
0	627.1200000000136	0.8311769962310791	at o primeiro	
0	627.8400000000137	0.8719713687896729	passo.	
0	628.5600000000137	0.8579730987548828	Então, podemos	
0	629.2800000000137	0.8427989482879639	na verdade uh	
0	630.0000000000138	0.8237757682800293		
0	630.7200000000138	0.8908917903900146	correlacionar	
0	631.4400000000138	0.8394529819488525		
0	632.1600000000138	0.932513952255249	a esta expressão com	
0	632.8800000000139	0.8882174491882324	a frase aqui.	
0	633.6000000000139	0.8544721603393555		
0	634.3200000000139	0.9685630798339844	Certo. Então, pensamos	
0	635.040000000014	0.868445634841919	que esta frase pode	
0	635.760000000014	0.8006362915039062		
0	636.480000000014	0.8690536022186279		
0	637.200000000014	0.9241340160369873	estar enganando o modelo	
0	637.920000000014	0.810579776763916	para	
0	638.6400000000141	0.8403236865997314		
0	639.3600000000141	0.9223206043243408	uma previsão incorreta.	
0	640.0800000000141	0.9019753932952881	Então, aqui	
0	640.8000000000142	0.8886034488677979		
0	641.5200000000142	0.913470983505249	plantando outro trinta	
0	642.2400000000142	0.833622932434082		
0	642.9600000000142	0.8934273719787598		
0	643.6800000000143	1.0117754936218262	e cinco faz o modelo faz	
0	644.4000000000143	0.8982057571411133	o modelo pensar	
0	645.1200000000143	0.8804638385772705	que	
0	645.8400000000144	0.9574127197265625		
0	646.5600000000144	1.0416979789733887	deve ser um operador de adição.	
0	647.2800000000144	0.8700821399688721	Então,	
0	648.0000000000144	0.8643002510070801	tentamos	
0	648.7200000000145	0.9066424369812012	revisar a	
0	649.4400000000145	1.0247042179107666	frase para ser algo como	
0	650.1600000000145	0.8830149173736572	o número de	
0	650.8800000000145	0.9513399600982666	pares árvores são	
0	651.6000000000146	0.9510488510131836		
0	652.3200000000146	1.0865952968597412	trinta e cinco menos	
0	653.0400000000146	0.9977142810821533	que as árvores de maçã.	
0	653.7600000000147	0.8632280826568604	Então,	
0	654.4800000000147	0.9136526584625244	uh fazemos	
0	655.2000000000147	0.9088692665100098	para vir	
0	655.9200000000147	0.955345630645752		
0	656.6400000000148	1.0446674823760986	transmitir semântica mais	
0	657.3600000000148	1.0315508842468262	precisa para que o modelo	
0	658.0800000000148	0.8191652297973633	seja capaz	
0	658.8000000000148	0.8138909339904785	de fazer	
0	659.5200000000149	0.8922362327575684	o um	
0	660.2400000000149	0.7952101230621338	previsão	
0	660.9600000000149	0.9574844837188721	correta.	
0	661.680000000015	0.8610944747924805	Então,	
0	662.400000000015	0.846959114074707	este estudo mostra	
0	663.120000000015	0.8460068702697754	como	
0	663.840000000015	0.858802318572998	a interpretabilidade	
0	664.5600000000151	0.7835967540740967		
0	665.2800000000151	0.8805558681488037	das previsões	
0	666.0000000000151	0.9399144649505615	nos ajuda	
0	666.7200000000151	0.9426813125610352	a entender o	
0	667.4400000000152	0.31240153312683105	comportamento do modelo.	
0	668.1600000000152	0.18382549285888672		
0	668.8800000000152	0.18732953071594238		
0	669.6000000000153	0.785290002822876		
0	670.3200000000153	0.9145662784576416	Então, para	
0	671.0400000000153	0.8940432071685791	concluir nosso	
0	671.7600000000153	0.9151918888092041	trabalho, então	
0	672.4800000000154	0.8903584480285645	primeiro nosso modelo é	
0	673.2000000000154	0.9011101722717285	na verdade	
0	673.9200000000154	0.8836078643798828		
0	674.6400000000154	0.9249529838562012	bastante eficiente e somos capazes	
0	675.3600000000155	0.7481813430786133	de	
0	676.0800000000155	0.8173985481262207	fornecer	
0	676.8000000000155	0.8219051361083984	interpretabilidade	
0	677.5200000000156	0.8620302677154541		
0	678.2400000000156	0.8620529174804688		
0	678.9600000000156	0.9376182556152344	uh procedimentos de	
0	679.6800000000156	0.9523813724517822		
0	680.4000000000157	1.0609993934631348		
0	681.1200000000157	1.095886468887329		
0	681.8400000000157	1.3160593509674072		
0	682.5600000000157	1.417503833770752	solução. E podemos facilmente incorporar algum conhecimento anterior como restrições, o que pode	
0	683.2800000000158	0.37690258026123047	ajudar a melhorar o desempenho.	
0	684.0000000000158	0.7898986339569092		
0	684.7200000000158	0.7859287261962891	E	
0	685.4400000000159	0.849226713180542		
0	686.1600000000159	0.9049398899078369	a última coisa é que	
0	686.8800000000159	0.8814561367034912	o	
0	687.6000000000159	0.9027972221374512	mecanismo subjacente	
0	688.320000000016	0.909515380859375	não só	
0	689.040000000016	0.9691040515899658		
0	689.760000000016	1.0741608142852783	aplica a uh	
0	690.480000000016	1.0332586765289307		
0	691.2000000000161	1.1457128524780273	tarefas de resolução de problemas do mapa mas também	
0	691.9200000000161	1.0558953285217285	outras	
0	692.6400000000161	1.1598632335662842	tarefas que envolvem	
0	693.3600000000162	0.4873964786529541	raciocínio em múltiplos passos.	
0	694.0800000000162	0.1798572540283203		
0	694.8000000000162	0.8690848350524902		
0	695.5200000000162	0.972313642501831	Mas também temos	
0	696.2400000000163	0.3126964569091797	certas limitações.	
0	696.9600000000163	0.891228437423706		
0	697.6800000000163	1.097367286682129		
0	698.4000000000163	1.0885283946990967		
0	699.1200000000164	1.2637441158294678	Se tivermos um grande número de operadores ou	
0	699.8400000000164	0.9260292053222656	concorrentes ou	
0	700.5600000000164	0.9272518157958984		
0	701.2800000000165	0.9806933403015137	constantes, o consumo de memória	
0	702.0000000000165	0.7662420272827148	poderia	
0	702.7200000000165	0.9264311790466309		
0	703.4400000000165	0.3461039066314697	ser bastante alto.	
0	704.1600000000166	0.8418188095092773		
0	704.8800000000166	0.9249775409698486	E	
0	705.6000000000166	0.9738168716430664	a segunda coisa é que	
0	706.3200000000166	0.8974227905273438	uh como	
0	707.0400000000167	0.954063892364502	mencionado, porque	
0	707.7600000000167	0.9577410221099854	a	
0	708.4800000000167	1.1059894561767578	distribuição de probabilidade é	
0	709.2000000000168	0.983206033706665		
0	709.9200000000168	1.116173505783081	desequilibrada entre uh	
0	710.6400000000168	1.0033180713653564	at it em diferentes	
0	711.3600000000168	0.9474923610687256	passos de	
0	712.0800000000169	1.0084338188171387	tempo, então é	
0	712.8000000000169	1.003108263015747	também bastante	
0	713.5200000000169	1.0312654972076416	desafiador	
0	714.240000000017	0.9376232624053955	aplicar busca em	
0	714.960000000017	0.2818179130554199	feixe uh	
0	715.680000000017	0.9388327598571777		
0	716.400000000017	1.0014164447784424		
0	717.1200000000171	0.6428308486938477		
0	717.8400000000171	1.068850040435791	estratégia de busca em feixe.	
0	718.5600000000171	0.9907541275024414	Então, este	
0	719.2800000000171	0.9556698799133301	é o	
0	720.0000000000172	0.9101641178131104	fim da	
0	720.7200000000172	1.018110752105713		
0	721.4400000000172	1.190962553024292		
0	722.1600000000172	1.152268409729004	palestra e perguntas são bem-vindas. Obrigado.	
0	722.8800000000173	0.1760866641998291		
0	723.0229375000173	0.305950403213501		
1	0.72	0.00011992454528808594		
1	1.44	0.23093485832214355	Olá,	
1	2.16	0.2486433982849121	Olá.	Olá,
1	2.88	0.24039983749389648		
1	3.5999999999999996	0.5050411224365234	Meu nome é Antoine e sou da MasterQ.	Olá.
1	4.319999999999999	0.6158359050750732	Universidade de Maastricht.	MasterQ.
1	5.039999999999999	0.34992313385009766		
1	5.759999999999999	0.251126766204834	Vou apresentar meu	Universidade de Maastricht.
1	6.479999999999999	0.4100914001464844	trabalho com o John.	
1	7.199999999999998	0.4668252468109131	Jerry.	John.
1	7.919999999999998	0.3865776062011719	John, John, que trata sobre novos.	Jerry.
1	8.639999999999999	0.46618175506591797	que trata um novo conjunto de dados para	John, que trata sobre novos.
1	9.36	0.5558607578277588	de dados para arte estatutária.	um novo conjunto de dados para
1	10.08	0.40575671195983887	artigos estatutários.	dados para arte estatutária.
1	10.8	0.36679601669311523	recuperação de	artigos estatutários.
1	11.520000000000001	0.13576841354370117		
1	12.240000000000002	0.16687989234924316		
1	12.960000000000003	0.40121030807495117	são um aspecto integral	
1	13.680000000000003	0.44753098487854004	Questões jurídicas são parte integrante do	são um aspecto integral
1	14.400000000000004	0.4640510082244873	uma parte integrante muitas pessoas.	parte integrante do
1	15.120000000000005	0.36930274963378906	da vida de jurídicas são uma parte integrante da vida de muitas pessoas.	muitas pessoas.
1	15.840000000000005	0.17865228652954102	vida de muitas pessoas.	jurídicas são uma parte integrante da vida de muitas pessoas.
1	16.560000000000006	0.18828248977661133		
1	17.280000000000005	0.4347341060638428	No entanto, a maioria dos cidadãos tem	
1	18.000000000000004	0.5859403610229492	pouco ou nenhum	
1	18.720000000000002	0.4068119525909424	conhecimento sobre elas.	vida de muitas pessoas. No entanto, a maioria dos cidadãos tem pouco ou nenhum
1	19.44	0.3451552391052246	sobre seus direitos.	elas.
1	20.16	0.36508941650390625	seus direitos e fundamentais.	sobre seus direitos.
1	20.88	0.4049842357635498	fundamentos jurídicos.	fundamentais.
1	21.599999999999998	0.34359073638916016	processos jurídicos fundamentais.	fundamentos jurídicos.
1	22.319999999999997	0.3082304000854492		
1	23.039999999999996	0.28661370277404785	Como resultado,	processos jurídicos fundamentais.
1	23.759999999999994	0.3762979507446289	muitas pessoas muito	
1	24.479999999999993	0.3497934341430664	cidadãos vulneráveis.	muitas pessoas muito
1	25.199999999999992	0.4423089027404785	muitos cidadãos cidadãos vulneráveis que não conseguem	cidadãos vulneráveis.
1	25.91999999999999	0.41549229621887207	vulneráveis que não pagar os	cidadãos vulneráveis que não conseguem
1	26.63999999999999	0.4568958282470703	podem pagar ajuda.	pagar os
1	27.35999999999999	0.3486752510070801	o custoso auxílio jurídico	ajuda.
1	28.079999999999988	0.5818402767181396	especialista jurídico ficam sem ajuda.	jurídico
1	28.799999999999986	0.45296478271484375	de um especialista jurídico ficam sem especialista jurídico ficam sem opções.	especialista jurídico ficam sem ajuda.
1	29.519999999999985	0.2741072177886963	sem proteção.	especialista jurídico ficam sem opções.
1	30.239999999999984	0.31935620307922363	sem proteção ou pior.	sem proteção.
1	30.959999999999983	0.46677136421203613	proteção pior, explorados.	sem proteção ou pior.
1	31.679999999999982	0.3784818649291992	ou,	pior, explorados.
1	32.399999999999984	0.2957472801208496	Ou pior,	
1	33.11999999999998	0.2907547950744629	trabalho,	pior,
1	33.83999999999998	0.5125956535339355	trabalho visa preencher a lacuna	trabalho,
1	34.55999999999998	0.5065906047821045	o lacuna entre	trabalho visa preencher a lacuna
1	35.27999999999998	0.3712804317474365	as pessoas e	
1	35.99999999999998	0.45598649978637695	as pessoas e a lei, através de	lacuna entre as pessoas e
1	36.71999999999998	0.3598201274871826	a desenvolver um	as pessoas e a lei, através de
1	37.439999999999976	0.4174330234527588	lei ao desenvolver eficaz.	desenvolver um
1	38.159999999999975	0.3995978832244873	sistemas eficazes de recuperação.	eficaz.
1	38.879999999999974	0.5144596099853516	sistemas eficazes de recuperação para estatutos.	recuperação.
1	39.59999999999997	0.4374692440032959	recuperação sistemas eficazes de recuperação de artigos estatutários.	sistemas eficazes de recuperação para estatutos.
1	40.31999999999997	0.3529393672943115		sistemas eficazes de recuperação de artigos estatutários.
1	41.03999999999997	0.13986778259277344		
1	41.75999999999997	0.3619201183319092	Um tal sistema poderia fornecer	
1	42.47999999999997	0.5143148899078369	uma proteção gratuita.	
1	43.19999999999997	0.36195898056030273	profissional gratuito.	uma proteção gratuita.
1	43.919999999999966	0.3748960494995117	ajuda jurídica profissional gratuita.	profissional gratuito.
1	44.639999999999965	0.460923433303833	serviço gratuito de ajuda jurídica profissional para	ajuda jurídica profissional gratuita.
1	45.359999999999964	0.6674015522003174	um usuários inexperientes.	serviço gratuito de ajuda jurídica profissional para
1	46.07999999999996	0.35509562492370605	humanos não qualificados.	usuários inexperientes.
1	46.79999999999996	0.30197930335998535		
1	47.51999999999996	0.14230799674987793		humanos não qualificados.
1	48.23999999999996	0.40038609504699707	Antes de entrar na parte principal	
1	48.95999999999996	0.4698219299316406	contribuição principal de	entrar na parte principal
1	49.67999999999996	0.5536813735961914	deste trabalho,	contribuição principal de
1	50.399999999999956	0.6736493110656738	mergulharmos na contribuição principal vamos primeiro discutir.	deste trabalho,
1	51.119999999999955	0.3966681957244873	descrever o	discutir.
1	51.839999999999954	0.5722291469573975	problema da recuperação estatutária.	
1	52.55999999999995	0.43704915046691895	artigos estatutários.	da recuperação estatutária.
1	53.27999999999995	0.47349119186401367	recuperação de artigos estatutários.	artigos estatutários.
1	53.99999999999995	0.41341447830200195	da	recuperação de artigos estatutários.
1	54.71999999999995	0.35724353790283203	Dado um simples	
1	55.43999999999995	0.41520237922668457	pergunta simples,	Dado um simples
1	56.15999999999995	0.5403892993927002	Dada uma pergunta pergunta simples sobre um assunto jurídico,	pergunta simples,
1	56.879999999999946	0.4306330680847168	simples sobre um assunto jurídico.	pergunta simples sobre um assunto jurídico,
1	57.599999999999945	0.3062160015106201	assunto jurídico, como	jurídico.
1	58.31999999999994	0.4325845241546631	eu	assunto jurídico, como
1	59.03999999999994	0.4915950298309326	"""o que votar?"""	eu
1	59.75999999999994	0.49250340461730957	"arrisco se violar o lucro?"""	"votar?"""
1	60.47999999999994	0.5067379474639893	"profissional?"""	"o lucro?"""
1	61.19999999999994	0.4222409725189209	"a confidencialidade confidencialidade profissional?"""	"profissional?"""
1	61.91999999999994	0.15792107582092285		"confidencialidade profissional?"""
1	62.63999999999994	0.3964195251464844	é necessário um modelo.	
1	63.359999999999935	0.4612135887145996	necessário um modelo para recuperar	modelo.
1	64.07999999999994	0.3788180351257324	todos	necessário um modelo para recuperar
1	64.79999999999994	0.4985353946685791	"estatutários. Dada uma pergunta simples sobre um assunto jurídico, como ""o que arrisco se violar a confidencialidade profissional?"" é necessário um modelo para recuperar todos os artigos estatutários relevantes."	
1	65.51999999999994	0.3825347423553467		"estatutários. Dada uma pergunta simples sobre um assunto jurídico, como ""o que arrisco se violar a confidencialidade profissional?"" é necessário um modelo para recuperar todos os artigos estatutários relevantes."
1	66.23999999999994	0.3256995677947998	De um grande	
1	66.95999999999994	0.43443727493286133	corpo legislativo.	De um grande
1	67.67999999999994	0.4999244213104248	de um grande corpo legislação.	corpo legislativo.
1	68.39999999999993	0.2570953369140625	de	legislação.
1	69.11999999999993	0.32285475730895996	Esta informação	
1	69.83999999999993	0.42444682121276855	informação.	informação
1	70.55999999999993	0.4815998077392578	tarefa de recuperação de informações vem de	informação.
1	71.27999999999993	0.5784626007080078	com suas próprias	de
1	71.99999999999993	0.4073452949523926	próprio conjunto de	suas próprias
1	72.71999999999993	0.45514559745788574	seu próprio conjunto de desafios.	próprio conjunto de
1	73.43999999999993	0.21996021270751953		próprio conjunto de desafios.
1	74.15999999999993	0.31815338134765625	Primeiro,	
1	74.87999999999992	0.45366811752319336	ela lida com	
1	75.59999999999992	0.4915461540222168	dois tipos de	
1	76.31999999999992	0.4411139488220215	dois tipos de linguagem.	
1	77.03999999999992	0.2195723056793213		dois tipos de linguagem.
1	77.75999999999992	0.39592528343200684	linguagem natural comum	
1	78.47999999999992	0.4616401195526123	A para o	linguagem natural comum
1	79.19999999999992	0.43544864654541016	perguntas.	o
1	79.91999999999992	0.5122461318969727	as perguntas e a linguagem	perguntas.
1	80.63999999999992	0.5779414176940918	jurídica complexa.	
1	81.35999999999991	0.48761916160583496	para os	complexa.
1	82.07999999999991	0.5382099151611328	complexa estatutos.	para os
1	82.79999999999991	0.25873565673828125		
1	83.51999999999991	0.14721131324768066		estatutos.
1	84.23999999999991	0.4262881278991699	Esta diferença de linguagem	
1	84.95999999999991	0.5327494144439697	distribuição linguística	de linguagem
1	85.67999999999991	0.5647866725921631	perguntas e a linguagem jurídica complexa para os estatutos. Esta diferença nas distribuições de linguagem torna isso	distribuição linguística
1	86.3999999999999	0.631511926651001	nas distribuições de linguagem torna para	perguntas e a linguagem jurídica complexa para os estatutos. Esta diferença nas distribuições de linguagem torna isso
1	87.1199999999999	0.52687668800354	mais difícil um sistema.	para
1	87.8399999999999	0.46124958992004395	sistema recuperar.	sistema.
1	88.5599999999999	0.4815075397491455	conteúdo relevante.	recuperar.
1	89.2799999999999	0.4689188003540039	recuperar candidatos relevantes.	conteúdo relevante.
1	89.9999999999999	0.46114516258239746	relevantes, pois	relevantes.
1	90.7199999999999	0.5648939609527588		
1	91.4399999999999	0.45300793647766113	exige	relevantes, pois
1	92.1599999999999	0.6327612400054932	indiretamente	exige
1	92.8799999999999	0.4904139041900635	uma interpretação inerente.	
1	93.5999999999999	0.47573137283325195	interpretação inerente.	
1	94.3199999999999	0.1592869758605957		interpretação inerente.
1	95.03999999999989	0.5219595432281494	que possa traduzir.	
1	95.75999999999989	0.595940351486206	natural.	traduzir.
1	96.47999999999989	0.5438845157623291	traduzir uma pergunta natural.	natural.
1	97.19999999999989	0.4845278263092041	pergunta natural em um	natural.
1	97.91999999999989	0.5381488800048828	natural em pergunta jurídica.	pergunta natural em um
1	98.63999999999989	0.6147511005401611	uma pergunta que possa traduzir uma pergunta natural em uma pergunta jurídica que corresponda.	pergunta jurídica.
1	99.35999999999989	0.6343483924865723	jurídica que corresponda ao terminal.	que possa traduzir uma pergunta natural em uma pergunta jurídica que corresponda.
1	100.07999999999988	0.7163631916046143	terminologia do estatuto.	ao terminal.
1	100.79999999999988	0.5801806449890137	à terminologia estatutos.	terminologia do estatuto.
1	101.51999999999988	0.291792631149292	dos	estatutos.
1	102.23999999999988	0.579214334487915	Além disso, os estatutos.	
1	102.95999999999988	0.6524245738983154	direito estatutário é	os estatutos.
1	103.67999999999988	0.75876784324646	o direito estatutário não é uma pilha.	direito estatutário é
1	104.39999999999988	0.7199180126190186	não é uma pilha de elementos independentes.	pilha.
1	105.11999999999988	0.607489824295044	pilha de artigos independentes.	não é uma pilha de elementos independentes.
1	105.83999999999988	0.6642935276031494	artigos independentes que podem ser traduzidos.	independentes.
1	106.55999999999987	0.6182761192321777	independentes que tratados como	artigos independentes que podem ser traduzidos.
1	107.27999999999987	0.7017464637756348	possam ser de artigos independentes que possam ser tratados como uma fonte completa de informação.	tratados como
1	107.99999999999987	0.580916166305542	uma fonte completa de informação sobre o	de artigos independentes que possam ser tratados como uma fonte completa de informação.
1	108.71999999999987	0.532395601272583	informação por si só.	sobre o
1	109.43999999999987	0.6893072128295898	por si só, ao contrário das notícias ou	informação por si só.
1	110.15999999999987	0.7712664604187012	receitas, por exemplo.	das notícias ou
1	110.87999999999987	0.6371703147888184	de notícias ou receitas, por exemplo.	receitas, por exemplo.
1	111.59999999999987	0.36392641067504883		
1	112.31999999999987	0.5701894760131836	contrário de notícias ou receitas, por exemplo. Em vez disso, é	receitas, por exemplo.
1	113.03999999999986	0.6018853187561035	uma estrutura	contrário de notícias ou receitas, por exemplo. Em vez disso, é
1	113.75999999999986	0.5450308322906494	coleção estruturada de	estrutura
1	114.47999999999986	0.6461262702941895	receitas, por exemplo. Em vez disso, é uma coleção estruturada de disposições legais.	
1	115.19999999999986	0.5305876731872559	disposições que têm	receitas, por exemplo. Em vez disso, é uma coleção estruturada de disposições legais.
1	115.91999999999986	0.6223659515380859	jurídicas que significado completo.	que têm
1	116.63999999999986	0.6035866737365723	significado completo apenas quando	significado completo.
1	117.35999999999986	0.6379821300506592	têm um quando consideradas no	significado completo apenas quando
1	118.07999999999986	0.5526909828186035	contexto geral.	quando consideradas no
1	118.79999999999986	0.48688435554504395	contexto geral.	
1	119.51999999999985	0.15262699127197266		contexto geral.
1	120.23999999999985	0.6395683288574219	seja, junto com o supremo	
1	120.95999999999985	0.7166039943695068	Ou seja, suplementares.	seja, junto com o supremo
1	121.67999999999985	0.7160556316375732	juntamente com as informações informações suplementares fornecidas pelo	suplementares.
1	122.39999999999985	0.6310398578643799	suplementares artigo vizinho.	informações suplementares fornecidas pelo
1	123.11999999999985	0.5640101432800293	artigos adjacentes,	artigo vizinho.
1	123.83999999999985	0.6598963737487793	dos artigos e	artigos adjacentes,
1	124.55999999999985	0.8282856941223145	vizinhos, os campos subcampos que se tornam.	e
1	125.27999999999984	0.6798810958862305	subcampos aos quais pertencem.	que se tornam.
1	125.99999999999984	0.6059801578521729	aos quais dos artigos vizinhos, os campos e subcampos aos quais pertencem e o	subcampos aos quais pertencem.
1	126.71999999999984	0.6229653358459473	pertencem e seu lugar no	dos artigos vizinhos, os campos e subcampos aos quais pertencem e o
1	127.43999999999984	0.6219143867492676	estrutura do direito.	no
1	128.15999999999985	0.32655882835388184	na	estrutura do direito.
1	128.87999999999985	0.15337729454040527		
1	129.59999999999985	0.16508865356445312		
1	130.31999999999985	0.7090353965759277	fim, os artigos estatutários.	
1	131.03999999999985	0.8355393409729004	Por fim, os artigos artigos estatutários não são suaves.	fim, os artigos estatutários.
1	131.75999999999985	0.7598874568939209	estatutários não são pequenos parágrafos.	artigos estatutários não são suaves.
1	132.47999999999985	0.7091748714447021	em pequenos parágrafos, os quais	pequenos parágrafos.
1	133.19999999999985	0.6975131034851074	um pequeno parágrafo, que geralmente é	em pequenos parágrafos, os quais
1	133.91999999999985	0.9477055072784424	parágrafos, o que geralmente é a atribuição típica.	um pequeno parágrafo, que geralmente é
1	134.63999999999984	0.9631948471069336	pequenos parágrafos, parágrafos, que geralmente é a unidade de recuperação típica em	parágrafos, o que geralmente é a atribuição típica.
1	135.35999999999984	0.9458892345428467	que geralmente é a unidade de recuperação típica maioria dos artigos de recuperação.	parágrafos, que geralmente é a unidade de recuperação típica em
1	136.07999999999984	0.6257266998291016	na maioria dos trabalhos de recuperação.	maioria dos artigos de recuperação.
1	136.79999999999984	0.28856539726257324		
1	137.51999999999984	0.553490161895752	Aqui, eles são	trabalhos de recuperação.
1	138.23999999999984	0.6484196186065674	longos.	
1	138.95999999999984	0.5444200038909912	documentos longos que	longos.
1	139.67999999999984	0.7339420318603516	podem chegar a sete.	
1	140.39999999999984	0.7421669960021973	6000 palavras.	sete.
1	141.11999999999983	0.5475983619689941	a seis mil palavras.	6000 palavras.
1	141.83999999999983	0.6770055294036865	6.000 palavras.	a seis mil palavras.
1	142.55999999999983	0.4140768051147461		
1	143.27999999999983	0.5602376461029053	Os avanços recentes	6.000 palavras.
1	143.99999999999983	0.6599235534667969	em PLN têm	avanços recentes
1	144.71999999999983	0.6817963123321533	acenderam	em PLN têm
1	145.43999999999983	0.8566553592681885	despertado um enorme interesse em.	acenderam
1	146.15999999999983	1.2116167545318604	recentes avanços em PLN em muitos textos jurídicos.	despertado um enorme interesse em.
1	146.87999999999982	0.8756358623504639	tarefas jurídicas, tais como.	em muitos textos jurídicos.
1	147.59999999999982	1.1319072246551514	como justiça legal.	tarefas jurídicas, tais como.
1	148.31999999999982	1.328096628189087	(Processamento de Linguagem Natural) despertaram um enorme interesse em muitas tarefas jurídicas, como (Processamento de Linguagem Natural) despertaram um enorme interesse em muitas tarefas jurídicas, como a previsão de sentenças judiciais.	como justiça legal.
1	149.03999999999982	0.6940569877624512	ou automática.	(Processamento de Linguagem Natural) despertaram um enorme interesse em muitas tarefas jurídicas, como a previsão de sentenças judiciais.
1	149.75999999999982	0.7631018161773682	previsão de sentenças contato automático.	ou automática.
1	150.47999999999982	0.6290957927703857	contratos automáticos.	contato automático.
1	151.19999999999982	0.6830832958221436	jurídicas ou	contratos automáticos.
1	151.91999999999982	0.31279611587524414	revisão automática de contratos.	
1	152.63999999999982	0.1527118682861328		
1	153.35999999999981	0.7155702114105225		
1	154.0799999999998	0.7684154510498047	Mas a recuperação de artigos previsão de sentenças jurídicas ou revisão automática de contratos. Mas a recuperação de artigos estatutários permaneceu	
1	154.7999999999998	0.644862174987793		previsão de sentenças jurídicas ou revisão automática de contratos. Mas a recuperação de artigos estatutários permaneceu
1	155.5199999999998	0.6439049243927002	principalmente	
1	156.2399999999998	0.7371973991394043		
1	156.9599999999998	0.7080607414245605	intocada devido à falta	
1	157.6799999999998	0.6565191745758057	de grandes	
1	158.3999999999998	0.76629638671875	e de alta	
1	159.1199999999998	0.723576545715332	qualidade	
1	159.8399999999998	0.4022972583770752	conjuntos de dados rotulados.	
1	160.5599999999998	0.5326318740844727		
1	161.2799999999998	0.6895766258239746	Neste trabalho,	
1	161.9999999999998	0.5925908088684082	apresentamos um	
1	162.7199999999998	0.7209835052490234		
1	163.4399999999998	0.8560192584991455	novo conjunto de dados	
1	164.1599999999998	0.6501553058624268		
1	164.8799999999998	0.7186603546142578	centrado no cidadão francês.	
1	165.5999999999998	0.4752075672149658		
1	166.3199999999998	0.4949910640716553		
1	167.0399999999998	0.46810007095336914		
1	167.7599999999998	1.0051133632659912		
1	168.4799999999998	0.9823791980743408	cidadão francês para estudar se um modelo de recuperação pode aproximar	
1	169.1999999999998	0.6028814315795898	a	
1	169.9199999999998	0.6282649040222168	eficiência e	
1	170.6399999999998	0.5651087760925293	a	
1	171.3599999999998	0.6569116115570068	confiabilidade de	
1	172.07999999999979	0.5924718379974365	um	
1	172.79999999999978	0.6966571807861328	especialista	
1	173.51999999999978	0.8896644115447998	jurídico para a tarefa	
1	174.23999999999978	0.7049798965454102	de recuperação de artigos estatutários.	
1	174.95999999999978	0.15294241905212402		
1	175.67999999999978	0.1567690372467041		
1	176.39999999999978	0.15346789360046387		
1	177.11999999999978	0.41426587104797363		
1	177.83999999999978	0.3286879062652588		
1	178.55999999999977	0.15288972854614258		
1	179.27999999999977	0.14490365982055664		
1	179.99999999999977	0.9403707981109619		
1	180.71999999999977	1.0867981910705566	Nosso conjunto de dados belga de recuperação de artigos estatutários consiste em	
1	181.43999999999977	0.6587471961975098	mais de	
1	182.15999999999977	0.7387335300445557		
1	182.87999999999977	0.8075821399688721	1.100 perguntas	
1	183.59999999999977	0.6620182991027832	jurídicas	
1	184.31999999999977	0.6620388031005859	formuladas por	
1	185.03999999999976	0.2930727005004883	cidadãos belgas.	
1	185.75999999999976	0.14980292320251465		
1	186.47999999999976	0.6267588138580322		
1	187.19999999999976	0.696587324142456	Estas perguntas cobrem	
1	187.91999999999976	0.7468562126159668	uma ampla gama de	
1	188.63999999999976	0.7328178882598877		
1	189.35999999999976	0.8043804168701172	tópicos, desde	
1	190.07999999999976	0.6774928569793701	família, habitação,	
1	190.79999999999976	0.5671977996826172		
1	191.51999999999975	0.6518731117248535	dinheiro até	
1	192.23999999999975	0.6155014038085938	trabalho e	
1	192.95999999999975	0.24428820610046387	segurança social.	
1	193.67999999999975	0.5273151397705078		
1	194.39999999999975	0.6503920555114746	Cada uma delas	
1	195.11999999999975	0.6831014156341553	foi	
1	195.83999999999975	0.7311146259307861	rotulada por	
1	196.55999999999975	0.6084563732147217	juristas experientes.	
1	197.27999999999975	0.4629669189453125		
1	197.99999999999974	0.6662495136260986		
1	198.71999999999974	0.43959975242614746		
1	199.43999999999974	0.8247458934783936		
1	200.15999999999974	0.8587930202484131	com referências a artigos relevantes de um corpus de	
1	200.87999999999974	0.7783041000366211	mais de	
1	201.59999999999974	0.43860864639282227	22.000.	
1	202.31999999999974	0.5140459537506104		
1	203.03999999999974	0.5779635906219482		
1	203.75999999999974	0.6777608394622803	artigos	
1	204.47999999999973	0.8395671844482422	jurídicos	
1	205.19999999999973	0.4312582015991211	belgas dos códigos de lei belgas.	
1	205.91999999999973	0.1609938144683838		
1	206.63999999999973	0.6538681983947754		
1	207.35999999999973	0.7171676158905029	Vamos agora falar	
1	208.07999999999973	0.7146801948547363	sobre como	
1	208.79999999999973	0.6969189643859863	coletamos	
1	209.51999999999973	0.30856752395629883	este conjunto de dados.	
1	210.23999999999972	0.6191465854644775		
1	210.95999999999972	0.6396381855010986	Primeiro, começamos	
1	211.67999999999972	0.662233829498291	compilando	
1	212.39999999999972	0.593430757522583	um grande	
1	213.11999999999972	0.6269330978393555	corpus	
1	213.83999999999972	0.3252370357513428	de artigos jurídicos.	
1	214.55999999999972	0.5268266201019287		
1	215.27999999999972	0.638756275177002	Consideramos	
1	215.99999999999972	0.6616470813751221	32	
1	216.71999999999971	0.6275639533996582	publicamente	
1	217.4399999999997	0.7075917720794678	disponíveis	
1	218.1599999999997	0.6845343112945557	códigos belgas e	
1	218.8799999999997	0.6923041343688965	extraímos todos	
1	219.5999999999997	0.5704221725463867	os seus artigos.	
1	220.3199999999997	0.6523900032043457		
1	221.0399999999997	0.7387726306915283	bem como	
1	221.7599999999997	0.6523935794830322		
1	222.4799999999997	0.34133219718933105	os respectivos títulos de seção.	
1	223.1999999999997	0.15093564987182617		
1	223.9199999999997	0.6220166683197021		
1	224.6399999999997	0.5898416042327881	Depois, reunimos	
1	225.3599999999997	0.5777111053466797		
1	226.0799999999997	0.6447186470031738	perguntas	
1	226.7999999999997	0.7430741786956787	jurídicas com	
1	227.5199999999997	0.6566331386566162	referências a	
1	228.2399999999997	0.29193830490112305	estatutos relevantes.	
1	228.9599999999997	0.7503161430358887		
1	229.6799999999997	0.6234784126281738	Para fazer isso,	
1	230.3999999999997	0.6740748882293701		
1	231.1199999999997	0.9028029441833496		
1	231.8399999999997	0.905153751373291	parceriámos com um escritório de advocacia belga	
1	232.5599999999997	0.6372890472412109	que recebe	
1	233.2799999999997	0.7543556690216064		
1	233.9999999999997	0.8724851608276367	cerca de	
1	234.7199999999997	0.8908002376556396	4.000 e-mails por	
1	235.43999999999969	0.6496150493621826	ano de	
1	236.15999999999968	0.6358740329742432	cidadãos	
1	236.87999999999968	0.7525591850280762	belgas que	
1	237.59999999999968	0.76674485206604	pedem	
1	238.31999999999968	0.7621421813964844	aconselhamento sobre	
1	239.03999999999968	0.3113715648651123	uma questão jurídica pessoal.	
1	239.75999999999968	0.681567907333374		
1	240.47999999999968	0.8200058937072754	Tivemos	
1	241.19999999999968	0.7680661678314209	a sorte de	
1	241.91999999999967	0.6511180400848389	ter acesso	
1	242.63999999999967	0.6348168849945068	aos seus	
1	243.35999999999967	0.6622297763824463	sites onde	
1	244.07999999999967	0.6786093711853027	sua equipe de	
1	244.79999999999967	0.697300910949707	juristas experientes	
1	245.51999999999967	0.6986939907073975		
1	246.23999999999967	0.8101906776428223	aborda	
1	246.95999999999967	0.7767074108123779		
1	247.67999999999967	0.44994401931762695	as questões jurídicas mais comuns dos belgas.	
1	248.39999999999966	0.556602954864502		
1	249.11999999999966	0.6812355518341064	Coletamos	
1	249.83999999999966	0.6003963947296143	milhares de	
1	250.55999999999966	0.5945777893066406		
1	251.27999999999966	0.7286715507507324	perguntas, anotadas	
1	251.99999999999966	0.6965301036834717	com	
1	252.71999999999966	0.3306736946105957	categorias, subcategorias,	
1	253.43999999999966	0.5586380958557129		
1	254.15999999999966	0.6211321353912354	e	
1	254.87999999999965	0.7075481414794922	referências jurídicas	
1	255.59999999999965	0.6368803977966309	a	
1	256.31999999999965	0.2917940616607666	estatutos relevantes.	
1	257.0399999999997	0.1599864959716797		
1	257.7599999999997	0.6054439544677734		
1	258.47999999999973	0.7372713088989258	Por fim,	
1	259.19999999999976	0.726931095123291	passamos	
1	259.9199999999998	0.7663626670837402	as referências	
1	260.6399999999998	0.6170377731323242	jurídicas e	
1	261.35999999999984	0.6564617156982422	filtramos	
1	262.07999999999987	0.5473365783691406	as	
1	262.7999999999999	0.6443424224853516	perguntas	
1	263.5199999999999	0.747246265411377	cujas referências	
1	264.23999999999995	0.6048054695129395	não	
1	264.96	0.6352279186248779	eram	
1	265.68	0.7459399700164795	artigos	
1	266.40000000000003	0.8056619167327881	em um dos códigos	
1	267.12000000000006	0.667482852935791	de lei que	
1	267.8400000000001	0.2598838806152344	consideramos.	
1	268.5600000000001	0.16303348541259766		
1	269.28000000000014	0.642026424407959		
1	270.00000000000017	0.7409870624542236	As referências restantes foram	
1	270.7200000000002	0.7179572582244873		
1	271.4400000000002	0.7800531387329102	correspondidas e	
1	272.16000000000025	0.6827642917633057	convertidas para	
1	272.8800000000003	0.7415597438812256	o	
1	273.6000000000003	0.6933722496032715		
1	274.32000000000033	0.7568986415863037		
1	275.04000000000036	0.8174600601196289	ID de artigo correspondente do	
1	275.7600000000004	0.620206356048584		
1	276.4800000000004	0.22855710983276367		
1	277.20000000000044	0.16237235069274902		
1	277.92000000000047	0.7391769886016846		
1	278.6400000000005	0.7845256328582764		
1	279.3600000000005	0.9504172801971436	. Eventualmente, chegamos a	
1	280.08000000000055	0.7404754161834717		
1	280.8000000000006	0.40666842460632324	1.108 perguntas.	
1	281.5200000000006	0.716778039932251		
1	282.24000000000063	0.8395383358001709	cada uma cuidadosamente	
1	282.96000000000066	0.716209888458252	rotulada com	
1	283.6800000000007	0.6835086345672607	os IDs	
1	284.4000000000007	0.7150158882141113	dos artigos	
1	285.12000000000074	0.6848459243774414	relevantes de	
1	285.84000000000077	0.7425708770751953	nosso grande corpus	
1	286.5600000000008	0.7895340919494629	de	
1	287.2800000000008	0.7349569797515869		
1	288.00000000000085	0.7544257640838623		
1	288.7200000000009	0.8339378833770752		
1	289.4400000000009	0.9096972942352295	22.633	
1	290.16000000000093	0.32743287086486816	artigos estatutários.	
1	290.88000000000096	0.1664440631866455		
1	291.600000000001	0.5906198024749756		
1	292.320000000001	0.674720287322998	Além disso,	
1	293.04000000000104	0.649176836013794	cada pergunta	
1	293.76000000000107	0.6774747371673584	vem com	
1	294.4800000000011	0.769827127456665	uma categoria	
1	295.2000000000011	0.6843805313110352	principal e	
1	295.92000000000115	0.7153151035308838	uma concatenação de	
1	296.6400000000012	0.2602400779724121	subcategorias.	
1	297.3600000000012	0.5826408863067627		
1	298.08000000000123	0.6422104835510254	e cada artigo	
1	298.80000000000126	0.6849417686462402	vem	
1	299.5200000000013	0.3411519527435303	com uma concatenação das	
1	300.2400000000013	0.6309731006622314		
1	300.96000000000134	0.7109642028808594	suas	
1	301.68000000000137	0.7456097602844238	subsequências de título na	
1	302.4000000000014	0.6214349269866943	estrutura	
1	303.1200000000014	0.27970242500305176	da lei.	
1	303.84000000000145	0.608478307723999		
1	304.5600000000015	0.7380993366241455	Esta informação	
1	305.2800000000015	0.726905107498169	extra não é	
1	306.00000000000153	0.7586443424224854	utilizada neste	
1	306.72000000000156	0.8236801624298096	trabalho, mas	
1	307.4400000000016	0.7732133865356445	pode ser de interesse para	
1	308.1600000000016	0.5998854637145996		
1	308.88000000000164	0.689741849899292	futuras	
1	309.60000000000167	0.7128028869628906	pesquisas	
1	310.3200000000017	0.7590806484222412	em recuperação de informação	
1	311.0400000000017	0.731799840927124	jurídica ou	
1	311.76000000000175	0.32689428329467773	classificação de texto jurídico.	
1	312.4800000000018	0.1618030071258545		
1	313.2000000000018	0.15591025352478027		
1	313.92000000000183	0.6591644287109375		
1	314.64000000000186	0.6653063297271729	Vamos ver algumas	
1	315.3600000000019	0.7283778190612793	características	
1	316.0800000000019	0.36566829681396484	do nosso conjunto de dados.	
1	316.80000000000194	0.6205682754516602		
1	317.52000000000197	0.8043546676635742	As perguntas estão entre	
1	318.240000000002	0.8448770046234131	5 e	
1	318.960000000002	0.792426347732544	44 palavras de	
1	319.68000000000205	0.8529431819915771	comprimento, com	
1	320.4000000000021	0.7948868274688721	uma mediana de	
1	321.1200000000021	0.33159899711608887	40 palavras.	
1	321.84000000000214	0.5809173583984375		
1	322.56000000000216	0.7572276592254639		
1	323.2800000000022	0.9198992252349854	Os artigos são muito mais	
1	324.0000000000022	0.879309892654419	longos, com uma mediana	
1	324.72000000000224	0.742072582244873	de	
1	325.44000000000227	0.722374439239502	comprimento de	
1	326.1600000000023	0.7088711261749268	77	
1	326.8800000000023	0.7417237758636475	palavras, com	
1	327.60000000000235	0.6667478084564209		
1	328.3200000000024	0.788710355758667		
1	329.0400000000024	0.9229300022125244	142 deles	
1	329.76000000000244	0.8600943088531494	excedendo	
1	330.48000000000246	0.42200231552124023	1.000 palavras.	
1	331.2000000000025	0.5641481876373291		
1	331.9200000000025	0.6821212768554688	O comprimento	
1	332.64000000000254	0.5950708389282227		
1	333.3600000000026	0.8347623348236084		
1	334.0800000000026	0.864922285079956		
1	334.8000000000026	0.8813314437866211	máximo sendo de	
1	335.52000000000265	0.849738597869873	cinco mil setecentos e	
1	336.2400000000027	0.298846960067749		
1	336.9600000000027	0.2315661907196045	palavras.	
1	337.68000000000274	0.15990424156188965		
1	338.40000000000276	0.6248764991760254		
1	339.1200000000028	0.7598617076873779	Como mencionado anteriormente,	
1	339.8400000000028	0.7237060070037842		
1	340.56000000000284	0.8873147964477539		
1	341.2800000000029	0.9026403427124023		
1	342.0000000000029	1.078425645828247	as perguntas cobrem uma ampla gama de	
1	342.7200000000029	0.8950676918029785	tópicos, com cerca de	
1	343.44000000000295	0.8288826942443848		
1	344.160000000003	0.7602829933166504	85% delas	
1	344.880000000003	0.7195413112640381	sendo sobre	
1	345.60000000000304	0.6935265064239502	família,	
1	346.32000000000306	0.7069120407104492	habitação,	
1	347.0400000000031	0.7025578022003174		
1	347.7600000000031	0.2946901321411133	dinheiro ou justiça.	
1	348.48000000000314	0.6554193496704102		
1	349.2000000000032	0.7638938426971436	enquanto	
1	349.9200000000032	0.8191280364990234	os restantes 15%	
1	350.6400000000032	0.7498292922973633	concernem	
1	351.36000000000325	1.0489273071289062		
1	352.0800000000033	0.7265856266021729	segurança	
1	352.8000000000033	0.7579257488250732	social,	
1	353.52000000000334	0.6992814540863037	estrangeiros ou	
1	354.24000000000336	0.2279493808746338	trabalho.	
1	354.9600000000034	0.16808485984802246		
1	355.6800000000034	0.16387462615966797		
1	356.40000000000344	0.6894392967224121		
1	357.1200000000035	0.763577938079834	Os artigos também são muito	
1	357.8400000000035	0.7133288383483887		
1	358.5600000000035	0.8443012237548828	diversos, pois vêm de	
1	359.28000000000355	0.7162585258483887		
1	360.0000000000036	0.7777199745178223	32 diferentes	
1	360.7200000000036	0.6807098388671875	códigos	
1	361.44000000000364	0.7863893508911133	belgas que	
1	362.16000000000366	0.8445248603820801	cobrem	
1	362.8800000000037	0.8587288856506348	um grande número de	
1	363.6000000000037	0.42844152450561523		
1	364.32000000000374	1.0108709335327148	tópicos ilegais.	
1	365.0400000000038	0.8532023429870605	Aqui está o número	
1	365.7600000000038	0.774489164352417	total de artigos	
1	366.4800000000038	0.826937198638916	coletados de	
1	367.20000000000385	0.777623176574707	cada um desses	
1	367.9200000000039	0.29315805435180664	códigos belgas.	
1	368.6400000000039	0.1729886531829834		
1	369.36000000000394	0.7195577621459961		
1	370.08000000000396	0.8080499172210693		
1	370.800000000004	0.8080065250396729	De	
1	371.520000000004	0.8763265609741211		
1	372.24000000000404	0.835852861404419	22.633	
1	372.9600000000041	0.681450366973877	artigos,	
1	373.6800000000041	0.8090915679931641	apenas	
1	374.4000000000041	0.7848851680755615		
1	375.12000000000415	0.7684247493743896		
1	375.8400000000042	0.8932769298553467	1.612 são	
1	376.5600000000042	0.7694470882415771		
1	377.28000000000424	0.6974899768829346		
1	378.00000000000426	0.8497495651245117	referidos como	
1	378.7200000000043	0.7764079570770264	relevantes para pelo menos	
1	379.4400000000043	0.7585549354553223	uma	
1	380.16000000000435	0.3674509525299072	pergunta no conjunto de dados.	
1	380.8800000000044	0.16368365287780762		
1	381.6000000000044	0.8042542934417725		
1	382.3200000000044	0.794825553894043	E cerca de 80%	
1	383.04000000000445	0.7015676498413086		
1	383.7600000000045	0.7761297225952148	desses artigos	
1	384.4800000000045	0.7707018852233887	citados vêm	
1	385.20000000000454	0.6615457534790039	do código	
1	385.92000000000456	0.750375509262085		
1	386.6400000000046	0.8172807693481445		
1	387.3600000000046	0.8888664245605469	Civil,	
1	388.08000000000465	0.906548261642456	Código	
1	388.8000000000047	0.9903357028961182	Judicial, Código de Investigação Criminal ou	
1	389.5200000000047	0.3490142822265625	Códigos Penais.	
1	390.2400000000047	0.6468238830566406		
1	390.96000000000475	0.8024499416351318	Enquanto isso,	
1	391.6800000000048	0.7982923984527588		
1	392.4000000000048	0.833219051361084	18	
1	393.12000000000484	0.8211026191711426	dos 32	
1	393.84000000000486	0.8119003772735596	códigos têm	
1	394.5600000000049	0.8096013069152832	menos de	
1	395.2800000000049	0.7900700569152832	5 artigos	
1	396.00000000000495	0.7002894878387451	mencionados como	
1	396.720000000005	0.7489571571350098	relevantes para	
1	397.440000000005	0.7148597240447998	pelo menos	
1	398.160000000005	0.2761359214782715	uma pergunta.	
1	398.88000000000505	0.749802827835083		
1	399.6000000000051	0.8302764892578125	o que pode ser explicado	
1	400.3200000000051	0.7802817821502686	pelo fato de que	
1	401.04000000000514	0.7563674449920654	esses códigos	
1	401.76000000000516	0.7764818668365479	focam menos	
1	402.4800000000052	0.7931327819824219	nos	
1	403.2000000000052	0.7616586685180664	indivíduos e	
1	403.92000000000525	0.35003089904785156	nas suas preocupações.	
1	404.6400000000053	0.17083096504211426		
1	405.3600000000053	0.6425189971923828		
1	406.0800000000053	0.791363000869751	No geral,	
1	406.80000000000535	0.8083915710449219	a mediana do número	
1	407.5200000000054	0.7151179313659668	de citações	
1	408.2400000000054	0.7239983081817627	para	
1	408.96000000000544	0.7350597381591797	esses artigos	
1	409.68000000000546	0.7550592422485352	citados	
1	410.4000000000055	0.29650259017944336	é 2.	
1	411.1200000000055	0.7748606204986572		
1	411.84000000000555	0.8141844272613525	e menos de	
1	412.5600000000056	0.8232283592224121	25%	
1	413.2800000000056	0.6952345371246338	deles	
1	414.0000000000056	0.811241865158081	são	
1	414.72000000000565	0.820336103439331	citados mais de	
1	415.4400000000057	0.3097541332244873	5 vezes.	
1	416.1600000000057	0.17028498649597168		
1	416.88000000000574	0.17974591255187988		
1	417.60000000000576	0.7908082008361816		
1	418.3200000000058	0.9308211803436279	Usando nossos conjuntos de dados,	
1	419.0400000000058	0.7138364315032959		
1	419.76000000000585	0.8094804286956787	avaliamos	
1	420.4800000000059	0.7858030796051025		
1	421.2000000000059	0.9036769866943359	várias abordagens de	
1	421.9200000000059	0.9011058807373047	recuperação, incluindo	
1	422.64000000000595	0.8085086345672607		
1	423.360000000006	0.43127965927124023	arquiteturas lexicais e densas.	
1	424.080000000006	0.706294059753418		
1	424.80000000000604	0.8036880493164062	Dada uma consulta e	
1	425.52000000000606	0.7679712772369385	um artigo,	
1	426.2400000000061	0.7568004131317139		
1	426.9600000000061	0.918886661529541	um modelo lexicário	
1	427.68000000000615	0.8032145500183105	atribui uma	
1	428.4000000000062	0.8308534622192383	pontuação à	
1	429.1200000000062	0.7670395374298096		
1	429.8400000000062	0.8482532501220703	par de	
1	430.56000000000626	0.8424942493438721	consulta-artigo calculando	
1	431.2800000000063	0.7705593109130859	a soma	
1	432.0000000000063	0.8503077030181885	sobre	
1	432.72000000000634	0.8767881393432617	os termos da consulta	
1	433.44000000000636	0.8233625888824463	dos pesos de	
1	434.1600000000064	0.8484606742858887	cada um	
1	434.8800000000064	0.348926305770874	desses termos naquele artigo.	
1	435.60000000000645	0.18087077140808105		
1	436.3200000000065	0.6899394989013672		
1	437.0400000000065	0.746370792388916	Experimentamos com	
1	437.7600000000065	0.8100900650024414	o padrão	
1	438.48000000000656	0.8348221778869629	TF-IDF e	
1	439.2000000000066	0.8004522323608398		
1	439.9200000000066	0.8042621612548828		
1	440.64000000000664	0.40326762199401855	funções de classificação BM25.	
1	441.36000000000666	0.7095189094543457		
1	442.0800000000067	0.8580672740936279	O principal problema com	
1	442.8000000000067	0.775521993637085	essas	
1	443.52000000000675	0.854412317276001	abordagens é que elas	
1	444.2400000000068	0.7645461559295654		
1	444.9600000000068	0.850640058517456	só podem recuperar	
1	445.6800000000068	0.8381919860839844	artigos que	
1	446.40000000000686	0.8060026168823242	contêm	
1	447.1200000000069	0.803403377532959	palavras-chave presentes	
1	447.8400000000069	0.261934757232666	na consulta.	
1	448.56000000000694	0.683685302734375		
1	449.28000000000696	0.7795014381408691	Para superar	
1	450.000000000007	0.7682831287384033	esta limitação,	
1	450.720000000007	0.7773611545562744	experimentamos	
1	451.44000000000705	0.8893642425537109	com um	
1	452.1600000000071	0.790560245513916		
1	452.8800000000071	0.8744909763336182	modelo baseado em rede	
1	453.6000000000071	0.8917825222015381	neural que pode capturar	
1	454.32000000000716	0.736691951751709		
1	455.0400000000072	0.8347609043121338	relações	
1	455.7600000000072	0.8674478530883789	semânticas entre	
1	456.48000000000724	0.3100917339324951	consultas e artigos.	
1	457.20000000000726	0.6909503936767578		
1	457.9200000000073	0.8864238262176514	Usamos um	
1	458.6400000000073	0.7160017490386963	modelo	
1	459.36000000000735	0.8719305992126465		
1	460.0800000000074	0.9200775623321533	bencoder que mapeia	
1	460.8000000000074	0.7285780906677246	consultas e	
1	461.5200000000074	0.8236901760101318	artigos em	
1	462.24000000000746	0.8642137050628662		
1	462.9600000000075	0.4269881248474121	representações vetoriais densas.	
1	463.6800000000075	0.6565098762512207		
1	464.40000000000754	0.7707979679107666	e calcular	
1	465.12000000000756	0.8463985919952393	uma	
1	465.8400000000076	0.9015612602233887	pontuação de relevância	
1	466.5600000000076	0.8436558246612549	entre	
1	467.28000000000765	0.8358211517333984	um par de	
1	468.0000000000077	0.8252224922180176	consulta-artigo	
1	468.7200000000077	0.8509924411773682	pela similaridade de	
1	469.44000000000773	0.6868727207183838	seus embeddings.	
1	470.16000000000776	0.18007946014404297		
1	470.8800000000078	0.6549713611602783		
1	471.6000000000078	0.7742476463317871	Esses embeddings	
1	472.32000000000784	0.8178486824035645	normalmente resultam	
1	473.04000000000786	0.8073899745941162	de	
1	473.7600000000079	0.8343517780303955	uma operação de	
1	474.4800000000079	0.7462940216064453		
1	475.20000000000795	0.9549825191497803	pool no output de um	
1	475.920000000008	0.35964488983154297	modelo de embeddings de palavras.	
1	476.640000000008	0.17610764503479004		
1	477.36000000000803	0.17267799377441406		
1	478.08000000000806	0.7583301067352295		
1	478.8000000000081	0.840796947479248	Primeiro, estudamos	
1	479.5200000000081	0.7763826847076416	a eficácia	
1	480.24000000000814	0.8643014430999756		
1	480.96000000000816	0.9960718154907227	de	
1	481.6800000000082	0.9882550239562988		
1	482.4000000000082	1.0932209491729736		
1	483.12000000000825	1.1307666301727295		
1	483.8400000000083	1.2767233848571777		
1	484.5600000000083	1.5107154846191406	encoders Siameses B em um ambiente de avaliação zero-shot, ou seja,	
1	485.28000000000833	0.9926652908325195		
1	486.00000000000836	1.1003954410552979	modelos de embeddings de palavras pré-treinados	
1	486.7200000000084	0.8389849662780762	são aplicados	
1	487.4400000000084	0.7846353054046631	fora da	
1	488.16000000000844	0.7431433200836182	caixa sem	
1	488.88000000000847	0.7563457489013672		
1	489.6000000000085	0.3370816707611084	qualquer ajuste fino adicional.	
1	490.3200000000085	0.6862087249755859		
1	491.04000000000855	0.7534680366516113	Experimentamos com	
1	491.7600000000086	0.6801517009735107		
1	492.4800000000086	0.7515902519226074		
1	493.20000000000863	0.8411803245544434		
1	493.92000000000866	0.8615138530731201		
1	494.6400000000087	0.9236013889312744	um encoder de texto independente de	
1	495.3600000000087	0.8939895629882812	contexto,	
1	496.08000000000874	0.9464795589447021	ou seja,	
1	496.80000000000877	0.883551836013794	word2Vec e	
1	497.5200000000088	0.8975410461425781	FastText, e	
1	498.2400000000088	0.8221485614776611		
1	498.96000000000885	0.8560695648193359		
1	499.6800000000089	0.9507384300231934	modelos de	
1	500.4000000000089	0.9779407978057861	embedding dependentes de contexto, ou seja,	
1	501.12000000000893	0.7730371952056885		
1	501.84000000000896	0.9011256694793701	Robota e	
1	502.560000000009	0.9538986682891846	especificamente	
1	503.280000000009	0.9549667835235596	Camembert, que é um	
1	504.00000000000904	0.30767369270324707	modelo francês Roberta.	
1	504.72000000000907	0.18358087539672852		
1	505.4400000000091	0.7616615295410156		
1	506.1600000000091	0.9024159908294678	Além disso, treinamos	
1	506.88000000000915	0.7912247180938721		
1	507.6000000000092	0.9230339527130127		
1	508.3200000000092	0.9183881282806396		
1	509.04000000000923	1.0076773166656494	nosso próprio modelo baseado em	
1	509.76000000000926	0.9640507698059082		
1	510.4800000000093	1.0274202823638916	Camembert,	
1	511.2000000000093	0.9662497043609619		
1	511.92000000000934	0.6209726333618164		
1	512.6400000000093	1.1258745193481445	B encoders em nossos conjuntos de dados.	
1	513.3600000000093	0.990471601486206	Observe que para o treinamento,	
1	514.0800000000094	0.762697696685791		
1	514.8000000000094	0.8199992179870605	experimentamos com os dois	
1	515.5200000000094	0.8495135307312012	sabores do	
1	516.2400000000094	0.7471842765808105		
1	516.9600000000095	0.8046426773071289		
1	517.6800000000095	0.91168212890625	Beyond Coder architecture.	
1	518.4000000000095	0.82362961769104		
1	519.1200000000096	0.8698620796203613	Siamese, que	
1	519.8400000000096	0.8779947757720947	usa um	
1	520.5600000000096	0.9013848304748535		
1	521.2800000000096	0.9831655025482178	único modelo de embeddings de	
1	522.0000000000097	0.9257843494415283	palavras que mapeia	
1	522.7200000000097	0.7923023700714111	a	
1	523.4400000000097	0.8205370903015137	consulta e	
1	524.1600000000097	0.8692426681518555	o artigo	
1	524.8800000000098	0.9350080490112305	juntos em um	
1	525.6000000000098	0.8951539993286133		
1	526.3200000000098	0.4315502643585205	espaço vetorial denso compartilhado.	
1	527.0400000000099	0.7742211818695068		
1	527.7600000000099	0.8176312446594238	E	
1	528.4800000000099	0.8730096817016602	Tutor, que usa	
1	529.2000000000099	0.9099724292755127	dois	
1	529.92000000001	0.4213576316833496	modelos de embeddings de palavras independentes.	
1	530.64000000001	0.7602744102478027		
1	531.36000000001	0.9787662029266357	que codificam	
1	532.08000000001	0.9089674949645996	a consulta e o	
1	532.8000000000101	0.8394453525543213	artigo	
1	533.5200000000101	0.9091956615447998	separadamente em	
1	534.2400000000101	0.33800673484802246	espaços de embedding diferentes.	
1	534.9600000000102	0.17678236961364746		
1	535.6800000000102	0.7179090976715088		
1	536.4000000000102	0.9021949768066406	Experimentamos	
1	537.1200000000102	0.9080510139465332	com	
1	537.8400000000103	0.8874831199645996		
1	538.5600000000103	0.9648392200469971	pool mean, max e	
1	539.2800000000103	0.9207282066345215	CLS, bem como	
1	540.0000000000103	0.9317364692687988	produto escalar e	
1	540.7200000000104	0.8919804096221924	cosseno	
1	541.4400000000104	0.8257102966308594	para	
1	542.1600000000104	0.30341172218322754	calcular similaridades.	
1	542.8800000000105	0.17305350303649902		
1	543.6000000000105	0.18121027946472168		
1	544.3200000000105	0.7270617485046387		
1	545.0400000000105	0.8969433307647705	Aqui estão os	
1	545.7600000000106	0.8638672828674316	resultados	
1	546.4800000000106	0.9685559272766113		
1	547.2000000000106	1.170767068862915	da nossa linha de base no conjunto de	
1	547.9200000000106	0.9607329368591309		
1	548.6400000000107	1.1344046592712402	teste, com os métodos lexicais	
1	549.3600000000107	0.9762730598449707	acima,	
1	550.0800000000107	0.9979994297027588	os encoders Siameses	
1	550.8000000000108	0.9445655345916748	B avaliados em um	
1	551.5200000000108	0.8307497501373291		
1	552.2400000000108	0.8349673748016357	ambiente zero-shot no meio.	
1	552.9600000000108	0.7770538330078125		
1	553.6800000000109	0.938199520111084	e	
1	554.4000000000109	0.9152877330780029	os	
1	555.1200000000109	0.40575242042541504	beyond coders ajustados abaixo.	
1	555.840000000011	0.7825047969818115		
1	556.560000000011	0.975292444229126	No geral,	
1	557.280000000011	0.9570291042327881	os beyond coders	
1	558.000000000011	0.8785848617553711	ajustados	
1	558.720000000011	0.9317028522491455		
1	559.4400000000111	0.9874153137207031	superam significativamente todas as outras	
1	560.1600000000111	0.9727888107299805	linhas de base.	
1	560.8800000000111	0.8817241191864014	O modelo	
1	561.6000000000112	0.9314286708831787	two-tower melhora	
1	562.3200000000112	0.8692939281463623	sobre	
1	563.0400000000112	0.8874034881591797	sua variante	
1	563.7600000000112	0.983344316482544	Siamese na	
1	564.4800000000113	0.9233181476593018	recall a	
1	565.2000000000113	0.9504761695861816	100, mas	
1	565.9200000000113	0.8946013450622559	performa	
1	566.6400000000114	0.3943183422088623	igualmente bem nas outras métricas.	
1	567.3600000000114	0.17385101318359375		
1	568.0800000000114	0.7577345371246338		
1	568.8000000000114	0.8973956108093262		
1	569.5200000000115	1.0158193111419678	Embora o BM25	
1	570.2400000000115	1.025482416152954	tenha	
1	570.9600000000115	0.9716637134552002	superado	
1	571.6800000000115	0.9515476226806641	o beyond coder treinado	
1	572.4000000000116	0.8650169372558594	significativamente, seu desempenho	
1	573.1200000000116	0.7868692874908447		
1	573.8400000000116	0.8897242546081543	indicou que ainda	
1	574.5600000000117	0.9228873252868652	é	
1	575.2800000000117	0.9724042415618896	uma linha de base forte para	
1	576.0000000000117	0.8030641078948975		
1	576.7200000000117	0.3447237014770508	recuperação específica de domínio.	
1	577.4400000000118	0.1813526153564453		
1	578.1600000000118	0.7598490715026855		
1	578.8800000000118	0.8303594589233398	Quanto	
1	579.6000000000118	0.9749610424041748	à avaliação zero-shot	
1	580.3200000000119	0.8576793670654297	do Siamese	
1	581.0400000000119	0.8344635963439941	Biancoder,	
1	581.7600000000119	0.7613224983215332	encontramos	
1	582.480000000012	0.7988443374633789	que usar diretamente	
1	583.200000000012	0.8935003280639648		
1	583.920000000012	1.049311637878418	os embeddings de um pré-treinado	
1	584.640000000012	0.82643723487854		
1	585.3600000000121	0.8653409481048584	Camembert	
1	586.0800000000121	0.8306746482849121	modelo sem otimizar	
1	586.8000000000121	0.8440299034118652	para	
1	587.5200000000121	0.8836259841918945	a	
1	588.2400000000122	0.847078800201416	tarefa de recuperação de	
1	588.9600000000122	0.8050189018249512		
1	589.6800000000122	0.3520777225494385	informações dá resultados ruins.	
1	590.4000000000123	0.7919509410858154		
1	591.1200000000123	1.0089757442474365		
1	591.8400000000123	0.9450333118438721	o que é consistente com achados anteriores.	
1	592.5600000000123	0.17955970764160156		
1	593.2800000000124	0.7723450660705566		
1	594.0000000000124	0.8785455226898193	Além disso,	
1	594.7200000000124	0.9254469871520996	observamos	
1	595.4400000000124	0.8385777473449707	que o	
1	596.1600000000125	0.9444735050201416		
1	596.8800000000125	0.9516401290893555		
1	597.6000000000125	1.0133841037750244		
1	598.3200000000126	1.0755958557128906		
1	599.0400000000126	1.1798276901245117	beyondcoder baseado em word2Vec superou	
1	599.7600000000126	1.003603219985962	significativamente o	
1	600.4800000000126	0.9412767887115479		
1	601.2000000000127	0.9375302791595459	modelo baseado em	
1	601.9200000000127	0.9891452789306641		
1	602.6400000000127	1.142880916595459	FastX e Bird, sugerindo	
1	603.3600000000127	1.044858694076538	que talvez	
1	604.0800000000128	0.9797122478485107		
1	604.8000000000128	1.093857765197754	os embeddings de	
1	605.5200000000128	1.0717542171478271	nível de palavra pré-treinados sejam	
1	606.2400000000129	0.9156475067138672	mais	
1	606.9600000000129	0.9722263813018799	apropriados para a	
1	607.6800000000129	1.036614179611206	tarefa do que	
1	608.4000000000129	0.8720705509185791		
1	609.120000000013	0.9592814445495605	o nível de caractere ou	
1	609.840000000013	0.8272552490234375		
1	610.560000000013	0.8311479091644287	subpalavra.	
1	611.280000000013	0.709273099899292		
1	612.0000000000131	0.8718979358673096		
1	612.7200000000131	0.38211846351623535	quando usados fora da caixa.	
1	613.4400000000131	0.17748117446899414		
1	614.1600000000132	0.1761465072631836		
1	614.8800000000132	0.7813763618469238		
1	615.6000000000132	0.9140090942382812	Embora	
1	616.3200000000132	0.9617757797241211	promissores, esses resultados	
1	617.0400000000133	1.011094093322754	sugerem	
1	617.7600000000133	0.9029026031494141	amplas oportunidades	
1	618.4800000000133	0.7682375907897949	de	
1	619.2000000000133	1.014721393585205	melhoria	
1	619.9200000000134	1.033872127532959	em comparação com um nível de	
1	620.6400000000134	0.8270421028137207		
1	621.3600000000134	0.9008760452270508	especialista que	
1	622.0800000000135	0.8370182514190674	eventualmente pode	
1	622.8000000000135	0.8903985023498535	recuperar	
1	623.5200000000135	0.891657829284668	todos os artigos	
1	624.2400000000135	0.8482868671417236	relevantes para qualquer	
1	624.9600000000136	0.8178300857543945		
1	625.6800000000136	0.8880724906921387	pergunta e	
1	626.4000000000136	0.8700554370880127	assim obter	
1	627.1200000000136	0.31503868103027344	notas perfeitas.	
1	627.8400000000137	0.177872896194458		
1	628.5600000000137	0.8275353908538818		
1	629.2800000000137	0.881422758102417	Vamos concluir	
1	630.0000000000138	0.8828771114349365	discutindo	
1	630.7200000000138	1.0177366733551025	duas limitações de	
1	631.4400000000138	0.38190245628356934	nossos conjuntos de dados.	
1	632.1600000000138	0.7499334812164307		
1	632.8800000000139	0.846027135848999	Primeiro,	
1	633.6000000000139	0.8481276035308838	o corpus de	
1	634.3200000000139	0.8227760791778564	artigo é	
1	635.040000000014	0.9065642356872559	limitado a	
1	635.760000000014	0.9484984874725342	aqueles coletados	
1	636.480000000014	0.8686628341674805	dos	
1	637.200000000014	0.9774141311645508	32	
1	637.920000000014	0.3359684944152832	códigos belgas considerados.	
1	638.6400000000141	0.9146151542663574		
1	639.3600000000141	0.864943265914917	o que não	
1	640.0800000000141	0.9328012466430664	cobre todo	
1	640.8000000000142	0.9427576065063477	o	
1	641.5200000000142	1.137183427810669	direito	
1	642.2400000000142	1.0520079135894775	belga, pois artigos de	
1	642.9600000000142	0.9184226989746094	decretos,	
1	643.6800000000143	1.1169610023498535		
1	644.4000000000143	0.987372875213623	diretivas e ordens	
1	645.1200000000143	0.30936241149902344	estão ausentes.	
1	645.8400000000144	0.7239913940429688		
1	646.5600000000144	0.9528317451477051	Durante	
1	647.2800000000144	0.9619526863098145	a construção do conjunto de dados,	
1	648.0000000000144	0.8866794109344482		
1	648.7200000000145	0.9957921504974365	todas as referências a	
1	649.4400000000145	0.927117109298706	esses	
1	650.1600000000145	0.9657275676727295	artigos não coletados	
1	650.8800000000145	0.9586892127990723	foram	
1	651.6000000000146	1.0005953311920166	ignoradas, o que	
1	652.3200000000146	0.8988778591156006		
1	653.0400000000146	1.1116957664489746	faz com que algumas perguntas acabem	
1	653.7600000000147	0.9425733089447021	com apenas uma fração	
1	654.4800000000147	0.8577909469604492		
1	655.2000000000147	0.9373836517333984		
1	655.9200000000147	0.4249289035797119	do número inicial de artigos relevantes.	
1	656.6400000000148	0.189284086227417		
1	657.3600000000148	0.7808268070220947		
1	658.0800000000148	0.9421374797821045	Esta	
1	658.8000000000148	0.9534897804260254	perda de informação implica	
1	659.5200000000149	0.804948091506958	que a resposta	
1	660.2400000000149	0.8531713485717773		
1	660.9600000000149	0.9614207744598389	contida	
1	661.680000000015	0.4219341278076172	nos artigos relevantes remanescentes.	
1	662.400000000015	0.8177220821380615		
1	663.120000000015	0.8820457458496094	pode	
1	663.840000000015	0.9132170677185059	ser	
1	664.5600000000151	1.0706639289855957	incompleta, embora	
1	665.2800000000151	0.8607466220855713	ainda	
1	666.0000000000151	0.32282185554504395	seja completamente adequada.	
1	666.7200000000151	0.1892406940460205		
1	667.4400000000152	0.7846870422363281		
1	668.1600000000152	0.9069178104400635	Segundo,	
1	668.8800000000152	0.8781776428222656		
1	669.6000000000153	0.9721522331237793	devemos notar que nem	
1	670.3200000000153	0.9699206352233887	todas as perguntas	
1	671.0400000000153	0.9684426784515381	jurídicas podem ser	
1	671.7600000000153	0.9118144512176514	respondidas	
1	672.4800000000154	0.34001731872558594	apenas com estatutos.	
1	673.2000000000154	0.8155665397644043		
1	673.9200000000154	0.8788704872131348	Por exemplo, a	
1	674.6400000000154	0.8804514408111572		
1	675.3600000000155	1.0034575462341309	pergunta: posso despejar	
1	676.0800000000155	1.0231969356536865	meus inquilinos	
1	676.8000000000155	0.948976993560791	se fizerem	
1	677.5200000000156	0.9200818538665771	muito	
1	678.2400000000156	0.9948446750640869	barulho pode não ter	
1	678.9600000000156	0.8823792934417725		
1	679.6800000000156	0.9773354530334473	uma resposta detalhada dentro do	
1	680.4000000000157	0.8533287048339844		
1	681.1200000000157	0.917999267578125	direito	
1	681.8400000000157	0.8999121189117432	estatutário que quantifique	
1	682.5600000000157	0.8911259174346924	um	
1	683.2800000000158	0.9570684432983398		
1	684.0000000000158	1.100905418395996	limiar específico de	
1	684.7200000000158	1.0331902503967285	ruído no qual o	
1	685.4400000000159	0.3634989261627197	despejo é permitido.	
1	686.1600000000159	0.9511141777038574		
1	686.8800000000159	1.001033067703247	Em vez disso,	
1	687.6000000000159	0.9690279960632324	o proprietário provavelmente	
1	688.320000000016	1.0503718852996826	deve confiar mais	
1	689.040000000016	0.9093856811523438		
1	689.760000000016	1.0537593364715576	na jurisprudência e encontrar	
1	690.480000000016	0.9673259258270264	precedentes	
1	691.2000000000161	0.9398581981658936	semelhantes	
1	691.9200000000161	0.3399770259857178	à sua situação atual.	
1	692.6400000000161	1.0055482387542725		
1	693.3600000000162	1.112464427947998	Por exemplo,	
1	694.0800000000162	1.1220941543579102	o inquilino faz duas	
1	694.8000000000162	1.0925304889678955	partes por semana	
1	695.5200000000162	0.4185631275177002	até as 2 da manhã.	
1	696.2400000000163	0.8288478851318359		
1	696.9600000000163	0.8904719352722168	Portanto,	
1	697.6800000000163	0.8934447765350342	algumas	
1	698.4000000000163	1.0383174419403076	perguntas são	
1	699.1200000000164	1.0754146575927734	mais adequadas do que	
1	699.8400000000164	0.9772789478302002	outras	
1	700.5600000000164	1.0820002555847168	para	
1	701.2800000000165	1.1130664348602295	a tarefa de recuperação de artigos	
1	702.0000000000165	1.006235122680664	estatutários, e	
1	702.7200000000165	0.9243686199188232	o domínio do	
1	703.4400000000165	0.8602516651153564	menos	
1	704.1600000000166	0.9318027496337891	adequado	
1	704.8800000000166	0.3629319667816162	permanece por ser determinado.	
1	705.6000000000166	0.18665671348571777		
1	706.3200000000166	0.1762526035308838		
1	707.0400000000167	0.8710036277770996		
1	707.7600000000167	1.038585901260376	Esperamos que	
1	708.4800000000167	1.033970594406128	todo o trabalho	
1	709.2000000000168	0.987891435623169	desperte interesse no	
1	709.9200000000168	0.9156668186187744		
1	710.6400000000168	1.0379846096038818	desenvolvimento de	
1	711.3600000000168	1.0531895160675049		
1	712.0800000000169	1.084148645401001		
1	712.8000000000169	1.215360403060913		
1	713.5200000000169	0.6334867477416992	modelos práticos e confiáveis de recuperação de artigos estatutários.	
1	714.240000000017	0.9246037006378174		
1	714.960000000017	0.9964215755462646	Que	
1	715.680000000017	1.0063517093658447	podem ajudar a melhorar o	
1	716.400000000017	0.9359395503997803	acesso	
1	717.1200000000171	0.9172804355621338	à	
1	717.8400000000171	1.025998830795288	Justiça para todos.	
1	718.5600000000171	0.9547264575958252	Você pode verificar	
1	719.2800000000171	0.28700923919677734	nosso papel.	
1	720.0000000000172	1.000274419784546		
1	720.7200000000172	1.041323184967041	conjunto de dados e código	
1	721.4400000000172	0.9421398639678955	nos seguintes links.	
1	722.0012500000172	0.3700282573699951	Obrigado.	
2	0.72	0.00015163421630859375		
2	1.44	0.2513911724090576	Olá ou	
2	2.16	0.37758493423461914	Olá, estamos felizes de	Olá ou
2	2.88	0.45533084869384766	apresentar o nosso	de
2	3.5999999999999996	0.3203315734863281	em apresentar apresentar nosso trabalho.	apresentar o nosso
2	4.319999999999999	0.3444504737854004	nosso trabalho sobre a Valve.	apresentar nosso trabalho.
2	5.039999999999999	0.31139659881591797	vogais.	a Valve.
2	5.759999999999999	0.3193809986114502	vogais, uma tarefa	vogais.
2	6.479999999999999	0.37595534324645996	independente.	
2	7.199999999999998	0.2837505340576172	benchmark independente.	independente.
2	7.919999999999998	0.30105066299438477	de benchmark benchmark independente que	benchmark independente.
2	8.639999999999999	0.28252625465393066	independente destinada para.	benchmark independente que
2	9.36	0.28298473358154297	ao teste.	para.
2	10.08	0.37823939323425293	testar visão e linguagem.	ao teste.
2	10.8	0.4512600898742676	a testar modelos de visão e linguagem.	testar visão e linguagem.
2	11.520000000000001	0.368255615234375	modelos de visão e linguagem com	linguagem.
2	12.240000000000002	0.30034637451171875	especificidades	modelos de visão e linguagem com
2	12.960000000000003	0.2845759391784668	linguística específica.	especificidades
2	13.680000000000003	0.36766743659973145	fenômenos linguísticos específicos.	linguística específica.
2	14.400000000000004	0.33956289291381836		
2	15.120000000000005	0.2361900806427002	Por quê	fenômenos linguísticos específicos.
2	15.840000000000005	0.36436963081359863	fizemos isso?	quê
2	16.560000000000006	0.42694926261901855	que nisso?	fizemos isso?
2	17.280000000000005	0.38886594772338867	nos empenhamos em apresentar nosso trabalho sobre vogais, uma tarefa de benchmark independente destinada a testar modelos de visão e linguagem com fenômenos linguísticos específicos. Por que nos empenhamos nisso?	nisso?
2	18.000000000000004	0.16772246360778809	nisso?	em apresentar nosso trabalho sobre vogais, uma tarefa de benchmark independente destinada a testar modelos de visão e linguagem com fenômenos linguísticos específicos. Por que nos empenhamos nisso?
2	18.720000000000002	0.14320635795593262		nisso?
2	19.44	0.15426254272460938		
2	20.16	0.2724640369415283	Bem, durante	
2	20.88	0.3921082019805908	o último ano.	
2	21.599999999999998	0.3277764320373535	anos,	o último ano.
2	22.319999999999997	0.40850114822387695	os últimos anos, temos visto.	anos,
2	23.039999999999996	0.3339676856994629	vimos uma explosão.	anos, temos visto.
2	23.759999999999994	0.3459792137145996	explosão de	explosão.
2	24.479999999999993	0.3730041980743408	transformadores.	
2	25.199999999999992	0.3626418113708496	baseados em transformers.	transformadores.
2	25.91999999999999	0.5068168640136719	modelos baseados em modelos baseados em transformers para visão e linguagem.	baseados em transformers.
2	26.63999999999999	0.36721086502075195		
2	27.35999999999999	0.17305493354797363		
2	28.079999999999988	0.18342852592468262		
2	28.799999999999986	0.19061875343322754		modelos baseados em transformers para visão e linguagem.
2	29.519999999999985	0.7171831130981445	de imagens.	
2	30.239999999999984	0.7536566257476807	e linguagem, pré-treinados em grandes quantidades de pares de imagem e texto.	de imagens.
2	30.959999999999983	0.3438527584075928		
2	31.679999999999982	0.28983211517333984	Cada um deles	pares de imagem e texto.
2	32.399999999999984	0.30765700340270996	modelos	deles
2	33.11999999999998	0.3608224391937256	desses	modelos
2	33.83999999999998	0.3998727798461914	estado da	
2	34.55999999999998	0.43969106674194336	impulsiona o estado da arte em	estado da
2	35.27999999999998	0.4591219425201416	modelos de visão e linguagem.	
2	35.99999999999998	0.3760502338409424	estado da arte em tarefas de visão e linguagem.	estado da arte em modelos de visão e linguagem.
2	36.71999999999998	0.3553006649017334		estado da arte em tarefas de visão e linguagem.
2	37.439999999999976	0.19286012649536133	visão e linguagem.	
2	38.159999999999975	0.3654978275299072	perguntas visuais.	visão e linguagem.
2	38.879999999999974	0.4519343376159668	Como resposta a perguntas visuais.	perguntas visuais.
2	39.59999999999997	0.5275061130523682	respostas visuais a perguntas, comentários visuais.	resposta a perguntas visuais.
2	40.31999999999997	0.5913476943969727	comum visual.	comentários visuais.
2	41.03999999999997	0.33948755264282227	raciocínio	comum visual.
2	41.75999999999997	0.33266425132751465	visual. recuperação de imagens.	
2	42.47999999999997	0.42293286323547363	recuperação de imagens, frase.	visual. recuperação de imagens.
2	43.19999999999997	0.4683997631072998	recuperação de imagens, ancoragem de frases.	frase.
2	43.919999999999966	0.33167409896850586		recuperação de imagens, ancoragem de frases.
2	44.639999999999965	0.4572436809539795	Então, recebemos uma mensagem.	
2	45.359999999999964	0.36573076248168945		
2	46.07999999999996	0.33566999435424805	As acuracias	Então, recebemos uma mensagem.
2	46.79999999999996	0.5131020545959473	tipos.	acuracias
2	47.51999999999996	0.5459845066070557	acurácias tarefas são específicas.	tipos.
2	48.23999999999996	0.4492313861846924	acurácias nesses benchmarks específicos para tarefas.	tarefas são específicas.
2	48.95999999999996	0.5284934043884277	nesses benchmarks específicos acurácias nesses benchmarks específicos da tarefa estão aumentando.	acurácias nesses benchmarks específicos para tarefas.
2	49.67999999999996	0.35825419425964355	aumentando.	acurácias nesses benchmarks específicos da tarefa estão aumentando.
2	50.399999999999956	0.19641542434692383		
2	51.119999999999955	0.14971256256103516		aumentando.
2	51.839999999999954	0.3344254493713379	Mas, fazemos	
2	52.55999999999995	0.3230416774749756	sabemos disso?	Mas, fazemos
2	53.27999999999995	0.44208431243896484	Mas sabemos sabemos o que o modelo?	sabemos disso?
2	53.99999999999995	0.4403972625732422	o que modelos realmente têm?	sabemos o que o modelo?
2	54.71999999999995	0.41459107398986816	os modelos realmente realmente aprenderam?	modelos realmente têm?
2	55.43999999999995	0.2594475746154785		realmente aprenderam?
2	56.15999999999995	0.14330530166625977		
2	56.879999999999946	0.15219688415527344		
2	57.599999999999945	0.30933499336242676	O que é	
2	58.31999999999994	0.5741586685180664	um modelo de visão e linguagem?	
2	59.03999999999994	0.487764835357666	que um modelo de visão e linguagem transforma?	um modelo de visão e linguagem?
2	59.75999999999994	0.4612452983856201	transformador está aprendendo?	transforma?
2	60.47999999999994	0.400601863861084	compreendeu?	está aprendendo?
2	61.19999999999994	0.3847644329071045	quando um sinal	compreendeu?
2	61.91999999999994	0.4038674831390381	atribuir uma	quando um sinal
2	62.63999999999994	0.5721898078918457	compreendeu ao médio?	atribuir uma
2	63.359999999999935	0.4175999164581299	para isso?	médio?
2	64.07999999999994	0.4384005069732666	pontuação alta para esta imagem?	para isso?
2	64.79999999999994	0.39299583435058594	imagem e este?	imagem?
2	65.51999999999994	0.3777120113372803	esta frase?	este?
2	66.23999999999994	0.4193103313446045	correspondência?	frase?
2	66.95999999999994	0.29888463020324707	frase como	correspondência?
2	67.67999999999994	0.43256378173828125	E uma pontuação baixa.	
2	68.39999999999993	0.5019400119781494	para esta?	baixa.
2	69.11999999999993	0.385648250579834	baixa para esta outra?	para esta?
2	69.83999999999993	0.2536144256591797		
2	70.55999999999993	0.15037989616394043		esta outra?
2	71.27999999999993	0.34267520904541016	visão e	
2	71.99999999999993	0.42745471000671387	linguagem	visão e
2	72.71999999999993	0.5367670059204102	focam?	linguagem
2	73.43999999999993	0.5974764823913574	Os modelos de visão e linguagem focam no certo?	focam?
2	74.15999999999993	0.43025851249694824	coisa certa?	no certo?
2	74.87999999999992	0.43542909622192383	coisas certas ou não?	coisa certa?
2	75.59999999999992	0.5586869716644287	nas coisas certas ou Os modelos de visão e linguagem focam nas coisas certas ou focam em algo diferente?	coisas certas ou não?
2	76.31999999999992	0.4433612823486328	focam em focam nas coisas certas ou focam em vieses?	Os modelos de visão e linguagem focam nas coisas certas ou focam em algo diferente?
2	77.03999999999992	0.3356194496154785	vieses?	focam nas coisas certas ou focam em vieses?
2	77.75999999999992	0.2334611415863037		
2	78.47999999999992	0.4864354133605957	Como demonstrado por trabalhos anteriores.	
2	79.19999999999992	0.3915560245513916		vieses? Como demonstrado por trabalhos anteriores.
2	79.91999999999992	0.31540632247924805	Para compartilhar	
2	80.63999999999992	0.35415124893188477	lançar mais	compartilhar
2	81.35999999999991	0.4503347873687744	luz sobre isso?	
2	82.07999999999991	0.43605828285217285	este aspecto, para	isso?
2	82.79999999999991	0.4509446620941162	propomos.	para
2	83.51999999999991	0.36806321144104004	propomos algo mais	propomos.
2	84.23999999999991	0.2875676155090332		
2	84.95999999999991	0.4236626625061035	agnóstico à tarefa.	propomos algo mais
2	85.67999999999991	0.4438028335571289	agnóstico à tarefa.	
2	86.3999999999999	0.2607417106628418	tarefa.	agnóstico à tarefa.
2	87.1199999999999	0.24879074096679688	agnóstico à tarefa.	tarefa.
2	87.8399999999999	0.4846656322479248	Valves.	agnóstico à tarefa.
2	88.5599999999999	0.5783381462097168	e introduzimos à tarefa. e introduzimos válvulas que testam.	Valves.
2	89.2799999999999	0.4471442699432373	válvulas que testam o	à tarefa. e introduzimos válvulas que testam.
2	89.9999999999999	0.4691636562347412	linguísticos específicos. Por que nos empenhamos nisso? Bem, durante os últimos anos, vimos uma explosão de modelos baseados em transformers para visão e linguagem, pré-treinados em grandes quantidades de pares de imagem e texto. Cada um desses modelos impulsiona o estado da arte em tarefas de visão e linguagem. Como respostas visuais a perguntas, raciocínio comum visual. recuperação de imagens, ancoragem de frases. Então, recebemos uma mensagem. As acurácias nesses benchmarks específicos da tarefa estão aumentando. Mas sabemos o que os modelos realmente aprenderam? O que é que um modelo de visão e linguagem transformador compreendeu ao atribuir uma pontuação alta para esta imagem e esta frase como correspondência? E uma pontuação baixa para esta outra? Os modelos de visão e linguagem focam nas coisas certas ou focam em vieses? Como demonstrado por trabalhos anteriores. Para lançar mais luz sobre este aspecto, propomos algo mais agnóstico à tarefa. e introduzimos válvulas que testam a sensibilidade.	o
2	90.7199999999999	0.4387950897216797	a linguísticos específicos. Por que nos empenhamos nisso? Bem, durante os últimos anos, vimos uma explosão de modelos baseados em transformers para visão e linguagem, pré-treinados em grandes quantidades de pares de imagem e texto. Cada um desses modelos impulsiona o estado da arte em tarefas de visão e linguagem. Como respostas visuais a perguntas, raciocínio comum visual. recuperação de imagens, ancoragem de frases. Então, recebemos uma mensagem. As acurácias nesses benchmarks específicos da tarefa estão aumentando. Mas sabemos o que os modelos realmente aprenderam? O que é que um modelo de visão e linguagem transformador compreendeu ao atribuir uma pontuação alta para esta imagem e esta frase como correspondência? E uma pontuação baixa para esta outra? Os modelos de visão e linguagem focam nas coisas certas ou focam em vieses? Como demonstrado por trabalhos anteriores. Para lançar mais luz sobre este aspecto, propomos algo mais agnóstico à tarefa. e introduzimos válvulas que testam a sensibilidade da visão.	linguísticos específicos. Por que nos empenhamos nisso? Bem, durante os últimos anos, vimos uma explosão de modelos baseados em transformers para visão e linguagem, pré-treinados em grandes quantidades de pares de imagem e texto. Cada um desses modelos impulsiona o estado da arte em tarefas de visão e linguagem. Como respostas visuais a perguntas, raciocínio comum visual. recuperação de imagens, ancoragem de frases. Então, recebemos uma mensagem. As acurácias nesses benchmarks específicos da tarefa estão aumentando. Mas sabemos o que os modelos realmente aprenderam? O que é que um modelo de visão e linguagem transformador compreendeu ao atribuir uma pontuação alta para esta imagem e esta frase como correspondência? E uma pontuação baixa para esta outra? Os modelos de visão e linguagem focam nas coisas certas ou focam em vieses? Como demonstrado por trabalhos anteriores. Para lançar mais luz sobre este aspecto, propomos algo mais agnóstico à tarefa. e introduzimos válvulas que testam a sensibilidade.
2	91.4399999999999	0.5497846603393555	sensibilidade modelos de visão e linguagem.	linguísticos específicos. Por que nos empenhamos nisso? Bem, durante os últimos anos, vimos uma explosão de modelos baseados em transformers para visão e linguagem, pré-treinados em grandes quantidades de pares de imagem e texto. Cada um desses modelos impulsiona o estado da arte em tarefas de visão e linguagem. Como respostas visuais a perguntas, raciocínio comum visual. recuperação de imagens, ancoragem de frases. Então, recebemos uma mensagem. As acurácias nesses benchmarks específicos da tarefa estão aumentando. Mas sabemos o que os modelos realmente aprenderam? O que é que um modelo de visão e linguagem transformador compreendeu ao atribuir uma pontuação alta para esta imagem e esta frase como correspondência? E uma pontuação baixa para esta outra? Os modelos de visão e linguagem focam nas coisas certas ou focam em vieses? Como demonstrado por trabalhos anteriores. Para lançar mais luz sobre este aspecto, propomos algo mais agnóstico à tarefa. e introduzimos válvulas que testam a sensibilidade da visão.
2	92.1599999999999	0.3904252052307129	dos	modelos de visão e linguagem.
2	92.8799999999999	0.36455845832824707	à tarefa. e introduzimos válvulas que testam a sensibilidade dos modelos de visão e linguagem. especificamente.	
2	93.5999999999999	0.2601616382598877		à tarefa. e introduzimos válvulas que testam a sensibilidade dos modelos de visão e linguagem. especificamente.
2	94.3199999999999	0.393024206161499	fenômenos.	
2	95.03999999999989	0.258467435836792		
2	95.75999999999989	0.4675283432006836	que afetam ambos.	fenômenos.
2	96.47999999999989	0.46083760261535645		ambos.
2	97.19999999999989	0.5159883499145508	tanto	
2	97.91999999999989	0.5803534984588623	o linguístico quanto visão.	
2	98.63999999999989	0.4296576976776123	modelos de visão e linguagem. especificamente. fenômenos. que afetam tanto o linguístico quanto o visual.	visão.
2	99.35999999999989	0.44046592712402344	o modal visual.	modelos de visão e linguagem. especificamente. fenômenos. que afetam tanto o linguístico quanto o visual.
2	100.07999999999988	0.2579460144042969		
2	100.79999999999988	0.3814723491668701	Nosso alvo	modal visual.
2	101.51999999999988	0.5387394428253174	linguístico quanto o modal visual. Nosso alvo é a existência.	
2	102.23999999999988	0.5148377418518066	é linguístico quanto o modal visual. Nosso alvo é existência, pluralidade.	linguístico quanto o modal visual. Nosso alvo é a existência.
2	102.95999999999988	0.5522556304931641	existência, pluralidade, contra.	linguístico quanto o modal visual. Nosso alvo é existência, pluralidade.
2	103.67999999999988	0.5714216232299805	afetam tanto o linguístico quanto o modal visual. Nosso alvo é existência, pluralidade, contagem, espacial.	contra.
2	104.39999999999988	0.5876874923706055	contagem, relações espaciais.	afetam tanto o linguístico quanto o modal visual. Nosso alvo é existência, pluralidade, contagem, espacial.
2	105.11999999999988	0.5466911792755127	relações espaciais, ações.	espaciais.
2	105.83999999999988	0.5893311500549316	espaciais, ações e entidades.	relações espaciais, ações.
2	106.55999999999987	0.6379709243774414	co-referência de entidades.	entidades.
2	107.27999999999987	0.4668760299682617		co-referência de entidades.
2	107.99999999999987	0.6179442405700684	co-referência de entidades. Mas como	
2	108.71999999999987	0.7050032615661621	testamos?	
2	109.43999999999987	0.43722987174987793	testamos se	testamos?
2	110.15999999999987	0.5878438949584961	linguagem	
2	110.87999999999987	0.5994415283203125	modelos de visão e linguagem têm?	linguagem
2	111.59999999999987	0.6188344955444336	os modelos de visão e linguagem capturaram	modelos de visão e linguagem têm?
2	112.31999999999987	0.5403220653533936	fenômenos?	
2	113.03999999999986	0.2794790267944336	esses	fenômenos?
2	113.75999999999986	0.15442395210266113		
2	114.47999999999986	0.36535191535949707	Por	
2	115.19999999999986	0.5687265396118164	FOIL.	
2	115.91999999999986	0.6429424285888672	meio do FOILing, um método.	FOIL.
2	116.63999999999986	0.6487445831298828	método anteriormente aplicado.	método.
2	117.35999999999986	0.5492405891418457	aplicado para visual.	aplicado.
2	118.07999999999986	0.6507294178009033	modelos de visão e linguagem capturaram esses fenômenos? Por meio do FOILing, um método anteriormente aplicado para modelos de visão e linguagem.	visual.
2	118.79999999999986	0.3467118740081787		linguagem capturaram esses fenômenos? Por meio do FOILing, um método anteriormente aplicado para modelos de visão e linguagem.
2	119.51999999999985	0.41313815116882324	apenas para	
2	120.23999999999985	0.6027007102966309	válvulas que testam a sensibilidade dos modelos de visão e linguagem. especificamente. fenômenos. que afetam tanto o linguístico quanto o modal visual. Nosso alvo é existência, pluralidade, contagem, relações espaciais, ações e co-referência de entidades. Mas como testamos se os modelos de visão e linguagem capturaram esses fenômenos? Por meio do FOILing, um método anteriormente aplicado para modelos de visão e linguagem. apenas para frases nominais.	
2	120.95999999999985	0.6503429412841797	frases frases nominais por Ravi Shell.	válvulas que testam a sensibilidade dos modelos de visão e linguagem. especificamente. fenômenos. que afetam tanto o linguístico quanto o modal visual. Nosso alvo é existência, pluralidade, contagem, relações espaciais, ações e co-referência de entidades. Mas como testamos se os modelos de visão e linguagem capturaram esses fenômenos? Por meio do FOILing, um método anteriormente aplicado para modelos de visão e linguagem. apenas para frases nominais.
2	121.67999999999985	0.6768093109130859	nominais por Ravi Shekhar.	frases nominais por Ravi Shell.
2	122.39999999999985	0.63100266456604	Shekhar, e colaborando.	Shekhar.
2	123.11999999999985	0.5656490325927734	Shekhar e colaboradores.	Shekhar, e colaborando.
2	123.83999999999985	0.7370266914367676	colaboradores, e para contagem.	colaboradores.
2	124.55999999999985	0.6286160945892334	Nosso alvo é existência, pluralidade, contagem, relações espaciais, ações e co-referência de entidades. Mas como testamos se os modelos de visão e linguagem capturaram esses fenômenos? Por meio do FOILing, um método anteriormente aplicado para modelos de visão e linguagem. apenas para frases nominais por Ravi Shekhar e colaboradores, e para contagem por nós	contagem.
2	125.27999999999984	0.6437206268310547	nós em trabalhos anteriores.	Nosso alvo é existência, pluralidade, contagem, relações espaciais, ações e co-referência de entidades. Mas como testamos se os modelos de visão e linguagem capturaram esses fenômenos? Por meio do FOILing, um método anteriormente aplicado para modelos de visão e linguagem. apenas para frases nominais por Ravi Shekhar e colaboradores, e para contagem por nós
2	125.99999999999984	0.48514628410339355	trabalhos anteriores.	nós em trabalhos anteriores.
2	126.71999999999984	0.16246724128723145		trabalhos anteriores.
2	127.43999999999984	0.44993066787719727	Foiling básico	
2	128.15999999999985	0.6475450992584229	significa.	Foiling básico
2	128.87999999999985	0.7323205471038818	O FOILing basicamente significa que pegamos.	significa.
2	129.59999999999985	0.6231691837310791	a legenda.	pegamos.
2	130.31999999999985	0.6126565933227539	pegamos a legenda de uma	a legenda.
2	131.03999999999985	0.5319204330444336	imagem e	
2	131.75999999999985	0.5313215255737305	produzimos um	
2	132.47999999999985	0.5874545574188232	e produzimos um contraponto.	
2	133.19999999999985	0.48324012756347656		e produzimos um contraponto.
2	133.91999999999985	0.5837044715881348	contraponto alterando a	
2	134.63999999999984	0.5536000728607178	legenda.	
2	135.35999999999984	0.21934199333190918		
2	136.07999999999984	0.5300242900848389	que.	legenda.
2	136.79999999999984	0.5664639472961426	de modo ela não.	que.
2	137.51999999999984	0.6196486949920654	que ela não descreva.	ela não.
2	138.23999999999984	0.6185121536254883	imagem e produzimos um contraponto alterando a legenda. de modo que ela não descreva a imagem.	descreva.
2	138.95999999999984	0.6328239440917969	imagem e produzimos um contraponto alterando a legenda. de modo que ela não descreve mais a imagem.	imagem e produzimos um contraponto alterando a legenda. de modo que ela não descreva a imagem.
2	139.67999999999984	0.3886082172393799		imagem e produzimos um contraponto alterando a legenda. de modo que ela não descreve mais a imagem.
2	140.39999999999984	0.5355594158172607	E fazemos isso	
2	141.11999999999983	0.6704232692718506	alterando a legenda. de modo que ela não descreve mais a imagem. E fazemos essas alterações de frase.	isso
2	141.83999999999983	0.5522580146789551	essas alterações de alterando a legenda. de modo que ela não descreve mais a imagem. E fazemos essas alterações de frase por	alterando a legenda. de modo que ela não descreve mais a imagem. E fazemos essas alterações de frase.
2	142.55999999999983	0.5749726295471191	frase alterando a legenda. de modo que ela não descreve mais a imagem. E fazemos essas alterações de frase focando em.	alterando a legenda. de modo que ela não descreve mais a imagem. E fazemos essas alterações de frase por
2	143.27999999999983	0.6232345104217529	focando em seis aspectos específicos.	alterando a legenda. de modo que ela não descreve mais a imagem. E fazemos essas alterações de frase focando em.
2	143.99999999999983	0.557488203048706	específicas.	aspectos específicos.
2	144.71999999999983	0.5614843368530273	partes específicas, tais.	específicas.
2	145.43999999999983	0.5545964241027832	como existentes.	tais.
2	146.15999999999983	0.570702314376831	existência, plural.	existentes.
2	146.87999999999982	0.5447578430175781	pluralidade.	plural.
2	147.59999999999982	0.5904896259307861	pluralidade, contagem.	pluralidade.
2	148.31999999999982	0.7521891593933105	contagem, relações espaciais.	contagem.
2	149.03999999999982	0.3961935043334961		
2	149.75999999999982	0.4552628993988037	ações.	contagem, relações espaciais.
2	150.47999999999982	0.5299668312072754	ações e entidade.	ações.
2	151.19999999999982	0.711430549621582	co-referência de entidades.	entidade.
2	151.91999999999982	0.6884562969207764	co-referência de entidades, onde cada	entidades.
2	152.63999999999982	0.5756387710571289	parte	co-referência de entidades, onde cada
2	153.35999999999981	0.47542858123779297	pode	
2	154.0799999999998	0.6031501293182373	consistir em um.	
2	154.7999999999998	0.5766711235046387	um ou	um.
2	155.5199999999998	0.5442876815795898	mais no	
2	156.2399999999998	0.522209644317627	instrumentos.	no
2	156.9599999999998	0.5908627510070801	instrumentos, caso encontre	instrumentos.
2	157.6799999999998	0.6747961044311523	instrumentos. Caso encontrei mais que	instrumentos, caso encontre
2	158.3999999999998	0.8137710094451904	de um.	Caso encontrei mais que
2	159.1199999999998	0.6682596206665039	interessante.	de um.
2	159.8399999999998	0.7084484100341797	Caso encontre mais de maneira interessante.	interessante.
2	160.5599999999998	0.6248242855072021	uma maneira maneira interessante de criar.	maneira interessante.
2	161.2799999999998	0.7098793983459473	interessante de certas ou focam em vieses? Como demonstrado por trabalhos anteriores. Para lançar mais luz sobre este aspecto, propomos algo mais agnóstico à tarefa. e introduzimos válvulas que testam a sensibilidade dos modelos de visão e linguagem. especificamente. fenômenos. que afetam tanto o linguístico quanto o modal visual. Nosso alvo é existência, pluralidade, contagem, relações espaciais, ações e co-referência de entidades. Mas como testamos se os modelos de visão e linguagem capturaram esses fenômenos? Por meio do FOILing, um método anteriormente aplicado para modelos de visão e linguagem. apenas para frases nominais por Ravi Shekhar e colaboradores, e para contagem por nós em trabalhos anteriores. O FOILing basicamente significa que pegamos a legenda de uma imagem e produzimos um contraponto alterando a legenda. de modo que ela não descreve mais a imagem. E fazemos essas alterações de frase focando em seis partes específicas, como existência, pluralidade, contagem, relações espaciais. ações e co-referência de entidades, onde cada parte pode consistir em um ou mais instrumentos. Caso encontre mais de uma maneira interessante de criar instrumentos de contraponto.	maneira interessante de criar.
2	161.9999999999998	0.6466424465179443	criar instâncias de FOIL.	certas ou focam em vieses? Como demonstrado por trabalhos anteriores. Para lançar mais luz sobre este aspecto, propomos algo mais agnóstico à tarefa. e introduzimos válvulas que testam a sensibilidade dos modelos de visão e linguagem. especificamente. fenômenos. que afetam tanto o linguístico quanto o modal visual. Nosso alvo é existência, pluralidade, contagem, relações espaciais, ações e co-referência de entidades. Mas como testamos se os modelos de visão e linguagem capturaram esses fenômenos? Por meio do FOILing, um método anteriormente aplicado para modelos de visão e linguagem. apenas para frases nominais por Ravi Shekhar e colaboradores, e para contagem por nós em trabalhos anteriores. O FOILing basicamente significa que pegamos a legenda de uma imagem e produzimos um contraponto alterando a legenda. de modo que ela não descreve mais a imagem. E fazemos essas alterações de frase focando em seis partes específicas, como existência, pluralidade, contagem, relações espaciais. ações e co-referência de entidades, onde cada parte pode consistir em um ou mais instrumentos. Caso encontre mais de uma maneira interessante de criar instrumentos de contraponto.
2	162.7199999999998	0.3426041603088379		
2	163.4399999999998	0.5239529609680176	Por exemplo,	instâncias de FOIL.
2	164.1599999999998	0.5794172286987305	em um ou mais instrumentos. Caso encontre mais de uma maneira interessante de criar instâncias de FOIL. Por exemplo, no caso	
2	164.8799999999998	0.5135996341705322	de	em um ou mais instrumentos. Caso encontre mais de uma maneira interessante de criar instâncias de FOIL. Por exemplo, no caso
2	165.5999999999998	0.5511753559112549	ações.	de
2	166.3199999999998	0.606173038482666	ações, temos	ações.
2	167.0399999999998	0.7763087749481201	da parte de duas instâncias.	ações, temos
2	167.7599999999998	0.520134449005127	temos dois instrumentos.	duas instâncias.
2	168.4799999999998	0.6127252578735352	dois instâncias de FOIL. Por exemplo, no caso da parte de ações, temos dois instrumentos, um no qual	temos dois instrumentos.
2	169.1999999999998	0.653101921081543	a ação	instâncias de FOIL. Por exemplo, no caso da parte de ações, temos dois instrumentos, um no qual
2	169.9199999999998	0.6101040840148926	verbo da ação é	a ação
2	170.6399999999998	0.7334244251251221	o com.	verbo da ação é
2	171.3599999999998	0.7343316078186035	alterado com um acento diferente.	com.
2	172.07999999999979	0.5979363918304443	ação diferente.	com um acento diferente.
2	172.79999999999978	0.7838034629821777	por uma ação ação diferente, e outro no qual	ação diferente.
2	173.51999999999978	0.789421796798706		ação diferente, e outro no qual
2	174.23999999999978	0.7222292423248291	é alterado por uma ação diferente, e outro no qual os atores são trocados.	
2	174.95999999999978	0.6961495876312256		é alterado por uma ação diferente, e outro no qual os atores são trocados.
2	175.67999999999978	0.15427255630493164		
2	176.39999999999978	0.6450121402740479		
2	177.11999999999978	0.7453176975250244	Contagem e	
2	177.83999999999978	0.7130236625671387	co-referência	
2	178.55999999999977	0.6084845066070557	também são qual os atores são trocados. Contagem e co-referência também são partes que têm.	
2	179.27999999999977	0.6655299663543701	partes que	qual os atores são trocados. Contagem e co-referência também são partes que têm.
2	179.99999999999977	0.6344375610351562	têm mais de	
2	180.71999999999977	0.24601030349731445	um instrumento.	
2	181.43999999999977	0.5811026096343994		
2	182.15999999999977	0.7299854755401611	E criamos	
2	182.87999999999977	0.6582682132720947	esses contrapontos	
2	183.59999999999977	0.7567565441131592		
2	184.31999999999977	0.7749269008636475	garantindo que eles	
2	185.03999999999976	0.7619462013244629	falhem	
2	185.75999999999976	0.8082997798919678	em descrever a	
2	186.47999999999976	0.6987664699554443	imagem, que	
2	187.19999999999976	0.7687461376190186	sejam	
2	187.91999999999976	0.7261004447937012	gramaticais	
2	188.63999999999976	0.6179032325744629	e	
2	189.35999999999976	0.615070104598999		
2	190.07999999999976	0.3130984306335449	senão válidos.	
2	190.79999999999976	0.5575881004333496		
2	191.51999999999975	0.6661577224731445	Isso não é fácil	
2	192.23999999999975	0.5477766990661621	de	
2	192.95999999999975	0.6690042018890381	fazer	
2	193.67999999999975	0.7043361663818359	porque	
2	194.39999999999975	0.7247927188873291	uma legenda	
2	195.11999999999975	0.8002474308013916	contrapontada pode	
2	195.83999999999975	0.6653404235839844	ser menos	
2	196.55999999999975	0.7295997142791748	provável do que a	
2	197.27999999999975	0.24027299880981445	legenda original.	
2	197.99999999999974	0.14728140830993652		
2	198.71999999999974	0.5338592529296875		
2	199.43999999999974	0.7232298851013184	Por exemplo,	
2	200.15999999999974	0.6038992404937744	embora	
2	200.87999999999974	0.6357173919677734	não seja	
2	201.59999999999974	0.6983380317687988	impossível,	
2	202.31999999999974	0.8400976657867432	é estatisticamente	
2	203.03999999999974	0.6499652862548828	menos provável para	
2	203.75999999999974	0.569828987121582		
2	204.47999999999973	0.6369311809539795	plantas	
2	205.19999999999973	0.6696610450744629	cortarem um	
2	205.91999999999973	0.649986743927002	homem do que um	
2	206.63999999999973	0.6086137294769287	homem	
2	207.35999999999973	0.5378179550170898	cortar	
2	208.07999999999973	0.7010543346405029	plantas e	
2	208.79999999999973	0.676471471786499	grandes modelos de visão e	
2	209.51999999999973	0.5810010433197021		
2	210.23999999999972	0.6500937938690186	linguagem	
2	210.95999999999972	0.31806445121765137	podem capturar isso.	
2	211.67999999999972	0.48600149154663086		
2	212.39999999999972	0.5696203708648682		
2	213.11999999999972	0.7835373878479004	Portanto, para obter	
2	213.83999999999972	0.7085175514221191	contrapontos válidos,	
2	214.55999999999972	0.5383777618408203		
2	215.27999999999972	0.2584547996520996	devemos agir.	
2	215.99999999999972	0.1497783660888672		
2	216.71999999999971	0.1438131332397461		
2	217.4399999999997	0.5412352085113525		
2	218.1599999999997	0.7061395645141602	Primeiro, utilizamos	
2	218.8799999999997	0.613802433013916		
2	219.5999999999997	0.6671402454376221	modelos de linguagem	
2	220.3199999999997	0.6744928359985352	fortes para	
2	221.0399999999997	0.33687806129455566	propor contrapontos.	
2	221.7599999999997	0.5633256435394287		
2	222.4799999999997	0.6224796772003174	Segundo,	
2	223.1999999999997	0.6459102630615234	usamos	
2	223.9199999999997	0.6679108142852783		
2	224.6399999999997	0.7189362049102783	inferência	
2	225.3599999999997	0.6890659332275391	de linguagem natural ou	
2	226.0799999999997	0.5777578353881836	NLI	
2	226.7999999999997	0.6160945892333984	curto para	
2	227.5199999999997	0.5961205959320068		
2	228.2399999999997	0.7014453411102295	filtrar contrapontos	
2	228.9599999999997	0.6535158157348633	que	
2	229.6799999999997	0.7520420551300049	ainda possam	
2	230.3999999999997	0.7986099720001221	estar descrevendo a	
2	231.1199999999997	0.7870073318481445	imagem, já que	
2	231.8399999999997	0.6336486339569092	ao construir	
2	232.5599999999997	0.6238093376159668		
2	233.2799999999997	0.6923263072967529	contrapontos, precisamos	
2	233.9999999999997	0.7636415958404541	garantir	
2	234.7199999999997	0.7765049934387207	que eles falhem em	
2	235.43999999999969	0.3503751754760742	descrever a imagem.	
2	236.15999999999968	0.1570606231689453		
2	236.87999999999968	0.6752841472625732		
2	237.59999999999968	0.8263640403747559	Para testar isso automaticamente,	
2	238.31999999999968	0.7126643657684326	aplicamos inferência	
2	239.03999999999968	0.6178178787231445	de linguagem	
2	239.75999999999968	0.5579602718353271	natural com	
2	240.47999999999968	0.5712478160858154		
2	241.19999999999968	0.27384090423583984	a seguinte razão.	
2	241.91999999999967	0.5582752227783203		
2	242.63999999999967	0.6119990348815918	Consideramos	
2	243.35999999999967	0.5080618858337402	uma	
2	244.07999999999967	0.6327025890350342	imagem	
2	244.79999999999967	0.6865854263305664	como	
2	245.51999999999967	0.707465410232544	premissa e sua	
2	246.23999999999967	0.6503825187683105	legenda, sua	
2	246.95999999999967	0.621391773223877		
2	247.67999999999967	0.6289210319519043	hipótese implicada.	
2	248.39999999999966	0.5122268199920654		
2	249.11999999999966	0.6128883361816406	Além	
2	249.83999999999966	0.6724405288696289	disso, consideramos	
2	250.55999999999966	0.6805176734924316	a	
2	251.27999999999966	0.6900875568389893	legenda como	
2	251.99999999999966	0.8002467155456543		
2	252.71999999999966	0.9069783687591553	premissa, e o contraponto	
2	253.43999999999966	0.3143455982208252	como sua hipótese.	
2	254.15999999999966	0.4906325340270996		
2	254.87999999999965	0.5753707885742188	Se	
2	255.59999999999965	0.6791579723358154	um	
2	256.31999999999965	0.7556483745574951	modelo de NLI prever	
2	257.0399999999997	0.598067045211792		
2	257.7599999999997	0.6457798480987549	que o FOIL	
2	258.47999999999973	0.6588823795318604		
2	259.19999999999976	0.7663521766662598	contradiga ou seja	
2	259.9199999999998	0.687798261642456	neutro em	
2	260.6399999999998	0.28847289085388184	relação à legenda,	
2	261.35999999999984	0.5225100517272949		
2	262.07999999999987	0.6886801719665527	tomamos	
2	262.7999999999999	0.7130329608917236	isso como	
2	263.5199999999999	0.7159395217895508	um indicador	
2	264.23999999999995	0.642953634262085	de um	
2	264.96	0.2748732566833496	FOIL válido.	
2	265.68	0.6351253986358643		
2	266.40000000000003	0.7103078365325928	Se um modelo de NLI	
2	267.12000000000006	0.6816270351409912	prever	
2	267.8400000000001	0.7064158916473389	que o FOIL	
2	268.5600000000001	0.585324764251709		
2	269.28000000000014	0.6595516204833984	seja implicado pela	
2	270.00000000000017	0.538712739944458	legenda,	
2	270.7200000000002	0.660524845123291	ele	
2	271.4400000000002	0.7555809020996094	não pode ser	
2	272.16000000000025	0.7149326801300049	um bom	
2	272.8800000000003	0.7360274791717529	contraponto,	
2	273.6000000000003	0.700843095779419	pois	
2	274.32000000000033	0.6865770816802979	por transitividade ele	
2	275.04000000000036	0.6287448406219482	dará	
2	275.7600000000004	0.7107062339782715	uma descrição	
2	276.4800000000004	0.6023659706115723	verdadeira da	
2	277.20000000000044	0.6758060455322266	imagem e	
2	277.92000000000047	0.7385854721069336		
2	278.6400000000005	0.38944435119628906	filtramos esses contrapontos.	
2	279.3600000000005	0.15461254119873047		
2	280.08000000000055	0.7654397487640381		
2	280.8000000000006	0.7793214321136475	Mas	
2	281.5200000000006	0.8536007404327393	este procedimento não é	
2	282.24000000000063	0.7324540615081787	perfeito, é apenas um	
2	282.96000000000066	0.5348589420318604		
2	283.6800000000007	0.8083953857421875	indicador para	
2	284.4000000000007	0.7861263751983643	contrapontos	
2	285.12000000000074	0.6676900386810303	válidos,	
2	285.84000000000077	0.7203724384307861	portanto, como	
2	286.5600000000008	0.6749420166015625	uma terceira medida para	
2	287.2800000000008	0.7152407169342041		
2	288.00000000000085	0.7742557525634766	gerar contrapontos	
2	288.7200000000009	0.7590384483337402	válidos, empregamos	
2	289.4400000000009	0.6069164276123047		
2	290.16000000000093	0.674666166305542	anotadores humanos para	
2	290.88000000000096	0.641932487487793		
2	291.600000000001	0.7002873420715332	validar os	
2	292.320000000001	0.6664223670959473	dados usados	
2	293.04000000000104	0.2912921905517578	em válvulas.	
2	293.76000000000107	0.5205869674682617		
2	294.4800000000011	0.6943941116333008		
2	295.2000000000011	0.7060420513153076	Então, após	
2	295.92000000000115	0.6781454086303711		
2	296.6400000000012	0.7398035526275635	o filtro e avaliação humana,	
2	297.3600000000012	0.5989549160003662	temos	
2	298.08000000000123	0.5978982448577881		
2	298.80000000000126	0.6943094730377197		
2	299.5200000000013	0.7729277610778809	tantas instâncias de teste	
2	300.2400000000013	0.6447951793670654	como	
2	300.96000000000134	0.6836502552032471	descrito	
2	301.68000000000137	0.25447821617126465	nesta tabela.	
2	302.4000000000014	0.6754438877105713		
2	303.1200000000014	0.7908751964569092	Observe que	
2	303.84000000000145	0.7913486957550049		
2	304.5600000000015	0.8716094493865967	o Valse não fornece nenhum dado de	
2	305.2800000000015	0.6274595260620117	treinamento,	
2	306.00000000000153	0.6693220138549805		
2	306.72000000000156	0.37302470207214355	mas apenas dados de teste.	
2	307.4400000000016	0.5742087364196777		
2	308.1600000000016	0.6750061511993408		
2	308.88000000000164	0.779559850692749	já que é um	
2	309.60000000000167	0.6702508926391602		
2	310.3200000000017	0.6679325103759766	benchmark de teste zero-shot.	
2	311.0400000000017	0.15114212036132812		
2	311.76000000000175	0.660463809967041		
2	312.4800000000018	0.7001349925994873	Ele foi projetado para	
2	313.2000000000018	0.5882186889648438	aproveitar	
2	313.92000000000183	0.6161801815032959		
2	314.64000000000186	0.6173303127288818	as capacidades	
2	315.3600000000019	0.6908533573150635	existentes de	
2	316.0800000000019	0.69004225730896		
2	316.80000000000194	0.7371227741241455	modelos de visão e	
2	317.52000000000197	0.7468712329864502	linguagem após	
2	318.240000000002	0.6687328815460205	o pré-treinamento.	
2	318.960000000002	0.628035306930542		
2	319.68000000000205	0.633826494216919		
2	320.4000000000021	0.7750523090362549	O ajuste fino	
2	321.1200000000021	0.791156530380249	permitiria apenas	
2	321.84000000000214	0.755089282989502	que os modelos	
2	322.56000000000216	0.7835938930511475	explorassem	
2	323.2800000000022	0.778247594833374	artefatos ou	
2	324.0000000000022	0.7180790901184082	vieses	
2	324.72000000000224	0.30707550048828125	estatísticos nos dados.	
2	325.44000000000227	0.6592576503753662		
2	326.1600000000023	0.7411537170410156	e todos	
2	326.8800000000023	0.836698055267334	sabemos que esses	
2	327.60000000000235	0.785243034362793	modelos gostam de	
2	328.3200000000024	0.7872424125671387		
2	329.0400000000024	0.9849638938903809	trapaçar e	
2	329.76000000000244	0.8978540897369385		
2	330.48000000000246	1.0105879306793213	tomar atalhos. E como dissemos, estamos	
2	331.2000000000025	0.6344239711761475	interessados	
2	331.9200000000025	0.6436519622802734	em	
2	332.64000000000254	0.6180176734924316	avaliar quais	
2	333.3600000000026	0.7136051654815674	capacidades	
2	334.0800000000026	0.7356200218200684	os modelos de visão e linguagem	
2	334.8000000000026	0.6342191696166992		
2	335.52000000000265	0.7478258609771729	possuem	
2	336.2400000000027	0.38011908531188965	após o pré-treinamento.	
2	336.9600000000027	0.15813994407653809		
2	337.68000000000274	0.5952210426330566		
2	338.40000000000276	0.5976643562316895		
2	339.1200000000028	0.7084305286407471	Experimentamos com	
2	339.8400000000028	0.7749097347259521	cinco	
2	340.56000000000284	0.7906985282897949	modelos de visão e	
2	341.2800000000029	0.7134807109832764	linguagem no	
2	342.0000000000029	0.7012190818786621	Valse,	
2	342.7200000000029	0.6855373382568359	nomeadamente com	
2	343.44000000000295	0.6384146213531494		
2	344.160000000003	0.7882018089294434	Clip,	
2	344.880000000003	0.8066504001617432		
2	345.60000000000304	0.9963588714599609	Alexmert,	
2	346.32000000000306	0.875678539276123		
2	347.0400000000031	1.0912537574768066		
2	347.7600000000031	1.0574660301208496		
2	348.48000000000314	1.1913094520568848		
2	349.2000000000032	1.207599401473999		
2	349.9200000000032	1.3429501056671143	Vilbert, Vilbert12in1 e VisualBirt. Duas de nossas	
2	350.6400000000032	0.7102067470550537	métricas de avaliação mais importantes	
2	351.36000000000325	0.6806824207305908	são	
2	352.0800000000033	0.7079391479492188	a	
2	352.8000000000033	0.7101798057556152		
2	353.52000000000334	0.8186831474304199		
2	354.24000000000336	0.8836588859558105	acurácia dos modelos na classificação de	
2	354.9600000000034	0.6955199241638184		
2	355.6800000000034	0.7844846248626709	pares de imagem-frase em	
2	356.40000000000344	0.6977367401123047		
2	357.1200000000035	0.39708876609802246	legendas e contrapontos.	
2	357.8400000000035	0.15548491477966309		
2	358.5600000000035	0.6706445217132568		
2	359.28000000000355	0.7009177207946777	Talvez mais relevante para	
2	360.0000000000036	0.6923739910125732	este	
2	360.7200000000036	0.6565821170806885	vídeo,	
2	361.44000000000364	0.7097747325897217	mostraremos nosso	
2	362.16000000000366	0.8114023208618164		
2	362.8800000000037	0.811760425567627		
2	363.6000000000037	1.0310053825378418	métrica mais permissiva,	
2	364.32000000000374	0.7828643321990967	a acurácia par	
2	365.0400000000038	0.7144505977630615		
2	365.7600000000038	0.767263650894165	a-par, que mede	
2	366.4800000000038	0.6204488277435303	se	
2	367.20000000000385	0.7077035903930664	a	
2	367.9200000000039	0.8335630893707275		
2	368.6400000000039	0.9042606353759766	pontuação de alinhamento entre imagem e	
2	369.36000000000394	0.8014354705810547	frase é	
2	370.08000000000396	0.7139689922332764	maior para	
2	370.800000000004	0.8610470294952393		
2	371.520000000004	0.9064669609069824	o par correto de imagem e	
2	372.24000000000404	0.7671852111816406	texto do	
2	372.9600000000041	0.82344651222229	que para	
2	373.6800000000041	0.4829707145690918	seu par contrapontado.	
2	374.4000000000041	0.7051596641540527		
2	375.12000000000415	0.7778112888336182	Para mais	
2	375.8400000000042	0.7969214916229248	métricas e	
2	376.5600000000042	0.8461382389068604	resultados sobre elas,	
2	377.28000000000424	0.6527857780456543		
2	378.00000000000426	0.7336375713348389		
2	378.7200000000043	0.9303956031799316	verifique nosso artigo. Os resultados	
2	379.4400000000043	0.7878801822662354	com	
2	380.16000000000435	0.9145934581756592	acurácia par	
2	380.8800000000044	0.8588314056396484	a-par são mostrados	
2	381.6000000000044	0.7337667942047119	aqui e são	
2	382.3200000000044	0.716951847076416	consistentes	
2	383.04000000000445	0.8270103931427002	com os	
2	383.7600000000045	0.8851125240325928	resultados que obtivemos	
2	384.4800000000045	0.32326769828796387	das outras métricas.	
2	385.20000000000454	0.6696655750274658		
2	385.92000000000456	0.7430448532104492	É	
2	386.6400000000046	0.7597701549530029		
2	387.3600000000046	0.9109299182891846	isso	
2	388.08000000000465	0.9915778636932373	que a melhor performance zero-shot é alcançada	
2	388.8000000000047	0.8753917217254639	pelo	
2	389.5200000000047	0.8983974456787109	Vilbert 12 in	
2	390.2400000000047	0.782548189163208	1, seguido	
2	390.96000000000475	0.7568511962890625	pelo	
2	391.6800000000048	0.9099292755126953		
2	392.4000000000048	0.8809432983398438	Vilbert, Alex	
2	393.12000000000484	0.805877685546875	Murt Clip e finalmente	
2	393.84000000000486	0.2605869770050049	Visual Bird.	
2	394.5600000000049	0.6942708492279053		
2	395.2800000000049	0.799480676651001	É notável	
2	396.00000000000495	0.7000551223754883	como os	
2	396.720000000005	0.7016861438751221	instrumentos centrados	
2	397.440000000005	0.6394031047821045		
2	398.160000000005	0.7280633449554443	em objetos individuais	
2	398.88000000000505	0.7035923004150391	como	
2	399.6000000000051	0.7662911415100098	existência e	
2	400.3200000000051	0.7297360897064209	frases	
2	401.04000000000514	0.7984519004821777	nominais	
2	401.76000000000516	0.7958223819732666	são	
2	402.4800000000052	0.9939675331115723	quase resolvidos	
2	403.2000000000052	0.8400154113769531	pelo Vilbert	
2	403.92000000000525	0.8859307765960693		
2	404.6400000000053	0.9891617298126221	12-in-1, destacando	
2	405.3600000000053	0.6980977058410645	que os modelos	
2	406.0800000000053	0.6874396800994873	são capazes	
2	406.80000000000535	0.6752290725708008	de	
2	407.5200000000054	0.694061279296875	identificar	
2	408.2400000000054	0.7806696891784668	objetos	
2	408.96000000000544	0.778087854385376	nomeados e sua	
2	409.68000000000546	0.2924797534942627	presença em imagens.	
2	410.4000000000055	0.6176548004150391		
2	411.1200000000055	0.7517549991607666	No entanto,	
2	411.84000000000555	0.6974656581878662		
2	412.5600000000056	0.8364508152008057	nenhuma das peças	
2	413.2800000000056	0.8561503887176514	restantes pode ser	
2	414.0000000000056	0.8207390308380127	resolvida	
2	414.72000000000565	0.8139846324920654	confiavelmente em	
2	415.4400000000057	0.8766629695892334		
2	416.1600000000057	0.4901719093322754	nossos cenários de contraponto adversarial.	
2	416.88000000000574	0.5570805072784424		
2	417.60000000000576	0.5397477149963379		
2	418.3200000000058	0.9568605422973633		
2	419.0400000000058	0.9575338363647461	Vemos a partir dos instrumentos de pluralidade e	
2	419.76000000000585	0.7952666282653809	contagem que	
2	420.4800000000059	0.7610456943511963		
2	421.2000000000059	0.8369815349578857		
2	421.9200000000059	0.8921856880187988	os modelos de visão e linguagem têm	
2	422.64000000000595	0.7528567314147949	dificuldade em	
2	423.360000000006	0.6740231513977051	distinguir	
2	424.080000000006	0.7094078063964844	referências a	
2	424.80000000000604	0.8076410293579102		
2	425.52000000000606	0.38050031661987305	objetos únicos versus múltiplos.	
2	426.2400000000061	0.6923515796661377		
2	426.9600000000061	0.7670574188232422	ou	
2	427.68000000000615	0.7847366333007812	contá-los em	
2	428.4000000000062	0.2779853343963623	uma imagem.	
2	429.1200000000062	0.6662874221801758		
2	429.8400000000062	0.776500940322876	A peça de relação	
2	430.56000000000626	0.7339959144592285	mostra	
2	431.2800000000063	0.8079876899719238	que eles têm	
2	432.0000000000063	0.779979944229126	dificuldades em	
2	432.72000000000634	0.8319697380065918	classificar	
2	433.44000000000636	0.8015191555023193	corretamente	
2	434.1600000000064	0.8017895221710205	uma relação espacial	
2	434.8800000000064	0.7085914611816406	nomeada entre	
2	435.60000000000645	0.6991527080535889		
2	436.3200000000065	0.33139872550964355	objetos em uma imagem.	
2	437.0400000000065	0.7039170265197754		
2	437.7600000000065	0.742363452911377	Eles também têm	
2	438.48000000000656	0.7231628894805908	dificuldade em distinguir	
2	439.2000000000066	0.6622247695922852		
2	439.9200000000066	0.6304974555969238	ações e	
2	440.64000000000664	0.6830604076385498	identificar	
2	441.36000000000666	0.6951720714569092	seus	
2	442.0800000000067	0.7469921112060547	participantes, mesmo	
2	442.8000000000067	0.7022147178649902		
2	443.52000000000675	0.8236894607543945	quando suportados	
2	444.2400000000068	0.7969906330108643	por	
2	444.9600000000068	0.8562672138214111	vieses de	
2	445.6800000000068	0.8710751533508301	plausibilidade, como vemos	
2	446.40000000000686	0.7555737495422363		
2	447.1200000000069	0.8455033302307129	na peça de ações.	
2	447.8400000000069	0.91650390625	A partir	
2	448.56000000000694	0.8974180221557617	da peça de co-referência,	
2	449.28000000000696	0.739680290222168		
2	450.000000000007	0.8675682544708252	descobrimos	
2	450.720000000007	0.8897695541381836	que rastrear	
2	451.44000000000705	0.8306303024291992	múltiplas	
2	452.1600000000071	0.8406782150268555	referências ao mesmo	
2	452.8800000000071	0.7420945167541504	objeto em	
2	453.6000000000071	0.8086643218994141	uma	
2	454.32000000000716	0.3682091236114502	imagem usando pronomes.	
2	455.0400000000072	0.6703147888183594		
2	455.7600000000072	0.7438058853149414	também	
2	456.48000000000724	0.8076746463775635	é difícil	
2	457.20000000000726	0.8156313896179199	para	
2	457.9200000000073	0.8127431869506836	modelos de visão e linguagem.	
2	458.6400000000073	0.8109703063964844	Como	
2	459.36000000000735	0.8033053874969482	um	
2	460.0800000000074	0.8789844512939453	teste de	
2	460.8000000000074	0.9598753452301025	sanidade, e porque é	
2	461.5200000000074	0.8186843395233154	um experimento interessante,	
2	462.24000000000746	0.7037417888641357		
2	462.9600000000075	0.7972359657287598	também	
2	463.6800000000075	0.8735229969024658	avaliamos dois	
2	464.40000000000754	0.8501520156860352	modelos apenas de	
2	465.12000000000756	0.9781162738800049	texto,	
2	465.8400000000076	0.9225280284881592	GPT-1 e	
2	466.5600000000076	0.8531522750854492		
2	467.28000000000765	0.7564330101013184		
2	468.0000000000077	0.9439778327941895		
2	468.7200000000077	1.0751111507415771	GPT-2, para avaliar se o	
2	469.44000000000773	1.020707607269287	Valse é solucionável	
2	470.16000000000776	0.8462119102478027	por esses	
2	470.8800000000078	0.8314805030822754	modelos	
2	471.6000000000078	0.8167078495025635	unimodais	
2	472.32000000000784	0.7868828773498535	calculando	
2	473.04000000000786	0.8233492374420166	a	
2	473.7600000000079	0.8710157871246338	perplexidade do	
2	474.4800000000079	0.8267889022827148	correto e	
2	475.20000000000795	0.8432371616363525	da legenda	
2	475.920000000008	0.36479854583740234	padrão, sem imagem aqui.	
2	476.640000000008	0.7176449298858643		
2	477.36000000000803	1.214130163192749	e	
2	478.08000000000806	0.7731156349182129	prevendo	
2	478.8000000000081	0.8524563312530518	a entrada com a	
2	479.5200000000081	0.2976064682006836	menor perplexidade.	
2	480.24000000000814	0.6177487373352051		
2	480.96000000000816	0.8102560043334961	Se	
2	481.6800000000082	0.7837576866149902	a perplexidade for	
2	482.4000000000082	0.8118541240692139	maior para	
2	483.12000000000825	0.8635482788085938	o	
2	483.8400000000083	0.9137423038482666	FOIL, tomamos	
2	484.5600000000083	0.3429577350616455	isso como um indicador.	
2	485.28000000000833	0.7879505157470703		
2	486.00000000000836	0.8277733325958252	que	
2	486.7200000000084	0.881152868270874	a legenda	
2	487.4400000000084	0.9425489902496338	contrapontada pode	
2	488.16000000000844	0.8736016750335693	sofrer de	
2	488.88000000000847	0.9052233695983887	viés de	
2	489.6000000000085	0.9527490139007568	plausibilidade ou	
2	490.3200000000085	0.783484697341919	outros vieses linguísticos.	
2	491.04000000000855	0.17390060424804688		
2	491.7600000000086	0.7176499366760254		
2	492.4800000000086	0.7418289184570312	E é	
2	493.20000000000863	0.7577991485595703	interessante	
2	493.92000000000866	0.8107993602752686	ver que em alguns	
2	494.6400000000087	0.6805410385131836		
2	495.3600000000087	0.8264706134796143	casos o texto	
2	496.08000000000874	0.7916443347930908	apenas	
2	496.80000000000877	0.9163062572479248	GPT modelos	
2	497.5200000000088	0.8676483631134033	capturaram a	
2	498.2400000000088	0.7881109714508057	plausibilidade	
2	498.96000000000885	0.7783172130584717	do	
2	499.6800000000089	0.8757398128509521	mundo melhor do	
2	500.4000000000089	0.8650224208831787	que	
2	501.12000000000893	0.3970966339111328	os modelos de visão e linguagem.	
2	501.84000000000896	0.17890048027038574		
2	502.560000000009	0.8169243335723877		
2	503.280000000009	0.7847230434417725	Então, para	
2	504.00000000000904	0.8611435890197754		
2	504.72000000000907	0.9737677574157715	resumir, o Valse é um	
2	505.4400000000091	0.6967978477478027	benchmark	
2	506.1600000000091	0.8933641910552979	que usa	
2	506.88000000000915	0.8321714401245117	a lente	
2	507.6000000000092	0.7773733139038086	de	
2	508.3200000000092	0.8718130588531494	construtos linguísticos para	
2	509.04000000000923	0.8012919425964355	ajudar a	
2	509.76000000000926	0.8143084049224854	comunidade a	
2	510.4800000000093	0.8206791877746582	melhorar	
2	511.2000000000093	0.8078370094299316	modelos de visão e	
2	511.92000000000934	0.8411595821380615	linguagem	
2	512.6400000000093	0.7955901622772217		
2	513.3600000000093	0.9166908264160156		
2	514.0800000000094	0.9890024662017822	testando	
2	514.8000000000094	0.46056509017944336	suas capacidades de ancoragem visual com dificuldade.	
2	515.5200000000094	0.17656826972961426		
2	516.2400000000094	0.783137321472168		
2	516.9600000000095	0.8600671291351318	Nossos experimentos	
2	517.6800000000095	0.8736846446990967	mostram que	
2	518.4000000000095	0.8129167556762695		
2	519.1200000000096	0.39579248428344727	modelos de visão e linguagem identificam	
2	519.8400000000096	0.7194056510925293		
2	520.5600000000096	0.8105230331420898	objetos	
2	521.2800000000096	0.904592752456665	nomeados em sua presença em	
2	522.0000000000097	0.7941315174102783	imagens	
2	522.7200000000097	0.7454948425292969	bem,	
2	523.4400000000097	0.7670321464538574		
2	524.1600000000097	0.8361291885375977	como mostrado pela	
2	524.8800000000098	0.9037570953369141	peça de	
2	525.6000000000098	0.88948655128479	existência, mas lutam	
2	526.3200000000098	0.8374402523040771	para ancorar	
2	527.0400000000099	0.7814021110534668		
2	527.7600000000099	0.8568754196166992	sua interdependência e	
2	528.4800000000099	0.8002603054046631		
2	529.2000000000099	0.8365728855133057		
2	529.92000000001	1.041170358657837	relações em cenas visuais quando	
2	530.64000000001	0.9046671390533447	forçados a	
2	531.36000000001	0.8015944957733154	respeitar	
2	532.08000000001	0.3040468692779541	indicadores linguísticos.	
2	532.8000000000101	0.1763169765472412		
2	533.5200000000101	0.8779516220092773		
2	534.2400000000101	0.9506778717041016	Gostaríamos muito de incentivar	
2	534.9600000000102	0.7944247722625732	a	
2	535.6800000000102	0.8726909160614014	comunidade a	
2	536.4000000000102	0.8565938472747803	usar	
2	537.1200000000102	0.8793692588806152	o Valse para	
2	537.8400000000103	0.9016451835632324	medir o	
2	538.5600000000103	0.9246468544006348	progresso	
2	539.2800000000103	0.9291625022888184	rumo à ancoragem	
2	540.0000000000103	0.8682956695556641	linguística	
2	540.7200000000104	0.8884975910186768	com	
2	541.4400000000104	0.3665146827697754	modelos de visão e linguagem.	
2	542.1600000000104	0.8636500835418701		
2	542.8800000000105	0.9880650043487549		
2	543.6000000000105	1.0948920249938965	E ainda mais,	
2	544.3200000000105	1.050797939300537	o Valse poderia ser usado como	
2	545.0400000000105	0.8719265460968018	uma avaliação	
2	545.7600000000106	0.8901264667510986	indireta de	
2	546.4800000000106	0.9903357028961182	conjuntos de	
2	547.2000000000106	0.9767837524414062	dados, já que os modelos	
2	547.9200000000106	0.8614950180053711	poderiam ser	
2	548.6400000000107	0.8141782283782959	avaliados	
2	549.3600000000107	0.8251814842224121	antes e	
2	550.0800000000107	0.8538031578063965	depois do	
2	550.8000000000108	0.9452183246612549	treinamento ou ajuste	
2	551.5200000000108	0.8201043605804443	fino para ver	
2	552.2400000000108	0.8507046699523926	se um	
2	552.9600000000108	0.8974409103393555	conjunto de	
2	553.6800000000109	0.8525042533874512	dados ajuda os	
2	554.4000000000109	0.8631970882415771	modelos a	
2	555.1200000000109	0.851628303527832	melhorar em qualquer	
2	555.840000000011	0.8249821662902832	um dos	
2	556.560000000011	0.8774323463439941	aspectos	
2	557.280000000011	0.36814165115356445	testados pelo Valse.	
2	558.000000000011	0.8262839317321777		
2	558.720000000011	0.9557855129241943	Se você está interessado,	
2	559.4400000000111	0.84494948387146		
2	560.1600000000111	0.9781889915466309	verifique	
2	560.8800000000111	0.9884762763977051	os dados do Valse no	
2	561.6000000000112	0.8958587646484375	GitHub e se	
2	562.3200000000112	0.7893021106719971	tiver alguma	
2	563.0400000000112	0.8296515941619873	dúvida, não	
2	563.7600000000112	0.8198981285095215		
2	564.4800000000113	0.3741447925567627	hesite em nos contactar.	
2	565.2000000000113	0.16872882843017578		
2	565.9200000000113	0.1703946590423584		
2	566.6400000000114	0.1785886287689209		
2	567.3600000000114	0.4089810848236084		
2	567.8080000000114	0.42122817039489746		
