docid	audio_s	compute_s	generated	deleted
0	1.12	0.041431427001953125		
0	2.24	0.3136570453643799	Okay.	
0	3.3600000000000003	0.2778964042663574	Hallo an alle	Okay.
0	4.48	0.4293653964996338	zusammen, heute werde ich ein	an alle
0	5.6000000000000005	0.5988333225250244	meine Forschungsarbeit zur Lernung vorstellen.	ein
0	6.720000000000001	0.5965869426727295	"Forschungsarbeit „Learning to Reason Deduct"" vorstellen."	meine Forschungsarbeit zur Lernung vorstellen.
0	7.840000000000001	0.5812311172485352	"unsere Forschungsarbeit „Deduktives Lernen"" vorstellen."	"Forschungsarbeit „Learning to Reason Deduct"" vorstellen."
0	8.96	0.8094043731689453	"„Deduktives Lernen als komplexes Problemlösen im Metro-System"" vorstellen."	"Lernen"" vorstellen."
0	10.080000000000002	1.1002941131591797	"Lernen komplexes Schlussfolgerungs-Extrahieren"" vorstellen."	"„Deduktives Lernen als komplexes Problemlösen im Metro-System"" vorstellen."
0	11.200000000000003	0.9358668327331543	Ich bin Alan von BioScript.	"komplexes Schlussfolgerungs-Extrahieren"" vorstellen."
0	12.320000000000004	1.1706650257110596	: dem AI-Labor von Biden und dies	Ich bin Alan von BioScript.
0	13.440000000000005	1.2370753288269043	ist eine gemeinsame Arbeit mit	dem AI-Labor von Biden und dies
0	14.560000000000006	1.4190866947174072	"Metro-Problem als komplexes räumliches Extrahieren"" vorstellen. Ich bin Alan aus dem AI-Labor von Biden und dies Thierry von der Universität von"	ist eine gemeinsame Arbeit mit
0	15.680000000000007	0.4256620407104492	Texas at	Universität von
0	16.800000000000008	0.5032777786254883	Austin, und wir sind	Texas at
0	17.92000000000001	0.587618350982666	Weidu von SUDD.	Austin, und wir sind
0	19.04000000000001	0.5733115673065186	University of Texas at Austin und Weiru von SUDD.	Weidu von SUDD.
0	20.16000000000001	0.7096221446990967	möchte ich über unsere sprechen.	
0	21.280000000000012	0.6602842807769775	Zuerst möchte ich über unsere Motivation für das Reasoning sprechen.	möchte ich über unsere sprechen.
0	22.400000000000013	0.1723005771636963		Motivation für das Reasoning sprechen.
0	23.520000000000014	0.6753358840942383	Motivation für das Reasoning sprechen. Hier zeigen wir ein Beispiel, um	
0	24.640000000000015	0.8771674633026123	"Metro-Problem als komplexes räumliches Extrahieren"" vorstellen. Ich bin Alan aus dem AI-Labor von Biden und dies ist eine gemeinsame Arbeit mit Thierry von der University of Texas at Austin und Weiru von SUDD. Zuerst möchte ich über unsere Motivation für das Reasoning sprechen. Hier zeigen wir ein Beispiel für mehrstufiges Reasoning."	Beispiel, um
0	25.760000000000016	0.630469799041748	Reasoning hilfreich ist.	"Metro-Problem als komplexes räumliches Extrahieren"" vorstellen. Ich bin Alan aus dem AI-Labor von Biden und dies ist eine gemeinsame Arbeit mit Thierry von der University of Texas at Austin und Weiru von SUDD. Zuerst möchte ich über unsere Motivation für das Reasoning sprechen. Hier zeigen wir ein Beispiel für mehrstufiges Reasoning."
0	26.880000000000017	0.8049740791320801	Beispiel, bei dem mehrstufiges Diese Abbildung stammt aus	Reasoning hilfreich ist.
0	28.000000000000018	0.6119804382324219	das Reasoning sprechen. Hier zeigen wir ein Beispiel, bei dem mehrstufiges Reasoning hilfreich ist. Diese Abbildung stammt aus dem PELM-Paper.	
0	29.12000000000002	0.5965428352355957	dem PELM-Paper, wo sie bevorzugen	das Reasoning sprechen. Hier zeigen wir ein Beispiel, bei dem mehrstufiges Reasoning hilfreich ist. Diese Abbildung stammt aus dem PELM-Paper.
0	30.24000000000002	0.708233118057251	durchführen, um zu lösen	wo sie bevorzugen
0	31.36000000000002	0.6407921314239502	in dem sie Prompting zur Lösung des Methodenproblems durchführen.	durchführen, um zu lösen
0	32.48000000000002	0.6780953407287598	Method-Problem zu lösen, in einem	zur Lösung des Methodenproblems durchführen.
0	33.600000000000016	0.8198103904724121	Few-Shot-Learning-Szenario durchführen.	Method-Problem zu lösen, in einem
0	34.72000000000001	0.7542271614074707	zur Lösung des Method-Problems in einem	Few-Shot-Learning-Szenario durchführen.
0	35.84000000000001	0.455639123916626	PELM-Paper, in dem sie Prompting zur Lösung des Method-Problems in einem Few-Shot-Learning-Szenario durchführen. Auf der NetPen-Seite	
0	36.96000000000001	0.6045680046081543	Auf der Net-Pen-Seite sehen wir, ob wir	PELM-Paper, in dem sie Prompting zur Lösung des Method-Problems in einem Few-Shot-Learning-Szenario durchführen. Auf der NetPen-Seite
0	38.080000000000005	0.6602609157562256	NetPen-Seite sehen wir, ob wir einige Beispiele geben.	Net-Pen-Seite sehen wir, ob wir
0	39.2	0.8004703521728516	Beispiele mit nur Fragen geben können.	geben.
0	40.32	0.5184850692749023	mit nur Method-Problems in einem Few-Shot-Learning-Szenario durchführen. Auf der NetPen-Seite sehen wir, ob wir einige Beispiele mit nur Frage und Antwort geben, dann	Beispiele mit nur Fragen geben können.
0	41.44	0.5513882637023926	Frage und Antwort geben, nicht die	Method-Problems in einem Few-Shot-Learning-Szenario durchführen. Auf der NetPen-Seite sehen wir, ob wir einige Beispiele mit nur Frage und Antwort geben, dann
0	42.559999999999995	0.5833048820495605	können wir möglicherweise korrekten Antworten nicht erhalten.	nicht die
0	43.67999999999999	0.5806810855865479	Aber wenn wir einige	korrekten Antworten nicht erhalten.
0	44.79999999999999	0.8698070049285889	keine korrekten Antworten erhalten. Aber wenn wir mehr Reasoning für diese Frage geben,	Aber wenn wir einige
0	45.91999999999999	0.7115933895111084	etwas mehr Reasoning-Beschreibung geben, kann das Modell es.	mehr Reasoning für diese Frage geben,
0	47.039999999999985	0.8346586227416992		es.
0	48.15999999999998	0.5719504356384277	die Reasoning-Beschreibung geben, kann das Modell die Reasoning-Beschreibung vorhersagen.	
0	49.27999999999998	0.58815598487854	und auch	geben, kann das Modell die Reasoning-Beschreibung vorhersagen.
0	50.39999999999998	0.6914639472961426	vorhersagen eine korrekte Vorhersage treffen.	und auch
0	51.519999999999975	0.5718240737915039	hier eine korrekte Vorhersage treffen.	eine korrekte Vorhersage treffen.
0	52.63999999999997	0.48634982109069824		
0	53.75999999999997	0.42259788513183594	Also ist es gut,	hier eine korrekte Vorhersage treffen.
0	54.87999999999997	0.6983683109283447	interpretierbare Modulationen zu haben.	Also ist es gut,
0	55.999999999999964	0.8265013694763184	Es ist mehrstufiges Reasoning zu haben.	interpretierbare Modulationen zu haben.
0	57.11999999999996	0.7813594341278076	haben.	mehrstufiges Reasoning zu haben.
0	58.23999999999996	1.0738558769226074	gut, interpretierbares mehrstufiges Reasoning als Ausgabe zu Und wir denken auch, dass multi-specific	haben.
0	59.35999999999996	0.6359367370605469	Method-Problem	multi-specific
0	60.479999999999954	0.47602272033691406	das mehrstufiges Reasoning als Ausgabe zu haben. Und wir denken auch, dass das Method-Problem einfach und	Method-Problem
0	61.59999999999995	0.5381593704223633	mehrstufiges Reasoning als Ausgabe zu haben. Und wir denken auch, dass das Method-Problem eine einfache Anwendung zur Evaluation ist.	mehrstufiges Reasoning als Ausgabe zu haben. Und wir denken auch, dass das Method-Problem einfach und
0	62.71999999999995	0.7299106121063232	eine einfache Anwendung korrekte Vorhersage treffen. Es ist gut, interpretierbares mehrstufiges Reasoning als Ausgabe zu haben. Und wir denken auch, dass das Method-Problem eine einfache Anwendung ist, um solches Reasoning zu evaluieren.	mehrstufiges Reasoning als Ausgabe zu haben. Und wir denken auch, dass das Method-Problem eine einfache Anwendung zur Evaluation ist.
0	63.83999999999995	0.6397676467895508	Reasoning zu evaluieren.	korrekte Vorhersage treffen. Es ist gut, interpretierbares mehrstufiges Reasoning als Ausgabe zu haben. Und wir denken auch, dass das Method-Problem eine einfache Anwendung ist, um solches Reasoning zu evaluieren.
0	64.95999999999995	0.2613663673400879	evaluieren.	Reasoning zu evaluieren.
0	66.07999999999996	0.29435014724731445	So	evaluieren.
0	67.19999999999996	0.5340945720672607	hier in unserem Problem-Einrichtung	So
0	68.31999999999996	0.6472620964050293	Also hier in unserem Problem-Einrichtung, gegeben die	hier in unserem Problem-Einrichtung
0	69.43999999999997	0.6381824016571045	zu evaluieren. Also hier in unserem Problemsetup, gegeben die Fragen, müssen wir lösen	Problem-Einrichtung, gegeben die
0	70.55999999999997	0.6920809745788574	Problemsetup, gegeben die Fragen, müssen wir diese Frage lösen und	zu evaluieren. Also hier in unserem Problemsetup, gegeben die Fragen, müssen wir lösen
0	71.67999999999998	0.4666147232055664		
0	72.79999999999998	0.4695773124694824	solches Reasoning zu evaluieren. Also hier in unserem Problemsetup, gegeben die Fragen, müssen wir diese Frage lösen und numerische Antworten erhalten.	diese Frage lösen und
0	73.91999999999999	0.6628096103668213	in unserem Problemsetup, gegeben die Fragen, müssen wir diese Frage lösen und numerische Antworten erhalten. Also in unseren Daten	solches Reasoning zu evaluieren. Also hier in unserem Problemsetup, gegeben die Fragen, müssen wir diese Frage lösen und numerische Antworten erhalten.
0	75.03999999999999	0.600273609161377	Problemsetup, gegeben die Fragen, müssen wir diese Frage lösen und numerische Antworten erhalten. In unseren Datensätzen sind wir	in unserem Problemsetup, gegeben die Fragen, müssen wir diese Frage lösen und numerische Antworten erhalten. Also in unseren Daten
0	76.16	0.7122981548309326	In unseren Datensätzen Problemsetup, gegeben die Fragen, müssen wir diese Frage lösen und numerische Antworten erhalten. In unseren Datensätzen werden uns auch die mathematischen	Problemsetup, gegeben die Fragen, müssen wir diese Frage lösen und numerische Antworten erhalten. In unseren Datensätzen sind wir
0	77.28	0.7334961891174316	gegeben.	Problemsetup, gegeben die Fragen, müssen wir diese Frage lösen und numerische Antworten erhalten. In unseren Datensätzen werden uns auch die mathematischen
0	78.4	0.6162726879119873	Ausdrücke gegeben, die zu den	gegeben.
0	79.52000000000001	0.5600132942199707	zu diesem führen.	den
0	80.64000000000001	0.5067508220672607	bestimmten Antwort führen.	zu diesem führen.
0	81.76000000000002	0.4831106662750244	dieser Antwort führen.	bestimmten Antwort führen.
0	82.88000000000002	0.15397000312805176		Antwort führen.
0	84.00000000000003	0.5227525234222412	Ausdrücke gegeben, die zu dieser bestimmten Antwort führen. Bestimmte Annahmen sind	
0	85.12000000000003	0.5756659507751465	Bestimmte Annahmen gelten ebenfalls wie	Ausdrücke gegeben, die zu dieser bestimmten Antwort führen. Bestimmte Annahmen sind
0	86.24000000000004	0.5696864128112793	in früheren Arbeiten.	ebenfalls wie
0	87.36000000000004	0.8370630741119385	auch wie Wir gehen davon aus, dass das Verfahren	in früheren Arbeiten.
0	88.48000000000005	0.9201095104217529	Annahmen gelten auch wie in früheren Arbeiten. Wir gehen davon aus, dass die Präzision der Quantitäten niedriger ist.	das Verfahren
0	89.60000000000005	0.7427446842193604	die Präzision der bekannt ist und wir nur	Annahmen gelten auch wie in früheren Arbeiten. Wir gehen davon aus, dass die Präzision der Quantitäten niedriger ist.
0	90.72000000000006	0.7481508255004883	Größen bekannt ist und wir betrachten im Wesentlichen nur	bekannt ist und wir nur
0	91.84000000000006	0.6805703639984131	grundlegende Operatoren betrachten, wie	betrachten im Wesentlichen nur
0	92.96000000000006	0.71885085105896	Annahmen gelten auch wie in früheren Arbeiten. Wir gehen davon aus, dass die Präzision der Größen bekannt ist und wir betrachten nur grundlegende Operatoren wie Addition, einige	grundlegende Operatoren betrachten, wie
0	94.08000000000007	0.9931879043579102	Subtraktion und Multiplikation betrachten.	Annahmen gelten auch wie in früheren Arbeiten. Wir gehen davon aus, dass die Präzision der Größen bekannt ist und wir betrachten nur grundlegende Operatoren wie Addition, einige
0	95.20000000000007	1.0689940452575684	nur grundlegende Operatoren wie Addition, Addition, Subtraktion, Multiplikation und Division betrachten.	Subtraktion und Multiplikation betrachten.
0	96.32000000000008	0.9000763893127441	Subtraktion, und Exponentiation betrachten.	Addition, Subtraktion, Multiplikation und Division betrachten.
0	97.44000000000008	0.8450839519500732	Multiplikation, Division Ferner,	und Exponentiation betrachten.
0	98.56000000000009	0.5527348518371582	komplizierte Operatoren	Ferner,
0	99.68000000000009	0.6160013675689697	Darüber hinaus können komplizierte Operatoren tatsächlich	komplizierte Operatoren
0	100.8000000000001	0.7894208431243896	Exponentiation betrachten. Darüber hinaus können komplizierte Operatoren tatsächlich in diese zerlegt werden.	
0	101.9200000000001	0.7396087646484375	in diese diese grundlegenden Operatoren zerlegt werden.	Exponentiation betrachten. Darüber hinaus können komplizierte Operatoren tatsächlich in diese zerlegt werden.
0	103.0400000000001	0.45719456672668457		diese grundlegenden Operatoren zerlegt werden.
0	104.16000000000011	0.5525388717651367	Also frühere Arbeiten in	
0	105.28000000000011	0.7726082801818848	Method-Problem-Lösen.	Arbeiten in
0	106.40000000000012	0.7273614406585693	tatsächlich in diese grundlegenden Operatoren zerlegt werden. Also frühere Arbeiten im Method-Problem-Lösung eigentlich.	Method-Problem-Lösen.
0	107.52000000000012	0.8167455196380615	Arbeiten im tatsächlich in diese grundlegenden Operatoren zerlegt werden. Also frühere Arbeiten im Bereich des Method-Problem-Lösens können tatsächlich	tatsächlich in diese grundlegenden Operatoren zerlegt werden. Also frühere Arbeiten im Method-Problem-Lösung eigentlich.
0	108.64000000000013	0.9117987155914307	Kategorien unterteilt werden in	tatsächlich in diese grundlegenden Operatoren zerlegt werden. Also frühere Arbeiten im Bereich des Method-Problem-Lösens können tatsächlich
0	109.76000000000013	0.6325130462646484	Sequence-to-Sequence und	Kategorien unterteilt werden in
0	110.88000000000014	1.0325114727020264	sequenz-zu-baum Modelle kategorisiert werden.	Sequence-to-Sequence und
0	112.00000000000014	0.814295768737793	sequenz-zu-sequenz und	sequenz-zu-baum Modelle kategorisiert werden.
0	113.12000000000015	0.5832953453063965	Also frühere Arbeiten im Bereich des Method-Problem-Lösens können tatsächlich in sequenz-zu-sequenz und sequenz-zu-baum Modelle kategorisiert werden. Also traditionelle sequenz	
0	114.24000000000015	0.8008856773376465	traditionelle Modelle kategorisiert werden. Also traditionelle sequenz-zu-sequenz Modelle	frühere Arbeiten im Bereich des Method-Problem-Lösens können tatsächlich in sequenz-zu-sequenz und sequenz-zu-baum Modelle kategorisiert werden. Also traditionelle sequenz
0	115.36000000000016	0.8219246864318848	konvertieren den Ausdruck	Modelle kategorisiert werden. Also traditionelle sequenz-zu-sequenz Modelle
0	116.48000000000016	0.7848036289215088	sequenz-zu-sequenz und sequenz-zu-baum Modelle kategorisiert werden. Also traditionelle sequenz-zu-sequenz Modelle konvertieren den Ausdruck in eine spezifische Sequenz.	
0	117.60000000000016	0.7327389717102051	in eine spezifische sequenz-zu-sequenz und sequenz-zu-baum Modelle kategorisiert werden. Also traditionelle sequenz-zu-sequenz Modelle konvertieren den Ausdruck in eine spezifische Sequenz für die Generierung.	sequenz-zu-sequenz und sequenz-zu-baum Modelle kategorisiert werden. Also traditionelle sequenz-zu-sequenz Modelle konvertieren den Ausdruck in eine spezifische Sequenz.
0	118.72000000000017	0.8085322380065918	Sequenz für die und es ist ziemlich einfach.	sequenz-zu-sequenz und sequenz-zu-baum Modelle kategorisiert werden. Also traditionelle sequenz-zu-sequenz Modelle konvertieren den Ausdruck in eine spezifische Sequenz für die Generierung.
0	119.84000000000017	0.8116908073425293	Generierung, und es ist ziemlich einfach zu implementieren.	und es ist ziemlich einfach.
0	120.96000000000018	0.9854326248168945	implementieren und es kann generieren.	implementieren.
0	122.08000000000018	0.8556275367736816	kategorisiert werden. Also traditionelle sequenz-zu-sequenz Modelle konvertieren den Ausdruck in eine spezifische Sequenz für die Generierung, und es ist ziemlich einfach zu implementieren und es kann verallgemeinert werden auf	generieren.
0	123.20000000000019	0.7372798919677734	viele verschiedene m uh generalisieren.	kategorisiert werden. Also traditionelle sequenz-zu-sequenz Modelle konvertieren den Ausdruck in eine spezifische Sequenz für die Generierung, und es ist ziemlich einfach zu implementieren und es kann verallgemeinert werden auf
0	124.32000000000019	0.836869478225708	sich auf viele verschiedene Komplikationen verallgemeinern.	viele verschiedene m uh generalisieren.
0	125.4400000000002	0.7235815525054932	komplizierte Probleme verallgemeinern.	Komplikationen verallgemeinern.
0	126.5600000000002	0.9921796321868896	Probleme verallgemeinern. Aber die Nachteile sind die Leistung.	
0	127.6800000000002	0.8757541179656982	Aber die Nachteile den Ausdruck in eine spezifische Sequenz für die Generierung, und es ist ziemlich einfach zu implementieren und es kann sich auf viele verschiedene komplizierte Probleme verallgemeinern. Aber die Nachteile der Leistung sind tatsächlich die Verallgemeinerung.	Probleme verallgemeinern. Aber die Nachteile sind die Leistung.
0	128.8000000000002	0.7044343948364258	der Leistung sind generell nicht	den Ausdruck in eine spezifische Sequenz für die Generierung, und es ist ziemlich einfach zu implementieren und es kann sich auf viele verschiedene komplizierte Probleme verallgemeinern. Aber die Nachteile der Leistung sind tatsächlich die Verallgemeinerung.
0	129.92000000000021	0.7009172439575195	eigentlich die Generierung, und es ist ziemlich einfach zu implementieren und es kann sich auf viele verschiedene komplizierte Probleme verallgemeinern. Aber die Nachteile der Leistung sind eigentlich generell nicht besser als die Struktur.	generell nicht
0	131.04000000000022	0.7901849746704102	besser als die und es ist ziemlich einfach zu implementieren und es kann sich auf viele verschiedene komplizierte Probleme verallgemeinern. Aber die Nachteile der Leistung sind eigentlich generell nicht besser als die strukturellen Modelle und es ist	die Generierung, und es ist ziemlich einfach zu implementieren und es kann sich auf viele verschiedene komplizierte Probleme verallgemeinern. Aber die Nachteile der Leistung sind eigentlich generell nicht besser als die Struktur.
0	132.16000000000022	0.8733804225921631	strukturellen Modelle und es fehlt an der Eingabe.	und es ist ziemlich einfach zu implementieren und es kann sich auf viele verschiedene komplizierte Probleme verallgemeinern. Aber die Nachteile der Leistung sind eigentlich generell nicht besser als die strukturellen Modelle und es ist
0	133.28000000000023	0.8048648834228516	für die Generierung, und es ist ziemlich einfach zu implementieren und es kann sich auf viele verschiedene komplizierte Probleme verallgemeinern. Aber die Nachteile der Leistung sind eigentlich generell nicht besser als die strukturellen Modelle und es fehlt an Interpretierbarkeit für die Vorhersage.	der Eingabe.
0	134.40000000000023	0.45244812965393066		für die Generierung, und es ist ziemlich einfach zu implementieren und es kann sich auf viele verschiedene komplizierte Probleme verallgemeinern. Aber die Nachteile der Leistung sind eigentlich generell nicht besser als die strukturellen Modelle und es fehlt an Interpretierbarkeit für die Vorhersage.
0	135.52000000000024	0.6274688243865967	Aber eigentlich, diese Richtung.	
0	136.64000000000024	0.7168173789978027	Richtung immer noch ziemlich	eigentlich, diese Richtung.
0	137.76000000000025	0.8147928714752197	eigentlich ist diese Richtung immer noch sehr beliebt, weil	Richtung immer noch ziemlich
0	138.88000000000025	0.6994495391845703	des Chats	
0	140.00000000000026	0.6325068473815918	Modelle und es fehlt an Interpretierbarkeit für die Vorhersage. Aber eigentlich ist diese Richtung immer noch sehr beliebt, weil des Transformer-Modells.	des Chats
0	141.12000000000026	0.3410794734954834		Modelle und es fehlt an Interpretierbarkeit für die Vorhersage. Aber eigentlich ist diese Richtung immer noch sehr beliebt, weil des Transformer-Modells.
0	142.24000000000026	0.5002889633178711		
0	143.36000000000027	0.7346665859222412	Also in Transformer-Modells. Also in baumbasierten Modellen	
0	144.48000000000027	0.7771389484405518	Modelle konvertieren den Ausdruck in eine spezifische Sequenz für die Generierung, und es ist ziemlich einfach zu implementieren und es kann sich auf viele verschiedene komplizierte Probleme verallgemeinern. Aber die Nachteile der Leistung sind eigentlich generell nicht besser als die strukturellen Modelle und es fehlt an Interpretierbarkeit für die Vorhersage. Aber eigentlich ist diese Richtung immer noch sehr beliebt, weil des Transformer-Modells. Also in baumbasierten Modellen strukturieren wir eigentlich	Transformer-Modells. Also in baumbasierten Modellen
0	145.60000000000028	0.679302453994751	strukturieren wir Method-Problem eine einfache Anwendung ist, um solches Reasoning zu evaluieren. Also hier in unserem Problemsetup, gegeben die Fragen, müssen wir diese Frage lösen und numerische Antworten erhalten. In unseren Datensätzen werden uns auch die mathematischen Ausdrücke gegeben, die zu dieser bestimmten Antwort führen. Bestimmte Annahmen gelten auch wie in früheren Arbeiten. Wir gehen davon aus, dass die Präzision der Größen bekannt ist und wir nur grundlegende Operatoren wie Addition, Subtraktion, Multiplikation, Division und Exponentiation betrachten. Darüber hinaus können komplizierte Operatoren tatsächlich in diese grundlegenden Operatoren zerlegt werden. Also frühere Arbeiten im Bereich des Method-Problem-Lösens können tatsächlich in sequenz-zu-sequenz und sequenz-zu-baum Modelle kategorisiert werden. Also traditionelle sequenz-zu-sequenz Modelle konvertieren den Ausdruck in eine spezifische Sequenz für die Generierung, und es ist ziemlich einfach zu implementieren und es kann sich auf viele verschiedene komplizierte Probleme verallgemeinern. Aber die Nachteile der Leistung sind eigentlich generell nicht besser als die strukturellen Modelle und es fehlt an Interpretierbarkeit für die Vorhersage. Aber eigentlich ist diese Richtung immer noch sehr beliebt, weil des Transformer-Modells. Also in baumbasierten Modellen strukturieren wir diese Ausdrücke	Modelle konvertieren den Ausdruck in eine spezifische Sequenz für die Generierung, und es ist ziemlich einfach zu implementieren und es kann sich auf viele verschiedene komplizierte Probleme verallgemeinern. Aber die Nachteile der Leistung sind eigentlich generell nicht besser als die strukturellen Modelle und es fehlt an Interpretierbarkeit für die Vorhersage. Aber eigentlich ist diese Richtung immer noch sehr beliebt, weil des Transformer-Modells. Also in baumbasierten Modellen strukturieren wir eigentlich
0	146.72000000000028	0.7738902568817139	in diese grundlegenden Operatoren zerlegt werden. Also frühere Arbeiten im Bereich des Method-Problem-Lösens können tatsächlich in sequenz-zu-sequenz und sequenz-zu-baum Modelle kategorisiert werden. Also traditionelle sequenz-zu-sequenz Modelle konvertieren den Ausdruck in eine spezifische Sequenz für die Generierung, und es ist ziemlich einfach zu implementieren und es kann sich auf viele verschiedene komplizierte Probleme verallgemeinern. Aber die Nachteile der Leistung sind eigentlich generell nicht besser als die strukturellen Modelle und es fehlt an Interpretierbarkeit für die Vorhersage. Aber eigentlich ist diese Richtung immer noch sehr beliebt, weil des Transformer-Modells. Also in baumbasierten Modellen strukturieren wir diese Ausdrücke tatsächlich in einem Baumrahmen.	Method-Problem eine einfache Anwendung ist, um solches Reasoning zu evaluieren. Also hier in unserem Problemsetup, gegeben die Fragen, müssen wir diese Frage lösen und numerische Antworten erhalten. In unseren Datensätzen werden uns auch die mathematischen Ausdrücke gegeben, die zu dieser bestimmten Antwort führen. Bestimmte Annahmen gelten auch wie in früheren Arbeiten. Wir gehen davon aus, dass die Präzision der Größen bekannt ist und wir nur grundlegende Operatoren wie Addition, Subtraktion, Multiplikation, Division und Exponentiation betrachten. Darüber hinaus können komplizierte Operatoren tatsächlich in diese grundlegenden Operatoren zerlegt werden. Also frühere Arbeiten im Bereich des Method-Problem-Lösens können tatsächlich in sequenz-zu-sequenz und sequenz-zu-baum Modelle kategorisiert werden. Also traditionelle sequenz-zu-sequenz Modelle konvertieren den Ausdruck in eine spezifische Sequenz für die Generierung, und es ist ziemlich einfach zu implementieren und es kann sich auf viele verschiedene komplizierte Probleme verallgemeinern. Aber die Nachteile der Leistung sind eigentlich generell nicht besser als die strukturellen Modelle und es fehlt an Interpretierbarkeit für die Vorhersage. Aber eigentlich ist diese Richtung immer noch sehr beliebt, weil des Transformer-Modells. Also in baumbasierten Modellen strukturieren wir diese Ausdrücke
0	147.8400000000003	0.7023720741271973		in diese grundlegenden Operatoren zerlegt werden. Also frühere Arbeiten im Bereich des Method-Problem-Lösens können tatsächlich in sequenz-zu-sequenz und sequenz-zu-baum Modelle kategorisiert werden. Also traditionelle sequenz-zu-sequenz Modelle konvertieren den Ausdruck in eine spezifische Sequenz für die Generierung, und es ist ziemlich einfach zu implementieren und es kann sich auf viele verschiedene komplizierte Probleme verallgemeinern. Aber die Nachteile der Leistung sind eigentlich generell nicht besser als die strukturellen Modelle und es fehlt an Interpretierbarkeit für die Vorhersage. Aber eigentlich ist diese Richtung immer noch sehr beliebt, weil des Transformer-Modells. Also in baumbasierten Modellen strukturieren wir diese Ausdrücke tatsächlich in einem Baumrahmen.
0	148.9600000000003	0.807225227355957	in Interpretierbarkeit für die Vorhersage. Aber eigentlich ist diese Richtung immer noch sehr beliebt, weil des Transformer-Modells. Also in baumbasierten Modellen strukturieren wir diese Ausdrücke in Baumform und folgen einer vorortiger Traverse.	
0	150.0800000000003	0.9494717121124268	Baumform und folgen einer vorortiger	Interpretierbarkeit für die Vorhersage. Aber eigentlich ist diese Richtung immer noch sehr beliebt, weil des Transformer-Modells. Also in baumbasierten Modellen strukturieren wir diese Ausdrücke in Baumform und folgen einer vorortiger Traverse.
0	151.2000000000003	0.8216595649719238	Durchlauf in	
0	152.3200000000003	0.9518301486968994	Baumgenerierungen. Also hier die Vorhersage. Aber eigentlich ist diese Richtung immer noch sehr beliebt, weil des Transformer-Modells. Also in baumbasierten Modellen strukturieren wir diese Ausdrücke in Baumform und folgen einer vorortiger Durchlauf in Baumgenerierungen. Also hier behalten wir die Generierung des Operations bei.	
0	153.4400000000003	0.8263144493103027	des Transformer-Modells. Also in baumbasierten Modellen strukturieren wir diese Ausdrücke in Baumform und folgen einer vorortiger Durchlauf in Baumgenerierungen. Also hier halten wir weiter die Operatoren generieren, bis wir erreichen	die Vorhersage. Aber eigentlich ist diese Richtung immer noch sehr beliebt, weil des Transformer-Modells. Also in baumbasierten Modellen strukturieren wir diese Ausdrücke in Baumform und folgen einer vorortiger Durchlauf in Baumgenerierungen. Also hier behalten wir die Generierung des Operations bei.
0	154.56000000000031	0.9794707298278809		des Transformer-Modells. Also in baumbasierten Modellen strukturieren wir diese Ausdrücke in Baumform und folgen einer vorortiger Durchlauf in Baumgenerierungen. Also hier halten wir weiter die Operatoren generieren, bis wir erreichen
0	155.68000000000032	1.1104495525360107	generieren wir	
0	156.80000000000032	1.1684978008270264	weiter die Operatoren, bis wir die Blätter erreichen, die die Größen sind.	
0	157.92000000000033	0.7183218002319336	Also hier	
0	159.04000000000033	0.7403759956359863	ist das Gute, dass es	
0	160.16000000000034	0.7445666790008545	uns tatsächlich diese	
0	161.28000000000034	0.6751298904418945	binäre Baumstruktur	
0	162.40000000000035	0.6085929870605469	gibt und	
0	163.52000000000035	0.7342844009399414	es ist	
0	164.64000000000036	0.8358058929443359	aber aber aber eigentlich	
0	165.76000000000036	0.7444438934326172	ziemlich	
0	166.88000000000036	0.8675937652587891	kontraintuitiv, weil	
0	168.00000000000037	0.7162172794342041	wir	
0	169.12000000000037	0.8205862045288086	zuerst den Operator generieren	
0	170.24000000000038	0.639798641204834	und dann am Ende	
0	171.36000000000038	0.6479184627532959		
0	172.4800000000004	0.8125495910644531	die Größen generieren.	
0	173.6000000000004	0.850135087966919	Und	
0	174.7200000000004	0.909703254699707	die zweite Sache ist, dass es auch	
0	175.8400000000004	0.6974034309387207	einige	
0	176.9600000000004	0.8140826225280762	repetitive Berechnungen enthält.	
0	178.0800000000004	0.7651834487915039	Also hier, wenn	
0	179.20000000000041	0.7907009124755859	wir diesen Ausdruck	
0	180.32000000000042	0.8242776393890381	ansehen, a mal drei plus	
0	181.44000000000042	0.7870564460754395	drei,	
0	182.56000000000043	0.7392199039459229		
0	183.68000000000043	0.8713505268096924	es wird tatsächlich zweimal generiert. Aber	
0	184.80000000000044	0.7581145763397217	eigentlich sollten wir	
0	185.92000000000044	0.6527855396270752		
0	187.04000000000045	0.3425416946411133	die Ergebnisse wiederverwenden.	
0	188.16000000000045	0.5876970291137695		
0	189.28000000000046	0.7879602909088135	Also in unserem	
0	190.40000000000046	0.7268919944763184	vorgeschlagenen Ansatz wollen wir	
0	191.52000000000046	0.5997252464294434		
0	192.64000000000047	0.7219448089599609	diese Probleme	
0	193.76000000000047	0.6546494960784912		
0	194.88000000000048	0.7287178039550781		
0	196.00000000000048	0.8861775398254395	schrittweise und interpretierbar lösen.	
0	197.1200000000005	0.6271083354949951	Also	
0	198.2400000000005	0.6588268280029297	hier im zweiten Schritt	
0	199.3600000000005	0.6061515808105469	können wir	
0	200.4800000000005	0.7321650981903076		
0	201.6000000000005	0.8684196472167969		
0	202.7200000000005	0.8336870670318604		
0	203.84000000000052	1.1320056915283203		
0	204.96000000000052	1.2453782558441162		
0	206.08000000000052	1.3876512050628662	diesen Divisor erhalten, der 27	
0	207.20000000000053	1.2598648071289062		
0	208.32000000000053	1.2518775463104248		
0	209.44000000000054	1.3717577457427979		
0	210.56000000000054	1.5195107460021973		
0	211.68000000000055	1.6506805419921875		
0	212.80000000000055	1.616257667541504		
0	213.92000000000056	1.7568647861480713	ist, und wir können auch auf die ursprünglichen Fragen zurückgreifen, um die relevanten Inhalte zu finden. Und in diesen Schritten erhalten wir die Divisoren.	
0	215.04000000000056	0.6953496932983398	Also und dann	
0	216.16000000000057	0.8311183452606201	in diesem dritten Schritt	
0	217.28000000000057	0.7841804027557373	erhalten wir tatsächlich den	
0	218.40000000000057	0.7536277770996094		
0	219.52000000000058	0.9638409614562988	Quotienten,	
0	220.64000000000058	0.9625768661499023	okay, und nach diesen drei	
0	221.7600000000006	0.7660064697265625	Schritten können wir tatsächlich	
0	222.8800000000006	0.8065962791442871	die Ergebnisse	
0	224.0000000000006	0.714799165725708	vom zweiten Schritt wiederverwenden und dann	
0	225.1200000000006	0.5040535926818848		
0	226.2400000000006	0.6068122386932373		
0	227.3600000000006	0.7855961322784424	die Ergebnisse	
0	228.48000000000062	0.7262787818908691	des vierten Schritts	
0	229.60000000000062	0.7852017879486084	erhalten und schließlich	
0	230.72000000000062	0.754810094833374	können wir	
0	231.84000000000063	0.6541671752929688	die Dividenden erhalten.	
0	232.96000000000063	0.45017194747924805		
0	234.08000000000064	0.6356949806213379		
0	235.20000000000064	0.7866740226745605	Also hier	
0	236.32000000000065	0.7445650100708008	generieren wir	
0	237.44000000000065	0.7245025634765625	den gesamten Ausdruck	
0	238.56000000000066	0.6882057189941406	direkt, anstatt	
0	239.68000000000066	0.609635591506958		
0	240.80000000000067	0.8429384231567383	einzelne Operatoren oder	
0	241.92000000000067	0.8077313899993896	Größen zu generieren.	
0	243.04000000000067	0.7164583206176758	Das macht den Prozess	
0	244.16000000000068	0.5684080123901367	genauer.	
0	245.28000000000068	0.7432947158813477	Also	
0	246.4000000000007	0.825810432434082	in unserem deduktiven	
0	247.5200000000007	0.6574790477752686	System	
0	248.6400000000007	0.7829821109771729	beginnen wir zunächst mit	
0	249.7600000000007	0.9002199172973633	einer Reihe von	
0	250.8800000000007	0.9248363971710205	Größen, die in den Fragen präsentiert	
0	252.0000000000007	0.926816463470459	werden, und auch	
0	253.12000000000072	0.7374231815338135		
0	254.24000000000072	1.0206034183502197	einige Konstanten als	
0	255.36000000000072	0.8642053604125977	unseren	
0	256.4800000000007	0.7860763072967529		
0	257.6000000000007	1.1410095691680908	Anfangszustand. Der Ausdruck	
0	258.7200000000007	0.7876877784729004	wird durch	
0	259.8400000000007	0.8177635669708252	Eij OP	
0	260.9600000000007	0.8652150630950928	repräsentiert,	
0	262.0800000000007	0.9424660205841064		
0	263.2000000000007	1.0133559703826904	wo wir	
0	264.32000000000073	1.098121166229248	einen Operator von QI zu QJ	
0	265.44000000000074	0.9121372699737549	durchführen und solcherart Ausdruck ist	
0	266.56000000000074	0.85353684425354	eigentlich gerichtet. Also	
0	267.68000000000075	0.7477819919586182	haben wir auch	
0	268.80000000000075	0.8950614929199219	Subtraktion	
0	269.92000000000075	1.0103027820587158	mit Versus hier, um	
0	271.04000000000076	0.8877854347229004	die entgegengesetzte Richtung darzustellen.	
0	272.16000000000076	0.7451510429382324	Das ist ziemlich	
0	273.28000000000077	0.7712714672088623	ähnlich zu	
0	274.4000000000008	1.0060935020446777	Relationsextraktion.	
0	275.5200000000008	0.8612165451049805	Also in	
0	276.6400000000008	0.852308988571167	einem formellen deduktiven System,	
0	277.7600000000008	0.6405301094055176	zum Zeitpunkt	
0	278.8800000000008	0.7728354930877686		
0	280.0000000000008	0.8674094676971436	T, wenden wir den Operator	
0	281.1200000000008	0.8710989952087402	zwischen	
0	282.2400000000008	0.95796799659729	dem QI und QJ Paar	
0	283.3600000000008	0.8258318901062012		
0	284.4800000000008	1.0042240619659424	an und dann erhalten wir	
0	285.6000000000008	0.7762517929077148		
0	286.7200000000008	0.983513355255127	diesen neuen Ausdruck. Wir fügen ihn zum	
0	287.8400000000008	0.9366011619567871	nächsten Zustand	
0	288.96000000000083	0.7969558238983154	hinzu, um eine neue	
0	290.08000000000084	0.6786439418792725	Größe zu	
0	291.20000000000084	0.726853609085083		
0	292.32000000000085	0.8969533443450928	werden.	
0	293.44000000000085	0.9243299961090088	Diese Slides visualisieren tatsächlich die	
0	294.56000000000085	0.770897388458252	Evolution der	
0	295.68000000000086	0.8050906658172607	Zustände, wo wir	
0	296.80000000000086	0.8512718677520752		
0	297.92000000000087	0.5484802722930908	den Ausdruck kontinuierlich zu den aktuellen Zuständen hinzufügen.	
0	299.0400000000009	0.7129783630371094		
0	300.1600000000009	0.6745235919952393		
0	301.2800000000009	0.9734680652618408	In unseren Modellimplementierungen	
0	302.4000000000009	0.9091081619262695	verwenden wir	
0	303.5200000000009	1.0303523540496826	zuerst ein vortrainiertes Sprachmodell, das	
0	304.6400000000009	0.8260858058929443	Bird oder Robot	
0	305.7600000000009	0.8884251117706299	Heads sein kann, und dann	
0	306.8800000000009	0.8046731948852539	kodieren wir einen	
0	308.0000000000009	0.7936873435974121	Satz und erhalten	
0	309.1200000000009	0.7377157211303711		
0	310.2400000000009	0.9303321838378906	dann diese Größenrepräsentationen.	
0	311.3600000000009	0.8122203350067139	Sobald wir die	
0	312.4800000000009	0.8408055305480957	Größenrepräsentationen haben,	
0	313.60000000000093	0.8509585857391357	können wir	
0	314.72000000000094	0.9480593204498291	mit Inferenz beginnen. Hier zeigen wir	
0	315.84000000000094	0.7157182693481445	ein Beispiel von	
0	316.96000000000095	0.9981839656829834		
0	318.08000000000095	1.1247773170471191	Q1, um die Repräsentation für	
0	319.20000000000095	0.9770059585571289	Q1	
0	320.32000000000096	0.9791667461395264	geteilt durch Q2 und dann mal	
0	321.44000000000096	0.7927560806274414	Q3 zu erhalten.	
0	322.56000000000097	0.8304400444030762	Zuerst	
0	323.680000000001	0.8150951862335205	erhalten wir	
0	324.800000000001	0.8605539798736572	das	
0	325.920000000001	1.004150152206421	Paar-Repräsentation, was im	
0	327.040000000001	0.7562391757965088	Grunde nur die Kette	
0	328.160000000001	0.7689704895019531	zwischen	
0	329.280000000001	1.0494425296783447	Q1 und Q2	
0	330.400000000001	1.0208377838134766	ist, und dann wenden wir ein	
0	331.520000000001	0.8981413841247559		
0	332.640000000001	1.1410415172576904		
0	333.760000000001	1.213489055633545	Feed-Forward-Netzwerk an, das durch den Operator parametrisiert ist.	
0	334.880000000001	0.8446385860443115	Und dann	
0	336.000000000001	0.9510436058044434	erhalten wir schließlich die	
0	337.120000000001	1.0494122505187988	Ausdruck-Repräsentation	
0	338.24000000000103	0.8141539096832275	Q1 geteilt durch Q2.	
0	339.36000000000104	0.6342909336090088		
0	340.48000000000104	0.6969473361968994	Aber	
0	341.60000000000105	0.8015494346618652	eigentlich in der Praxis	
0	342.72000000000105	0.7942314147949219	in der Inferenzphase	
0	343.84000000000106	0.6122777462005615	könnten wir	
0	344.96000000000106	0.9199874401092529		
0	346.08000000000106	0.953606367111206	möglicherweise	
0	347.20000000000107	1.0691440105438232		
0	348.3200000000011	0.6774795055389404	auch falsche Repräsentationen oder falsche Ausdrücke erhalten.	
0	349.4400000000011	0.6160166263580322		
0	350.5600000000011	0.7616150379180908	Also hier	
0	351.6800000000011	0.7114949226379395	alle möglichen Ausdrücke	
0	352.8000000000011	0.5945141315460205		
0	353.9200000000011	0.7791011333465576	sind gleich	
0	355.0400000000011	0.8353817462921143	drei mal die	
0	356.1600000000011	0.742450475692749	Anzahl der Operatoren.	
0	357.2800000000011	0.7215476036071777		
0	358.4000000000011	0.8078370094299316	Das Gute hier ist, dass	
0	359.5200000000011	0.7676985263824463	wir	
0	360.6400000000011	0.978607177734375	leicht	
0	361.7600000000011	0.9765965938568115	Einschränkungen hinzufügen können, um	
0	362.88000000000113	0.9325616359710693	diese Suche	
0	364.00000000000114	1.16090726852417	nach diesem Suchraum zu	
0	365.12000000000114	0.9721622467041016	kontrollieren. Zum Beispiel, wenn	
0	366.24000000000115	0.8393404483795166	dieser Ausdruck nicht	
0	367.36000000000115	0.8771927356719971	erlaubt ist, können wir	
0	368.48000000000116	0.8295402526855469	diesen Ausdruck einfach	
0	369.60000000000116	0.3763759136199951	in unserem Suchraum entfernen.	
0	370.72000000000116	0.738457202911377		
0	371.84000000000117	0.9109187126159668	Also im zweiten	
0	372.9600000000012	0.9381003379821777	Schritt machen wir dasselbe, aber	
0	374.0800000000012	0.800652265548706	der einzige Unterschied	
0	375.2000000000012	0.6980926990509033	ist, dass	
0	376.3200000000012	0.6090829372406006		
0	377.4400000000012	0.7566485404968262		
0	378.5600000000012	0.8907992839813232	wir eine weitere Größe haben.	
0	379.6800000000012	0.8609206676483154	Diese Größe kommt	
0	380.8000000000012	0.8215675354003906	vom	
0	381.9200000000012	0.36972665786743164	vorher berechneten Ausdruck.	
0	383.0400000000012	0.6401815414428711		
0	384.1600000000012	0.7815685272216797	Also schließlich	
0	385.2800000000012	0.864647388458252	können wir	
0	386.4000000000012	0.903817892074585	diesen finalen Ausdruck	
0	387.52000000000123	0.8043608665466309	Q3 mal	
0	388.64000000000124	0.7198717594146729	Q4	
0	389.76000000000124	0.9516894817352295		
0	390.88000000000125	1.055406093597412	erhalten. Und wir können auch	
0	392.00000000000125	0.46301841735839844	die Anzahl aller möglichen Ausdrücke sehen.	
0	393.12000000000126	0.7413055896759033		
0	394.24000000000126	0.8754596710205078		
0	395.36000000000126	0.97670578956604		
0	396.48000000000127	1.0995843410491943	Sie ist unterschiedlich vom vorherigen Schritt.	
0	397.6000000000013	0.9393372535705566	Solche Unterschiede machen es schwierig,	
0	398.7200000000013	0.8449544906616211		
0	399.8400000000013	1.0954625606536865	Beam Search anzuwenden, weil	
0	400.9600000000013	0.9949464797973633	die Wahrscheinlichkeitsverteilung	
0	402.0800000000013	0.902869462966919	zwischen diesen beiden Schritten	
0	403.2000000000013	0.7687180042266846		
0	404.3200000000013	0.36934995651245117	unbalanciert ist.	
0	405.4400000000013	0.7823455333709717		
0	406.5600000000013	0.877326250076294	Also	
0	407.6800000000013	1.1415512561798096	ist das Trainingsverfahren ähnlich zum	
0	408.8000000000013	1.0722792148590088	Training eines	
0	409.9200000000013	1.1398239135742188	sequenz-zu-sequenz-Modells, wo wir	
0	411.0400000000013	0.810579776763916	den Verlust	
0	412.16000000000133	0.8552100658416748	an jedem Zeitpunkt	
0	413.28000000000134	0.8635635375976562		
0	414.40000000000134	1.019437313079834		
0	415.52000000000135	1.0320117473602295	optimieren und hier verwenden wir auch dieses Tau, um	
0	416.64000000000135	0.8757920265197754	darzustellen, wann	
0	417.76000000000136	0.8329427242279053	wir	
0	418.88000000000136	0.8474655151367188		
0	420.00000000000136	0.8800778388977051	den Generierungsprozess beenden sollen.	
0	421.12000000000137	0.7490050792694092	Und hier	
0	422.2400000000014	0.8716838359832764	ist der Raum	
0	423.3600000000014	0.880742073059082	anders als	
0	424.4800000000014	0.9900400638580322		
0	425.6000000000014	1.1720497608184814	sequenz-zu-sequenz, weil der Raum	
0	426.7200000000014	0.9805243015289307	an jedem	
0	427.8400000000014	1.2074687480926514	Zeitpunkt unterschiedlich ist, während	
0	428.9600000000014	1.0590596199035645	in traditionellen sequenz-zu-sequenz-Modellen	
0	430.0800000000014	0.9855570793151855		
0	431.2000000000014	0.5458941459655762	es die Anzahl des Vokabulars ist.	
0	432.3200000000014	0.6245236396789551		
0	433.4400000000014	0.7909290790557861	Und	
0	434.5600000000014	1.0399541854858398	es erlaubt auch,	
0	435.6800000000014	0.8675937652587891	bestimmte Einschränkungen	
0	436.80000000000143	0.940162181854248	von	
0	437.92000000000144	1.020226001739502		
0	439.04000000000144	1.0969793796539307	Prior-Wissen aufzuerlegen. Also	
0	440.16000000000145	0.9114885330200195	führen wir Experimente	
0	441.28000000000145	0.865044355392456	auf	
0	442.40000000000146	1.0764830112457275		
0	443.52000000000146	1.2572681903839111	den gängig verwendeten	
0	444.64000000000146	1.205718994140625		
0	445.76000000000147	1.3826956748962402		
0	446.8800000000015	1.3664660453796387		
0	448.0000000000015	1.33345627784729	Method-Problem-Datensätzen MAWPS, Math23K, MathQA und	
0	449.1200000000015	0.8799443244934082	SWAM durch.	
0	450.2400000000015	0.9096777439117432	Und hier zeigen wir kurz	
0	451.3600000000015	0.8439579010009766	die Ergebnisse im	
0	452.4800000000015	0.8419158458709717	Vergleich zu den	
0	453.6000000000015	0.853191614151001	bisherigen besten Ansätzen.	
0	454.7200000000015	0.8915770053863525	Also	
0	455.8400000000015	0.9688408374786377		
0	456.9600000000015	0.9896252155303955	unser beste performierende Waffe ist Roberta Deductive	
0	458.0800000000015	0.8649423122406006	Reasoner und	
0	459.2000000000015	0.8654730319976807	eigentlich verwenden wir	
0	460.3200000000015	0.862154483795166	kein Beam	
0	461.44000000000153	0.9498391151428223		
0	462.56000000000154	1.112187385559082	Search im Gegensatz zu offensichtlichen	
0	463.68000000000154	0.88596510887146	Ansätzen, die	
0	464.80000000000155	0.7956302165985107		
0	465.92000000000155	0.9319603443145752	Beam Search	
0	467.04000000000156	0.9770939350128174	verwenden.	
0	468.16000000000156	1.134202480316162	Okay. Also	
0	469.28000000000156	1.0215754508972168	die besten Ansätze sind oft baumbasierte	
0	470.40000000000157	0.6793656349182129	Modelle.	
0	471.5200000000016	0.16601824760437012		
0	472.6400000000016	0.6859781742095947		
0	473.7600000000016	0.8988614082336426	Insgesamt	
0	474.8800000000016	0.8952121734619141	ist unser Reasoner in der	
0	476.0000000000016	0.8713066577911377	Lage,	
0	477.1200000000016	0.9078712463378906		
0	478.2400000000016	1.1141133308410645	signifikant besser	
0	479.3600000000016	1.0684442520141602	als diese	
0	480.4800000000016	1.2039883136749268	baumbasierte Modelle zu performieren, aber wir können	
0	481.6000000000016	0.7927100658416748	die absolute	
0	482.7200000000016	0.8126325607299805	Zahl	
0	483.8400000000016	0.9538822174072266	auf MathQA oder	
0	484.9600000000016	0.8870468139648438	SWAM nicht	
0	486.08000000000163	0.9394276142120361		
0	487.20000000000164	1.0315587520599365	sehen.	
0	488.32000000000164	1.076392650604248	Wir untersuchen	
0	489.44000000000165	1.1785297393798828	weiter die Ergebnisse auf SWAM und	
0	490.56000000000165	1.0399343967437744	dieser Datensatz ist herausfordernd, weil	
0	491.68000000000166	0.8211555480957031	der Autor versucht hat,	
0	492.80000000000166	0.720757007598877	manuell	
0	493.92000000000166	0.8749527931213379		
0	495.04000000000167	1.2084906101226807	etwas hinzuzufügen, um	
0	496.1600000000017	1.2508726119995117	das NLP-Modell zu	
0	497.2800000000017	1.1169748306274414	verwirren, wie	
0	498.4000000000017	1.1080007553100586	das Hinzufügen irrelevanter	
0	499.5200000000017	0.8079547882080078	Informationen und zusätzlicher Größen.	
0	500.6400000000017	0.6976301670074463		
0	501.7600000000017	0.892073392868042	Also in	
0	502.8800000000017	0.9305417537689209	unserer Vorhersage finden wir	
0	504.0000000000017	1.0334570407867432		
0	505.1200000000017	0.9712696075439453	, dass einige der Zwischenwerte tatsächlich negativ sind.	
0	506.2400000000017	0.7221744060516357		
0	507.3600000000017	0.8279345035552979	Zum Beispiel,	
0	508.4800000000017	0.7475173473358154	in dieser Frage	
0	509.6000000000017	0.9626083374023438	fragen	
0	510.72000000000173	1.0636320114135742	wir, wie viele Äpfel	
0	511.84000000000174	0.9566023349761963	Jake hat, aber wir haben	
0	512.9600000000017	0.9206879138946533	einige zusätzliche	
0	514.0800000000017	0.9153149127960205	Informationen wie	
0	515.2000000000018	0.9511532783508301	17 Few	
0	516.3200000000018	1.062950611114502	Pitches und Steven	
0	517.4400000000018	0.9703781604766846	hat	
0	518.5600000000018	1.0135488510131836	acht Pitches, was völlig irrelevant ist.	
0	519.6800000000018	0.8190116882324219	Also	
0	520.8000000000018	1.0167944431304932	macht unser Modell einige	
0	521.9200000000018	0.9116358757019043	Vorhersagen wie	
0	523.0400000000018	0.9857559204101562	diese, die	
0	524.1600000000018	0.8426156044006348	negative Werte	
0	525.2800000000018	0.8750238418579102		
0	526.4000000000018	1.116544246673584	produzieren, und wir beobachten	
0	527.5200000000018	1.0917296409606934	diese	
0	528.6400000000018	1.1361174583435059	zwei	
0	529.7600000000018	1.248509407043457	Repräsentationen, diese zwei Ausdrücke haben tatsächlich	
0	530.8800000000018	0.9360663890838623	ähnliche Scores. Also	
0	532.0000000000018	0.9542055130004883	können wir	
0	533.1200000000018	1.0341789722442627		
0	534.2400000000018	1.0868525505065918	diesen Suchraum tatsächlich	
0	535.3600000000018	1.0933537483215332	einschränken, indem wir	
0	536.4800000000018	0.9701273441314697	solche Ergebnisse	
0	537.6000000000018	0.9929702281951904	entfernen, die negativ	
0	538.7200000000018	0.8739886283874512		
0	539.8400000000019	1.0611910820007324		
0	540.9600000000019	0.5390341281890869	sind, damit wir die richtige Antwort machen können.	
0	542.0800000000019	0.17393827438354492		
0	543.2000000000019	0.7017099857330322		
0	544.3200000000019	0.7695622444152832	Also	
0	545.4400000000019	0.980140209197998	finden wir	
0	546.5600000000019	0.9957313537597656	weiter, dass solche Einschränkungen tatsächlich	
0	547.6800000000019	0.8412837982177734		
0	548.8000000000019	0.8582355976104736		
0	549.9200000000019	0.9949660301208496	für einige	
0	551.0400000000019	1.0983555316925049	Modelle sehr viel verbessern. Zum Beispiel für	
0	552.1600000000019	0.92848801612854	Birds verbessern	
0	553.2800000000019	0.9435749053955078	wir sieben Punkte und	
0	554.4000000000019	1.0545976161956787	dann für	
0	555.5200000000019	1.0795819759368896	das	
0	556.6400000000019	1.0818371772766113		
0	557.7600000000019	1.4072751998901367		
0	558.8800000000019	1.5212972164154053	robot-head-basierte Modell haben wir tatsächlich zwei Punkte verbessert. Also bessere Sprachmodelle haben	
0	560.0000000000019	1.0430662631988525		
0	561.1200000000019	1.1406564712524414	eine bessere Sprachverständnis-Fähigkeit,	
0	562.2400000000019	0.8900213241577148		
0	563.360000000002	1.0244669914245605	sodass die Zahl hier	
0	564.480000000002	0.955010175704956	höher für Roberta	
0	565.600000000002	0.9325101375579834	und niedriger für	
0	566.720000000002	1.0104641914367676	Birds ist.	
0	567.840000000002	1.1060216426849365	Und wir versuchen auch, die	
0	568.960000000002	0.9455578327178955	Schwierigkeit	
0	570.080000000002	0.9581727981567383	hinter all	
0	571.200000000002	1.2130117416381836	diesem Datensatz zu analysieren.	
0	572.320000000002	1.1318113803863525	Wir gehen davon aus, dass die Anzahl der	
0	573.440000000002	1.0335192680358887	ungenutzten Größen	
0	574.560000000002	1.0499327182769775	als	
0	575.680000000002	1.0224192142486572	irrelevante Information hier betrachtet werden kann.	
0	576.800000000002	0.8750886917114258	Also	
0	577.920000000002	0.8507263660430908	hier können wir	
0	579.040000000002	0.7708597183227539	sehen, dass	
0	580.160000000002	0.9789657592773438	wir	
0	581.280000000002	1.0852794647216797	die Anzahl	
0	582.400000000002	1.1417150497436523	der Prozent der Samples	
0	583.520000000002	1.1635472774505615	mit ungenutzten Größen haben und	
0	584.640000000002	1.085089921951294	der SWAM-Datensatz hat	
0	585.760000000002	0.31322813034057617	den größten Anteil.	
0	586.880000000002	0.8720345497131348		
0	588.000000000002	0.9493751525878906	Und hier zeigen wir auch	
0	589.120000000002	0.3135068416595459	die allgemeine Performance.	
0	590.240000000002	0.7492377758026123		
0	591.3600000000021	0.9955439567565918	Für diese Samples	
0	592.4800000000021	0.9575319290161133	ohne ungenutzte Größen.	
0	593.6000000000021	0.8707153797149658	Also	
0	594.7200000000021	0.8721911907196045	ist die allgemeine Performance	
0	595.8400000000021	0.8725440502166748	tatsächlich höher als	
0	596.9600000000021	0.9847581386566162	die Performance ist	
0	598.0800000000021	0.7803478240966797	tatsächlich höher als die	
0	599.2000000000021	0.956045389175415		
0	600.3200000000021	1.1637799739837646	allgemeine Performance. Aber mit diesen Samples, die	
0	601.4400000000021	0.9734063148498535	mit	
0	602.5600000000021	1.075441598892212	ungenutzter Menge, ist tatsächlich	
0	603.6800000000021	0.9518413543701172	viel schlechter als	
0	604.8000000000021	0.950927734375	der Vergleich	
0	605.9200000000021	0.9363381862640381		
0	607.0400000000021	0.990001916885376		
0	608.1600000000021	1.353919267654419	viel schlechter als die allgemeine Performance.	
0	609.2800000000021	1.0255229473114014	Für MAWPS	
0	610.4000000000021	0.9926919937133789	haben wir nicht	
0	611.5200000000021	0.96549391746521	wirklich zu viele	
0	612.6400000000021	1.0972132682800293	Desk	
0	613.7600000000022	1.0529422760009766	Cases, also ignoriere ich	
0	614.8800000000022	0.28139591217041016	diesen Teil.	
0	616.0000000000022	0.7985429763793945		
0	617.1200000000022	0.8567719459533691	Also	
0	618.2400000000022	0.9849448204040527	wollen wir schließlich	
0	619.3600000000022	1.0687384605407715	die Interpretierbarkeit	
0	620.4800000000022	1.1663575172424316	durch	
0	621.6000000000022	1.2140815258026123	ein Crash-und-Partizipation-Beispiel zeigen.	
0	622.7200000000022	0.8714325428009033	Also hier	
0	623.8400000000022	0.8688457012176514		
0	624.9600000000022	1.0568714141845703	macht unser Modell tatsächlich eine	
0	626.0800000000022	0.9723539352416992	falsche	
0	627.2000000000022	0.9098103046417236	Vorhersage	
0	628.3200000000022	0.9625144004821777	am ersten Schritt.	
0	629.4400000000022	0.944901704788208	Also können wir tatsächlich	
0	630.5600000000022	0.9131631851196289		
0	631.6800000000022	1.0141868591308594		
0	632.8000000000022	1.1587486267089844	diesen Ausdruck mit dem	
0	633.9200000000022	1.1847569942474365	Satz hier	
0	635.0400000000022	1.1458704471588135	korrelieren. Okay. Also denken wir,	
0	636.1600000000022	0.9902563095092773	dieser Satz könnte	
0	637.2800000000022	0.8776941299438477	das Modell irreführen.	
0	638.4000000000023	0.6867811679840088		
0	639.5200000000023	0.7233917713165283		
0	640.6400000000023	0.9915459156036377	Also	
0	641.7600000000023	1.0512399673461914	hier pflanzen wir	
0	642.8800000000023	1.0187373161315918	noch	
0	644.0000000000023	1.2130403518676758	dreißigfünf, was das Modell	
0	645.1200000000023	0.9495975971221924	dazu bringt,	
0	646.2400000000023	0.983607292175293	dass es	
0	647.3600000000023	1.127227783203125	einen Addition-Operator denken sollte.	
0	648.4800000000023	1.0896923542022705	Also versuchen	
0	649.6000000000023	1.4015090465545654	wir, den Satz zu überarbeiten, um etwas	
0	650.7200000000023	1.2353816032409668	wie die Anzahl der Paarpalmen	
0	651.8400000000023	1.1779272556304932	sind dreißigfünf	
0	652.9600000000023	0.9908552169799805	weniger als die Apfelbäume zu sein.	
0	654.0800000000023	0.8343634605407715		
0	655.2000000000023	1.022765874862671	Also machen wir	
0	656.3200000000023	1.0632281303405762	es, um	
0	657.4400000000023	1.2050349712371826	genauere Semantik zu vermitteln, sodass	
0	658.5600000000023	0.9529390335083008	das Modell in der Lage ist,	
0	659.6800000000023	0.955176830291748	die	
0	660.8000000000023	0.9603562355041504	Vorhersage korrekt zu machen.	
0	661.9200000000023	0.8429923057556152		
0	663.0400000000024	0.9916126728057861	Diese Studie zeigt, wie	
0	664.1600000000024	0.9411804676055908		
0	665.2800000000024	0.9560065269470215	interpretierbare Vorhersagen	
0	666.4000000000024	1.047013521194458	uns	
0	667.5200000000024	0.9624035358428955	helfen, das	
0	668.6400000000024	0.3453032970428467	Modellverhalten zu verstehen.	
0	669.7600000000024	0.7467384338378906		
0	670.8800000000024	0.9285881519317627	Also	
0	672.0000000000024	1.015852689743042	um unsere Arbeit zu	
0	673.1200000000024	1.0445339679718018	schließen, ist unser Modell tatsächlich	
0	674.2400000000024	1.0278820991516113	ziemlich	
0	675.3600000000024	1.197937250137329		
0	676.4800000000024	1.1490156650543213		
0	677.6000000000024	1.4108715057373047	effizient und wir sind in der Lage, interpretierbare	
0	678.7200000000024	1.0651397705078125		
0	679.8400000000024	1.070099115371704	Lösungsprozesse	
0	680.9600000000024	1.301687240600586		
0	682.0800000000024	1.5234041213989258		
0	683.2000000000024	1.448721170425415		
0	684.3200000000024	1.5110952854156494		
0	685.4400000000024	1.6902837753295898		
0	686.5600000000024	1.7436342239379883	bereitzustellen und wir können leicht einige Prior-Wissen als Einschränkung einbinden, was die Performance verbessern kann. Und	
0	687.6800000000025	1.3525030612945557	die letzte Sache ist, dass	
0	688.8000000000025	1.0902349948883057	der zugrundeliegende Mechanismus nicht nur	
0	689.9200000000025	1.264911413192749	auf	
0	691.0400000000025	1.3464398384094238	Mapwork-Problem-Lösungsaufgaben anwendbar	
0	692.1600000000025	1.286153793334961	ist, sondern auch auf andere	
0	693.2800000000025	1.178175449371338	Aufgaben, die	
0	694.4000000000025	1.1877903938293457	mehrstufiges Reasoning beinhalten.	
0	695.5200000000025	1.010679006576538	Aber wir haben auch	
0	696.6400000000025	1.0113754272460938	gewisse Limitationen.	
0	697.7600000000025	1.1261343955993652	Wenn wir	
0	698.8800000000025	1.0741009712219238	eine große Anzahl von Operatoren	
0	700.0000000000025	1.016211986541748	oder Inhalten	
0	701.1200000000025	1.0757620334625244	oder Konstanten haben,	
0	702.2400000000025	0.9372298717498779		
0	703.3600000000025	1.0054161548614502	könnte der Speicherbedarf	
0	704.4800000000025	0.9875168800354004	ziemlich hoch sein.	
0	705.6000000000025	0.9549939632415771	Und die zweite Sache	
0	706.7200000000025	1.0803942680358887	ist,	
0	707.8400000000025	1.2048931121826172	dass, wie erwähnt, weil	
0	708.9600000000025	1.0499672889709473	die Wahrscheinlichkeitsverteilung	
0	710.0800000000025	1.152318000793457	zwischen	
0	711.2000000000025	1.1064026355743408	verschiedenen Zeitpunkten unbalanciert	
0	712.3200000000026	1.0763094425201416		
0	713.4400000000026	1.2180507183074951	ist, ist es auch ziemlich	
0	714.5600000000026	1.0890953540802002		
0	715.6800000000026	1.0251445770263672		
0	716.8000000000026	1.1404869556427002		
0	717.9200000000026	1.2462666034698486	herausfordernd,	
0	719.0400000000026	1.2742750644683838		
0	720.1600000000026	1.2660858631134033	Beam Search Strategien anzuwenden. Also ist das das Ende der	
0	721.2800000000026	0.9908750057220459	Rede und	
0	722.4000000000026	0.3812265396118164	Fragen sind willkommen. Danke.	
0	723.0229375000026	0.3082590103149414		
1	1.12	0.04277372360229492		
1	2.24	0.31563234329223633	Hallo, mein Name ist	
1	3.3600000000000003	0.5477066040039062	Antoine und ich komme aus Massachusetts.	
1	4.48	0.5533480644226074	Universität Maastricht.	aus Massachusetts.
1	5.6000000000000005	0.548853874206543	von der Ich werde präsentieren	Universität Maastricht.
1	6.720000000000001	0.5440375804901123	meine John-Arbeit mit vorlegen.	präsentieren
1	7.840000000000001	0.7079751491546631	Jerry vorstellen, die sich mit Neuem befasst.	vorlegen.
1	8.96	0.702221155166626	einen neuen Datensatz für das Statutory handelt.	mit Neuem befasst.
1	10.080000000000002	0.6407172679901123	um einen neuen Datensatz für das Artikel handelt.	einen neuen Datensatz für das Statutory handelt.
1	11.200000000000003	0.37323784828186035	Abrufen gesetzlicher	Artikel handelt.
1	12.320000000000004	0.31354594230651855	Rechtliches Thema.	
1	13.440000000000005	0.5179479122161865	Fragen sind ein integraler Bestandteil davon.	Rechtliches Thema.
1	14.560000000000006	0.5767443180084229	Bestandteil des Lebens vieler Menschen.	Fragen sind ein integraler Bestandteil davon.
1	15.680000000000007	0.599470853805542	Lebens vieler Menschen.	Bestandteil des Lebens vieler Menschen.
1	16.800000000000008	0.7860457897186279	Lebens vieler Menschen, doch die Mehrheit der Bürger	Lebens vieler Menschen.
1	17.92000000000001	0.9231874942779541	Rechtsfragen sind ein integraler Bestandteil des Lebens vieler Menschen, doch die Mehrheit der Bürger hat wenig bis nichts	Lebens vieler Menschen, doch die Mehrheit der Bürger
1	19.04000000000001	0.45221996307373047	Kenntnisse darüber.	Lebens vieler Menschen, doch die Mehrheit der Bürger hat wenig bis nichts
1	20.16000000000001	0.6201503276824951	verfügt über wenig bis keine Kenntnisse ihre Rechte und Grundrechte.	Kenntnisse darüber.
1	21.280000000000012	0.5550172328948975	über ihre Rechte und grundlegenden rechtlichen Verfahren.	ihre Rechte und Grundrechte.
1	22.400000000000013	0.3803391456604004		
1	23.520000000000014	0.2884366512298584	viele	grundlegenden rechtlichen Verfahren.
1	24.640000000000015	0.5227999687194824	Bürger	viele
1	25.760000000000016	0.7747313976287842	Infolgedessen haben viele verwundbare die sich ihre nicht leisten können,	Bürger
1	26.880000000000017	0.69549560546875	Bürger, die sich die teure Unterstützung nicht leisten können, keinen Zugang zu	die sich ihre nicht leisten können,
1	28.000000000000018	0.6682507991790771	Rechtsexperten nicht leisten können, Schwierigkeiten.	nicht leisten können, keinen Zugang zu
1	29.12000000000002	0.5501201152801514	eines Rechtsexperten nicht leisten können, Schutz.	Rechtsexperten nicht leisten können, Schwierigkeiten.
1	30.24000000000002	0.5226767063140869	keinen oder im schlimmsten Fall gar keinen.	Schutz.
1	31.36000000000002	0.5757176876068115	Schutz oder im schlimmsten Fall können, keinen Schutz oder im schlimmsten Fall werden sie ausgenutzt.	oder im schlimmsten Fall gar keinen.
1	32.48000000000002	0.3419003486633301		können, keinen Schutz oder im schlimmsten Fall werden sie ausgenutzt.
1	33.600000000000016	0.5061953067779541	Oder die Arbeit zielt darauf ab, zu	
1	34.72000000000001	0.5562608242034912	rechtlichen Verfahren. Infolgedessen haben viele verwundbare Bürger, die sich die teure Unterstützung eines Rechtsexperten nicht leisten können, keinen Schutz oder im schlimmsten Fall werden sie ausgenutzt. Unsere Arbeit zielt darauf ab, die Lücke zwischen	Oder die Arbeit zielt darauf ab, zu
1	35.84000000000001	0.8038012981414795	Alle Arbeiten zielen darauf ab, die Lücke zwischen Menschen und dem Recht zu schließen.	rechtlichen Verfahren. Infolgedessen haben viele verwundbare Bürger, die sich die teure Unterstützung eines Rechtsexperten nicht leisten können, keinen Schutz oder im schlimmsten Fall werden sie ausgenutzt. Unsere Arbeit zielt darauf ab, die Lücke zwischen
1	36.96000000000001	0.9357278347015381	effektive	schließen.
1	38.080000000000005	0.6375424861907959	schließen, indem wir Retrieval-Systeme entwickeln.	effektive
1	39.2	0.5373153686523438	Retrieval-Systeme für gesetzliche Artikel entwickeln.	entwickeln.
1	40.32	0.381589412689209		
1	41.44	0.381847620010376	Ein solches System könnte	
1	42.559999999999995	0.6028094291687012	kostenloses Profil bereitstellen.	Retrieval-Systeme für gesetzliche Artikel entwickeln. Ein solches System könnte
1	43.67999999999999	0.4725503921508789	schließen, indem wir effektive Retrieval-Systeme für gesetzliche Artikel entwickeln. Ein solches System könnte eine kostenlose, professionelle Rechtsberatung bieten.	kostenloses Profil bereitstellen.
1	44.79999999999999	0.49496912956237793	eine kostenlose professionelle Rechtsberatungsleistung für	schließen, indem wir effektive Retrieval-Systeme für gesetzliche Artikel entwickeln. Ein solches System könnte eine kostenlose, professionelle Rechtsberatung bieten.
1	45.91999999999999	0.6618776321411133	ungebildete Menschen bieten.	
1	47.039999999999985	0.3801898956298828		
1	48.15999999999998	0.5458948612213135	Bevor wir in den Hauptteil einsteigen,	ungebildete Menschen bieten.
1	49.27999999999998	0.6027951240539551	dieser Arbeit übergehen.	in den Hauptteil einsteigen,
1	50.39999999999998	0.6465942859649658	zur Hauptbeiträge dieser Arbeit Arbeit kommen, besprechen wir zunächst.	dieser Arbeit übergehen.
1	51.519999999999975	0.5032656192779541	kommen, beschreiben wir zunächst das Problem des	Arbeit kommen, besprechen wir zunächst.
1	52.63999999999997	0.6567621231079102	Artikel.	
1	53.75999999999997	0.43732213973999023	Retrieval-Systeme für gesetzliche Artikel entwickeln. Ein solches System könnte eine kostenlose professionelle Rechtsberatungsleistung für ungebildete Menschen bieten. Bevor wir zur Hauptbeiträge dieser Arbeit kommen, beschreiben wir zunächst das Problem des Abrufens gesetzlicher Artikel.	Artikel.
1	54.87999999999997	0.5721352100372314	Gegeben ein einfacher	Retrieval-Systeme für gesetzliche Artikel entwickeln. Ein solches System könnte eine kostenlose professionelle Rechtsberatungsleistung für ungebildete Menschen bieten. Bevor wir zur Hauptbeiträge dieser Arbeit kommen, beschreiben wir zunächst das Problem des Abrufens gesetzlicher Artikel.
1	55.999999999999964	0.4573032855987549	Frage auf alle	
1	57.11999999999996	0.5833961963653564	einem Rechtsproblem, wie zum Beispiel	Frage auf alle
1	58.23999999999996	0.701157808303833	Fragestellung zu einem Rechtsproblem, wie zum wie zum Beispiel: Was soll ich	einem Rechtsproblem, wie zum Beispiel
1	59.35999999999996	0.6851828098297119	Beispiel: Was wenn ich verstoße?	wie zum Beispiel: Was soll ich
1	60.479999999999954	0.6951920986175537	riskiere ich, wenn ich verletze?	wenn ich verstoße?
1	61.59999999999995	0.6193006038665771		
1	62.71999999999995	0.7841966152191162	die berufliche Schweigepflicht ein Modell benötigt.	verletze?
1	63.83999999999995	0.5885787010192871	zu einem Rechtsproblem, wie zum Beispiel: Was riskiere ich, wenn ich die berufliche Schweigepflicht verletze? Ist ein Modell erforderlich, um alle	ein Modell benötigt.
1	64.95999999999995	0.8684983253479004	Rechtsproblem, wie zum Beispiel: Was riskiere ich, wenn ich die berufliche Schweigepflicht verletze? Ist ein Modell erforderlich, um alle relevanten gesetzlichen Werte abzurufen.	zu einem Rechtsproblem, wie zum Beispiel: Was riskiere ich, wenn ich die berufliche Schweigepflicht verletze? Ist ein Modell erforderlich, um alle
1	66.07999999999996	0.6829788684844971	relevanten gesetzlichen abzurufen.	Rechtsproblem, wie zum Beispiel: Was riskiere ich, wenn ich die berufliche Schweigepflicht verletze? Ist ein Modell erforderlich, um alle relevanten gesetzlichen Werte abzurufen.
1	67.19999999999996	0.7313284873962402	Artikel aus riskiere ich, wenn ich die berufliche Schweigepflicht verletze? Ist ein Modell erforderlich, um alle relevanten gesetzlichen Artikel aus einem großen Korpus des Gesetzgebers zu abrufen.	abzurufen.
1	68.31999999999996	0.6375901699066162	einem großen Korpus abrufen.	riskiere ich, wenn ich die berufliche Schweigepflicht verletze? Ist ein Modell erforderlich, um alle relevanten gesetzlichen Artikel aus einem großen Korpus des Gesetzgebers zu abrufen.
1	69.43999999999997	0.6141793727874756	von Gesetzen zu Diese Informationen beraten.	abrufen.
1	70.55999999999997	0.47263312339782715	Aufgabe kommt	Informationen beraten.
1	71.67999999999998	0.7356822490692139	Informationssuche ihre eigene Reihe von Herausforderungen mit sich.	Aufgabe kommt
1	72.79999999999998	0.5670881271362305	bringt ihre von Gesetzen zu abrufen. Diese Informationssuche bringt ihre eigenen Herausforderungen mit sich.	ihre eigene Reihe von Herausforderungen mit sich.
1	73.91999999999999	0.5978357791900635	Erstens,	von Gesetzen zu abrufen. Diese Informationssuche bringt ihre eigenen Herausforderungen mit sich.
1	75.03999999999999	0.45720505714416504	um alle relevanten gesetzlichen Artikel aus einem großen Korpus von Gesetzen zu abrufen. Diese Informationssuche bringt ihre eigenen Herausforderungen mit sich. Erstens geht es um zwei	Erstens,
1	76.16	0.6314294338226318	von Gesetzen zu abrufen. Diese Informationssuche bringt ihre eigenen Herausforderungen mit sich. Erstens geht es um zwei Sprachtypen.	um alle relevanten gesetzlichen Artikel aus einem großen Korpus von Gesetzen zu abrufen. Diese Informationssuche bringt ihre eigenen Herausforderungen mit sich. Erstens geht es um zwei
1	77.28	0.6980686187744141	Sprachtypen, die Umgangssprache und	von Gesetzen zu abrufen. Diese Informationssuche bringt ihre eigenen Herausforderungen mit sich. Erstens geht es um zwei Sprachtypen.
1	78.4	0.7418286800384521	Sprache für den	Sprachtypen, die Umgangssprache und
1	79.52000000000001	0.6917259693145752	die berufliche Schweigepflicht verletze? Ist ein Modell erforderlich, um alle relevanten gesetzlichen Artikel aus einem großen Korpus von Gesetzen zu abrufen. Diese Informationssuche bringt ihre eigenen Herausforderungen mit sich. Erstens geht es um zwei Arten von Sprache: das natürliche Sprach für die Fragen und	Sprache für den
1	80.64000000000001	1.082007646560669	Arten von Sprache: gesetzlichen Artikel aus einem großen Korpus von Gesetzen zu abrufen. Diese Informationssuche bringt ihre eigenen Herausforderungen mit sich. Erstens geht es um zwei Arten von Sprache: den alltäglichen Umgangssprache für die Fragen und die komplexe juristische Sprache.	die berufliche Schweigepflicht verletze? Ist ein Modell erforderlich, um alle relevanten gesetzlichen Artikel aus einem großen Korpus von Gesetzen zu abrufen. Diese Informationssuche bringt ihre eigenen Herausforderungen mit sich. Erstens geht es um zwei Arten von Sprache: das natürliche Sprach für die Fragen und
1	81.76000000000002	0.9507794380187988	gesetzlichen Artikel aus einem großen Korpus von Gesetzen zu abrufen. Diese Informationssuche bringt ihre eigenen Herausforderungen mit sich. Erstens geht es um zwei Arten von Sprache: das gemeinsame natürliche Sprach für die Fragen und die komplexe juristische Sprache für die Gesetze.	gesetzlichen Artikel aus einem großen Korpus von Gesetzen zu abrufen. Diese Informationssuche bringt ihre eigenen Herausforderungen mit sich. Erstens geht es um zwei Arten von Sprache: den alltäglichen Umgangssprache für die Fragen und die komplexe juristische Sprache.
1	82.88000000000002	0.9945778846740723		
1	84.00000000000003	0.4530508518218994	Diese Informationssuche bringt ihre eigenen Herausforderungen mit sich. Erstens geht es um zwei Arten von Sprache: das gemeinsame natürliche Sprach für die Fragen und die komplexe juristische Sprache für die Gesetze. Dieser Unterschied ist	gesetzlichen Artikel aus einem großen Korpus von Gesetzen zu abrufen. Diese Informationssuche bringt ihre eigenen Herausforderungen mit sich. Erstens geht es um zwei Arten von Sprache: das gemeinsame natürliche Sprach für die Fragen und die komplexe juristische Sprache für die Gesetze.
1	85.12000000000003	0.5738508701324463	Dieser Unterschied in der Sprachverteilung	Diese Informationssuche bringt ihre eigenen Herausforderungen mit sich. Erstens geht es um zwei Arten von Sprache: das gemeinsame natürliche Sprach für die Fragen und die komplexe juristische Sprache für die Gesetze. Dieser Unterschied ist
1	86.24000000000004	0.6888275146484375	Informationssuche bringt ihre eigenen Herausforderungen mit sich. Erstens geht es um zwei Arten von Sprache: das gemeinsame natürliche Sprach für die Fragen und die komplexe juristische Sprache für die Gesetze. Dieser Unterschied in den Sprachverteilungen macht es schwieriger für	der Sprachverteilung
1	87.36000000000004	0.7748303413391113	den Sprachverteilungen macht es ein System schwieriger,	Informationssuche bringt ihre eigenen Herausforderungen mit sich. Erstens geht es um zwei Arten von Sprache: das gemeinsame natürliche Sprach für die Fragen und die komplexe juristische Sprache für die Gesetze. Dieser Unterschied in den Sprachverteilungen macht es schwieriger für
1	88.48000000000005	0.7444751262664795	für relevante Code zu abrufen.	ein System schwieriger,
1	89.60000000000005	0.53829026222229	Gesetze. Dieser Unterschied in den Sprachverteilungen macht es für ein System schwieriger, relevante Kandidaten zu finden.	Code zu abrufen.
1	90.72000000000006	0.6469252109527588	Kandidaten zu Kandidaten zu finden, da es indirekt	Gesetze. Dieser Unterschied in den Sprachverteilungen macht es für ein System schwieriger, relevante Kandidaten zu finden.
1	91.84000000000006	0.6032371520996094	finden, da bringt ihre eigenen Herausforderungen mit sich. Erstens geht es um zwei Arten von Sprache: das gemeinsame natürliche Sprach für die Fragen und die komplexe juristische Sprache für die Gesetze. Dieser Unterschied in den Sprachverteilungen macht es für ein System schwieriger, relevante Kandidaten zu finden, da dies indirekt eine	Kandidaten zu finden, da es indirekt
1	92.96000000000006	0.7525265216827393	dies Interpretation erfordert.	bringt ihre eigenen Herausforderungen mit sich. Erstens geht es um zwei Arten von Sprache: das gemeinsame natürliche Sprach für die Fragen und die komplexe juristische Sprache für die Gesetze. Dieser Unterschied in den Sprachverteilungen macht es für ein System schwieriger, relevante Kandidaten zu finden, da dies indirekt eine
1	94.08000000000007	0.8138439655303955	implizit Interpretationssystem erfordert.	Interpretation erfordert.
1	95.20000000000007	0.9547512531280518	ein inhärentes Interpretationssystem das in die Lage versetzt wird, zu	Interpretationssystem erfordert.
1	96.32000000000008	0.6901335716247559	erfordert, das Frage übersetzen kann.	das in die Lage versetzt wird, zu
1	97.44000000000008	0.5372602939605713	eine natürliche Frage Fragen und die komplexe juristische Sprache für die Gesetze. Dieser Unterschied in den Sprachverteilungen macht es für ein System schwieriger, relevante Kandidaten zu finden, da dies implizit ein inhärentes Interpretationssystem erfordert, das eine natürliche Frage in eine	Frage übersetzen kann.
1	98.56000000000009	0.8141541481018066	Frage übersetzen kann, die Bedeutung hat.	Fragen und die komplexe juristische Sprache für die Gesetze. Dieser Unterschied in den Sprachverteilungen macht es für ein System schwieriger, relevante Kandidaten zu finden, da dies implizit ein inhärentes Interpretationssystem erfordert, das eine natürliche Frage in eine
1	99.68000000000009	0.8457095623016357	juristische Frage die Gesetze. Dieser Unterschied in den Sprachverteilungen macht es für ein System schwieriger, relevante Kandidaten zu finden, da dies implizit ein inhärentes Interpretationssystem erfordert, das eine natürliche Frage in eine juristische Frage übersetzt, die mit der Terminologie übereinstimmt.	Frage übersetzen kann, die Bedeutung hat.
1	100.8000000000001	0.8776659965515137	übersetzt, die mit der Terminologie Gesetze. Dieser Unterschied in den Sprachverteilungen macht es für ein System schwieriger, relevante Kandidaten zu finden, da dies implizit ein inhärentes Interpretationssystem erfordert, das eine natürliche Frage in eine juristische Frage übersetzt, die mit der Terminologie der Gesetze übereinstimmt.	die Gesetze. Dieser Unterschied in den Sprachverteilungen macht es für ein System schwieriger, relevante Kandidaten zu finden, da dies implizit ein inhärentes Interpretationssystem erfordert, das eine natürliche Frage in eine juristische Frage übersetzt, die mit der Terminologie übereinstimmt.
1	101.9200000000001	0.6939582824707031	Darüber hinaus,	Gesetze. Dieser Unterschied in den Sprachverteilungen macht es für ein System schwieriger, relevante Kandidaten zu finden, da dies implizit ein inhärentes Interpretationssystem erfordert, das eine natürliche Frage in eine juristische Frage übersetzt, die mit der Terminologie der Gesetze übereinstimmt.
1	103.0400000000001	0.1551194190979004		Darüber hinaus,
1	104.16000000000011	0.824336051940918	finden, da dies implizit ein inhärentes Interpretationssystem erfordert, das eine natürliche Frage in eine juristische Frage übersetzt, die mit der Terminologie der Gesetze übereinstimmt. Darüber hinaus ist das Statutrecht kein Stapel von Indizes.	
1	105.28000000000011	0.9115848541259766	Darüber hinaus ist das Statutrecht unabhängiger Artikel, der	finden, da dies implizit ein inhärentes Interpretationssystem erfordert, das eine natürliche Frage in eine juristische Frage übersetzt, die mit der Terminologie der Gesetze übereinstimmt. Darüber hinaus ist das Statutrecht kein Stapel von Indizes.
1	106.40000000000012	0.7036190032958984	nicht ein Stapel unabhängiger Artikel, als	unabhängiger Artikel, der
1	107.52000000000012	0.7221541404724121	die vollständige Informationsquelle behandelt werden können.	als
1	108.64000000000013	0.7541871070861816	eigenen Herausforderungen mit sich. Erstens geht es um zwei Arten von Sprache: das gemeinsame natürliche Sprach für die Fragen und die komplexe juristische Sprache für die Gesetze. Dieser Unterschied in den Sprachverteilungen macht es für ein System schwieriger, relevante Kandidaten zu finden, da dies implizit ein inhärentes Interpretationssystem erfordert, das eine natürliche Frage in eine juristische Frage übersetzt, die mit der Terminologie der Gesetze übereinstimmt. Darüber hinaus ist das Statutrecht nicht ein Stapel unabhängiger Artikel, die als vollständige Informationsquelle für sich allein betrachtet werden können.	behandelt werden können.
1	109.76000000000013	0.8134944438934326	Im Gegensatz zu Nachrichten oder aktuellen	eigenen Herausforderungen mit sich. Erstens geht es um zwei Arten von Sprache: das gemeinsame natürliche Sprach für die Fragen und die komplexe juristische Sprache für die Gesetze. Dieser Unterschied in den Sprachverteilungen macht es für ein System schwieriger, relevante Kandidaten zu finden, da dies implizit ein inhärentes Interpretationssystem erfordert, das eine natürliche Frage in eine juristische Frage übersetzt, die mit der Terminologie der Gesetze übereinstimmt. Darüber hinaus ist das Statutrecht nicht ein Stapel unabhängiger Artikel, die als vollständige Informationsquelle für sich allein betrachtet werden können.
1	110.88000000000014	0.5823090076446533	Wie beispielsweise Nachrichten oder Rezepte.	Im Gegensatz zu Nachrichten oder aktuellen
1	112.00000000000014	0.7296514511108398	Stattdessen,	beispielsweise Nachrichten oder Rezepte.
1	113.12000000000015	0.9044387340545654	Nachrichten oder Rezepte zum Beispiel. es sich um eine Struktur namens	Stattdessen,
1	114.24000000000015	0.8974647521972656	Stattdessen strukturierte Sammlung von Rechtsvorschriften.	es sich um eine Struktur namens
1	115.36000000000016	0.9029717445373535	ist es eine strukturierte Sammlung von Rechtsvorschriften, die eine	strukturierte Sammlung von Rechtsvorschriften.
1	116.48000000000016	0.7831721305847168	nur gemeinsam eine ganze Bedeutung haben.	eine
1	117.60000000000016	0.8204898834228516	in den Sprachverteilungen macht es für ein System schwieriger, relevante Kandidaten zu finden, da dies implizit ein inhärentes Interpretationssystem erfordert, das eine natürliche Frage in eine juristische Frage übersetzt, die mit der Terminologie der Gesetze übereinstimmt. Darüber hinaus ist das Statutrecht nicht ein Stapel unabhängiger Artikel, die als vollständige Informationsquelle für sich allein betrachtet werden können. Wie Nachrichten oder Rezepte zum Beispiel. Stattdessen ist es eine strukturierte Sammlung von Rechtsvorschriften, die erst dann eine ganze Bedeutung haben, wenn sie im Kontext der	nur gemeinsam eine ganze Bedeutung haben.
1	118.72000000000017	0.9647693634033203	Gesamtkontext betrachtet werden.	in den Sprachverteilungen macht es für ein System schwieriger, relevante Kandidaten zu finden, da dies implizit ein inhärentes Interpretationssystem erfordert, das eine natürliche Frage in eine juristische Frage übersetzt, die mit der Terminologie der Gesetze übereinstimmt. Darüber hinaus ist das Statutrecht nicht ein Stapel unabhängiger Artikel, die als vollständige Informationsquelle für sich allein betrachtet werden können. Wie Nachrichten oder Rezepte zum Beispiel. Stattdessen ist es eine strukturierte Sammlung von Rechtsvorschriften, die erst dann eine ganze Bedeutung haben, wenn sie im Kontext der
1	119.84000000000017	0.8960652351379395	Das heißt zusammen mit	Gesamtkontext betrachtet werden.
1	120.96000000000018	1.3786754608154297	heißt, zusammen mit den ergänzenden Informationen.	Das heißt zusammen mit
1	122.08000000000018	1.4591059684753418	nur dann eine ganze Bedeutung haben, wenn sie im Gesamtkontext betrachtet werden. Das vollständige Informationsquelle für sich allein betrachtet werden können. Wie Nachrichten oder Rezepte zum Beispiel. Stattdessen ist es eine strukturierte Sammlung von Rechtsvorschriften, die nur dann eine ganze Bedeutung haben, wenn sie im Gesamtkontext betrachtet werden. Das heißt zusammen mit den ergänzenden Informationen aus den benachbarten	heißt, zusammen mit den ergänzenden Informationen.
1	123.20000000000019	0.9598402976989746	Artikel, die als vollständige Informationsquelle für sich allein betrachtet werden können. Wie Nachrichten oder Rezepte zum Beispiel. Stattdessen ist es eine strukturierte Sammlung von Rechtsvorschriften, die nur dann eine ganze Bedeutung haben, wenn sie im Gesamtkontext betrachtet werden. Das heißt zusammen mit den ergänzenden Informationen aus den benachbarten Artikeln, die	vollständige Informationsquelle für sich allein betrachtet werden können. Wie Nachrichten oder Rezepte zum Beispiel. Stattdessen ist es eine strukturierte Sammlung von Rechtsvorschriften, die nur dann eine ganze Bedeutung haben, wenn sie im Gesamtkontext betrachtet werden. Das heißt zusammen mit den ergänzenden Informationen aus den benachbarten
1	124.32000000000019	0.7443699836730957	Artikeln, Artikel, die als vollständige Informationsquelle für sich allein betrachtet werden können. Wie Nachrichten oder Rezepte zum Beispiel. Stattdessen ist es eine strukturierte Sammlung von Rechtsvorschriften, die nur dann eine ganze Bedeutung haben, wenn sie im Gesamtkontext betrachtet werden. Das heißt zusammen mit den ergänzenden Informationen aus den benachbarten Artikeln, den Feldern und Unterfeldern.	Artikel, die als vollständige Informationsquelle für sich allein betrachtet werden können. Wie Nachrichten oder Rezepte zum Beispiel. Stattdessen ist es eine strukturierte Sammlung von Rechtsvorschriften, die nur dann eine ganze Bedeutung haben, wenn sie im Gesamtkontext betrachtet werden. Das heißt zusammen mit den ergänzenden Informationen aus den benachbarten Artikeln, die
1	125.4400000000002	0.836806058883667	den Feldern und Unterfeldern, denen sie angehören,	Artikel, die als vollständige Informationsquelle für sich allein betrachtet werden können. Wie Nachrichten oder Rezepte zum Beispiel. Stattdessen ist es eine strukturierte Sammlung von Rechtsvorschriften, die nur dann eine ganze Bedeutung haben, wenn sie im Gesamtkontext betrachtet werden. Das heißt zusammen mit den ergänzenden Informationen aus den benachbarten Artikeln, den Feldern und Unterfeldern.
1	126.5600000000002	0.19037413597106934		Unterfeldern, denen sie angehören,
1	127.6800000000002	1.0274438858032227	der Gesetze übereinstimmt. Darüber hinaus ist das Statutrecht nicht ein Stapel unabhängiger Artikel, die als vollständige Informationsquelle für sich allein betrachtet werden können. Wie Nachrichten oder Rezepte zum Beispiel. Stattdessen ist es eine strukturierte Sammlung von Rechtsvorschriften, die nur dann eine ganze Bedeutung haben, wenn sie im Gesamtkontext betrachtet werden. Das heißt zusammen mit den ergänzenden Informationen aus den benachbarten Artikeln, den Feldern und Unterfeldern, denen sie angehören, und ihrer Position in der Struktur des Rechts.	
1	128.8000000000002	0.7334673404693604		der Gesetze übereinstimmt. Darüber hinaus ist das Statutrecht nicht ein Stapel unabhängiger Artikel, die als vollständige Informationsquelle für sich allein betrachtet werden können. Wie Nachrichten oder Rezepte zum Beispiel. Stattdessen ist es eine strukturierte Sammlung von Rechtsvorschriften, die nur dann eine ganze Bedeutung haben, wenn sie im Gesamtkontext betrachtet werden. Das heißt zusammen mit den ergänzenden Informationen aus den benachbarten Artikeln, den Feldern und Unterfeldern, denen sie angehören, und ihrer Position in der Struktur des Rechts.
1	129.92000000000021	0.633812665939331	Rechtsvorschriften, die nur dann eine ganze Bedeutung haben, wenn sie im Gesamtkontext betrachtet werden. Das heißt zusammen mit den ergänzenden Informationen aus den benachbarten Artikeln, den Feldern und Unterfeldern, denen sie angehören, und ihrer Position in der Struktur des Rechts. Zuletzt, das Statutrecht.	
1	131.04000000000022	0.6750030517578125	sind gesetzliche Artikel nicht glatt.	Rechtsvorschriften, die nur dann eine ganze Bedeutung haben, wenn sie im Gesamtkontext betrachtet werden. Das heißt zusammen mit den ergänzenden Informationen aus den benachbarten Artikeln, den Feldern und Unterfeldern, denen sie angehören, und ihrer Position in der Struktur des Rechts. Zuletzt, das Statutrecht.
1	132.16000000000022	0.7082414627075195	Schließlich sind gesetzliche Artikel Absätze.	sind gesetzliche Artikel nicht glatt.
1	133.28000000000023	0.8708083629608154	keine kleinen haben, wenn sie im Gesamtkontext betrachtet werden. Das heißt zusammen mit den ergänzenden Informationen aus den benachbarten Artikeln, den Feldern und Unterfeldern, denen sie angehören, und ihrer Position in der Struktur des Rechts. Schließlich sind gesetzliche Artikel keine kleinen Absätze, was normalerweise der typische Fall ist.	Absätze.
1	134.40000000000023	0.8897271156311035	Absätze, was normalerweise Retrieval-Einheit ist.	haben, wenn sie im Gesamtkontext betrachtet werden. Das heißt zusammen mit den ergänzenden Informationen aus den benachbarten Artikeln, den Feldern und Unterfeldern, denen sie angehören, und ihrer Position in der Struktur des Rechts. Schließlich sind gesetzliche Artikel keine kleinen Absätze, was normalerweise der typische Fall ist.
1	135.52000000000024	0.9571750164031982	die typische Retrieval-Einheit Retrieval-Einheit in den meisten Retrieval-Arbeiten ist.	Retrieval-Einheit ist.
1	136.64000000000024	0.48235583305358887		Retrieval-Einheit in den meisten Retrieval-Arbeiten ist.
1	137.76000000000025	0.6066920757293701	sie im Gesamtkontext betrachtet werden. Das heißt zusammen mit den ergänzenden Informationen aus den benachbarten Artikeln, den Feldern und Unterfeldern, denen sie angehören, und ihrer Position in der Struktur des Rechts. Schließlich sind gesetzliche Artikel keine kleinen Absätze, was normalerweise die typische Retrieval-Einheit in den meisten Retrieval-Arbeiten ist. Hier sind sie weitgehend	
1	138.88000000000025	0.6169884204864502	Hier sind lange Dokumente.	sie im Gesamtkontext betrachtet werden. Das heißt zusammen mit den ergänzenden Informationen aus den benachbarten Artikeln, den Feldern und Unterfeldern, denen sie angehören, und ihrer Position in der Struktur des Rechts. Schließlich sind gesetzliche Artikel keine kleinen Absätze, was normalerweise die typische Retrieval-Einheit in den meisten Retrieval-Arbeiten ist. Hier sind sie weitgehend
1	140.00000000000026	0.875535249710083	es lange ist. Hier sind es lange Dokumente, die bis zu sechs Seiten lang sein können.	lange Dokumente.
1	141.12000000000026	0.9298057556152344	Dokumente, die bis zu sechstausend Wörter umfassen können.	ist. Hier sind es lange Dokumente, die bis zu sechs Seiten lang sein können.
1	142.24000000000026	0.8322923183441162	6.000 Wörter umfassen können.	sechstausend Wörter umfassen können.
1	143.36000000000027	1.022782325744629	Unterfeldern, denen sie angehören, und ihrer Position in der Struktur des Rechts. Schließlich sind gesetzliche Artikel keine kleinen Absätze, was normalerweise die typische Retrieval-Einheit in den meisten Retrieval-Arbeiten ist. Hier sind es lange Dokumente, die bis zu sechstausend Wörter umfassen. Die neuesten Fortschritte in diesem Bereich.	6.000 Wörter umfassen können.
1	144.48000000000027	1.2841811180114746	Unterfeldern, denen sie angehören, und ihrer Position in der Struktur des Rechts. Schließlich sind gesetzliche Artikel keine kleinen Absätze, was normalerweise die typische Retrieval-Einheit in den meisten Retrieval-Arbeiten ist. Hier sind es lange Dokumente, die bis zu 6.000 Wörter umfassen können. Die jüngsten Fortschritte im Bereich NLP haben ausgelöst	Unterfeldern, denen sie angehören, und ihrer Position in der Struktur des Rechts. Schließlich sind gesetzliche Artikel keine kleinen Absätze, was normalerweise die typische Retrieval-Einheit in den meisten Retrieval-Arbeiten ist. Hier sind es lange Dokumente, die bis zu sechstausend Wörter umfassen. Die neuesten Fortschritte in diesem Bereich.
1	145.60000000000028	1.4127833843231201	in der Struktur des Rechts. Schließlich sind gesetzliche Artikel keine kleinen Absätze, was normalerweise die typische Retrieval-Einheit in den meisten Retrieval-Arbeiten ist. Hier sind es lange Dokumente, die bis zu 6000 Wörter umfassen können. Die jüngsten Fortschritte im Bereich NLP haben großes Interesse bei vielen geweckt.	Unterfeldern, denen sie angehören, und ihrer Position in der Struktur des Rechts. Schließlich sind gesetzliche Artikel keine kleinen Absätze, was normalerweise die typische Retrieval-Einheit in den meisten Retrieval-Arbeiten ist. Hier sind es lange Dokumente, die bis zu 6.000 Wörter umfassen können. Die jüngsten Fortschritte im Bereich NLP haben ausgelöst
1	146.72000000000028	1.66215181350708	Rechtsvorschriften, die nur dann eine ganze Bedeutung haben, wenn sie im Gesamtkontext betrachtet werden. Das heißt zusammen mit den ergänzenden Informationen aus den benachbarten Artikeln, den Feldern und Unterfeldern, denen sie angehören, und ihrer Position in der Struktur des Rechts. Schließlich sind gesetzliche Artikel keine kleinen Absätze, was normalerweise die typische Retrieval-Einheit in den meisten Retrieval-Arbeiten ist. Hier sind es lange Dokumente, die bis zu 6.000 Wörter umfassen können. Die jüngsten Fortschritte im Bereich NLP haben großes Interesse bei vielen juristischen Aufgaben geweckt, wie zum Beispiel	in der Struktur des Rechts. Schließlich sind gesetzliche Artikel keine kleinen Absätze, was normalerweise die typische Retrieval-Einheit in den meisten Retrieval-Arbeiten ist. Hier sind es lange Dokumente, die bis zu 6000 Wörter umfassen können. Die jüngsten Fortschritte im Bereich NLP haben großes Interesse bei vielen geweckt.
1	147.8400000000003	1.9074902534484863	6.000 Wörter umfassen können. Die jüngsten Fortschritte im Bereich NLP haben großes Interesse bei vielen juristischen Aufgaben geweckt, wie Position in der Struktur des Rechts. Schließlich sind gesetzliche Artikel keine kleinen Absätze, was normalerweise die typische Retrieval-Einheit in den meisten Retrieval-Arbeiten ist. Hier sind es lange Dokumente, die bis zu 6.000 Wörter umfassen können. Die jüngsten Fortschritte im Bereich NLP haben großes Interesse bei vielen juristischen Aufgaben geweckt, wie z.B. die juristische Urteilserstellung.	Rechtsvorschriften, die nur dann eine ganze Bedeutung haben, wenn sie im Gesamtkontext betrachtet werden. Das heißt zusammen mit den ergänzenden Informationen aus den benachbarten Artikeln, den Feldern und Unterfeldern, denen sie angehören, und ihrer Position in der Struktur des Rechts. Schließlich sind gesetzliche Artikel keine kleinen Absätze, was normalerweise die typische Retrieval-Einheit in den meisten Retrieval-Arbeiten ist. Hier sind es lange Dokumente, die bis zu 6.000 Wörter umfassen können. Die jüngsten Fortschritte im Bereich NLP haben großes Interesse bei vielen juristischen Aufgaben geweckt, wie zum Beispiel
1	148.9600000000003	0.894794225692749	z.B.	Position in der Struktur des Rechts. Schließlich sind gesetzliche Artikel keine kleinen Absätze, was normalerweise die typische Retrieval-Einheit in den meisten Retrieval-Arbeiten ist. Hier sind es lange Dokumente, die bis zu 6.000 Wörter umfassen können. Die jüngsten Fortschritte im Bereich NLP haben großes Interesse bei vielen juristischen Aufgaben geweckt, wie z.B. die juristische Urteilserstellung.
1	150.0800000000003	1.0153779983520508	der Vorhersage von Gerichtsentscheidungen oder	
1	151.2000000000003	0.7438440322875977	der Position in der Struktur des Rechts. Schließlich sind gesetzliche Artikel keine kleinen Absätze, was normalerweise die typische Retrieval-Einheit in den meisten Retrieval-Arbeiten ist. Hier sind es lange Dokumente, die bis zu 6.000 Wörter umfassen können. Die jüngsten Fortschritte im Bereich NLP haben großes Interesse bei vielen juristischen Aufgaben geweckt, wie z.B. der Vorhersage von Gerichtsentscheidungen oder der automatisierten Überprüfung von Vertragskontakten.	
1	152.3200000000003	0.6035466194152832	automatisierten	Position in der Struktur des Rechts. Schließlich sind gesetzliche Artikel keine kleinen Absätze, was normalerweise die typische Retrieval-Einheit in den meisten Retrieval-Arbeiten ist. Hier sind es lange Dokumente, die bis zu 6.000 Wörter umfassen können. Die jüngsten Fortschritte im Bereich NLP haben großes Interesse bei vielen juristischen Aufgaben geweckt, wie z.B. der Vorhersage von Gerichtsentscheidungen oder der automatisierten Überprüfung von Vertragskontakten.
1	153.4400000000003	0.6713736057281494	Vertragsprüfung.	
1	154.56000000000031	0.8549137115478516	Retrieval-Einheit in den meisten Retrieval-Arbeiten ist. Hier sind es lange Dokumente, die bis zu 6.000 Wörter umfassen können. Die jüngsten Fortschritte im Bereich NLP haben großes Interesse bei vielen juristischen Aufgaben geweckt, wie z.B. der Vorhersage von Gerichtsentscheidungen oder der automatisierten Vertragsprüfung. Doch das Abrufen gesetzlicher Artikel ist geblieben.	
1	155.68000000000032	1.0564067363739014	Doch das Abrufen gesetzlicher Artikel ist	Retrieval-Einheit in den meisten Retrieval-Arbeiten ist. Hier sind es lange Dokumente, die bis zu 6.000 Wörter umfassen können. Die jüngsten Fortschritte im Bereich NLP haben großes Interesse bei vielen juristischen Aufgaben geweckt, wie z.B. der Vorhersage von Gerichtsentscheidungen oder der automatisierten Vertragsprüfung. Doch das Abrufen gesetzlicher Artikel ist geblieben.
1	156.80000000000032	0.6434388160705566	aufgrund die typische Retrieval-Einheit in den meisten Retrieval-Arbeiten ist. Hier sind es lange Dokumente, die bis zu 6.000 Wörter umfassen können. Die jüngsten Fortschritte im Bereich NLP haben großes Interesse bei vielen juristischen Aufgaben geweckt, wie z.B. der Vorhersage von Gerichtsentscheidungen oder der automatisierten Vertragsprüfung. Doch das Abrufen gesetzlicher Artikel ist aufgrund des Mangels an großen	
1	157.92000000000033	0.9776787757873535	Retrieval-Einheit in den meisten Retrieval-Arbeiten ist. Hier sind es lange Dokumente, die bis zu 6.000 Wörter umfassen können. Die jüngsten Fortschritte im Bereich NLP haben großes Interesse bei vielen juristischen Aufgaben geweckt, wie z.B. der Vorhersage von Gerichtsentscheidungen oder der automatisierten Vertragsprüfung. Doch das Abrufen gesetzlicher Artikel ist aufgrund des Mangels an großen und hochwertigen Daten hauptsächlich unberührt geblieben.	die typische Retrieval-Einheit in den meisten Retrieval-Arbeiten ist. Hier sind es lange Dokumente, die bis zu 6.000 Wörter umfassen können. Die jüngsten Fortschritte im Bereich NLP haben großes Interesse bei vielen juristischen Aufgaben geweckt, wie z.B. der Vorhersage von Gerichtsentscheidungen oder der automatisierten Vertragsprüfung. Doch das Abrufen gesetzlicher Artikel ist aufgrund des Mangels an großen
1	159.04000000000033	0.9490344524383545	und hochwertigen Dokumente, die bis zu 6.000 Wörter umfassen können. Die jüngsten Fortschritte im Bereich NLP haben großes Interesse bei vielen juristischen Aufgaben geweckt, wie z.B. der Vorhersage von Gerichtsentscheidungen oder der automatisierten Vertragsprüfung. Doch das Abrufen gesetzlicher Artikel ist aufgrund des Mangels an großen und hochwertigen gelabelten Datensätzen hauptsächlich unberührt geblieben.	Retrieval-Einheit in den meisten Retrieval-Arbeiten ist. Hier sind es lange Dokumente, die bis zu 6.000 Wörter umfassen können. Die jüngsten Fortschritte im Bereich NLP haben großes Interesse bei vielen juristischen Aufgaben geweckt, wie z.B. der Vorhersage von Gerichtsentscheidungen oder der automatisierten Vertragsprüfung. Doch das Abrufen gesetzlicher Artikel ist aufgrund des Mangels an großen und hochwertigen Daten hauptsächlich unberührt geblieben.
1	160.16000000000034	0.8521463871002197	Retrieval-Einheit in den meisten Retrieval-Arbeiten ist. Hier sind es lange Dokumente, die bis zu 6.000 Wörter umfassen können. Die jüngsten Fortschritte im Bereich NLP haben großes Interesse bei vielen juristischen Aufgaben geweckt, wie z.B. der Vorhersage von Gerichtsentscheidungen oder der automatisierten Vertragsprüfung. Doch das Abrufen gesetzlicher Artikel ist aufgrund des Mangels an großen und hochwertigen gelabelten Datensätzen hauptsächlich unberührt geblieben.	Dokumente, die bis zu 6.000 Wörter umfassen können. Die jüngsten Fortschritte im Bereich NLP haben großes Interesse bei vielen juristischen Aufgaben geweckt, wie z.B. der Vorhersage von Gerichtsentscheidungen oder der automatisierten Vertragsprüfung. Doch das Abrufen gesetzlicher Artikel ist aufgrund des Mangels an großen und hochwertigen gelabelten Datensätzen hauptsächlich unberührt geblieben.
1	161.28000000000034	0.7046995162963867	umfassen können. Die jüngsten Fortschritte im Bereich NLP haben großes Interesse bei vielen juristischen Aufgaben geweckt, wie z.B. der Vorhersage von Gerichtsentscheidungen oder der automatisierten Vertragsprüfung. Doch das Abrufen gesetzlicher Artikel ist aufgrund des Mangels an großen und hochwertigen gelabelten Datensätzen hauptsächlich unberührt geblieben. In dieser Arbeit präsentieren wir einen neuen	Retrieval-Einheit in den meisten Retrieval-Arbeiten ist. Hier sind es lange Dokumente, die bis zu 6.000 Wörter umfassen können. Die jüngsten Fortschritte im Bereich NLP haben großes Interesse bei vielen juristischen Aufgaben geweckt, wie z.B. der Vorhersage von Gerichtsentscheidungen oder der automatisierten Vertragsprüfung. Doch das Abrufen gesetzlicher Artikel ist aufgrund des Mangels an großen und hochwertigen gelabelten Datensätzen hauptsächlich unberührt geblieben.
1	162.40000000000035	0.7778668403625488		umfassen können. Die jüngsten Fortschritte im Bereich NLP haben großes Interesse bei vielen juristischen Aufgaben geweckt, wie z.B. der Vorhersage von Gerichtsentscheidungen oder der automatisierten Vertragsprüfung. Doch das Abrufen gesetzlicher Artikel ist aufgrund des Mangels an großen und hochwertigen gelabelten Datensätzen hauptsächlich unberührt geblieben. In dieser Arbeit präsentieren wir einen neuen
1	163.52000000000035	0.8045120239257812		
1	164.64000000000036	0.8925652503967285		
1	165.76000000000036	1.1401050090789795		
1	166.88000000000036	1.4008197784423828	französischsprachigen, bürgerzentrierten Datensatz, um zu untersuchen, ob	
1	168.00000000000037	0.8268706798553467	Retrieval-Modelle	
1	169.12000000000037	0.5763905048370361	die	
1	170.24000000000038	0.8201701641082764	Effizienz und	
1	171.36000000000038	0.837073802947998	Zuverlässigkeit	
1	172.4800000000004	0.8814663887023926	eines	
1	173.6000000000004	1.0431270599365234	Rechtsexperts für	
1	174.7200000000004	0.9214866161346436	die Aufgabe des Abrufens gesetzlicher Artikel approximieren können.	
1	175.8400000000004	0.1438453197479248		
1	176.9600000000004	0.8565564155578613		
1	178.0800000000004	0.8128616809844971	Oder	
1	179.20000000000041	0.958526611328125		
1	180.32000000000042	1.0379252433776855		
1	181.44000000000042	1.156982183456421	der belgische Datensatz für das Abrufen gesetzlicher Artikel besteht aus mehr als	
1	182.56000000000043	0.8031587600708008		
1	183.68000000000043	1.0119893550872803	1.100 juristischen	
1	184.80000000000044	0.8754222393035889	Fragen, die von	
1	185.92000000000044	0.8366050720214844	belgischen Bürgern gestellt wurden.	
1	187.04000000000045	0.7875511646270752	Diese Fragen	
1	188.16000000000045	0.9765324592590332	decken	
1	189.28000000000046	0.9804532527923584	ein breites Spektrum von Themen ab,	
1	190.40000000000046	0.7192010879516602	von	
1	191.52000000000046	0.9161746501922607	Familie, Wohnen,	
1	192.64000000000047	0.7430064678192139	Geld bis hin zu Arbeit und	
1	193.76000000000047	0.647315263748169	Sozialversicherung.	
1	194.88000000000048	0.14967846870422363		
1	196.00000000000048	0.854222297668457		
1	197.1200000000005	0.9569189548492432	Jede davon wurde von erfahrenen Juristen	
1	198.2400000000005	0.804154634475708	mit	
1	199.3600000000005	0.876349925994873	Verweisen auf relevante Artikel	
1	200.4800000000005	0.32802724838256836		
1	201.6000000000005	1.0464215278625488		
1	202.7200000000005	1.17814302444458	aus einem Korpus von mehr als	
1	203.84000000000052	1.0085253715515137		
1	204.96000000000052	1.2642107009887695	22.000 juristischen Artikeln aus	
1	206.08000000000052	0.5745677947998047	den belgischen Gesetzbüchern gelabelt.	
1	207.20000000000053	0.7896232604980469		
1	208.32000000000053	0.9668076038360596	Lassen Sie uns nun darüber sprechen, wie wir	
1	209.44000000000054	0.37020111083984375	diesen Datensatz gesammelt haben.	
1	210.56000000000054	0.7818799018859863		
1	211.68000000000055	0.9017629623413086	Zuerst haben wir damit begonnen,	
1	212.80000000000055	0.8681623935699463		
1	213.92000000000056	0.5642037391662598	ein großes Korpus juristischer Artikel zu kompilieren.	
1	215.04000000000056	0.6318094730377197		
1	216.16000000000057	0.8112077713012695	Wir haben 32	
1	217.28000000000057	0.9252259731292725	öffentlich verfügbare	
1	218.40000000000057	0.83390212059021	belgische Gesetzbücher	
1	219.52000000000058	0.7775776386260986	berücksichtigt und alle	
1	220.64000000000058	0.7802848815917969	ihre Artikel	
1	221.7600000000006	0.8512144088745117	sowie die entsprechenden	
1	222.8800000000006	0.42251133918762207	Abschnittsüberschriften extrahiert.	
1	224.0000000000006	0.6533081531524658		
1	225.1200000000006	0.7816481590270996	Anschließend haben wir	
1	226.2400000000006	0.7903037071228027	juristische Fragen	
1	227.3600000000006	0.7949714660644531	mit Verweisen	
1	228.48000000000062	0.8149378299713135	auf relevante Gesetze gesammelt.	
1	229.60000000000062	0.79329514503479	Um dies zu	
1	230.72000000000062	1.1337742805480957	tun, haben wir	
1	231.84000000000063	0.9848954677581787		
1	232.96000000000063	1.083360195159912	mit einer belgischen Anwaltskanzlei zusammengearbeitet, die	
1	234.08000000000064	0.8296597003936768	jedes Jahr rund	
1	235.20000000000064	1.0547106266021729		
1	236.32000000000065	1.0967369079589844	4.000 E-Mails von belgischen Bürgern	
1	237.44000000000065	0.8590250015258789	erhält, die	
1	238.56000000000066	0.7719650268554688	nach Beratung zu	
1	239.68000000000066	0.8334577083587646	einem persönlichen Rechtsproblem fragen.	
1	240.80000000000067	0.7600350379943848	Wir hatten	
1	241.92000000000067	0.8062522411346436	das Glück, Zugang zu	
1	243.04000000000067	0.7485570907592773	ihren Websites zu	
1	244.16000000000068	0.8168275356292725	erhalten, wo ihr Team	
1	245.28000000000068	0.744882345199585		
1	246.4000000000007	1.053166151046753	erfahrener Juristen	
1	247.5200000000007	0.656242847442627	die	
1	248.6400000000007	1.0637180805206299		
1	249.7600000000007	1.3120861053466797		
1	250.8800000000007	1.3463518619537354		
1	252.0000000000007	1.403611421585083	häufigsten juristischen Probleme in Belgien behandelt. Wir haben Tausende von Fragen gesammelt, die mit	
1	253.12000000000072	0.7388348579406738	Kategorien,	
1	254.24000000000072	1.0157482624053955	Unterkategorien und	
1	255.36000000000072	0.8742327690124512		
1	256.4800000000007	0.5580234527587891		
1	257.6000000000007	0.9749448299407959		
1	258.7200000000007	1.247673511505127	juristischen Verweisen auf relevante Gesetze annotiert wurden. Schließlich haben wir	
1	259.8400000000007	0.6825981140136719	die juristischen Verweise	
1	260.9600000000007	0.6775736808776855		
1	262.0800000000007	0.7874503135681152		
1	263.2000000000007	0.8928751945495605	übergeben und die Fragen	
1	264.32000000000073	0.8566141128540039	gefiltert, deren	
1	265.44000000000074	0.9457294940948486	Verweise keine Artikel	
1	266.56000000000074	1.0639324188232422		
1	267.68000000000075	0.9723086357116699		
1	268.80000000000075	1.2059459686279297		
1	269.92000000000075	1.372725248336792	in einem der von uns berücksichtigten Gesetzbücher waren. Die verbleibenden Verweise	
1	271.04000000000076	0.7150247097015381	wurden	
1	272.16000000000076	0.7607243061065674	abgeglichen und in	
1	273.28000000000077	0.8502039909362793	die entsprechenden	
1	274.4000000000008	0.8505923748016357	Artikel-IDs	
1	275.5200000000008	0.7472271919250488	von	
1	276.6400000000008	0.40285491943359375	Orcorpus konvertiert.	
1	277.7600000000008	0.6293525695800781		
1	278.8800000000008	0.8156313896179199	Wir	
1	280.0000000000008	0.9004838466644287	endeten schließlich mit	
1	281.1200000000008	0.419938325881958	1.108 Fragen.	
1	282.2400000000008	0.890397310256958		
1	283.3600000000008	0.8438611030578613	Jede sorgfältig mit	
1	284.4800000000008	0.9130096435546875	den IDs der relevanten	
1	285.6000000000008	0.8111271858215332	Artikel	
1	286.7200000000008	1.0527057647705078	aus unserem großen Korpus	
1	287.8400000000008	0.8883438110351562	von	
1	288.96000000000083	0.946993350982666	22.633	
1	290.08000000000084	0.35105109214782715		
1	291.20000000000084	0.8198113441467285		
1	292.32000000000085	0.8548734188079834	gesetzlichen Artikeln gelabelt.	
1	293.44000000000085	0.8623065948486328		
1	294.56000000000085	0.9974353313446045	Darüber hinaus kommt jede Frage mit einer	
1	295.68000000000086	0.9248788356781006	Hauptkategorie und einer	
1	296.80000000000086	0.7278616428375244	Kette von Unterkategorien.	
1	297.92000000000087	0.5059010982513428		
1	299.0400000000009	0.7513680458068848		
1	300.1600000000009	0.8449459075927734	Jeder Artikel kommt mit einer Kette	
1	301.2800000000009	0.8242895603179932	ihrer	
1	302.4000000000009	0.8682389259338379	sequenziellen Überschriften in der	
1	303.5200000000009	0.28990626335144043	Struktur des Rechts.	
1	304.6400000000009	0.7240989208221436		
1	305.7600000000009	0.9142587184906006	Diese zusätzliche Information wird	
1	306.8800000000009	0.8506138324737549	in der vorliegenden Arbeit nicht verwendet,	
1	308.0000000000009	0.9243113994598389	könnte aber für	
1	309.1200000000009	0.93467116355896	zukünftige Forschung	
1	310.2400000000009	1.0465803146362305		
1	311.3600000000009	1.0693182945251465	im Bereich der juristischen Informationssuche oder	
1	312.4800000000009	0.4625973701477051	juristischen Textklassifikation von Interesse sein.	
1	313.60000000000093	0.6647937297821045		
1	314.72000000000094	0.7795717716217041	Schauen wir uns	
1	315.84000000000094	0.78299880027771	einige Merkmale	
1	316.96000000000095	0.9016854763031006	unseres Datensatzes an.	
1	318.08000000000095	0.9807600975036621	Die Fragen liegen zwischen	
1	319.20000000000095	0.9870507717132568	5 und 44	
1	320.32000000000096	1.0645103454589844	Wörtern lang, mit einer	
1	321.44000000000096	0.898867130279541	Medianlänge von 40 Wörtern.	
1	322.56000000000097	0.6907789707183838		
1	323.680000000001	0.8395676612854004	Die Artikel sind viel	
1	324.800000000001	0.9016275405883789	länger, mit einer Medianlänge	
1	325.920000000001	0.7181649208068848	von 77	
1	327.040000000001	0.8206024169921875		
1	328.160000000001	0.9662268161773682	Wörtern,	
1	329.280000000001	1.0652098655700684	wobei	
1	330.400000000001	1.0483074188232422	hundert von ihnen mehr als 1.000 Wörter überschreiten.	
1	331.520000000001	0.6175644397735596		
1	332.640000000001	0.8235621452331543	Die Länge	
1	333.760000000001	0.8684883117675781		
1	334.880000000001	1.0407063961029053	eines davon beträgt bis zu	
1	336.000000000001	0.3792853355407715	fünf	
1	337.120000000001	0.8373360633850098		
1	338.24000000000103	0.9598009586334229	tausend siebenhundert neunzig Wörter.	
1	339.36000000000104	0.9486033916473389	Wie zuvor	
1	340.48000000000104	0.9839205741882324	erwähnt,	
1	341.60000000000105	1.0368149280548096		
1	342.72000000000105	1.253157615661621	decken die Fragen ein breites Spektrum von Themen ab,	
1	343.84000000000106	0.9031624794006348	wobei rund	
1	344.96000000000106	0.8510305881500244		
1	346.08000000000106	0.9853372573852539	85 % davon entweder über	
1	347.20000000000107	0.9483566284179688	Familie, Wohnen, Geld oder	
1	348.3200000000011	0.7674195766448975	Gerechtigkeit	
1	349.4400000000011	0.8950436115264893	gehen, während	
1	350.5600000000011	1.0459680557250977	die verbleibenden 15 %	
1	351.6800000000011	0.6994278430938721	entweder über	
1	352.8000000000011	0.9092197418212891	Sozialversicherung,	
1	353.9200000000011	0.758307695388794	Ausländer oder	
1	355.0400000000011	0.29181814193725586	Arbeit besorgen.	
1	356.1600000000011	0.15909171104431152		
1	357.2800000000011	0.8261046409606934		
1	358.4000000000011	1.0303876399993896	Die Artikel sind ebenfalls sehr	
1	359.5200000000011	1.031628131866455	vielfältig, da sie aus	
1	360.6400000000011	1.0021388530731201	32 verschiedenen	
1	361.7600000000011	0.9873902797698975	belgischen Gesetzbüchern	
1	362.88000000000113	0.9999170303344727	stammen, die eine große Anzahl	
1	364.00000000000114	0.9967124462127686	von illegalen Themen abdecken.	
1	365.12000000000114	0.898674488067627	Hier ist die	
1	366.24000000000115	0.8884170055389404	Gesamtzahl der gesammelten	
1	367.36000000000115	0.9709646701812744	Artikel aus jedem	
1	368.48000000000116	0.49138426780700684	dieser belgischen Gesetzbücher.	
1	369.60000000000116	0.818326473236084		
1	370.72000000000116	0.820385217666626	Von den	
1	371.84000000000117	0.8416602611541748		
1	372.9600000000012	0.8347921371459961	22.633	
1	374.0800000000012	0.8726325035095215	Artikeln	
1	375.2000000000012	0.770272970199585	sind nur	
1	376.3200000000012	0.774848461151123	1.612	
1	377.4400000000012	0.8772523403167725	als	
1	378.5600000000012	0.7651662826538086	relevant für	
1	379.6800000000012	0.8040964603424072	mindestens eine Frage	
1	380.8000000000012	0.7593426704406738	im Datensatz bezeichnet.	
1	381.9200000000012	0.802908182144165	Und rund	
1	383.0400000000012	0.850494384765625	80 %	
1	384.1600000000012	0.8144850730895996	dieser zitierten Artikel	
1	385.2800000000012	0.8690836429595947	stammen entweder aus dem	
1	386.4000000000012	1.1491975784301758	Zivilgesetzbuch,	
1	387.52000000000123	1.19120192527771	dem	
1	388.64000000000124	1.4430088996887207		
1	389.76000000000124	1.1037070751190186	Justizgesetzbuch, dem Untersuchungs- und Ermittlungsstrafgesetzbuch oder dem Strafgesetzbuch.	
1	390.88000000000125	0.16892504692077637		
1	392.00000000000125	0.8470425605773926		
1	393.12000000000126	1.0569233894348145	Gleichzeitig	
1	394.24000000000126	1.158263921737671	haben 18 von 32 Gesetzbüchern weniger als	
1	395.36000000000126	0.8446211814880371		
1	396.48000000000127	0.8504238128662109	fünf Artikel, die als relevant	
1	397.6000000000013	0.7664210796356201	für mindestens eine	
1	398.7200000000013	0.8377799987792969	Frage bezeichnet	
1	399.8400000000013	0.9633002281188965	werden, was	
1	400.9600000000013	1.2323181629180908	durch die Tatsache erklärt werden kann, dass diese	
1	402.0800000000013	1.0519020557403564	Gesetzbücher weniger auf	
1	403.2000000000013	0.8922510147094727	Einzelpersonen	
1	404.3200000000013	0.39772772789001465	und ihre Anliegen fokussieren.	
1	405.4400000000013	0.6022059917449951		
1	406.5600000000013	0.8223166465759277		
1	407.6800000000013	0.875617504119873	Insgesamt ist die Medianzahl der	
1	408.8000000000013	0.8716781139373779		
1	409.9200000000013	0.9630818367004395		
1	411.0400000000013	1.1848015785217285	Zitate für diese zitierten Artikel	
1	412.16000000000133	0.9471802711486816		
1	413.28000000000134	1.1115314960479736		
1	414.40000000000134	1.2079048156738281		
1	415.52000000000135	0.7787890434265137	zwei, und weniger als 25 % davon werden mehr als fünfmal zitiert.	
1	416.64000000000135	0.16237926483154297		
1	417.76000000000136	0.7378411293029785		
1	418.88000000000136	0.8824617862701416	Mit unseren Datensätzen	
1	420.00000000000136	0.9175794124603271	haben wir mehrere	
1	421.12000000000137	0.8977034091949463	Retrieval-Ansätze	
1	422.2400000000014	1.083592414855957	bewertet, einschließlich	
1	423.3600000000014	0.5364453792572021	lexikaler und dichter Architekturen.	
1	424.4800000000014	0.897418737411499		
1	425.6000000000014	1.0358033180236816	Gegeben eine	
1	426.7200000000014	0.9735512733459473	Abfrage und	
1	427.8400000000014	1.132439374923706	einen Artikel weist ein lexikales Modell	
1	428.9600000000014	1.1227161884307861	einem	
1	430.0800000000014	1.2200632095336914	Abfrage-Artikel-Paar eine Punktzahl zu,	
1	431.2000000000014	0.9314136505126953	indem es die Summe	
1	432.3200000000014	0.8049454689025879	über die	
1	433.4400000000014	0.9256949424743652	Abfrageterme	
1	434.5600000000014	0.9561648368835449		
1	435.6800000000014	0.5484964847564697	berechnet, die Gewichte jedes dieser Terme in diesem Artikel.	
1	436.80000000000143	0.7578814029693604		
1	437.92000000000144	0.975637674331665	Wir experimentieren mit dem	
1	439.04000000000144	0.9581513404846191		
1	440.16000000000145	1.0407283306121826		
1	441.28000000000145	1.1919047832489014	Standard-TF-IDF- und BM25-Rangierungsfunktionen.	
1	442.40000000000146	0.8023009300231934	Das Hauptproblem mit	
1	443.52000000000146	0.908991813659668	diesen Ansätzen	
1	444.64000000000146	0.9392468929290771	ist, dass sie nur	
1	445.76000000000147	0.9230952262878418	Artikel abrufen können, die	
1	446.8800000000015	1.0097815990447998	Schlüsselwörter	
1	448.0000000000015	0.5094356536865234	enthalten, die in der Abfrage vorhanden sind.	
1	449.1200000000015	0.8499763011932373		
1	450.2400000000015	0.9384968280792236	Um diese Einschränkung zu überwinden,	
1	451.3600000000015	0.9623434543609619	experimentieren wir	
1	452.4800000000015	0.8949480056762695	mit	
1	453.6000000000015	0.9346685409545898	einer neuronalen Architektur, die	
1	454.7200000000015	0.767331600189209	semantische	
1	455.8400000000015	0.9747793674468994	Beziehungen zwischen	
1	456.9600000000015	0.8383214473724365	Abfragen und Artikeln erfassen kann.	
1	458.0800000000015	0.9007768630981445		
1	459.2000000000015	1.0884063243865967	Wir verwenden ein	
1	460.3200000000015	1.0869290828704834		
1	461.44000000000153	1.2881684303283691	BERT-Encoder-Modell, das Abfragen und Artikel	
1	462.56000000000154	0.9422056674957275	in dichte	
1	463.68000000000154	0.8822903633117676	Vektorrepräsentationen	
1	464.80000000000155	0.9442908763885498	abbildet und	
1	465.92000000000155	1.0748100280761719	eine Relevanzpunktzahl	
1	467.04000000000156	0.9651079177856445	zwischen	
1	468.16000000000156	1.135486125946045	einem Abfrage-Artikel-Paar	
1	469.28000000000156	0.9837803840637207	berechnet, basierend auf der Ähnlichkeit ihrer	
1	470.40000000000157	0.270432710647583	Embeddings.	
1	471.5200000000016	0.8630533218383789		
1	472.6400000000016	0.9925930500030518	Diese Embeddings	
1	473.7600000000016	1.086700677871704	resultieren typischerweise aus	
1	474.8800000000016	0.969851016998291	einer Pooling-Operation auf dem	
1	476.0000000000016	0.8438296318054199	Ausgabe eines	
1	477.1200000000016	0.8762192726135254	Wortembedding-Modells.	
1	478.2400000000016	0.8854241371154785		
1	479.3600000000016	1.1372478008270264	Zuerst untersuchen wir die	
1	480.4800000000016	1.0208709239959717	Wirksamkeit von	
1	481.6000000000016	1.1879339218139648		
1	482.7200000000016	1.4922266006469727	Siamese-Beyond-Codern in	
1	483.8400000000016	1.2272956371307373	einem Zero-Shot-Bewertungseinstellung, was bedeutet, dass	
1	484.9600000000016	0.8634529113769531		
1	486.08000000000163	0.9757072925567627	vortrainierte Wortembedding-Modelle	
1	487.20000000000164	0.8757860660552979		
1	488.32000000000164	0.9448466300964355	ohne weitere Anpassung	
1	489.44000000000165	0.7729296684265137	direkt angewendet werden.	
1	490.56000000000165	0.7510111331939697		
1	491.68000000000166	0.9611914157867432	Wir experimentieren mit	
1	492.80000000000166	0.8747501373291016		
1	493.92000000000166	0.9244225025177002		
1	495.04000000000167	1.050105094909668	einem kontextunabhängigen	
1	496.1600000000017	0.983983039855957	Textencoder, nämlich	
1	497.2800000000017	0.9815144538879395	Word2Vec und	
1	498.4000000000017	0.9134316444396973	FastText, und	
1	499.5200000000017	0.9483869075775146		
1	500.6400000000017	1.2012505531311035	kontextabhängigen	
1	501.7600000000017	1.1425635814666748	Embedding-Modellen, nämlich RoBERTa und	
1	502.8800000000017	1.0635204315185547	insbesondere	
1	504.0000000000017	1.1623549461364746	CamemBERT, was ein französisches	
1	505.1200000000017	0.9219543933868408	RoBERTa-Modell ist.	
1	506.2400000000017	0.8727037906646729	Zusätzlich	
1	507.3600000000017	1.0506350994110107	trainieren wir	
1	508.4800000000017	0.9982104301452637	unser eigenes CamemBERT-basiertes	
1	509.6000000000017	0.8771798610687256		
1	510.72000000000173	1.019592046737671		
1	511.84000000000174	0.9947211742401123	Beyond-Coder-Modell auf	
1	512.9600000000017	1.083930253982544	unseren Datensätzen.	
1	514.0800000000017	1.024477243423462	Beachten Sie, dass wir für das Training	
1	515.2000000000018	1.074237585067749	mit den beiden	
1	516.3200000000018	0.9519929885864258	Varianten der	
1	517.4400000000018	0.9082489013671875		
1	518.5600000000018	1.1361465454101562	Beyond-Coder-Architektur experimentieren.	
1	519.6800000000018	0.9982991218566895	Siamese, die	
1	520.8000000000018	0.9912912845611572	ein	
1	521.9200000000018	1.044625997543335	einzigartiges Wortembedding-Modell	
1	523.0400000000018	0.9178688526153564	verwendet, das die	
1	524.1600000000018	1.0009019374847412	Abfrage und den Artikel	
1	525.2800000000018	1.0991549491882324	gemeinsam in einem geteilten	
1	526.4000000000018	0.4460008144378662	dichten Vektorraum abbildet.	
1	527.5200000000018	0.7723069190979004		
1	528.6400000000018	1.0035169124603271	Und	
1	529.7600000000018	1.1990373134613037		
1	530.8800000000018	1.2252132892608643		
1	532.0000000000018	1.4592599868774414	ToTower, das zwei unabhängige Wortembedding-Modelle verwendet, die die Abfrage	
1	533.1200000000018	0.9816622734069824	und den Artikel separat	
1	534.2400000000018	0.9204075336456299	in verschiedene	
1	535.3600000000018	0.4165992736816406	Embedding-Räume kodieren.	
1	536.4800000000018	0.9097936153411865		
1	537.6000000000018	1.1372926235198975	Wir experimentieren mit	
1	538.7200000000018	1.1607446670532227	Mean-, Max- und	
1	539.8400000000019	1.065164566040039	CLS-Pooling sowie	
1	540.9600000000019	1.1381425857543945		
1	542.0800000000019	1.117645025253296	mit Punktprodukt und Kosinus zur Berechnung	
1	543.2000000000019	0.32437705993652344	von Ähnlichkeiten.	
1	544.3200000000019	0.7371213436126709		
1	545.4400000000019	0.891075849533081	Hier sind die	
1	546.5600000000019	0.963120698928833	Ergebnisse	
1	547.6800000000019	1.1945581436157227		
1	548.8000000000019	1.3865034580230713		
1	549.9200000000019	1.609900951385498	eines Baseline auf dem	
1	551.0400000000019	1.718869686126709	Testset, mit den oben genannten lexikalischen Methoden, den Siamese-Beyond-Codern, die in	
1	552.1600000000019	1.1100826263427734	einer	
1	553.2800000000019	1.4406077861785889	Zero-Shot-Einstellung bewertet	
1	554.4000000000019	1.2763304710388184	wurden, in der Mitte, und den feinabgestimmten	
1	555.5200000000019	0.35778307914733887	Beyond-Codern unten.	
1	556.6400000000019	1.0391507148742676		
1	557.7600000000019	1.2892379760742188	Insgesamt	
1	558.8800000000019	1.2134313583374023		
1	560.0000000000019	1.3716683387756348	überlegen die feinabgestimmten	
1	561.1200000000019	1.3336665630340576	Beyond-Codern alle anderen Baselines deutlich.	
1	562.2400000000019	1.2809679508209229	Das Zwei-Türm-Modell verbessert sich	
1	563.360000000002	1.0075383186340332		
1	564.480000000002	1.1738157272338867	auf Recall	
1	565.600000000002	1.4639925956726074	bei 100 gegenüber seiner	
1	566.720000000002	1.2700576782226562	Siamese-Variante,	
1	567.840000000002	0.5359561443328857	performt jedoch ähnlich bei den anderen Metriken.	
1	568.960000000002	0.9116499423980713		
1	570.080000000002	1.1465659141540527	Obwohl BM25	
1	571.200000000002	1.165778398513794		
1	572.320000000002	1.1126081943511963		
1	573.440000000002	1.5197136402130127	die trainierte	
1	574.560000000002	1.6651244163513184	BERT-Encoder signifikant unterlegen war, deutete seine Leistung darauf hin, dass es	
1	575.680000000002	1.185422420501709		
1	576.800000000002	1.194089412689209	immer noch eine starke Baseline für	
1	577.920000000002	1.0942714214324951	domänenspezifisches Abrufen ist.	
1	579.040000000002	1.0334937572479248	Bezüglich	
1	580.160000000002	1.1865589618682861	der Zero-Shot-Bewertung von	
1	581.280000000002	1.0219292640686035	Siamese	
1	582.400000000002	0.9682879447937012	Biencoder finden wir, dass	
1	583.520000000002	1.2924537658691406	das direkte	
1	584.640000000002	1.244774341583252	Verwenden der Embeddings eines vortrainierten	
1	585.760000000002	1.0257086753845215	CamemBERT-Modells	
1	586.880000000002	0.9462592601776123	ohne Optimierung für	
1	588.000000000002	0.9382123947143555	die	
1	589.120000000002	0.9952495098114014		
1	590.240000000002	1.1031715869903564	Informationssuchaufgabe schlechte Ergebnisse liefert.	
1	591.3600000000021	0.9729673862457275		
1	592.4800000000021	0.46862220764160156	Dies ist konsistent mit früheren Befunden.	
1	593.6000000000021	0.7656204700469971		
1	594.7200000000021	1.0354325771331787		
1	595.8400000000021	1.1000092029571533	Darüber hinaus beobachten wir, dass das	
1	596.9600000000021	0.996009349822998	Word2Vec-basierte	
1	598.0800000000021	0.9324555397033691	Beyond-Coder	
1	599.2000000000021	1.0428736209869385	signifikant	
1	600.3200000000021	1.2003064155578613	besser abschneidet als	
1	601.4400000000021	1.3475513458251953	das FastText- und Bird-basierte	
1	602.5600000000021	1.1090502738952637	Modell, was darauf hindeutet, dass	
1	603.6800000000021	0.9744195938110352	vielleicht	
1	604.8000000000021	1.121736764907837	vortrainierte	
1	605.9200000000021	1.026566743850708		
1	607.0400000000021	1.2260322570800781	Wortebene-Embeddings	
1	608.1600000000021	1.0470161437988281	für die Aufgabe angemessener sind als	
1	609.2800000000021	1.0737121105194092	Charakterebene-	
1	610.4000000000021	0.9573700428009033	oder Subwortebene-Embeddings.	
1	611.5200000000021	0.6787519454956055		
1	612.6400000000021	0.6933891773223877		
1	613.7600000000022	0.17467689514160156		
1	614.8800000000022	0.781325101852417		
1	616.0000000000022	1.6793179512023926	oder Subwortebene-Embeddings, wenn diese direkt angewendet werden.	
1	617.1200000000022	1.329437494277954	Obwohl vielversprechend, deuten diese Ergebnisse	
1	618.2400000000022	0.9545814990997314	auf ample Möglichkeiten	
1	619.3600000000022	1.0124104022979736	zur Verbesserung	
1	620.4800000000022	1.1042091846466064	im Vergleich zu einem	
1	621.6000000000022	1.1532301902770996	geschulten Experten hin, der	
1	622.7200000000022	0.9931228160858154		
1	623.8400000000022	1.0793530941009521	schließlich alle relevanten Artikel	
1	624.9600000000022	0.940758228302002	zu jeder Frage abrufen	
1	626.0800000000022	0.9289803504943848		
1	627.2000000000022	0.4088287353515625	und somit perfekte Scores erzielen kann.	
1	628.3200000000022	0.8504555225372314		
1	629.4400000000022	1.0443990230560303	Lassen Sie uns	
1	630.5600000000022	1.0943078994750977	abschließend zwei	
1	631.6800000000022	0.920128345489502	Limitationen	
1	632.8000000000022	1.0493297576904297	unserer Datensätze diskutieren.	
1	633.9200000000022	1.0108411312103271	Erstens ist das	
1	635.0400000000022	1.0843265056610107		
1	636.1600000000022	1.4115869998931885		
1	637.2800000000022	1.6950557231903076	Artikelkorpus auf diejenigen beschränkt, die aus den 32	
1	638.4000000000023	1.217278003692627	berücksichtigten belgischen Gesetzbüchern gesammelt	
1	639.5200000000023	0.8527429103851318	wurden, was	
1	640.6400000000023	1.1013920307159424	das gesamte	
1	641.7600000000023	1.1646125316619873	belgische Recht	
1	642.8800000000023	1.1262705326080322	nicht abdeckt, da Artikel aus	
1	644.0000000000023	1.0647149085998535	Dekreten,	
1	645.1200000000023	0.9493792057037354	Richtlinien und Verordnungen fehlen.	
1	646.2400000000023	1.0004804134368896		
1	647.3600000000023	0.9991495609283447	Während	
1	648.4800000000023	1.1454124450683594	der Datensatzkonstruktion	
1	649.6000000000023	1.0980863571166992	wurden alle Verweise auf diese	
1	650.7200000000023	1.1414909362792969	nicht gesammelten Artikel	
1	651.8400000000023	1.0529382228851318	ignoriert, was	
1	652.9600000000023	1.0819423198699951		
1	654.0800000000023	1.3248698711395264	dazu	
1	655.2000000000023	1.4587535858154297	führte, dass einige Fragen	
1	656.3200000000023	0.7179365158081055	mit nur einem Bruchteil der ursprünglichen Anzahl relevanter Artikel endeten.	
1	657.4400000000023	0.8818910121917725		
1	658.5600000000023	1.0050225257873535		
1	659.6800000000023	1.2169647216796875	Dieser Informationsverlust impliziert, dass	
1	660.8000000000023	0.177290678024292		
1	661.9200000000023	1.253141164779663		
1	663.0400000000024	1.2811832427978516	die	
1	664.1600000000024	1.419717788696289	Antwort in den verbleibenden relevanten Artikeln unvollständig sein	
1	665.2800000000024	1.0531315803527832	könnte, obwohl sie	
1	666.4000000000024	0.3655083179473877	dennoch vollständig angemessen ist.	
1	667.5200000000024	0.8467199802398682		
1	668.6400000000024	0.9822204113006592		
1	669.7600000000024	1.1088602542877197	Zweitens sollten wir beachten, dass nicht	
1	670.8800000000024	1.085273027420044	alle juristischen Fragen	
1	672.0000000000024	1.0161731243133545		
1	673.1200000000024	1.132477045059204	allein mit Gesetzen beantwortet werden können.	
1	674.2400000000024	1.094463586807251	Zum	
1	675.3600000000024	1.1907415390014648		
1	676.4800000000024	1.4297378063201904	Beispiel, die Frage: Kann ich meine Mieter	
1	677.6000000000024	1.1842751502990723		
1	678.7200000000024	1.4057233333587646	evizieren, wenn sie zu viel Lärm machen,	
1	679.8400000000024	1.1581883430480957	hat möglicherweise keine detaillierte Antwort	
1	680.9600000000024	1.1583032608032227	innerhalb des	
1	682.0800000000024	1.2253806591033936	Statutrechts, die	
1	683.2000000000024	1.2275378704071045	eine spezifische	
1	684.3200000000024	1.4422869682312012	Lärmschwelle	
1	685.4400000000024	1.1905677318572998	quantifiziert, bei der	
1	686.5600000000024	1.3244171142578125	eine Eviktion erlaubt ist.	
1	687.6800000000025	1.0955424308776855	Stattdessen sollte der Vermieter	
1	688.8000000000025	1.0937552452087402	wahrscheinlich eher auf	
1	689.9200000000025	1.3208417892456055	die Rechtsprechung zurückgreifen und	
1	691.0400000000025	1.3051750659942627	Präzedenzfälle finden, die	
1	692.1600000000025	1.1102824211120605	seiner aktuellen Situation ähneln.	
1	693.2800000000025	1.0201377868652344	Zum Beispiel,	
1	694.4000000000025	1.100003957748413	der Mieter macht zwei	
1	695.5200000000025	1.0921111106872559	Parteien pro Woche bis	
1	696.6400000000025	1.0378012657165527	2 Uhr morgens.	
1	697.7600000000025	0.979968786239624	Daher	
1	698.8800000000025	1.01346755027771	sind einige Fragen	
1	700.0000000000025	1.1384894847869873	besser geeignet als andere für	
1	701.1200000000025	1.0902440547943115		
1	702.2400000000025	1.2331173419952393	die Aufgabe des Abrufens gesetzlicher	
1	703.3600000000025	1.1208305358886719	Artikel, und das Feld	
1	704.4800000000025	1.0431325435638428	der weniger geeigneten bleibt	
1	705.6000000000025	0.28171610832214355	zu bestimmen.	
1	706.7200000000025	0.9031448364257812		
1	707.8400000000025	0.9389903545379639	Wir hoffen, dass alle	
1	708.9600000000025	0.9651775360107422	Arbeiten	
1	710.0800000000025	0.974027156829834	Interesse wecken,	
1	711.2000000000025	0.9078872203826904	praktische und	
1	712.3200000000026	1.0985732078552246	zuverlässige	
1	713.4400000000026	1.1082499027252197		
1	714.5600000000026	1.2501089572906494	Modelle für das Abrufen gesetzlicher Artikel zu entwickeln.	
1	715.6800000000026	1.0884339809417725		
1	716.8000000000026	1.2238965034484863	Die helfen, den Zugang zur	
1	717.9200000000026	1.2555396556854248	Gerechtigkeit für alle zu verbessern.	
1	719.0400000000026	1.0324478149414062	Sie können	
1	720.1600000000026	1.2630615234375	unsere	
1	721.2800000000026	1.2425968647003174		
1	722.0012500000026	1.4995548725128174	Paper, Daten, Set und Code an den folgenden Links überprüfen. Vielen Dank.	
2	1.12	0.22498202323913574	Hallo!	
2	2.24	0.38072633743286133	Hallo, wir freuen uns darauf,	Hallo!
2	3.3600000000000003	0.5413236618041992	Hallo! Wir freuen uns, unsere Arbeit vorzustellen.	Hallo, wir freuen uns darauf,
2	4.48	0.6984434127807617	Hallo, wir freuen uns, Ihnen unsere Arbeit über Vokale vorzustellen.	Hallo! Wir freuen uns, unsere Arbeit vorzustellen.
2	5.6000000000000005	0.7706222534179688	Vokalen vorzustellen, eine Aufgabe	über Vokale vorzustellen.
2	6.720000000000001	0.581428050994873	zu Aufgabe.	Vokalen vorzustellen, eine Aufgabe
2	7.840000000000001	0.6391839981079102	unabhängige Benchmark-Aufgabe.	Aufgabe.
2	8.96	0.7768418788909912	Vokalen vorzustellen, eine für Tests gedacht ist.	unabhängige Benchmark-Aufgabe.
2	10.080000000000002	0.538069486618042	Prüfung von Vision und Sprache.	für Tests gedacht ist.
2	11.200000000000003	0.6228547096252441	Aufgaben-Benchmark zur Prüfung von Sprachmodellen.	Prüfung von Vision und Sprache.
2	12.320000000000004	0.5626413822174072	Vision- und mit spezifischen Anforderungen.	Sprachmodellen.
2	13.440000000000005	0.5982084274291992	Sprachmodellen spezifischen linguistischen Phänomenen.	mit spezifischen Anforderungen.
2	14.560000000000006	0.4820098876953125	bei	spezifischen linguistischen Phänomenen.
2	15.680000000000007	0.3817405700683594	Warum haben wir dies getan?	
2	16.800000000000008	0.5184094905853271	in die Mühe gemacht,	dies getan?
2	17.92000000000001	0.5398573875427246	uns diese Benchmark aufzubauen?	in die Mühe gemacht,
2	19.04000000000001	0.48233723640441895	die Mühe gemacht,	diese Benchmark aufzubauen?
2	20.16000000000001	0.2716810703277588	Nun, während	
2	21.280000000000012	0.4142181873321533	letzten Jahren.	während
2	22.400000000000013	0.4870879650115967	in den letzten haben wir uns die Mühe gemacht, diese Benchmark aufzubauen? Nun, in den letzten Jahren haben wir gesehen, dass	letzten Jahren.
2	23.520000000000014	0.4265320301055908	Jahren haben wir eine Explosion beobachtet.	haben wir uns die Mühe gemacht, diese Benchmark aufzubauen? Nun, in den letzten Jahren haben wir gesehen, dass
2	24.640000000000015	0.518784761428833	Explosion von Transformer-Modellen beobachtet.	beobachtet.
2	25.760000000000016	0.6314404010772705	von Transformer-basierten Vision- und Sprachmodellen beobachtet.	Explosion von Transformer-Modellen beobachtet.
2	26.880000000000017	0.6130433082580566	Transformer-basierten Vision- und Sprachmodellen beobachtet.	
2	28.000000000000018	0.17679977416992188	Sprachmodellen beobachtet.	Transformer-basierten Vision- und Sprachmodellen beobachtet.
2	29.12000000000002	0.1959831714630127	aufzubauen? Nun, in den letzten Jahren haben wir eine Explosion von Transformer-basierten Vision- und Sprachmodellen beobachtet.	Sprachmodellen beobachtet.
2	30.24000000000002	0.7440941333770752	Bild-Text-Paaren vortrainiert.	aufzubauen? Nun, in den letzten Jahren haben wir eine Explosion von Transformer-basierten Vision- und Sprachmodellen beobachtet.
2	31.36000000000002	0.696213960647583	Diese wurden auf großen Mengen an	Bild-Text-Paaren vortrainiert.
2	32.48000000000002	0.32680416107177734	Diese wurden auf großen Mengen an Bild-Text-Paaren vortrainiert. Jeder dieser Modelle.	
2	33.600000000000016	0.5934858322143555	Modelle treibt den Stand der Technik voran.	Diese wurden auf großen Mengen an Bild-Text-Paaren vortrainiert. Jeder dieser Modelle.
2	34.72000000000001	0.5076999664306641	Jedes dieser Modelle	Modelle treibt den Stand der Technik voran.
2	35.84000000000001	0.6354899406433105	setzt den Stand der Technik auf großen Mengen an Bild-Text-Paaren vortrainiert. Jedes dieser Modelle setzt den Stand der Technik für Vision- und Sprachaufgaben neu.	
2	36.96000000000001	0.5926074981689453	auf großen Mengen an Bild-Text-Paaren vortrainiert. Jedes dieser Modelle setzt den Stand der Technik bei Vision- und Sprachaufgaben neu, wie zum Beispiel.	auf großen Mengen an Bild-Text-Paaren vortrainiert. Jedes dieser Modelle setzt den Stand der Technik für Vision- und Sprachaufgaben neu.
2	38.080000000000005	0.6766865253448486	bei Vision- und Sprachaufgaben wie visuellen Fragebögen neu.	auf großen Mengen an Bild-Text-Paaren vortrainiert. Jedes dieser Modelle setzt den Stand der Technik bei Vision- und Sprachaufgaben neu, wie zum Beispiel.
2	39.2	0.6664772033691406	Frage-Antwort oder visuellem fort.	visuellen Fragebögen neu.
2	40.32	0.8291702270507812	visueller Frage-Antwort oder Technik bei Vision- und Sprachaufgaben wie visueller Frage-Antwort oder visueller Alltagsvernunftschlussfolgerung neu.	Frage-Antwort oder visuellem fort.
2	41.44	0.4678637981414795		Technik bei Vision- und Sprachaufgaben wie visueller Frage-Antwort oder visueller Alltagsvernunftschlussfolgerung neu.
2	42.559999999999995	0.8356196880340576	neu.	
2	43.67999999999999	0.8184792995452881	visueller Phrase-Grounding neu.	neu.
2	44.79999999999999	0.9710943698883057	Commonsense-Raumung, Bildabruf und Daher haben wir eine Nachricht erhalten.	Phrase-Grounding neu.
2	45.91999999999999	0.7381045818328857	Phrase-Grounding. Daher haben wir Nachricht erhalten: Die Genauigkeit.	Daher haben wir eine Nachricht erhalten.
2	47.039999999999985	0.6461091041564941	die Commonsense-Raumung, Bildabruf und Phrase-Grounding. Daher haben wir die Botschaft erhalten: Die Genauigkeiten bei diesen Aufgaben.	Nachricht erhalten: Die Genauigkeit.
2	48.15999999999998	0.8003747463226318	Botschaft erhalten: Die Genauigkeiten Phrase-Grounding. Daher haben wir die Botschaft erhalten: Die Genauigkeiten auf diesen aufgabenbezogenen Benchmarks.	Commonsense-Raumung, Bildabruf und Phrase-Grounding. Daher haben wir die Botschaft erhalten: Die Genauigkeiten bei diesen Aufgaben.
2	49.27999999999998	0.6305046081542969	sind gestiegen.	Phrase-Grounding. Daher haben wir die Botschaft erhalten: Die Genauigkeiten auf diesen aufgabenbezogenen Benchmarks.
2	50.39999999999998	0.6441152095794678	bei diesen aufgabenbezogenen Benchmarks steigen stetig.	sind gestiegen.
2	51.519999999999975	0.38823914527893066	Aber	
2	52.63999999999997	0.40610647201538086	wissen wir, warum?	
2	53.75999999999997	0.5340769290924072	haben wir die Botschaft erhalten: Die Genauigkeiten bei diesen aufgabenbezogenen Benchmarks steigen stetig. Aber wissen wir, was die Modelle tatsächlich können?	warum?
2	54.87999999999997	0.4310023784637451	was die Modelle tatsächlich tatsächlich gelernt haben?	haben wir die Botschaft erhalten: Die Genauigkeiten bei diesen aufgabenbezogenen Benchmarks steigen stetig. Aber wissen wir, was die Modelle tatsächlich können?
2	55.999999999999964	0.23652315139770508		tatsächlich gelernt haben?
2	57.11999999999996	0.36733531951904297	Was ist es?	
2	58.23999999999996	0.5119404792785645	es, das ein Vision- und	es?
2	59.35999999999996	0.5440666675567627	Sprach-Transformer	
2	60.479999999999954	0.44443631172180176	hat?	
2	61.59999999999995	0.44590282440185547	verstanden wenn er	hat?
2	62.71999999999995	0.5957298278808594	hat, eine hohe Punktzahl vergeben hat?	wenn er
2	63.83999999999995	0.5863277912139893	diesem Bild eine hohe Punktzahl zuweist?	eine hohe Punktzahl vergeben hat?
2	64.95999999999995	0.6432256698608398	Bild und diesem Satz eine hohe Punktzahl zuweist?	eine hohe Punktzahl zuweist?
2	66.07999999999996	0.818572998046875	und diesem Satz eine hohe Punktzahl Satz eine hohe Punktzahl für die Übereinstimmung zuerteilt?	Bild und diesem Satz eine hohe Punktzahl zuweist?
2	67.19999999999996	0.5010073184967041		Satz eine hohe Punktzahl für die Übereinstimmung zuerteilt?
2	68.31999999999996	0.5776453018188477	Und eine niedrige Punktzahl für diesen.	
2	69.43999999999997	0.7462484836578369		eine niedrige Punktzahl für diesen.
2	70.55999999999997	0.5767877101898193		
2	71.67999999999998	0.9423251152038574	warum er diesem einen eine niedrige Punktzahl gibt. Sprach-Transformer verstanden hat, wenn er diesem Bild und diesem Satz eine hohe Punktzahl für die Übereinstimmung zuerteilt? Und warum er diesem einen eine niedrige Punktzahl gibt. Übereinstimmen Vision und Sprache?	
2	72.79999999999998	0.6496591567993164	Sprachmodelle?	Sprach-Transformer verstanden hat, wenn er diesem Bild und diesem Satz eine hohe Punktzahl für die Übereinstimmung zuerteilt? Und warum er diesem einen eine niedrige Punktzahl gibt. Übereinstimmen Vision und Sprache?
2	73.91999999999999	0.7860255241394043	Richtige?	Sprachmodelle?
2	75.03999999999999	0.9219529628753662	Fokussieren sich Vision- und Sprachmodelle auf das hat, wenn er diesem Bild und diesem Satz eine hohe Punktzahl für die Übereinstimmung zuerteilt? Und warum er diesem einen eine niedrige Punktzahl gibt. Fokussieren sich Vision- und Sprachmodelle auf das Richtige oder auf etwas anderes?	Richtige?
2	76.16	0.5015935897827148	anderes?	hat, wenn er diesem Bild und diesem Satz eine hohe Punktzahl für die Übereinstimmung zuerteilt? Und warum er diesem einen eine niedrige Punktzahl gibt. Fokussieren sich Vision- und Sprachmodelle auf das Richtige oder auf etwas anderes?
2	77.28	0.25940728187561035	Modelle tatsächlich gelernt haben? Was ist es, das ein Vision- und Sprach-Transformer verstanden hat, wenn er diesem Bild und diesem Satz eine hohe Punktzahl für die Übereinstimmung zuerteilt? Und warum er diesem einen eine niedrige Punktzahl gibt. Fokussieren sich Vision- und Sprachmodelle auf das Richtige oder auf etwas anderes?	anderes?
2	78.4	0.8351650238037109	vorherige Arbeiten gezeigt haben, können sie auch auf Verzerrungen fokussieren.	Modelle tatsächlich gelernt haben? Was ist es, das ein Vision- und Sprach-Transformer verstanden hat, wenn er diesem Bild und diesem Satz eine hohe Punktzahl für die Übereinstimmung zuerteilt? Und warum er diesem einen eine niedrige Punktzahl gibt. Fokussieren sich Vision- und Sprachmodelle auf das Richtige oder auf etwas anderes?
2	79.52000000000001	0.7349843978881836	Wie	vorherige Arbeiten gezeigt haben, können sie auch auf Verzerrungen fokussieren.
2	80.64000000000001	0.5035619735717773	Um mehr Licht zu werfen,	
2	81.76000000000002	0.6068716049194336	diesem einen eine niedrige Punktzahl gibt. Fokussieren sich Vision- und Sprachmodelle auf das Richtige oder auf etwas anderes? Wie vorherige Arbeiten gezeigt haben, können sie auch auf Verzerrungen fokussieren. Um mehr Licht auf dieses Aspekt zu werfen,	zu werfen,
2	82.88000000000002	0.6760962009429932	wir vor.	diesem einen eine niedrige Punktzahl gibt. Fokussieren sich Vision- und Sprachmodelle auf das Richtige oder auf etwas anderes? Wie vorherige Arbeiten gezeigt haben, können sie auch auf Verzerrungen fokussieren. Um mehr Licht auf dieses Aspekt zu werfen,
2	84.00000000000003	0.4996497631072998	schlagen wir eine niedrige Punktzahl gibt. Fokussieren sich Vision- und Sprachmodelle auf das Richtige oder auf etwas anderes? Wie vorherige Arbeiten gezeigt haben, können sie auch auf Verzerrungen fokussieren. Um mehr Licht auf dieses Aspekt zu werfen, schlagen wir eine weitere vor.	wir vor.
2	85.12000000000003	0.5559158325195312	Punktzahl gibt. Fokussieren sich Vision- und Sprachmodelle auf das Richtige oder auf etwas anderes? Wie vorherige Arbeiten gezeigt haben, können sie auch auf Verzerrungen fokussieren. Um mehr Licht auf dieses Aspekt zu werfen, schlagen wir eine aufgabenagnostischere Lösung vor.	niedrige Punktzahl gibt. Fokussieren sich Vision- und Sprachmodelle auf das Richtige oder auf etwas anderes? Wie vorherige Arbeiten gezeigt haben, können sie auch auf Verzerrungen fokussieren. Um mehr Licht auf dieses Aspekt zu werfen, schlagen wir eine weitere vor.
2	86.24000000000004	0.5724413394927979	aufgabenagnostischere Vision- und Sprachmodelle auf das Richtige oder auf etwas anderes? Wie vorherige Arbeiten gezeigt haben, können sie auch auf Verzerrungen fokussieren. Um mehr Licht auf dieses Aspekt zu werfen, schlagen wir eine aufgabenagnostischere Richtung vor.	Punktzahl gibt. Fokussieren sich Vision- und Sprachmodelle auf das Richtige oder auf etwas anderes? Wie vorherige Arbeiten gezeigt haben, können sie auch auf Verzerrungen fokussieren. Um mehr Licht auf dieses Aspekt zu werfen, schlagen wir eine aufgabenagnostischere Lösung vor.
2	87.36000000000004	0.5100917816162109	Richtung fokussieren. Um mehr Licht auf dieses Aspekt zu werfen, schlagen wir eine aufgabenagnostischere Richtung vor und stellen vor.	Vision- und Sprachmodelle auf das Richtige oder auf etwas anderes? Wie vorherige Arbeiten gezeigt haben, können sie auch auf Verzerrungen fokussieren. Um mehr Licht auf dieses Aspekt zu werfen, schlagen wir eine aufgabenagnostischere Richtung vor.
2	88.48000000000005	0.5898232460021973	vor und stellen Valves vor, die	fokussieren. Um mehr Licht auf dieses Aspekt zu werfen, schlagen wir eine aufgabenagnostischere Richtung vor und stellen vor.
2	89.60000000000005	0.6833126544952393	die Sensitivität testen.	
2	90.72000000000006	0.5939798355102539	spezifischen linguistischen Phänomenen. Warum haben wir uns die Mühe gemacht, diese Benchmark aufzubauen? Nun, in den letzten Jahren haben wir eine Explosion von Transformer-basierten Vision- und Sprachmodellen beobachtet. Diese wurden auf großen Mengen an Bild-Text-Paaren vortrainiert. Jedes dieser Modelle setzt den Stand der Technik bei Vision- und Sprachaufgaben wie visueller Frage-Antwort oder visueller Commonsense-Raumung, Bildabruf und Phrase-Grounding. Daher haben wir die Botschaft erhalten: Die Genauigkeiten bei diesen aufgabenbezogenen Benchmarks steigen stetig. Aber wissen wir, was die Modelle tatsächlich gelernt haben? Was ist es, das ein Vision- und Sprach-Transformer verstanden hat, wenn er diesem Bild und diesem Satz eine hohe Punktzahl für die Übereinstimmung zuerteilt? Und warum er diesem einen eine niedrige Punktzahl gibt. Fokussieren sich Vision- und Sprachmodelle auf das Richtige oder auf etwas anderes? Wie vorherige Arbeiten gezeigt haben, können sie auch auf Verzerrungen fokussieren. Um mehr Licht auf dieses Aspekt zu werfen, schlagen wir eine aufgabenagnostischere Richtung vor und stellen Valves vor, die die Sensitivität von Vision testen.	testen.
2	91.84000000000006	0.625370979309082	von Vision- und Sprachmodelle auf das Richtige oder auf etwas anderes? Wie vorherige Arbeiten gezeigt haben, können sie auch auf Verzerrungen fokussieren. Um mehr Licht auf dieses Aspekt zu werfen, schlagen wir eine aufgabenagnostischere Richtung vor und stellen Valves vor, die die Sensitivität von Vision- und Sprachmodellen testen.	spezifischen linguistischen Phänomenen. Warum haben wir uns die Mühe gemacht, diese Benchmark aufzubauen? Nun, in den letzten Jahren haben wir eine Explosion von Transformer-basierten Vision- und Sprachmodellen beobachtet. Diese wurden auf großen Mengen an Bild-Text-Paaren vortrainiert. Jedes dieser Modelle setzt den Stand der Technik bei Vision- und Sprachaufgaben wie visueller Frage-Antwort oder visueller Commonsense-Raumung, Bildabruf und Phrase-Grounding. Daher haben wir die Botschaft erhalten: Die Genauigkeiten bei diesen aufgabenbezogenen Benchmarks steigen stetig. Aber wissen wir, was die Modelle tatsächlich gelernt haben? Was ist es, das ein Vision- und Sprach-Transformer verstanden hat, wenn er diesem Bild und diesem Satz eine hohe Punktzahl für die Übereinstimmung zuerteilt? Und warum er diesem einen eine niedrige Punktzahl gibt. Fokussieren sich Vision- und Sprachmodelle auf das Richtige oder auf etwas anderes? Wie vorherige Arbeiten gezeigt haben, können sie auch auf Verzerrungen fokussieren. Um mehr Licht auf dieses Aspekt zu werfen, schlagen wir eine aufgabenagnostischere Richtung vor und stellen Valves vor, die die Sensitivität von Vision testen.
2	92.96000000000006	0.6187942028045654	Sprachmodellen Sprachmodellen gegenüber spezifischen	Sprachmodelle auf das Richtige oder auf etwas anderes? Wie vorherige Arbeiten gezeigt haben, können sie auch auf Verzerrungen fokussieren. Um mehr Licht auf dieses Aspekt zu werfen, schlagen wir eine aufgabenagnostischere Richtung vor und stellen Valves vor, die die Sensitivität von Vision- und Sprachmodellen testen.
2	94.08000000000007	0.6613380908966064	testen.	Sprachmodellen gegenüber spezifischen
2	95.20000000000007	0.7100050449371338	linguistischen Phänomenen testen, die auftreten.	testen.
2	96.32000000000008	0.6746113300323486	können sie auch auf Verzerrungen fokussieren. Um mehr Licht auf dieses Aspekt zu werfen, schlagen wir eine aufgabenagnostischere Richtung vor und stellen Valves vor, die die Sensitivität von Vision- und Sprachmodellen gegenüber spezifischen linguistischen Phänomenen testen, die sowohl den.	auftreten.
2	97.44000000000008	0.572624921798706	sowohl die linguistische als auch die	können sie auch auf Verzerrungen fokussieren. Um mehr Licht auf dieses Aspekt zu werfen, schlagen wir eine aufgabenagnostischere Richtung vor und stellen Valves vor, die die Sensitivität von Vision- und Sprachmodellen gegenüber spezifischen linguistischen Phänomenen testen, die sowohl den.
2	98.56000000000009	0.7629523277282715	die visuellen Modelle betreffen.	linguistische als auch die
2	99.68000000000009	0.6878564357757568	Modalität betreffen.	die visuellen Modelle betreffen.
2	100.8000000000001	0.8436391353607178	linguistische als auch die visuelle Wir richten uns an	Modalität betreffen.
2	101.9200000000001	0.6130843162536621	werfen, schlagen wir eine aufgabenagnostischere Richtung vor und stellen Valves vor, die die Sensitivität von Vision- und Sprachmodellen gegenüber spezifischen linguistischen Phänomenen testen, die sowohl die linguistische als auch die visuelle Modalität betreffen. Wir zielen auf Existenz ab.	richten uns an
2	103.0400000000001	0.862786054611206	schlagen wir eine aufgabenagnostischere Richtung vor und stellen Valves vor, die die Sensitivität von Vision- und Sprachmodellen gegenüber spezifischen linguistischen Phänomenen testen, die sowohl die linguistische als auch die visuelle Modalität betreffen. Wir konzentrieren uns auf Existenz, Pluralität, Zählen,	werfen, schlagen wir eine aufgabenagnostischere Richtung vor und stellen Valves vor, die die Sensitivität von Vision- und Sprachmodellen gegenüber spezifischen linguistischen Phänomenen testen, die sowohl die linguistische als auch die visuelle Modalität betreffen. Wir zielen auf Existenz ab.
2	104.16000000000011	1.0459449291229248	konzentrieren uns auf Existenz, Pluralität, aufgabenagnostischere Richtung vor und stellen Valves vor, die die Sensitivität von Vision- und Sprachmodellen gegenüber spezifischen linguistischen Phänomenen testen, die sowohl die linguistische als auch die visuelle Modalität betreffen. Wir konzentrieren uns auf Existenz, Pluralität, Zählen und räumliche Beziehungen.	schlagen wir eine aufgabenagnostischere Richtung vor und stellen Valves vor, die die Sensitivität von Vision- und Sprachmodellen gegenüber spezifischen linguistischen Phänomenen testen, die sowohl die linguistische als auch die visuelle Modalität betreffen. Wir konzentrieren uns auf Existenz, Pluralität, Zählen,
2	105.28000000000011	0.7131772041320801	Beziehungen und Aktionen.	aufgabenagnostischere Richtung vor und stellen Valves vor, die die Sensitivität von Vision- und Sprachmodellen gegenüber spezifischen linguistischen Phänomenen testen, die sowohl die linguistische als auch die visuelle Modalität betreffen. Wir konzentrieren uns auf Existenz, Pluralität, Zählen und räumliche Beziehungen.
2	106.40000000000012	0.9592318534851074	Zählen, räumliche Aktionen und Entitätsko-referenz.	Beziehungen und Aktionen.
2	107.52000000000012	0.7277340888977051	Beziehungen, Aktionen und Entitätskoreferenz.	Aktionen und Entitätsko-referenz.
2	108.64000000000013	0.7380764484405518	Aber wie testen wir?	
2	109.76000000000013	0.7716455459594727	ob die Vision- und	wir?
2	110.88000000000014	0.7281482219696045	wir, haben, können sie auch auf Verzerrungen fokussieren. Um mehr Licht auf dieses Aspekt zu werfen, schlagen wir eine aufgabenagnostischere Richtung vor und stellen Valves vor, die die Sensitivität von Vision- und Sprachmodellen gegenüber spezifischen linguistischen Phänomenen testen, die sowohl die linguistische als auch die visuelle Modalität betreffen. Wir konzentrieren uns auf Existenz, Pluralität, Zählen, räumliche Beziehungen, Aktionen und Entitätskoreferenz. Aber wie testen wir, ob die Vision- und Sprachmodelle	ob die Vision- und
2	112.00000000000014	0.6158616542816162	dies erfasst haben?	
2	113.12000000000015	0.6631219387054443	Phänomenen testen, die sowohl die linguistische als auch die visuelle Modalität betreffen. Wir konzentrieren uns auf Existenz, Pluralität, Zählen, räumliche Beziehungen, Aktionen und Entitätskoreferenz. Aber wie testen wir, ob die Vision- und Sprachmodelle diese Phänomene erfasst haben?	haben, können sie auch auf Verzerrungen fokussieren. Um mehr Licht auf dieses Aspekt zu werfen, schlagen wir eine aufgabenagnostischere Richtung vor und stellen Valves vor, die die Sensitivität von Vision- und Sprachmodellen gegenüber spezifischen linguistischen Phänomenen testen, die sowohl die linguistische als auch die visuelle Modalität betreffen. Wir konzentrieren uns auf Existenz, Pluralität, Zählen, räumliche Beziehungen, Aktionen und Entitätskoreferenz. Aber wie testen wir, ob die Vision- und Sprachmodelle dies erfasst haben?
2	114.24000000000015	0.6651372909545898	Durch	Phänomenen testen, die sowohl die linguistische als auch die visuelle Modalität betreffen. Wir konzentrieren uns auf Existenz, Pluralität, Zählen, räumliche Beziehungen, Aktionen und Entitätskoreferenz. Aber wie testen wir, ob die Vision- und Sprachmodelle diese Phänomene erfasst haben?
2	115.36000000000016	0.5302150249481201	eines	
2	116.48000000000016	0.831519603729248	wir, ob die Vision- und Sprachmodelle diese Phänomene erfasst haben? Durch FOILing, eine Methode, die zuvor angewendet wurde.	eines
2	117.60000000000016	0.9810433387756348	gezeigt haben, können sie auch auf Verzerrungen fokussieren. Um mehr Licht auf dieses Aspekt zu werfen, schlagen wir eine aufgabenagnostischere Richtung vor und stellen Valves vor, die die Sensitivität von Vision- und Sprachmodellen gegenüber spezifischen linguistischen Phänomenen testen, die sowohl die linguistische als auch die visuelle Modalität betreffen. Wir konzentrieren uns auf Existenz, Pluralität, Zählen, räumliche Beziehungen, Aktionen und Entitätskoreferenz. Aber wie testen wir, ob die Vision- und Sprachmodelle diese Phänomene erfasst haben? Durch FOIL, eine Methode, die zuvor für Vision- und Sprachaufgaben angewendet wurde.	wir, ob die Vision- und Sprachmodelle diese Phänomene erfasst haben? Durch FOILing, eine Methode, die zuvor angewendet wurde.
2	118.72000000000017	1.0665807723999023	Sprachmodellen gegenüber spezifischen linguistischen Phänomenen testen, die sowohl die linguistische als auch die visuelle Modalität betreffen. Wir konzentrieren uns auf Existenz, Pluralität, Zählen, räumliche Beziehungen, Aktionen und Entitätskoreferenz. Aber wie testen wir, ob die Vision- und Sprachmodelle diese Phänomene erfasst haben? Durch FOILing, eine Methode, die zuvor für Vision- und Sprachmodelle angewendet wurde.	gezeigt haben, können sie auch auf Verzerrungen fokussieren. Um mehr Licht auf dieses Aspekt zu werfen, schlagen wir eine aufgabenagnostischere Richtung vor und stellen Valves vor, die die Sensitivität von Vision- und Sprachmodellen gegenüber spezifischen linguistischen Phänomenen testen, die sowohl die linguistische als auch die visuelle Modalität betreffen. Wir konzentrieren uns auf Existenz, Pluralität, Zählen, räumliche Beziehungen, Aktionen und Entitätskoreferenz. Aber wie testen wir, ob die Vision- und Sprachmodelle diese Phänomene erfasst haben? Durch FOIL, eine Methode, die zuvor für Vision- und Sprachaufgaben angewendet wurde.
2	119.84000000000017	1.3020234107971191	FOILing, eine Methode, die zuvor spezifischen linguistischen Phänomenen testen, die sowohl die linguistische als auch die visuelle Modalität betreffen. Wir konzentrieren uns auf Existenz, Pluralität, Zählen, räumliche Beziehungen, Aktionen und Entitätskoreferenz. Aber wie testen wir, ob die Vision- und Sprachmodelle diese Phänomene erfasst haben? Durch FOILing, eine Methode, die zuvor nur für Vision- und Sprachmodelle bei nicht-phänomenalen Aufgaben angewendet wurde.	Sprachmodellen gegenüber spezifischen linguistischen Phänomenen testen, die sowohl die linguistische als auch die visuelle Modalität betreffen. Wir konzentrieren uns auf Existenz, Pluralität, Zählen, räumliche Beziehungen, Aktionen und Entitätskoreferenz. Aber wie testen wir, ob die Vision- und Sprachmodelle diese Phänomene erfasst haben? Durch FOILing, eine Methode, die zuvor für Vision- und Sprachmodelle angewendet wurde.
2	120.96000000000018	1.0558793544769287	nur für Nomenphrasen bei Vision- und Sprachmodellen von Raviche angewendet wurde.	spezifischen linguistischen Phänomenen testen, die sowohl die linguistische als auch die visuelle Modalität betreffen. Wir konzentrieren uns auf Existenz, Pluralität, Zählen, räumliche Beziehungen, Aktionen und Entitätskoreferenz. Aber wie testen wir, ob die Vision- und Sprachmodelle diese Phänomene erfasst haben? Durch FOILing, eine Methode, die zuvor nur für Vision- und Sprachmodelle bei nicht-phänomenalen Aufgaben angewendet wurde.
2	122.08000000000018	1.1749267578125	betreffen. Wir konzentrieren uns auf Existenz, Pluralität, Zählen, räumliche Beziehungen, Aktionen und Entitätskoreferenz. Aber wie testen wir, ob die Vision- und Sprachmodelle diese Phänomene erfasst haben? Durch FOILing, eine Methode, die zuvor nur für Nomenphrasen bei Vision- und Sprachmodellen von Ravi Shekhar und Zusammenarbeit angewendet wurde.	Raviche angewendet wurde.
2	123.20000000000019	0.7639310359954834	Ravi Shekhar und betreffen. Wir konzentrieren uns auf Existenz, Pluralität, Zählen, räumliche Beziehungen, Aktionen und Entitätskoreferenz. Aber wie testen wir, ob die Vision- und Sprachmodelle diese Phänomene erfasst haben? Durch FOILing, eine Methode, die zuvor nur für Nomenphrasen bei Vision- und Sprachmodellen von Ravi Shekhar und Kollegen angewendet wurde.	betreffen. Wir konzentrieren uns auf Existenz, Pluralität, Zählen, räumliche Beziehungen, Aktionen und Entitätskoreferenz. Aber wie testen wir, ob die Vision- und Sprachmodelle diese Phänomene erfasst haben? Durch FOILing, eine Methode, die zuvor nur für Nomenphrasen bei Vision- und Sprachmodellen von Ravi Shekhar und Zusammenarbeit angewendet wurde.
2	124.32000000000019	0.7402639389038086	auf Existenz, Pluralität, Zählen, räumliche Beziehungen, Aktionen und Entitätskoreferenz. Aber wie testen wir, ob die Vision- und Sprachmodelle diese Phänomene erfasst haben? Durch FOILing, eine Methode, die zuvor nur für Nomenphrasen bei Vision- und Sprachmodellen von Ravi Shekhar und Mitarbeitern sowie beim Zählen angewendet wurde, und	betreffen. Wir konzentrieren uns auf Existenz, Pluralität, Zählen, räumliche Beziehungen, Aktionen und Entitätskoreferenz. Aber wie testen wir, ob die Vision- und Sprachmodelle diese Phänomene erfasst haben? Durch FOILing, eine Methode, die zuvor nur für Nomenphrasen bei Vision- und Sprachmodellen von Ravi Shekhar und Kollegen angewendet wurde.
2	125.4400000000002	0.8580312728881836	Mitarbeitern sowie beim Zählen uns in früheren Wochen angewendet wurde.	auf Existenz, Pluralität, Zählen, räumliche Beziehungen, Aktionen und Entitätskoreferenz. Aber wie testen wir, ob die Vision- und Sprachmodelle diese Phänomene erfasst haben? Durch FOILing, eine Methode, die zuvor nur für Nomenphrasen bei Vision- und Sprachmodellen von Ravi Shekhar und Mitarbeitern sowie beim Zählen angewendet wurde, und
2	126.5600000000002	0.6511080265045166	Arbeit angewendet wurde.	uns in früheren Wochen angewendet wurde.
2	127.6800000000002	0.8787097930908203	in unserer früheren Zählen, räumliche Beziehungen, Aktionen und Entitätskoreferenz. Aber wie testen wir, ob die Vision- und Sprachmodelle diese Phänomene erfasst haben? Durch FOILing, eine Methode, die zuvor nur für Nomenphrasen bei Vision- und Sprachmodellen von Ravi Shekhar und Mitarbeitern sowie beim Zählen in unserer früheren Arbeit angewendet wurde. FOILing im Wesentlichen.	Arbeit angewendet wurde.
2	128.8000000000002	0.7567121982574463	FOILing bedeutet im Wesentlichen, dass wir	Zählen, räumliche Beziehungen, Aktionen und Entitätskoreferenz. Aber wie testen wir, ob die Vision- und Sprachmodelle diese Phänomene erfasst haben? Durch FOILing, eine Methode, die zuvor nur für Nomenphrasen bei Vision- und Sprachmodellen von Ravi Shekhar und Mitarbeitern sowie beim Zählen in unserer früheren Arbeit angewendet wurde. FOILing im Wesentlichen.
2	129.92000000000021	0.6848607063293457		
2	131.04000000000022	0.6174333095550537	die von Ravi Shekhar und Mitarbeitern sowie beim Zählen in unserer früheren Arbeit angewendet wurde. FOILing bedeutet im Wesentlichen, dass wir die Bildunterschrift nehmen.	bedeutet im Wesentlichen, dass wir
2	132.16000000000022	0.8077237606048584	Bildunterschrift und Entitätskoreferenz. Aber wie testen wir, ob die Vision- und Sprachmodelle diese Phänomene erfasst haben? Durch FOILing, eine Methode, die zuvor nur für Nomenphrasen bei Vision- und Sprachmodellen von Ravi Shekhar und Mitarbeitern sowie beim Zählen in unserer früheren Arbeit angewendet wurde. FOILing bedeutet im Wesentlichen, dass wir die Bildunterschrift nehmen und ein FOIL erzeugen.	von Ravi Shekhar und Mitarbeitern sowie beim Zählen in unserer früheren Arbeit angewendet wurde. FOILing bedeutet im Wesentlichen, dass wir die Bildunterschrift nehmen.
2	133.28000000000023	0.768937349319458	nehmen und Entitätskoreferenz. Aber wie testen wir, ob die Vision- und Sprachmodelle diese Phänomene erfasst haben? Durch FOILing, eine Methode, die zuvor nur für Nomenphrasen bei Vision- und Sprachmodellen von Ravi Shekhar und Mitarbeitern sowie beim Zählen in unserer früheren Arbeit angewendet wurde. FOILing bedeutet im Wesentlichen, dass wir die Bildunterschrift nehmen und daraus ein FOIL erzeugen, indem wir	und Entitätskoreferenz. Aber wie testen wir, ob die Vision- und Sprachmodelle diese Phänomene erfasst haben? Durch FOILing, eine Methode, die zuvor nur für Nomenphrasen bei Vision- und Sprachmodellen von Ravi Shekhar und Mitarbeitern sowie beim Zählen in unserer früheren Arbeit angewendet wurde. FOILing bedeutet im Wesentlichen, dass wir die Bildunterschrift nehmen und ein FOIL erzeugen.
2	134.40000000000023	0.7974746227264404	Entitätskoreferenz. Aber wie testen wir, ob die Vision- und Sprachmodelle diese Phänomene erfasst haben? Durch FOILing, eine Methode, die zuvor nur für Nomenphrasen bei Vision- und Sprachmodellen von Ravi Shekhar und Mitarbeitern sowie beim Zählen in unserer früheren Arbeit angewendet wurde. FOILing bedeutet im Wesentlichen, dass wir die Bildunterschrift nehmen und eine Folie erzeugen, indem wir die Unterschrift ändern.	Entitätskoreferenz. Aber wie testen wir, ob die Vision- und Sprachmodelle diese Phänomene erfasst haben? Durch FOILing, eine Methode, die zuvor nur für Nomenphrasen bei Vision- und Sprachmodellen von Ravi Shekhar und Mitarbeitern sowie beim Zählen in unserer früheren Arbeit angewendet wurde. FOILing bedeutet im Wesentlichen, dass wir die Bildunterschrift nehmen und daraus ein FOIL erzeugen, indem wir
2	135.52000000000024	0.8860373497009277	eine Folie erzeugen, indem wir die Unterschrift	Entitätskoreferenz. Aber wie testen wir, ob die Vision- und Sprachmodelle diese Phänomene erfasst haben? Durch FOILing, eine Methode, die zuvor nur für Nomenphrasen bei Vision- und Sprachmodellen von Ravi Shekhar und Mitarbeitern sowie beim Zählen in unserer früheren Arbeit angewendet wurde. FOILing bedeutet im Wesentlichen, dass wir die Bildunterschrift nehmen und eine Folie erzeugen, indem wir die Unterschrift ändern.
2	136.64000000000024	0.6040365695953369	so	
2	137.76000000000025	0.7121548652648926	ändern, dass sie Bild nicht beschreibt.	
2	138.88000000000025	0.6014783382415771	das Bild nicht Bild nicht mehr beschreibt.	Bild nicht beschreibt.
2	140.00000000000026	0.6284222602844238	Und wir tun	Bild nicht mehr beschreibt.
2	141.12000000000026	0.7956669330596924	diese Phänomene erfasst haben? Durch FOILing, eine Methode, die zuvor nur für Nomenphrasen bei Vision- und Sprachmodellen von Ravi Shekhar und Mitarbeitern sowie beim Zählen in unserer früheren Arbeit angewendet wurde. FOILing bedeutet im Wesentlichen, dass wir die Bildunterschrift nehmen und eine Folie erzeugen, indem wir die Unterschrift so ändern, dass sie das Bild nicht mehr beschreibt. Und wir führen diese Phrasenänderungen durch.	tun
2	142.24000000000026	0.8001632690429688	führen diese	diese Phänomene erfasst haben? Durch FOILing, eine Methode, die zuvor nur für Nomenphrasen bei Vision- und Sprachmodellen von Ravi Shekhar und Mitarbeitern sowie beim Zählen in unserer früheren Arbeit angewendet wurde. FOILing bedeutet im Wesentlichen, dass wir die Bildunterschrift nehmen und eine Folie erzeugen, indem wir die Unterschrift so ändern, dass sie das Bild nicht mehr beschreibt. Und wir führen diese Phrasenänderungen durch.
2	143.36000000000027	0.8777616024017334	Phraseänderungen durch, indem wir uns auf sechs spezifische	
2	144.48000000000027	0.7295300960540771	Teile konzentrieren.	
2	145.60000000000028	0.8193554878234863	wie visueller Frage-Antwort oder visueller Commonsense-Raumung, Bildabruf und Phrase-Grounding. Daher haben wir die Botschaft erhalten: Die Genauigkeiten bei diesen aufgabenbezogenen Benchmarks steigen stetig. Aber wissen wir, was die Modelle tatsächlich gelernt haben? Was ist es, das ein Vision- und Sprach-Transformer verstanden hat, wenn er diesem Bild und diesem Satz eine hohe Punktzahl für die Übereinstimmung zuerteilt? Und warum er diesem einen eine niedrige Punktzahl gibt. Fokussieren sich Vision- und Sprachmodelle auf das Richtige oder auf etwas anderes? Wie vorherige Arbeiten gezeigt haben, können sie auch auf Verzerrungen fokussieren. Um mehr Licht auf dieses Aspekt zu werfen, schlagen wir eine aufgabenagnostischere Richtung vor und stellen Valves vor, die die Sensitivität von Vision- und Sprachmodellen gegenüber spezifischen linguistischen Phänomenen testen, die sowohl die linguistische als auch die visuelle Modalität betreffen. Wir konzentrieren uns auf Existenz, Pluralität, Zählen, räumliche Beziehungen, Aktionen und Entitätskoreferenz. Aber wie testen wir, ob die Vision- und Sprachmodelle diese Phänomene erfasst haben? Durch FOILing, eine Methode, die zuvor nur für Nomenphrasen bei Vision- und Sprachmodellen von Ravi Shekhar und Mitarbeitern sowie beim Zählen in unserer früheren Arbeit angewendet wurde. FOILing bedeutet im Wesentlichen, dass wir die Bildunterschrift nehmen und eine Folie erzeugen, indem wir die Unterschrift so ändern, dass sie das Bild nicht mehr beschreibt. Und wir führen diese Phraseänderungen durch, indem wir uns auf sechs spezifische Teile konzentrieren, wie zum Beispiel Existenz.	konzentrieren.
2	146.72000000000028	0.8645069599151611	konzentrieren, wie Existenz, Pluralität, Zählen, räumliche Beziehungen, Aktionen und Entitätskoreferenz. Aber wie testen wir, ob die Vision- und Sprachmodelle diese Phänomene erfasst haben? Durch FOILing, eine Methode, die zuvor nur für Nomenphrasen bei Vision- und Sprachmodellen von Ravi Shekhar und Mitarbeitern sowie beim Zählen in unserer früheren Arbeit angewendet wurde. FOILing bedeutet im Wesentlichen, dass wir die Bildunterschrift nehmen und eine Folie erzeugen, indem wir die Unterschrift so ändern, dass sie das Bild nicht mehr beschreibt. Und wir führen diese Phraseänderungen durch, indem wir uns auf sechs spezifische Teile konzentrieren, wie Existenz oder Pluralität.	wie visueller Frage-Antwort oder visueller Commonsense-Raumung, Bildabruf und Phrase-Grounding. Daher haben wir die Botschaft erhalten: Die Genauigkeiten bei diesen aufgabenbezogenen Benchmarks steigen stetig. Aber wissen wir, was die Modelle tatsächlich gelernt haben? Was ist es, das ein Vision- und Sprach-Transformer verstanden hat, wenn er diesem Bild und diesem Satz eine hohe Punktzahl für die Übereinstimmung zuerteilt? Und warum er diesem einen eine niedrige Punktzahl gibt. Fokussieren sich Vision- und Sprachmodelle auf das Richtige oder auf etwas anderes? Wie vorherige Arbeiten gezeigt haben, können sie auch auf Verzerrungen fokussieren. Um mehr Licht auf dieses Aspekt zu werfen, schlagen wir eine aufgabenagnostischere Richtung vor und stellen Valves vor, die die Sensitivität von Vision- und Sprachmodellen gegenüber spezifischen linguistischen Phänomenen testen, die sowohl die linguistische als auch die visuelle Modalität betreffen. Wir konzentrieren uns auf Existenz, Pluralität, Zählen, räumliche Beziehungen, Aktionen und Entitätskoreferenz. Aber wie testen wir, ob die Vision- und Sprachmodelle diese Phänomene erfasst haben? Durch FOILing, eine Methode, die zuvor nur für Nomenphrasen bei Vision- und Sprachmodellen von Ravi Shekhar und Mitarbeitern sowie beim Zählen in unserer früheren Arbeit angewendet wurde. FOILing bedeutet im Wesentlichen, dass wir die Bildunterschrift nehmen und eine Folie erzeugen, indem wir die Unterschrift so ändern, dass sie das Bild nicht mehr beschreibt. Und wir führen diese Phraseänderungen durch, indem wir uns auf sechs spezifische Teile konzentrieren, wie zum Beispiel Existenz.
2	147.8400000000003	0.7847974300384521	Zählen.	Existenz, Pluralität, Zählen, räumliche Beziehungen, Aktionen und Entitätskoreferenz. Aber wie testen wir, ob die Vision- und Sprachmodelle diese Phänomene erfasst haben? Durch FOILing, eine Methode, die zuvor nur für Nomenphrasen bei Vision- und Sprachmodellen von Ravi Shekhar und Mitarbeitern sowie beim Zählen in unserer früheren Arbeit angewendet wurde. FOILing bedeutet im Wesentlichen, dass wir die Bildunterschrift nehmen und eine Folie erzeugen, indem wir die Unterschrift so ändern, dass sie das Bild nicht mehr beschreibt. Und wir führen diese Phraseänderungen durch, indem wir uns auf sechs spezifische Teile konzentrieren, wie Existenz oder Pluralität.
2	148.9600000000003	0.9391608238220215	Existenz, Pluralität, Zählen, räumliche Beziehungen, Aktionen und Entitätskoreferenz. Aber wie testen wir, ob die Vision- und Sprachmodelle diese Phänomene erfasst haben? Durch FOILing, eine Methode, die zuvor nur für Nomenphrasen bei Vision- und Sprachmodellen von Ravi Shekhar und Mitarbeitern sowie beim Zählen in unserer früheren Arbeit angewendet wurde. FOILing bedeutet im Wesentlichen, dass wir die Bildunterschrift nehmen und eine Folie erzeugen, indem wir die Unterschrift so ändern, dass sie das Bild nicht mehr beschreibt. Und wir führen diese Phraseänderungen durch, indem wir uns auf sechs spezifische Teile konzentrieren, wie Existenz, Pluralität, Zählen, räumliche Beziehungen.	Zählen.
2	150.0800000000003	0.871619462966919	Zählen, räumliche Beziehungen, Aktionen und	Beziehungen, Aktionen und Entitätskoreferenz. Aber wie testen wir, ob die Vision- und Sprachmodelle diese Phänomene erfasst haben? Durch FOILing, eine Methode, die zuvor nur für Nomenphrasen bei Vision- und Sprachmodellen von Ravi Shekhar und Mitarbeitern sowie beim Zählen in unserer früheren Arbeit angewendet wurde. FOILing bedeutet im Wesentlichen, dass wir die Bildunterschrift nehmen und eine Folie erzeugen, indem wir die Unterschrift so ändern, dass sie das Bild nicht mehr beschreibt. Und wir führen diese Phraseänderungen durch, indem wir uns auf sechs spezifische Teile konzentrieren, wie Existenz, Pluralität, Zählen, räumliche Beziehungen.
2	151.2000000000003	0.7729723453521729		Zählen, räumliche Beziehungen, Aktionen und
2	152.3200000000003	0.7571465969085693	konzentrieren, wie Existenz, Pluralität, Zählen, räumliche Beziehungen, Aktionen und Entitätskoreferenz, wobei jeder Teil	
2	153.4400000000003	0.8250434398651123	können sie auch auf Verzerrungen fokussieren. Um mehr Licht auf dieses Aspekt zu werfen, schlagen wir eine aufgabenagnostischere Richtung vor und stellen Valves vor, die die Sensitivität von Vision- und Sprachmodellen gegenüber spezifischen linguistischen Phänomenen testen, die sowohl die linguistische als auch die visuelle Modalität betreffen. Wir konzentrieren uns auf Existenz, Pluralität, Zählen, räumliche Beziehungen, Aktionen und Entitätskoreferenz. Aber wie testen wir, ob die Vision- und Sprachmodelle diese Phänomene erfasst haben? Durch FOILing, eine Methode, die zuvor nur für Nomenphrasen bei Vision- und Sprachmodellen von Ravi Shekhar und Mitarbeitern sowie beim Zählen in unserer früheren Arbeit angewendet wurde. FOILing bedeutet im Wesentlichen, dass wir die Bildunterschrift nehmen und eine Folie erzeugen, indem wir die Unterschrift so ändern, dass sie das Bild nicht mehr beschreibt. Und wir führen diese Phraseänderungen durch, indem wir uns auf sechs spezifische Teile konzentrieren, wie Existenz, Pluralität, Zählen, räumliche Beziehungen, Aktionen und Entitätskoreferenz, wobei jeder Teil bestehen kann aus	konzentrieren, wie Existenz, Pluralität, Zählen, räumliche Beziehungen, Aktionen und Entitätskoreferenz, wobei jeder Teil
2	154.56000000000031	0.5975382328033447	von Ravi Shekhar und Mitarbeitern sowie beim Zählen in unserer früheren Arbeit angewendet wurde. FOILing bedeutet im Wesentlichen, dass wir die Bildunterschrift nehmen und eine Folie erzeugen, indem wir die Unterschrift so ändern, dass sie das Bild nicht mehr beschreibt. Und wir führen diese Phraseänderungen durch, indem wir uns auf sechs spezifische Teile konzentrieren, wie Existenz, Pluralität, Zählen, räumliche Beziehungen, Aktionen und Entitätskoreferenz, wobei jeder Teil aus einem bestehen kann.	können sie auch auf Verzerrungen fokussieren. Um mehr Licht auf dieses Aspekt zu werfen, schlagen wir eine aufgabenagnostischere Richtung vor und stellen Valves vor, die die Sensitivität von Vision- und Sprachmodellen gegenüber spezifischen linguistischen Phänomenen testen, die sowohl die linguistische als auch die visuelle Modalität betreffen. Wir konzentrieren uns auf Existenz, Pluralität, Zählen, räumliche Beziehungen, Aktionen und Entitätskoreferenz. Aber wie testen wir, ob die Vision- und Sprachmodelle diese Phänomene erfasst haben? Durch FOILing, eine Methode, die zuvor nur für Nomenphrasen bei Vision- und Sprachmodellen von Ravi Shekhar und Mitarbeitern sowie beim Zählen in unserer früheren Arbeit angewendet wurde. FOILing bedeutet im Wesentlichen, dass wir die Bildunterschrift nehmen und eine Folie erzeugen, indem wir die Unterschrift so ändern, dass sie das Bild nicht mehr beschreibt. Und wir führen diese Phraseänderungen durch, indem wir uns auf sechs spezifische Teile konzentrieren, wie Existenz, Pluralität, Zählen, räumliche Beziehungen, Aktionen und Entitätskoreferenz, wobei jeder Teil bestehen kann aus
2	155.68000000000032	0.7248339653015137	aus einem Mitarbeitern sowie beim Zählen in unserer früheren Arbeit angewendet wurde. FOILing bedeutet im Wesentlichen, dass wir die Bildunterschrift nehmen und eine Folie erzeugen, indem wir die Unterschrift so ändern, dass sie das Bild nicht mehr beschreibt. Und wir führen diese Phraseänderungen durch, indem wir uns auf sechs spezifische Teile konzentrieren, wie Existenz, Pluralität, Zählen, räumliche Beziehungen, Aktionen und Entitätskoreferenz, wobei jeder Teil aus einem oder mehreren Instrumenten bestehen kann.	von Ravi Shekhar und Mitarbeitern sowie beim Zählen in unserer früheren Arbeit angewendet wurde. FOILing bedeutet im Wesentlichen, dass wir die Bildunterschrift nehmen und eine Folie erzeugen, indem wir die Unterschrift so ändern, dass sie das Bild nicht mehr beschreibt. Und wir führen diese Phraseänderungen durch, indem wir uns auf sechs spezifische Teile konzentrieren, wie Existenz, Pluralität, Zählen, räumliche Beziehungen, Aktionen und Entitätskoreferenz, wobei jeder Teil aus einem bestehen kann.
2	156.80000000000032	0.7992434501647949		Mitarbeitern sowie beim Zählen in unserer früheren Arbeit angewendet wurde. FOILing bedeutet im Wesentlichen, dass wir die Bildunterschrift nehmen und eine Folie erzeugen, indem wir die Unterschrift so ändern, dass sie das Bild nicht mehr beschreibt. Und wir führen diese Phraseänderungen durch, indem wir uns auf sechs spezifische Teile konzentrieren, wie Existenz, Pluralität, Zählen, räumliche Beziehungen, Aktionen und Entitätskoreferenz, wobei jeder Teil aus einem oder mehreren Instrumenten bestehen kann.
2	157.92000000000033	0.719397783279419	Falls wir bedeutet im Wesentlichen, dass wir die Bildunterschrift nehmen und eine Folie erzeugen, indem wir die Unterschrift so ändern, dass sie das Bild nicht mehr beschreibt. Und wir führen diese Phraseänderungen durch, indem wir uns auf sechs spezifische Teile konzentrieren, wie Existenz, Pluralität, Zählen, räumliche Beziehungen, Aktionen und Entitätskoreferenz, wobei jeder Teil aus einem oder mehreren Instrumenten bestehen kann. Falls wir mehr als eines gefunden haben.	
2	159.04000000000033	0.5603697299957275	mehr als	bedeutet im Wesentlichen, dass wir die Bildunterschrift nehmen und eine Folie erzeugen, indem wir die Unterschrift so ändern, dass sie das Bild nicht mehr beschreibt. Und wir führen diese Phraseänderungen durch, indem wir uns auf sechs spezifische Teile konzentrieren, wie Existenz, Pluralität, Zählen, räumliche Beziehungen, Aktionen und Entitätskoreferenz, wobei jeder Teil aus einem oder mehreren Instrumenten bestehen kann. Falls wir mehr als eines gefunden haben.
2	160.16000000000034	0.8119547367095947	ändern, dass sie das Bild nicht mehr beschreibt. Und wir führen diese Phraseänderungen durch, indem wir uns auf sechs spezifische Teile konzentrieren, wie Existenz, Pluralität, Zählen, räumliche Beziehungen, Aktionen und Entitätskoreferenz, wobei jeder Teil aus einem oder mehreren Instrumenten bestehen kann. Falls wir mehr als einen interessanten Weg gefunden haben, um zu erstellen	
2	161.28000000000034	0.9751076698303223	einen interessanten Weg gefunden haben, um nehmen und eine Folie erzeugen, indem wir die Unterschrift so ändern, dass sie das Bild nicht mehr beschreibt. Und wir führen diese Phraseänderungen durch, indem wir uns auf sechs spezifische Teile konzentrieren, wie Existenz, Pluralität, Zählen, räumliche Beziehungen, Aktionen und Entitätskoreferenz, wobei jeder Teil aus einem oder mehreren Instrumenten bestehen kann. Falls wir mehr als einen interessanten Weg gefunden haben, um Folie-Instrumente zu erstellen.	ändern, dass sie das Bild nicht mehr beschreibt. Und wir führen diese Phraseänderungen durch, indem wir uns auf sechs spezifische Teile konzentrieren, wie Existenz, Pluralität, Zählen, räumliche Beziehungen, Aktionen und Entitätskoreferenz, wobei jeder Teil aus einem oder mehreren Instrumenten bestehen kann. Falls wir mehr als einen interessanten Weg gefunden haben, um zu erstellen
2	162.40000000000035	0.7735083103179932	erzeugen, indem wir die Unterschrift so ändern, dass sie das Bild nicht mehr beschreibt. Und wir führen diese Phraseänderungen durch, indem wir uns auf sechs spezifische Teile konzentrieren, wie Existenz, Pluralität, Zählen, räumliche Beziehungen, Aktionen und Entitätskoreferenz, wobei jeder Teil aus einem oder mehreren Instrumenten bestehen kann. Falls wir mehr als einen interessanten Weg gefunden haben, um FOIL-Instanzen zu erstellen.	nehmen und eine Folie erzeugen, indem wir die Unterschrift so ändern, dass sie das Bild nicht mehr beschreibt. Und wir führen diese Phraseänderungen durch, indem wir uns auf sechs spezifische Teile konzentrieren, wie Existenz, Pluralität, Zählen, räumliche Beziehungen, Aktionen und Entitätskoreferenz, wobei jeder Teil aus einem oder mehreren Instrumenten bestehen kann. Falls wir mehr als einen interessanten Weg gefunden haben, um Folie-Instrumente zu erstellen.
2	163.52000000000035	0.8452019691467285		erzeugen, indem wir die Unterschrift so ändern, dass sie das Bild nicht mehr beschreibt. Und wir führen diese Phraseänderungen durch, indem wir uns auf sechs spezifische Teile konzentrieren, wie Existenz, Pluralität, Zählen, räumliche Beziehungen, Aktionen und Entitätskoreferenz, wobei jeder Teil aus einem oder mehreren Instrumenten bestehen kann. Falls wir mehr als einen interessanten Weg gefunden haben, um FOIL-Instanzen zu erstellen.
2	164.64000000000036	0.600461483001709	Zum	
2	165.76000000000036	0.6393213272094727	Beispiel im Fall die Unterschrift so ändern, dass sie das Bild nicht mehr beschreibt. Und wir führen diese Phraseänderungen durch, indem wir uns auf sechs spezifische Teile konzentrieren, wie Existenz, Pluralität, Zählen, räumliche Beziehungen, Aktionen und Entitätskoreferenz, wobei jeder Teil aus einem oder mehreren Instrumenten bestehen kann. Falls wir mehr als einen interessanten Weg gefunden haben, um FOIL-Instanzen zu erstellen. Zum Beispiel im Fall der Aktionen P	
2	166.88000000000036	0.6869187355041504	Unterschrift so ändern, dass sie das Bild nicht mehr beschreibt. Und wir führen diese Phraseänderungen durch, indem wir uns auf sechs spezifische Teile konzentrieren, wie Existenz, Pluralität, Zählen, räumliche Beziehungen, Aktionen und Entitätskoreferenz, wobei jeder Teil aus einem oder mehreren Instrumenten bestehen kann. Falls wir mehr als einen interessanten Weg gefunden haben, um FOIL-Instanzen zu erstellen. Zum Beispiel im Fall des Aktionsteils haben wir zwei.	die Unterschrift so ändern, dass sie das Bild nicht mehr beschreibt. Und wir führen diese Phraseänderungen durch, indem wir uns auf sechs spezifische Teile konzentrieren, wie Existenz, Pluralität, Zählen, räumliche Beziehungen, Aktionen und Entitätskoreferenz, wobei jeder Teil aus einem oder mehreren Instrumenten bestehen kann. Falls wir mehr als einen interessanten Weg gefunden haben, um FOIL-Instanzen zu erstellen. Zum Beispiel im Fall der Aktionen P
2	168.00000000000037	0.7418344020843506	des Aktionsteils haben wir Methode, die zuvor nur für Nomenphrasen bei Vision- und Sprachmodellen von Ravi Shekhar und Mitarbeitern sowie beim Zählen in unserer früheren Arbeit angewendet wurde. FOILing bedeutet im Wesentlichen, dass wir die Bildunterschrift nehmen und eine Folie erzeugen, indem wir die Unterschrift so ändern, dass sie das Bild nicht mehr beschreibt. Und wir führen diese Phraseänderungen durch, indem wir uns auf sechs spezifische Teile konzentrieren, wie Existenz, Pluralität, Zählen, räumliche Beziehungen, Aktionen und Entitätskoreferenz, wobei jeder Teil aus einem oder mehreren Instrumenten bestehen kann. Falls wir mehr als einen interessanten Weg gefunden haben, um FOIL-Instanzen zu erstellen. Zum Beispiel im Fall des Aktionsteils haben wir zwei Instrumente.	Unterschrift so ändern, dass sie das Bild nicht mehr beschreibt. Und wir führen diese Phraseänderungen durch, indem wir uns auf sechs spezifische Teile konzentrieren, wie Existenz, Pluralität, Zählen, räumliche Beziehungen, Aktionen und Entitätskoreferenz, wobei jeder Teil aus einem oder mehreren Instrumenten bestehen kann. Falls wir mehr als einen interessanten Weg gefunden haben, um FOIL-Instanzen zu erstellen. Zum Beispiel im Fall des Aktionsteils haben wir zwei.
2	169.12000000000037	0.8018901348114014	zwei Methode, die zuvor nur für Nomenphrasen bei Vision- und Sprachmodellen von Ravi Shekhar und Mitarbeitern sowie beim Zählen in unserer früheren Arbeit angewendet wurde. FOILing bedeutet im Wesentlichen, dass wir die Bildunterschrift nehmen und eine Folie erzeugen, indem wir die Unterschrift so ändern, dass sie das Bild nicht mehr beschreibt. Und wir führen diese Phraseänderungen durch, indem wir uns auf sechs spezifische Teile konzentrieren, wie Existenz, Pluralität, Zählen, räumliche Beziehungen, Aktionen und Entitätskoreferenz, wobei jeder Teil aus einem oder mehreren Instrumenten bestehen kann. Falls wir mehr als einen interessanten Weg gefunden haben, um FOIL-Instanzen zu erstellen. Zum Beispiel im Fall des Aktionsteils haben wir zwei Instrumente, eines davon, in dem die Aktionen	Methode, die zuvor nur für Nomenphrasen bei Vision- und Sprachmodellen von Ravi Shekhar und Mitarbeitern sowie beim Zählen in unserer früheren Arbeit angewendet wurde. FOILing bedeutet im Wesentlichen, dass wir die Bildunterschrift nehmen und eine Folie erzeugen, indem wir die Unterschrift so ändern, dass sie das Bild nicht mehr beschreibt. Und wir führen diese Phraseänderungen durch, indem wir uns auf sechs spezifische Teile konzentrieren, wie Existenz, Pluralität, Zählen, räumliche Beziehungen, Aktionen und Entitätskoreferenz, wobei jeder Teil aus einem oder mehreren Instrumenten bestehen kann. Falls wir mehr als einen interessanten Weg gefunden haben, um FOIL-Instanzen zu erstellen. Zum Beispiel im Fall des Aktionsteils haben wir zwei Instrumente.
2	170.24000000000038	0.8920080661773682	Instrumente, ändern, dass sie das Bild nicht mehr beschreibt. Und wir führen diese Phraseänderungen durch, indem wir uns auf sechs spezifische Teile konzentrieren, wie Existenz, Pluralität, Zählen, räumliche Beziehungen, Aktionen und Entitätskoreferenz, wobei jeder Teil aus einem oder mehreren Instrumenten bestehen kann. Falls wir mehr als einen interessanten Weg gefunden haben, um FOIL-Instanzen zu erstellen. Zum Beispiel im Fall des Aktionsteils haben wir zwei Instrumente, eines, in dem das Aktionsverb geändert wird.	Methode, die zuvor nur für Nomenphrasen bei Vision- und Sprachmodellen von Ravi Shekhar und Mitarbeitern sowie beim Zählen in unserer früheren Arbeit angewendet wurde. FOILing bedeutet im Wesentlichen, dass wir die Bildunterschrift nehmen und eine Folie erzeugen, indem wir die Unterschrift so ändern, dass sie das Bild nicht mehr beschreibt. Und wir führen diese Phraseänderungen durch, indem wir uns auf sechs spezifische Teile konzentrieren, wie Existenz, Pluralität, Zählen, räumliche Beziehungen, Aktionen und Entitätskoreferenz, wobei jeder Teil aus einem oder mehreren Instrumenten bestehen kann. Falls wir mehr als einen interessanten Weg gefunden haben, um FOIL-Instanzen zu erstellen. Zum Beispiel im Fall des Aktionsteils haben wir zwei Instrumente, eines davon, in dem die Aktionen
2	171.36000000000038	0.9459371566772461	ändern, dass sie das Bild nicht mehr beschreibt. Und wir führen diese Phraseänderungen durch, indem wir uns auf sechs spezifische Teile konzentrieren, wie Existenz, Pluralität, Zählen, räumliche Beziehungen, Aktionen und Entitätskoreferenz, wobei jeder Teil aus einem oder mehreren Instrumenten bestehen kann. Falls wir mehr als einen interessanten Weg gefunden haben, um FOIL-Instanzen zu erstellen. Zum Beispiel im Fall des Aktionsteils haben wir zwei Instrumente, eines davon, bei dem das Aktionsverb mit einem anderen Akzent geändert wird.	ändern, dass sie das Bild nicht mehr beschreibt. Und wir führen diese Phraseänderungen durch, indem wir uns auf sechs spezifische Teile konzentrieren, wie Existenz, Pluralität, Zählen, räumliche Beziehungen, Aktionen und Entitätskoreferenz, wobei jeder Teil aus einem oder mehreren Instrumenten bestehen kann. Falls wir mehr als einen interessanten Weg gefunden haben, um FOIL-Instanzen zu erstellen. Zum Beispiel im Fall des Aktionsteils haben wir zwei Instrumente, eines, in dem das Aktionsverb geändert wird.
2	172.4800000000004	1.0208373069763184	durch, indem wir uns auf sechs spezifische Teile konzentrieren, wie Existenz, Pluralität, Zählen, räumliche Beziehungen, Aktionen und Entitätskoreferenz, wobei jeder Teil aus einem oder mehreren Instrumenten bestehen kann. Falls wir mehr als einen interessanten Weg gefunden haben, um FOIL-Instanzen zu erstellen. Zum Beispiel im Fall des Aktionsteils haben wir zwei Instrumente, eines, in dem das Aktionsverb durch ein anderes Aktionsverb ersetzt wird, und eines	ändern, dass sie das Bild nicht mehr beschreibt. Und wir führen diese Phraseänderungen durch, indem wir uns auf sechs spezifische Teile konzentrieren, wie Existenz, Pluralität, Zählen, räumliche Beziehungen, Aktionen und Entitätskoreferenz, wobei jeder Teil aus einem oder mehreren Instrumenten bestehen kann. Falls wir mehr als einen interessanten Weg gefunden haben, um FOIL-Instanzen zu erstellen. Zum Beispiel im Fall des Aktionsteils haben wir zwei Instrumente, eines davon, bei dem das Aktionsverb mit einem anderen Akzent geändert wird.
2	173.6000000000004	1.2128033638000488	eines, in dem das Aktionsverb durch ein anderes Aktionsverb ersetzt wird, und	durch, indem wir uns auf sechs spezifische Teile konzentrieren, wie Existenz, Pluralität, Zählen, räumliche Beziehungen, Aktionen und Entitätskoreferenz, wobei jeder Teil aus einem oder mehreren Instrumenten bestehen kann. Falls wir mehr als einen interessanten Weg gefunden haben, um FOIL-Instanzen zu erstellen. Zum Beispiel im Fall des Aktionsteils haben wir zwei Instrumente, eines, in dem das Aktionsverb durch ein anderes Aktionsverb ersetzt wird, und eines
2	174.7200000000004	0.8966155052185059	eines, in dem	
2	175.8400000000004	0.458371639251709	die Akteure ausgetauscht werden.	
2	176.9600000000004	0.7689938545227051	auch auf Verzerrungen fokussieren. Um mehr Licht auf dieses Aspekt zu werfen, schlagen wir eine aufgabenagnostischere Richtung vor und stellen Valves vor, die die Sensitivität von Vision- und Sprachmodellen gegenüber spezifischen linguistischen Phänomenen testen, die sowohl die linguistische als auch die visuelle Modalität betreffen. Wir konzentrieren uns auf Existenz, Pluralität, Zählen, räumliche Beziehungen, Aktionen und Entitätskoreferenz. Aber wie testen wir, ob die Vision- und Sprachmodelle diese Phänomene erfasst haben? Durch FOILing, eine Methode, die zuvor nur für Nomenphrasen bei Vision- und Sprachmodellen von Ravi Shekhar und Mitarbeitern sowie beim Zählen in unserer früheren Arbeit angewendet wurde. FOILing bedeutet im Wesentlichen, dass wir die Bildunterschrift nehmen und eine Folie erzeugen, indem wir die Unterschrift so ändern, dass sie das Bild nicht mehr beschreibt. Und wir führen diese Phraseänderungen durch, indem wir uns auf sechs spezifische Teile konzentrieren, wie Existenz, Pluralität, Zählen, räumliche Beziehungen, Aktionen und Entitätskoreferenz, wobei jeder Teil aus einem oder mehreren Instrumenten bestehen kann. Falls wir mehr als einen interessanten Weg gefunden haben, um FOIL-Instanzen zu erstellen. Zum Beispiel im Fall des Aktionsteils haben wir zwei Instrumente, eines, in dem das Aktionsverb durch ein anderes Aktionsverb ersetzt wird, und eines, in dem die Akteure ausgetauscht werden. Auch beim Zählen und bei der Koreferenz.	
2	178.0800000000004	0.9377849102020264	auch auf Verzerrungen fokussieren. Um mehr Licht auf dieses Aspekt zu werfen, schlagen wir eine aufgabenagnostischere Richtung vor und stellen Valves vor, die die Sensitivität von Vision- und Sprachmodellen gegenüber spezifischen linguistischen Phänomenen testen, die sowohl die linguistische als auch die visuelle Modalität betreffen. Wir konzentrieren uns auf Existenz, Pluralität, Zählen, räumliche Beziehungen, Aktionen und Entitätskoreferenz. Aber wie testen wir, ob die Vision- und Sprachmodelle diese Phänomene erfasst haben? Durch FOILing, eine Methode, die zuvor nur für Nomenphrasen bei Vision- und Sprachmodellen von Ravi Shekhar und Mitarbeitern sowie beim Zählen in unserer früheren Arbeit angewendet wurde. FOILing bedeutet im Wesentlichen, dass wir die Bildunterschrift nehmen und eine Folie erzeugen, indem wir die Unterschrift so ändern, dass sie das Bild nicht mehr beschreibt. Und wir führen diese Phraseänderungen durch, indem wir uns auf sechs spezifische Teile konzentrieren, wie Existenz, Pluralität, Zählen, räumliche Beziehungen, Aktionen und Entitätskoreferenz, wobei jeder Teil aus einem oder mehreren Instrumenten bestehen kann. Falls wir mehr als einen interessanten Weg gefunden haben, um FOIL-Instanzen zu erstellen. Zum Beispiel im Fall des Aktionsteils haben wir zwei Instrumente, eines, in dem das Aktionsverb durch ein anderes Aktionsverb ersetzt wird, und eines, in dem die Akteure ausgetauscht werden. Zählen und Koreferenz sind ebenfalls Teile, die identisch sind.	auch auf Verzerrungen fokussieren. Um mehr Licht auf dieses Aspekt zu werfen, schlagen wir eine aufgabenagnostischere Richtung vor und stellen Valves vor, die die Sensitivität von Vision- und Sprachmodellen gegenüber spezifischen linguistischen Phänomenen testen, die sowohl die linguistische als auch die visuelle Modalität betreffen. Wir konzentrieren uns auf Existenz, Pluralität, Zählen, räumliche Beziehungen, Aktionen und Entitätskoreferenz. Aber wie testen wir, ob die Vision- und Sprachmodelle diese Phänomene erfasst haben? Durch FOILing, eine Methode, die zuvor nur für Nomenphrasen bei Vision- und Sprachmodellen von Ravi Shekhar und Mitarbeitern sowie beim Zählen in unserer früheren Arbeit angewendet wurde. FOILing bedeutet im Wesentlichen, dass wir die Bildunterschrift nehmen und eine Folie erzeugen, indem wir die Unterschrift so ändern, dass sie das Bild nicht mehr beschreibt. Und wir führen diese Phraseänderungen durch, indem wir uns auf sechs spezifische Teile konzentrieren, wie Existenz, Pluralität, Zählen, räumliche Beziehungen, Aktionen und Entitätskoreferenz, wobei jeder Teil aus einem oder mehreren Instrumenten bestehen kann. Falls wir mehr als einen interessanten Weg gefunden haben, um FOIL-Instanzen zu erstellen. Zum Beispiel im Fall des Aktionsteils haben wir zwei Instrumente, eines, in dem das Aktionsverb durch ein anderes Aktionsverb ersetzt wird, und eines, in dem die Akteure ausgetauscht werden. Auch beim Zählen und bei der Koreferenz.
2	179.20000000000041	0.9631578922271729	haben? Durch FOILing, eine Methode, die zuvor nur für Nomenphrasen bei Vision- und Sprachmodellen von Ravi Shekhar und Mitarbeitern sowie beim Zählen in unserer früheren Arbeit angewendet wurde. FOILing bedeutet im Wesentlichen, dass wir die Bildunterschrift nehmen und eine Folie erzeugen, indem wir die Unterschrift so ändern, dass sie das Bild nicht mehr beschreibt. Und wir führen diese Phraseänderungen durch, indem wir uns auf sechs spezifische Teile konzentrieren, wie Existenz, Pluralität, Zählen, räumliche Beziehungen, Aktionen und Entitätskoreferenz, wobei jeder Teil aus einem oder mehreren Instrumenten bestehen kann. Falls wir mehr als einen interessanten Weg gefunden haben, um FOIL-Instanzen zu erstellen. Zum Beispiel im Fall des Aktionsteils haben wir zwei Instrumente, eines, in dem das Aktionsverb durch ein anderes Aktionsverb ersetzt wird, und eines, in dem die Akteure ausgetauscht werden. Auch Zählen und Koreferenz sind Teile, die mehr als ein Instrument haben.	auch auf Verzerrungen fokussieren. Um mehr Licht auf dieses Aspekt zu werfen, schlagen wir eine aufgabenagnostischere Richtung vor und stellen Valves vor, die die Sensitivität von Vision- und Sprachmodellen gegenüber spezifischen linguistischen Phänomenen testen, die sowohl die linguistische als auch die visuelle Modalität betreffen. Wir konzentrieren uns auf Existenz, Pluralität, Zählen, räumliche Beziehungen, Aktionen und Entitätskoreferenz. Aber wie testen wir, ob die Vision- und Sprachmodelle diese Phänomene erfasst haben? Durch FOILing, eine Methode, die zuvor nur für Nomenphrasen bei Vision- und Sprachmodellen von Ravi Shekhar und Mitarbeitern sowie beim Zählen in unserer früheren Arbeit angewendet wurde. FOILing bedeutet im Wesentlichen, dass wir die Bildunterschrift nehmen und eine Folie erzeugen, indem wir die Unterschrift so ändern, dass sie das Bild nicht mehr beschreibt. Und wir führen diese Phraseänderungen durch, indem wir uns auf sechs spezifische Teile konzentrieren, wie Existenz, Pluralität, Zählen, räumliche Beziehungen, Aktionen und Entitätskoreferenz, wobei jeder Teil aus einem oder mehreren Instrumenten bestehen kann. Falls wir mehr als einen interessanten Weg gefunden haben, um FOIL-Instanzen zu erstellen. Zum Beispiel im Fall des Aktionsteils haben wir zwei Instrumente, eines, in dem das Aktionsverb durch ein anderes Aktionsverb ersetzt wird, und eines, in dem die Akteure ausgetauscht werden. Zählen und Koreferenz sind ebenfalls Teile, die identisch sind.
2	180.32000000000042	0.9926915168762207		haben? Durch FOILing, eine Methode, die zuvor nur für Nomenphrasen bei Vision- und Sprachmodellen von Ravi Shekhar und Mitarbeitern sowie beim Zählen in unserer früheren Arbeit angewendet wurde. FOILing bedeutet im Wesentlichen, dass wir die Bildunterschrift nehmen und eine Folie erzeugen, indem wir die Unterschrift so ändern, dass sie das Bild nicht mehr beschreibt. Und wir führen diese Phraseänderungen durch, indem wir uns auf sechs spezifische Teile konzentrieren, wie Existenz, Pluralität, Zählen, räumliche Beziehungen, Aktionen und Entitätskoreferenz, wobei jeder Teil aus einem oder mehreren Instrumenten bestehen kann. Falls wir mehr als einen interessanten Weg gefunden haben, um FOIL-Instanzen zu erstellen. Zum Beispiel im Fall des Aktionsteils haben wir zwei Instrumente, eines, in dem das Aktionsverb durch ein anderes Aktionsverb ersetzt wird, und eines, in dem die Akteure ausgetauscht werden. Auch Zählen und Koreferenz sind Teile, die mehr als ein Instrument haben.
2	181.44000000000042	0.5845286846160889	Und wir führen diese Phraseänderungen durch, indem wir uns auf sechs spezifische Teile konzentrieren, wie Existenz, Pluralität, Zählen, räumliche Beziehungen, Aktionen und Entitätskoreferenz, wobei jeder Teil aus einem oder mehreren Instrumenten bestehen kann. Falls wir mehr als einen interessanten Weg gefunden haben, um FOIL-Instanzen zu erstellen. Zum Beispiel im Fall des Aktionsteils haben wir zwei Instrumente, eines, in dem das Aktionsverb durch ein anderes Aktionsverb ersetzt wird, und eines, in dem die Akteure ausgetauscht werden. Auch Zählen und Koreferenz sind Teile, die mehr als ein Instrument haben. Und wir erstellen diese.	
2	182.56000000000043	0.8066625595092773	erstellen	führen diese Phraseänderungen durch, indem wir uns auf sechs spezifische Teile konzentrieren, wie Existenz, Pluralität, Zählen, räumliche Beziehungen, Aktionen und Entitätskoreferenz, wobei jeder Teil aus einem oder mehreren Instrumenten bestehen kann. Falls wir mehr als einen interessanten Weg gefunden haben, um FOIL-Instanzen zu erstellen. Zum Beispiel im Fall des Aktionsteils haben wir zwei Instrumente, eines, in dem das Aktionsverb durch ein anderes Aktionsverb ersetzt wird, und eines, in dem die Akteure ausgetauscht werden. Auch Zählen und Koreferenz sind Teile, die mehr als ein Instrument haben. Und wir erstellen diese.
2	183.68000000000043	0.8423969745635986	diese Folien, indem wir	
2	184.80000000000044	0.800931453704834	sicherstellen, dass sie	
2	185.92000000000044	0.7525320053100586	das Bild nicht	
2	187.04000000000045	0.8835787773132324	beschreiben,	
2	188.16000000000045	0.9123935699462891	aber grammatikalisch korrekt und	
2	189.28000000000046	0.7066876888275146		
2	190.40000000000046	0.7888293266296387	sonst gültige Sätze sind.	
2	191.52000000000046	0.6828796863555908		
2	192.64000000000047	0.799530029296875	Das ist nicht einfach zu	
2	193.76000000000047	0.814129114151001	tun,	
2	194.88000000000048	0.7209086418151855	da eine gefolgte Unterschrift	
2	196.00000000000048	0.7602918148040771	weniger	
2	197.1200000000005	0.8197896480560303	wahrscheinlich sein könnte als die	
2	198.2400000000005	0.7139999866485596	ursprüngliche Unterschrift.	
2	199.3600000000005	0.6791613101959229	Zum Beispiel,	
2	200.4800000000005	0.8127567768096924	obwohl	
2	201.6000000000005	0.7835183143615723	es nicht unmöglich ist, ist es	
2	202.7200000000005	0.6688637733459473	statistisch	
2	203.84000000000052	0.7727885246276855		
2	204.96000000000052	0.8938450813293457	unwahrscheinlicher, dass Pflanzen	
2	206.08000000000052	0.9153342247009277	einen Mann schneiden, als	
2	207.20000000000053	0.7247464656829834	dass ein Mann Pflanzen schneidet.	
2	208.32000000000053	0.4459264278411865		
2	209.44000000000054	0.818824291229248		
2	210.56000000000054	0.8103575706481934	Große Vision- und Sprachmodelle könnten dies	
2	211.68000000000055	0.5450398921966553	erkennen.	
2	212.80000000000055	0.7360832691192627		
2	213.92000000000056	0.8793368339538574		
2	215.04000000000056	0.9975664615631104	Daher müssen	
2	216.16000000000057	0.6021573543548584	wir Maßnahmen ergreifen, um gültige Folien zu erhalten.	
2	217.28000000000057	0.5642914772033691		
2	218.40000000000057	0.6999201774597168	Erstens nutzen wir	
2	219.52000000000058	0.7567026615142822	starke	
2	220.64000000000058	0.8049609661102295	Sprachmodelle, um	
2	221.7600000000006	0.8497562408447266		
2	222.8800000000006	0.8195879459381104		
2	224.0000000000006	0.965827465057373		
2	225.1200000000006	1.115469217300415	Vorschläge zu machen. Zweitens verwenden wir natürliche Sprachinferenz oder	
2	226.2400000000006	0.6529297828674316	kurze	
2	227.3600000000006	0.8217206001281738	NLI, um	
2	228.48000000000062	0.7707204818725586	Folien	
2	229.60000000000062	0.8744733333587646	zu filtern, die	
2	230.72000000000062	0.9260275363922119	das Bild noch beschreiben	
2	231.84000000000063	0.8292191028594971	könnten, da	
2	232.96000000000063	0.8402695655822754	wir bei der	
2	234.08000000000064	1.0354104042053223		
2	235.20000000000064	0.9683072566986084		
2	236.32000000000065	1.196075439453125	Erstellung von Folien sicherstellen müssen, dass sie das Bild nicht beschreiben.	
2	237.44000000000065	0.7331466674804688	Um dies automatisch zu testen,	
2	238.56000000000066	0.736365795135498	wenden wir	
2	239.68000000000066	0.7364718914031982	natürliche Sprachinferenz	
2	240.80000000000067	0.7243895530700684	mit	
2	241.92000000000067	0.8602135181427002	folgender Begründung an.	
2	243.04000000000067	0.6607487201690674	Wir betrachten ein	
2	244.16000000000068	0.6457338333129883	Bild als	
2	245.28000000000068	0.7606520652770996		
2	246.4000000000007	0.8738071918487549	Prämisse und seine	
2	247.5200000000007	0.7678945064544678	Unterschrift als	
2	248.6400000000007	0.7834219932556152	seine implizierte Hypothese.	
2	249.7600000000007	0.6904661655426025		
2	250.8800000000007	0.8672831058502197	Zusätzlich betrachten wir die Unterschrift	
2	252.0000000000007	0.7647383213043213	als	
2	253.12000000000072	0.8582525253295898	Prämisse und die Folie als	
2	254.24000000000072	0.6862845420837402	ihre Hypothese.	
2	255.36000000000072	0.7608211040496826	Wenn ein	
2	256.4800000000007	0.9733366966247559	NLI-Modell	
2	257.6000000000007	0.8362720012664795	vorhersagt, dass die FOIL	
2	258.7200000000007	0.7089958190917969		
2	259.8400000000007	0.936744213104248		
2	260.9600000000007	0.9597947597503662	im Widerspruch zur Unterschrift steht oder neutral bezüglich derselben ist,	
2	262.0800000000007	0.6200976371765137		
2	263.2000000000007	0.6790194511413574	nehmen wir dies als	
2	264.32000000000073	0.7769579887390137	Indikator für	
2	265.44000000000074	0.41252851486206055	eine gültige FOIL.	
2	266.56000000000074	0.8006274700164795		
2	267.68000000000075	0.8284783363342285	Wenn ein NLI-Modell	
2	268.80000000000075	0.9907701015472412		
2	269.92000000000075	0.6967475414276123	vorhersagt, dass die Folie durch die Unterschrift impliziert wird,	
2	271.04000000000076	0.7704319953918457		
2	272.16000000000076	0.8037471771240234	kann sie keine gute Folie	
2	273.28000000000077	0.7375547885894775	sein, da sie	
2	274.4000000000008	0.7739946842193604		
2	275.5200000000008	0.9626951217651367	durch Transitivität	
2	276.6400000000008	0.9720757007598877	eine wahrheitsgemäße Beschreibung	
2	277.7600000000008	0.9647600650787354	des Bildes liefern	
2	278.8800000000008	0.8106999397277832		
2	280.0000000000008	0.9418210983276367	würde und wir diese Folien herausfiltern.	
2	281.1200000000008	0.7144260406494141	Aber dieses Verfahren ist nicht	
2	282.2400000000008	0.7431106567382812		
2	283.3600000000008	0.9449367523193359	perfekt; es ist nur ein	
2	284.4800000000008	0.7733571529388428	Indikator für	
2	285.6000000000008	0.873582124710083	gültige	
2	286.7200000000008	0.8761343955993652	Folien. Daher als dritte	
2	287.8400000000008	0.9227471351623535	Maßnahme zur Generierung	
2	288.96000000000083	0.9225986003875732	gültiger	
2	290.08000000000084	1.0411832332611084		
2	291.20000000000084	1.1934657096862793	Folien setzen wir menschliche Annotatoren ein, um	
2	292.32000000000085	0.7872629165649414	die	
2	293.44000000000085	0.47795557975769043	in Valves verwendeten Daten zu validieren.	
2	294.56000000000085	0.7383873462677002		
2	295.68000000000086	0.8363802433013916	Also, nach	
2	296.80000000000086	0.8118374347686768	Filterung und menschlicher Bewertung,	
2	297.92000000000087	0.6814498901367188	haben wir	
2	299.0400000000009	0.8046495914459229	so viele	
2	300.1600000000009	0.8697140216827393		
2	301.2800000000009	0.8703155517578125	Test-Instanzen, wie in	
2	302.4000000000009	0.9039173126220703	dieser Tabelle beschrieben.	
2	303.5200000000009	0.8605384826660156	Beachten Sie, dass Valves	
2	304.6400000000009	0.7226963043212891	keine Trainingsdaten	
2	305.7600000000009	0.7293224334716797	liefert, sondern nur	
2	306.8800000000009	0.24764299392700195	Testdaten.	
2	308.0000000000009	0.8364951610565186		
2	309.1200000000009	0.9262874126434326	Da es	
2	310.2400000000009	0.8776915073394775	sich um	
2	311.3600000000009	0.9022951126098633	eine Zero-Shot-Test-Benchmark handelt.	
2	312.4800000000009	0.6733648777008057	Es wurde	
2	313.60000000000093	0.635915994644165	entwickelt, um die	
2	314.72000000000094	0.5913403034210205	bestehenden	
2	315.84000000000094	0.8580305576324463	Fähigkeiten von	
2	316.96000000000095	0.9441044330596924	Vision- und Sprachmodellen	
2	318.08000000000095	0.7800517082214355	nach dem	
2	319.20000000000095	0.8982775211334229	Vortraining zu nutzen.	
2	320.32000000000096	0.7718918323516846	Feinabstimmung würde	
2	321.44000000000096	0.7837824821472168		
2	322.56000000000097	1.0571258068084717		
2	323.680000000001	1.1358802318572998		
2	324.800000000001	1.2423276901245117	den Modellen lediglich ermöglichen, Artefakte oder statistische Verzerrungen	
2	325.920000000001	1.0030395984649658	in den Daten	
2	327.040000000001	1.0413005352020264		
2	328.160000000001	1.2551465034484863	auszunutzen. Und wir wissen alle, dass diese Modelle gerne	
2	329.280000000001	1.0163376331329346	betrügen und Abkürzungen	
2	330.400000000001	0.7931454181671143		
2	331.520000000001	1.0257987976074219	nehmen. Und wie gesagt, wir sind	
2	332.640000000001	0.7154679298400879	daran interessiert,	
2	333.760000000001	0.8541567325592041	welche Fähigkeiten die	
2	334.880000000001	0.8641088008880615	Vision- und Sprachmodelle	
2	336.000000000001	0.7577707767486572	nach dem	
2	337.120000000001	0.37625908851623535	Vortraining haben.	
2	338.24000000000103	0.6164603233337402		
2	339.36000000000104	0.7599971294403076	Wir experimentieren mit	
2	340.48000000000104	0.8214373588562012	fünf Vision- und	
2	341.60000000000105	0.786562442779541	Sprachmodellen auf	
2	342.72000000000105	0.7375528812408447	Valves,	
2	343.84000000000106	0.7670252323150635	nämlich mit	
2	344.96000000000106	0.941784143447876	Clip,	
2	346.08000000000106	1.1098594665527344		
2	347.20000000000107	1.179213523864746		
2	348.3200000000011	1.201669692993164	LXMert, Vilbert,	
2	349.4400000000011	1.2061071395874023		
2	350.5600000000011	1.1731812953948975		
2	351.6800000000011	1.3304779529571533	Wilbert12in1 und VisualBirt. Zwei unserer wichtigsten Evaluationsmetriken sind	
2	352.8000000000011	0.860849142074585	die Genauigkeit	
2	353.9200000000011	0.9149811267852783	der Modelle	
2	355.0400000000011	0.9514749050140381	bei der Klassifizierung von	
2	356.1600000000011	0.8499329090118408	Bild-Satz-Paaren in	
2	357.2800000000011	0.7456729412078857	Unterschriften und	
2	358.4000000000011	0.7737209796905518	Folien.	
2	359.5200000000011	0.8247835636138916	Vielleicht relevanter für	
2	360.6400000000011	0.7148072719573975	dieses Video werden wir	
2	361.7600000000011	0.78403639793396	unsere	
2	362.88000000000113	0.9137015342712402		
2	364.00000000000114	0.9937479496002197	tolerantere	
2	365.12000000000114	1.003030776977539	Metrik, die paarweise Genauigkeit,	
2	366.24000000000115	0.7638790607452393		
2	367.36000000000115	1.0983073711395264	vorstellen, die misst, ob	
2	368.48000000000116	0.9493739604949951		
2	369.60000000000116	1.0687546730041504	die Bild-Satz-Alignment-Punktzahl	
2	370.72000000000116	0.9631412029266357	für das	
2	371.84000000000117	0.9103314876556396	korrekte Bild-Text-Paar höher	
2	372.9600000000012	0.8203604221343994	ist als für	
2	374.0800000000012	0.8504493236541748	sein	
2	375.2000000000012	0.9662642478942871		
2	376.3200000000012	1.1872849464416504		
2	377.4400000000012	1.2298507690429688		
2	378.5600000000012	1.3834593296051025		
2	379.6800000000012	1.5116755962371826	gefolgtes Paar. Für weitere Metriken und Ergebnisse	
2	380.8000000000012	1.3318843841552734	dazu schauen Sie sich bitte unsere Paper an. Die Ergebnisse mit paarweiser Genauigkeit sind	
2	381.9200000000012	0.9671533107757568	hier	
2	383.0400000000012	1.0751864910125732	zu sehen und sie sind konsistent mit den	
2	384.1600000000012	0.9789619445800781	Ergebnissen, die wir aus den	
2	385.2800000000012	0.9782335758209229	anderen Metriken erhalten haben.	
2	386.4000000000012	0.9103996753692627		
2	387.52000000000123	1.0363104343414307		
2	388.64000000000124	1.304487943649292	Ist das die beste Zero-Shot-Leistung, die	
2	389.76000000000124	1.0717957019805908	von Wilbert 12 in 1 erreicht	
2	390.88000000000125	0.9124405384063721	wird, gefolgt von	
2	392.00000000000125	0.916539192199707		
2	393.12000000000126	0.9673786163330078	Wilbert, Alex Murt, Clip und	
2	394.24000000000126	0.6661224365234375	schließlich Visual Bird.	
2	395.36000000000126	0.8231065273284912		
2	396.48000000000127	1.1882739067077637	Es ist bemerkenswert, wie	
2	397.6000000000013	0.8607606887817383	Instrumente, die sich auf	
2	398.7200000000013	0.9484813213348389	einzelne Objekte	
2	399.8400000000013	0.959852933883667		
2	400.9600000000013	1.0748693943023682	wie Existenz und Nomenphrasen	
2	402.0800000000013	1.0206639766693115	konzentrieren, fast	
2	403.2000000000013	0.9878301620483398	vollständig von	
2	404.3200000000013	1.1568694114685059	Wilbert 12 in 1 gelöst	
2	405.4400000000013	0.9826841354370117	werden, was darauf hinweist, dass Modelle	
2	406.5600000000013	0.8931288719177246	in der Lage sind,	
2	407.6800000000013	0.729924201965332		
2	408.8000000000013	1.0323891639709473	benannte Objekte und	
2	409.9200000000013	0.49914073944091797	deren Anwesenheit in Bildern zu identifizieren.	
2	411.0400000000013	0.6901390552520752		
2	412.16000000000133	0.8580994606018066	Allerdings	
2	413.28000000000134	1.0063965320587158	können keine der verbleibenden Teile	
2	414.40000000000134	0.9461867809295654	zuverlässig	
2	415.52000000000135	1.0070726871490479	in	
2	416.64000000000135	1.055375576019287	unseren adversarischen Folie-Einstellungen gelöst werden.	
2	417.76000000000136	0.8437075614929199	Wir sehen	
2	418.88000000000136	1.035233497619629		
2	420.00000000000136	1.2302687168121338	aus den Pluralität- und Zähl-Instrumenten, dass	
2	421.12000000000137	1.4053685665130615	Vision- und Sprachmodelle	
2	422.2400000000014	0.8721218109130859	Schwierigkeiten	
2	423.3600000000014	0.7650337219238281	haben,	
2	424.4800000000014	0.9497957229614258	Referenzen	
2	425.6000000000014	0.8758630752563477	auf einzelne versus mehrere	
2	426.7200000000014	0.8718104362487793	Objekte zu	
2	427.8400000000014	0.8535819053649902	unterscheiden oder diese	
2	428.9600000000014	0.858154296875	in einem Bild zu zählen.	
2	430.0800000000014	0.8548734188079834		
2	431.2000000000014	1.1586077213287354	Der Relationsteil zeigt, dass sie	
2	432.3200000000014	0.9975321292877197	Schwierigkeiten haben,	
2	433.4400000000014	1.0113377571105957		
2	434.5600000000014	1.1115155220031738	eine benannte räumliche Beziehung	
2	435.6800000000014	0.9661381244659424	zwischen Objekten	
2	436.80000000000143	0.9891419410705566	in einem Bild korrekt zu klassifizieren.	
2	437.92000000000144	0.8941526412963867	Sie haben auch	
2	439.04000000000144	0.9390628337860107	Schwierigkeiten,	
2	440.16000000000145	0.9604566097259521	Aktionen	
2	441.28000000000145	0.9207065105438232	zu unterscheiden und ihre	
2	442.40000000000146	0.9390039443969727	Teilnehmer zu identifizieren,	
2	443.52000000000146	0.8981983661651611	selbst wenn	
2	444.64000000000146	1.1527059078216553		
2	445.76000000000147	1.2344884872436523	sie durch	
2	446.8800000000015	1.2083780765533447		
2	448.0000000000015	1.3677995204925537		
2	449.1200000000015	1.4740893840789795	Plausibilitätsverzerrungen unterstützt werden, wie wir im Aktionsteil sehen. Aus dem Koreferenzteil	
2	450.2400000000015	0.9069292545318604	erfahren	
2	451.3600000000015	1.0438950061798096	wir, dass das Verfolgen mehrerer	
2	452.4800000000015	1.0197937488555908	Referenzen auf	
2	453.6000000000015	1.1307268142700195	dasselbe Objekt in einem Bild	
2	454.7200000000015	0.8404951095581055	durch den Einsatz von Pronomen	
2	455.8400000000015	0.6396970748901367		
2	456.9600000000015	0.9621965885162354	auch für	
2	458.0800000000015	0.47612595558166504	Vision- und Sprachmodelle schwierig ist.	
2	459.2000000000015	0.7148628234863281		
2	460.3200000000015	0.8712015151977539	Als Sanity Check und	
2	461.44000000000153	0.9365687370300293	weil es	
2	462.56000000000154	0.9066662788391113	ein interessantes Experiment ist,	
2	463.68000000000154	0.9242255687713623	bewerten wir auch	
2	464.80000000000155	1.0010597705841064	zwei	
2	465.92000000000155	1.0963621139526367		
2	467.04000000000156	1.1875293254852295		
2	468.16000000000156	1.4620649814605713	text-only-Modelle, GPT-1 und	
2	469.28000000000156	1.2834339141845703		
2	470.40000000000157	1.3073017597198486		
2	471.5200000000016	1.4652974605560303	GPT, um zu beurteilen, ob Valves	
2	472.6400000000016	1.1987237930297852	von diesen unimodalen Modellen lösbar ist, indem wir	
2	473.7600000000016	1.0833415985107422	die Perplexität der	
2	474.8800000000016	1.016371488571167	korrekten und	
2	476.0000000000016	1.032360553741455		
2	477.1200000000016	1.0790176391601562	fehlgeschlagenen Unterschrift	
2	478.2400000000016	1.137019157409668	ohne Bild berechnen und	
2	479.3600000000016	1.054809331893921		
2	480.4800000000016	0.6305196285247803	das Eintrag mit der niedrigsten Perplexität vorhersagen.	
2	481.6000000000016	1.0163090229034424		
2	482.7200000000016	1.1057989597320557	Wenn die Perplexität für die	
2	483.8400000000016	0.9625260829925537	Folie höher ist, nehmen wir	
2	484.9600000000016	0.8434903621673584	dies als	
2	486.08000000000163	0.9656801223754883		
2	487.20000000000164	0.9937176704406738		
2	488.32000000000164	1.3262035846710205		
2	489.44000000000165	1.5155577659606934	Indikator dafür, dass die gefolgte Unterschrift unter Plausibilitätsverzerrung	
2	490.56000000000165	0.933769941329956	oder anderen linguistischen	
2	491.68000000000166	0.9719524383544922	Verzerrungen leiden könnte.	
2	492.80000000000166	0.917029619216919	Und es ist	
2	493.92000000000166	0.884730339050293	interessant zu sehen, dass	
2	495.04000000000167	0.8936581611633301	in einigen Fällen	
2	496.1600000000017	0.9778039455413818	die	
2	497.2800000000017	1.0442423820495605	text-only GPT-Modelle	
2	498.4000000000017	0.893756628036499	die Plausibilität	
2	499.5200000000017	0.9149763584136963	der Welt besser erfasst	
2	500.6400000000017	0.9634082317352295	haben als die	
2	501.7600000000017	0.40393853187561035	Vision- und Sprachmodelle.	
2	502.8800000000017	0.8681356906890869		
2	504.0000000000017	0.967303991317749		
2	505.1200000000017	1.1453967094421387		
2	506.2400000000017	1.3543648719787598	Also, um zusammenzufassen, ist Valves eine Benchmark, die	
2	507.3600000000017	0.9645509719848633	Linse	
2	508.4800000000017	1.0504941940307617	linguistischer	
2	509.6000000000017	1.0788416862487793	Konstruktionen	
2	510.72000000000173	1.2073404788970947		
2	511.84000000000174	1.3338923454284668	nutzt, um der Gemeinschaft zu helfen, Vision- und Sprachmodelle	
2	512.9600000000017	1.0169575214385986	durch	
2	514.0800000000017	1.079836130142212	harte Tests ihrer visuellen	
2	515.2000000000018	0.4259617328643799	Grounding-Fähigkeiten zu verbessern.	
2	516.3200000000018	0.7989556789398193		
2	517.4400000000018	1.0060539245605469	Unsere Experimente	
2	518.5600000000018	1.0028109550476074	zeigen, dass Vision- und Sprachmodelle	
2	519.6800000000018	0.8573989868164062		
2	520.8000000000018	1.0143604278564453	benannte Objekte	
2	521.9200000000018	1.0228345394134521	und deren Anwesenheit	
2	523.0400000000018	1.0779173374176025	in Bildern gut identifizieren, wie	
2	524.1600000000018	0.8664517402648926		
2	525.2800000000018	1.121021032333374		
2	526.4000000000018	1.3066751956939697		
2	527.5200000000018	1.4729604721069336	vom Existenzteil gezeigt wird, aber scheitern dabei, ihre Interdependenz	
2	528.6400000000018	1.0495991706848145	und	
2	529.7600000000018	1.3667161464691162	Beziehungen in visuellen Szenen zu	
2	530.8800000000018	1.3272194862365723	verankern, wenn sie gezwungen werden,	
2	532.0000000000018	0.9794454574584961	linguistische	
2	533.1200000000018	1.0177533626556396	Indikatoren zu respektieren.	
2	534.2400000000018	0.910346508026123	Wir würden	
2	535.3600000000018	1.0055909156799316	die Gemeinschaft wirklich	
2	536.4800000000018	1.1440892219543457	ermutigen, Valves	
2	537.6000000000018	0.9908640384674072	zur Messung	
2	538.7200000000018	1.0370001792907715	des Fortschritts	
2	539.8400000000019	0.9783902168273926		
2	540.9600000000019	1.180612564086914	bei der Sprache-Grounding mit	
2	542.0800000000019	1.1335718631744385	Vision- und Sprachmodellen zu	
2	543.2000000000019	1.033287763595581		
2	544.3200000000019	1.1807191371917725	verwenden. Und noch mehr, Valves könnten	
2	545.4400000000019	0.9589064121246338	als indirekte Bewertung	
2	546.5600000000019	0.9044787883758545	von Datensätzen verwendet	
2	547.6800000000019	0.9543805122375488	werden, da Modelle	
2	548.8000000000019	0.8749399185180664		
2	549.9200000000019	1.1077690124511719	vor und nach	
2	551.0400000000019	1.3160321712493896	dem Training oder Feinabstimmung	
2	552.1600000000019	1.1029577255249023	evaluiert werden können, um zu sehen, ob	
2	553.2800000000019	1.0151286125183105	ein Datensatz	
2	554.4000000000019	1.0653581619262695	hilft, Modelle	
2	555.5200000000019	1.0100376605987549	bei	
2	556.6400000000019	1.1195130348205566	irgendeinem der Aspekte zu verbessern, die	
2	557.7600000000019	0.8403701782226562	von Valves getestet werden.	
2	558.8800000000019	0.9354908466339111		
2	560.0000000000019	1.0946547985076904	Wenn Sie interessiert sind, schauen Sie sich	
2	561.1200000000019	1.0278773307800293	die	
2	562.2400000000019	1.1241002082824707		
2	563.360000000002	1.4425365924835205	VALS-Daten auf GitHub	
2	564.480000000002	1.2153644561767578		
2	565.600000000002	1.2273814678192139		
2	566.720000000002	0.7626416683197021	an. Und wenn Sie Fragen haben, zögern Sie nicht, uns zu kontaktieren.	
2	567.8080000000019	0.29764747619628906		
