docid	audio_s	compute_s	generated	deleted
0	1.04	0.038864850997924805		
0	2.08	0.32534098625183105	Certo.	
0	3.12	0.31163716316223145	todos	Certo.
0	4.16	0.38884520530700684	Olá a todos, hoje vou	todos
0	5.2	0.5030522346496582	apresentar nosso trabalho de pesquisa.	
0	6.24	0.6235625743865967	trabalho de pesquisa, Aprendendo a Raciocinar o	pesquisa.
0	7.28	0.6027705669403076	pesquisa, Aprendendo a Raciocinar Dedutivamente.	trabalho de pesquisa, Aprendendo a Raciocinar o
0	8.32	0.534142017364502	Dedutivamente: Resolução de Problemas do Metro.	Dedutivamente.
0	9.36	0.6998891830444336	Resolução de Problemas do Metro como uma Região Complexa.	Metro.
0	10.399999999999999	0.5670735836029053	Metro como Raciocinar Dedutivamente: Resolução de Problemas do Metro como Extração de Raciocínio Complexo.	Resolução de Problemas do Metro como uma Região Complexa.
0	11.439999999999998	0.729853630065918	Sou o Alan da Biden's.	Raciocinar Dedutivamente: Resolução de Problemas do Metro como Extração de Raciocínio Complexo.
0	12.479999999999997	0.7001430988311768	Laboratório de IA de Biden, e este é	Alan da Biden's.
0	13.519999999999996	0.8203933238983154	Alan, do um trabalho conjunto com dois.	Laboratório de IA de Biden, e este é
0	14.559999999999995	0.47579193115234375	Thierry da Universidade de	dois.
0	15.599999999999994	0.5032010078430176	Texas em Austin.	Thierry da Universidade de
0	16.639999999999993	0.47469615936279297	Thierry, da Universidade do Austin.	Texas em Austin.
0	17.679999999999993	0.19377636909484863	da Universidade do Texas em Austin.	Austin.
0	18.71999999999999	0.15766668319702148		da Universidade do Texas em Austin.
0	19.75999999999999	0.6843395233154297	Weiru, da SUDD. Primeiro, gostaria de falar sobre	
0	20.79999999999999	0.854957103729248	E com nossa motivação para	Weiru, da SUDD. Primeiro, gostaria de falar sobre
0	21.83999999999999	0.5292363166809082	raciocínio.	
0	22.87999999999999	0.6304247379302979	o aqui mostramos um exemplo.	raciocínio.
0	23.919999999999987	0.4969902038574219	Então, aqui mostramos um exemplo onde meu	aqui mostramos um exemplo.
0	24.959999999999987	0.5901608467102051	múltiplos passos é	meu
0	25.999999999999986	0.5901763439178467	o raciocínio em útil.	múltiplos passos é
0	27.039999999999985	0.565436840057373	Então, aqui mostramos um exemplo onde o raciocínio em múltiplos passos é útil. Portanto, esta figura foi extraída de	
0	28.079999999999984	0.5418591499328613	o raciocínio em múltiplos passos é útil. Esta figura foi extraída do papel PELM.	Então, aqui mostramos um exemplo onde o raciocínio em múltiplos passos é útil. Portanto, esta figura foi extraída de
0	29.119999999999983	0.664287805557251	Esta figura foi extraída do papel onde o raciocínio em múltiplos passos é útil. Esta figura foi extraída do papel PELM, onde eles preferem	o raciocínio em múltiplos passos é útil. Esta figura foi extraída do papel PELM.
0	30.159999999999982	0.5551772117614746	PELM, onde eles realizam prompts para resolver.	onde o raciocínio em múltiplos passos é útil. Esta figura foi extraída do papel PELM, onde eles preferem
0	31.19999999999998	0.5367131233215332	prompting para resolver o problema do metro.	prompts para resolver.
0	32.23999999999998	0.5183098316192627	problema do método no mundo.	metro.
0	33.27999999999998	0.5366237163543701	método em múltiplos passos é útil. Esta figura foi extraída do papel PELM, onde eles realizam prompting para resolver o problema do método do metro em sistemas de aprendizado curtos.	problema do método no mundo.
0	34.31999999999998	0.5931994915008545	do metro em cenário de aprendizado com poucas amostras.	em múltiplos passos é útil. Esta figura foi extraída do papel PELM, onde eles realizam prompting para resolver o problema do método do metro em sistemas de aprendizado curtos.
0	35.35999999999998	0.6305878162384033	um NetPen.	cenário de aprendizado com poucas amostras.
0	36.39999999999998	0.4806959629058838	PELM, onde eles realizam prompting para resolver o problema do método do metro em um cenário de aprendizado com poucas amostras. Do lado do NetPen, podemos ver	NetPen.
0	37.439999999999976	0.6676943302154541	se dermos algumas	PELM, onde eles realizam prompting para resolver o problema do método do metro em um cenário de aprendizado com poucas amostras. Do lado do NetPen, podemos ver
0	38.479999999999976	0.5866572856903076	que, se com	se dermos algumas
0	39.519999999999975	0.6085350513458252	fornecermos exemplos com apenas pergunta e resposta.	com
0	40.559999999999974	0.6820681095123291	com poucas amostras. Do lado do NetPen, podemos ver que, se fornecermos algumas amostras com apenas perguntas e respostas, talvez não consigamos	exemplos com apenas pergunta e resposta.
0	41.59999999999997	0.6856272220611572	talvez não consigamos obter	com poucas amostras. Do lado do NetPen, podemos ver que, se fornecermos algumas amostras com apenas perguntas e respostas, talvez não consigamos
0	42.63999999999997	0.4375486373901367	respostas corretas.	talvez não consigamos obter
0	43.67999999999997	0.6703901290893555	as se fornecermos algumas amostras com apenas perguntas e respostas, talvez não consigamos obter as respostas corretas. Mas se fornecermos algumas	respostas corretas.
0	44.71999999999997	0.6411623954772949	Mas se fornecermos prompting para resolver o problema do método do metro em um cenário de aprendizado com poucas amostras. Do lado do NetPen, podemos ver que, se fornecermos algumas amostras com apenas perguntas e respostas, talvez não consigamos obter as respostas corretas. Mas se fornecermos mais raciocínio, isso	se fornecermos algumas amostras com apenas perguntas e respostas, talvez não consigamos obter as respostas corretas. Mas se fornecermos algumas
0	45.75999999999997	0.6339662075042725	mais respostas, talvez não consigamos obter as respostas corretas. Mas se fornecermos mais descrições de raciocínio, o modelo é	prompting para resolver o problema do método do metro em um cenário de aprendizado com poucas amostras. Do lado do NetPen, podemos ver que, se fornecermos algumas amostras com apenas perguntas e respostas, talvez não consigamos obter as respostas corretas. Mas se fornecermos mais raciocínio, isso
0	46.79999999999997	0.6424875259399414	descrições de raciocínio, o modelo	respostas, talvez não consigamos obter as respostas corretas. Mas se fornecermos mais descrições de raciocínio, o modelo é
0	47.83999999999997	0.5576605796813965	consegue prever o raciocínio. Então, aqui mostramos um exemplo onde o raciocínio em múltiplos passos é útil. Esta figura foi extraída do papel PELM, onde eles realizam prompting para resolver o problema do método do metro em um cenário de aprendizado com poucas amostras. Do lado do NetPen, podemos ver que, se fornecermos algumas amostras com apenas perguntas e respostas, talvez não consigamos obter as respostas corretas. Mas se fornecermos mais descrições de raciocínio, o modelo consegue prever a descrição do raciocínio.	
0	48.87999999999997	0.5249361991882324	a descrição do descrição do raciocínio e também	o raciocínio. Então, aqui mostramos um exemplo onde o raciocínio em múltiplos passos é útil. Esta figura foi extraída do papel PELM, onde eles realizam prompting para resolver o problema do método do metro em um cenário de aprendizado com poucas amostras. Do lado do NetPen, podemos ver que, se fornecermos algumas amostras com apenas perguntas e respostas, talvez não consigamos obter as respostas corretas. Mas se fornecermos mais descrições de raciocínio, o modelo consegue prever a descrição do raciocínio.
0	49.919999999999966	0.5805649757385254	fazer uma resposta correta.	descrição do raciocínio e também
0	50.959999999999965	0.4378352165222168	aqui.	resposta correta.
0	51.999999999999964	0.27883434295654297	previsão correta	aqui.
0	53.039999999999964	0.16072344779968262		
0	54.07999999999996	0.4099996089935303	Portanto, é bom ter	
0	55.11999999999996	0.7060713768005371	multistack interpretável.	
0	56.15999999999996	0.64768385887146	raciocínio como nosso	multistack interpretável.
0	57.19999999999996	0.5967237949371338	em múltiplos passos interpretável como saída.	como nosso
0	58.23999999999996	0.8749732971191406	consegue prever a descrição do raciocínio e também fazer uma previsão correta aqui. Portanto, é bom ter raciocínio em múltiplos passos interpretável como saída. E também achamos que o raciocínio em múltiplas línguas.	
0	59.27999999999996	0.5421204566955566	problema do método	consegue prever a descrição do raciocínio e também fazer uma previsão correta aqui. Portanto, é bom ter raciocínio em múltiplos passos interpretável como saída. E também achamos que o raciocínio em múltiplas línguas.
0	60.31999999999996	0.6409156322479248	Também achamos que o aqui. Portanto, é bom ter raciocínio em múltiplos passos interpretável como saída. Também achamos que o problema do método é direto.	problema do método
0	61.35999999999996	0.5196692943572998	é a descrição do raciocínio e também fazer uma previsão correta aqui. Portanto, é bom ter raciocínio em múltiplos passos interpretável como saída. Também achamos que o problema do método é uma aplicação direta para cada um.	aqui. Portanto, é bom ter raciocínio em múltiplos passos interpretável como saída. Também achamos que o problema do método é direto.
0	62.399999999999956	0.5136170387268066	uma aplicação direta para avaliar alguns.	a descrição do raciocínio e também fazer uma previsão correta aqui. Portanto, é bom ter raciocínio em múltiplos passos interpretável como saída. Também achamos que o problema do método é uma aplicação direta para cada um.
0	63.439999999999955	0.45554232597351074	tal raciocínio.	alguns.
0	64.47999999999996	0.5133788585662842	aqui. Portanto, é bom ter raciocínio em múltiplos passos interpretável como saída. Também achamos que o problema do método é uma aplicação direta para avaliar tais capacidades de raciocínio.	tal raciocínio.
0	65.51999999999997	0.5042176246643066	descrições de raciocínio, o modelo consegue prever a descrição do raciocínio e também fazer uma previsão correta aqui. Portanto, é bom ter raciocínio em múltiplos passos interpretável como saída. Também achamos que o problema do método é uma aplicação direta para avaliar tais capacidades de raciocínio.	aqui. Portanto, é bom ter raciocínio em múltiplos passos interpretável como saída. Também achamos que o problema do método é uma aplicação direta para avaliar tais capacidades de raciocínio.
0	66.55999999999997	0.49196410179138184	em múltiplos passos interpretável como saída. Também achamos que o problema do método é uma aplicação direta para avaliar tais capacidades de raciocínio. Então, aqui em nosso	descrições de raciocínio, o modelo consegue prever a descrição do raciocínio e também fazer uma previsão correta aqui. Portanto, é bom ter raciocínio em múltiplos passos interpretável como saída. Também achamos que o problema do método é uma aplicação direta para avaliar tais capacidades de raciocínio.
0	67.59999999999998	0.5994153022766113	Então, aqui problema,	em múltiplos passos interpretável como saída. Também achamos que o problema do método é uma aplicação direta para avaliar tais capacidades de raciocínio. Então, aqui em nosso
0	68.63999999999999	0.6136624813079834	dada a pergunta.	problema,
0	69.67999999999999	0.7547309398651123	no nosso setup de problema, perguntas, precisamos resolver o	dada a pergunta.
0	70.72	0.7884745597839355	dadas as perguntas, precisamos resolver esta questão e obter o problema.	perguntas, precisamos resolver o
0	71.76	0.5716123580932617	número.	problema.
0	72.80000000000001	0.4815826416015625	capacidades de raciocínio. Então, aqui no nosso setup de problema, dadas as perguntas, precisamos resolver esta questão e obter o resultado numérico.	número.
0	73.84000000000002	0.6797835826873779	Então, em nossos dados	capacidades de raciocínio. Então, aqui no nosso setup de problema, dadas as perguntas, precisamos resolver esta questão e obter o resultado numérico.
0	74.88000000000002	0.7374804019927979	achamos que o problema do método é uma aplicação direta para avaliar tais capacidades de raciocínio. Então, aqui no nosso setup de problema, dadas as perguntas, precisamos resolver esta questão e obter o respostas numéricas. Em nossos conjuntos de dados, estamos	Então, em nossos dados
0	75.92000000000003	0.9075732231140137	método é uma aplicação direta para avaliar tais capacidades de raciocínio. Então, aqui no nosso setup de problema, dadas as perguntas, precisamos resolver esta questão e obter o resultado numérico. Em nossos conjuntos de dados, também nos damos o método.	achamos que o problema do método é uma aplicação direta para avaliar tais capacidades de raciocínio. Então, aqui no nosso setup de problema, dadas as perguntas, precisamos resolver esta questão e obter o respostas numéricas. Em nossos conjuntos de dados, estamos
0	76.96000000000004	1.0493605136871338	resultado numérico. Em nossos conjuntos de dados, também raciocínio. Então, aqui no nosso setup de problema, dadas as perguntas, precisamos resolver esta questão e obter o resultado numérico. Em nossos conjuntos de dados, também estamos fornecidas a expressão matemática.	método é uma aplicação direta para avaliar tais capacidades de raciocínio. Então, aqui no nosso setup de problema, dadas as perguntas, precisamos resolver esta questão e obter o resultado numérico. Em nossos conjuntos de dados, também nos damos o método.
0	78.00000000000004	0.8099076747894287	o que leva a	raciocínio. Então, aqui no nosso setup de problema, dadas as perguntas, precisamos resolver esta questão e obter o resultado numérico. Em nossos conjuntos de dados, também estamos fornecidas a expressão matemática.
0	79.04000000000005	0.8411595821380615	nos são fornecidas expressões matemáticas,	o que leva a
0	80.08000000000006	0.524744987487793	que levam	
0	81.12000000000006	0.5268969535827637	a resposta particular.	
0	82.16000000000007	0.2908897399902344	essa	resposta particular.
0	83.20000000000007	0.5372433662414551		
0	84.24000000000008	0.545825719833374	Certas suposições	
0	85.28000000000009	0.571911096572876	também nos são fornecidas expressões matemáticas, que levam a essa resposta particular. Certas suposições também se aplicam, como	
0	86.32000000000009	0.6640760898590088	como saída. Também achamos que o problema do método é uma aplicação direta para avaliar tais capacidades de raciocínio. Então, aqui no nosso setup de problema, dadas as perguntas, precisamos resolver esta questão e obter o resultado numérico. Em nossos conjuntos de dados, também nos são fornecidas expressões matemáticas, que levam a essa resposta particular. Certas suposições também se aplicam, como em trabalhos anteriores.	nos são fornecidas expressões matemáticas, que levam a essa resposta particular. Certas suposições também se aplicam, como
0	87.3600000000001	0.7056484222412109	o resultado numérico. Em nossos conjuntos de dados, também nos são fornecidas expressões matemáticas, que levam a essa resposta particular. Certas suposições também se aplicam, como no trabalho anterior. Assumimos o procedimento.	como saída. Também achamos que o problema do método é uma aplicação direta para avaliar tais capacidades de raciocínio. Então, aqui no nosso setup de problema, dadas as perguntas, precisamos resolver esta questão e obter o resultado numérico. Em nossos conjuntos de dados, também nos são fornecidas expressões matemáticas, que levam a essa resposta particular. Certas suposições também se aplicam, como em trabalhos anteriores.
0	88.4000000000001	0.9382476806640625	no trabalho anterior. Assumimos de dados, também nos são fornecidas expressões matemáticas, que levam a essa resposta particular. Certas suposições também se aplicam, como no trabalho anterior. Assumimos que a precisão das quantidades é conhecida.	o resultado numérico. Em nossos conjuntos de dados, também nos são fornecidas expressões matemáticas, que levam a essa resposta particular. Certas suposições também se aplicam, como no trabalho anterior. Assumimos o procedimento.
0	89.44000000000011	0.7556266784667969	que a precisão das quantidades é conhecida e também	de dados, também nos são fornecidas expressões matemáticas, que levam a essa resposta particular. Certas suposições também se aplicam, como no trabalho anterior. Assumimos que a precisão das quantidades é conhecida.
0	90.48000000000012	0.5561304092407227	apenas	também
0	91.52000000000012	0.595923662185669	consideramos matemáticas, que levam a essa resposta particular. Certas suposições também se aplicam, como no trabalho anterior. Assumimos que a precisão das quantidades é conhecida e consideramos apenas operadores básicos, como	apenas
0	92.56000000000013	0.5903704166412354	adição,	
0	93.60000000000014	0.6025795936584473	adição, subtração,	matemáticas, que levam a essa resposta particular. Certas suposições também se aplicam, como no trabalho anterior. Assumimos que a precisão das quantidades é conhecida e consideramos apenas operadores básicos, como adição,
0	94.64000000000014	0.7635047435760498	subtração, multiplicação, divisão e a divisão.	adição, subtração,
0	95.68000000000015	0.6542975902557373	multiplicação, divisão e exploração.	subtração, multiplicação, divisão e a divisão.
0	96.72000000000016	0.5018854141235352	e exponenciais.	exploração.
0	97.76000000000016	0.6162891387939453	Certas suposições também se aplicam, como no trabalho anterior. Assumimos que a precisão das quantidades é conhecida e consideramos apenas operadores básicos, como adição, subtração, multiplicação, divisão e exponenciais. Além disso,	e exponenciais.
0	98.80000000000017	0.7438898086547852	complicados também podem ser realizados.	Certas suposições também se aplicam, como no trabalho anterior. Assumimos que a precisão das quantidades é conhecida e consideramos apenas operadores básicos, como adição, subtração, multiplicação, divisão e exponenciais. Além disso,
0	99.84000000000017	0.6176586151123047	operadores complicados	complicados também podem ser realizados.
0	100.88000000000018	0.7233917713165283	podem ser na verdade particular. Certas suposições também se aplicam, como no trabalho anterior. Assumimos que a precisão das quantidades é conhecida e consideramos apenas operadores básicos, como adição, subtração, multiplicação, divisão e exponenciais. Além disso, operadores complicados podem ser na verdade decompostos nesses particulares	
0	101.92000000000019	0.6394026279449463	decompostos nesses quantidades é conhecida e consideramos apenas operadores básicos, como adição, subtração, multiplicação, divisão e exponenciais. Além disso, operadores complicados podem ser na verdade decompostos nesses operadores básicos.	particular. Certas suposições também se aplicam, como no trabalho anterior. Assumimos que a precisão das quantidades é conhecida e consideramos apenas operadores básicos, como adição, subtração, multiplicação, divisão e exponenciais. Além disso, operadores complicados podem ser na verdade decompostos nesses particulares
0	102.96000000000019	0.2635350227355957		quantidades é conhecida e consideramos apenas operadores básicos, como adição, subtração, multiplicação, divisão e exponenciais. Além disso, operadores complicados podem ser na verdade decompostos nesses operadores básicos.
0	104.0000000000002	0.535463809967041	anteriores	
0	105.0400000000002	0.7274549007415771	problemas do método.	anteriores
0	106.08000000000021	0.7354018688201904	O trabalho anterior e	problemas do método.
0	107.12000000000022	0.7525053024291992	em resolução de problemas do método metro na verdade pode	e
0	108.16000000000022	0.6022100448608398	categorizar	metro na verdade pode
0	109.20000000000023	0.7340652942657471	pode na verdade em sequências de	categorizar
0	110.24000000000024	0.7217545509338379	ser categorizado em e exponenciais. Além disso, operadores complicados podem ser na verdade decompostos nesses operadores básicos. O trabalho anterior em resolução de problemas do método pode na verdade ser categorizado em sequência para sequência e sequência para	em sequências de
0	111.28000000000024	0.935554027557373	modelos sequência-para-sequência e sequência-para-árvore.	e exponenciais. Além disso, operadores complicados podem ser na verdade decompostos nesses operadores básicos. O trabalho anterior em resolução de problemas do método pode na verdade ser categorizado em sequência para sequência e sequência para
0	112.32000000000025	0.688246488571167		
0	113.36000000000026	0.7044727802276611	Então, os modelos tradicionais sequência-para-	modelos sequência-para-sequência e sequência-para-árvore.
0	114.40000000000026	0.7286221981048584	modelo tradicional sequência-para-sequência.	Então, os modelos tradicionais sequência-para-
0	115.44000000000027	0.8997466564178467	convertem a expressão.	modelo tradicional sequência-para-sequência.
0	116.48000000000027	1.009671688079834	Os modelos tradicionais sequência-para-sequência convertem a expressão em uma sequência específica.	convertem a expressão.
0	117.52000000000028	0.6695766448974609	para geração.	específica.
0	118.56000000000029	0.6926937103271484	específica para geração, e é muito	para geração.
0	119.60000000000029	0.7073028087615967	fácil de implementar.	muito
0	120.6400000000003	0.6062748432159424	bastante fácil de implementar e pode	fácil de implementar.
0	121.6800000000003	0.6059174537658691	generalizar para	
0	122.72000000000031	0.6233949661254883	muitas situações diferentes.	
0	123.76000000000032	0.5766637325286865	diferentes categorias	situações diferentes.
0	124.80000000000032	0.5829553604125977	problemas do método pode na verdade ser categorizado em modelos sequência-para-sequência e sequência-para-árvore. Os modelos tradicionais sequência-para-sequência convertem a expressão em uma sequência específica para geração, e é bastante fácil de implementar e pode generalizar para muitas diferentes questões complicadas.	categorias
0	125.84000000000033	0.7523531913757324	Mas a desvantagem	problemas do método pode na verdade ser categorizado em modelos sequência-para-sequência e sequência-para-árvore. Os modelos tradicionais sequência-para-sequência convertem a expressão em uma sequência específica para geração, e é bastante fácil de implementar e pode generalizar para muitas diferentes questões complicadas.
0	126.88000000000034	0.6979680061340332	desvantagens são o desempenho	a desvantagem
0	127.92000000000034	0.8268120288848877	as desvantagens do desempenho são na verdade gen	desvantagens são o desempenho
0	128.96000000000035	0.7779419422149658	geralmente não ruins.	são na verdade gen
0	130.00000000000034	0.9367499351501465	são, na verdade, geralmente não melhores que os modelos estruturais.	geralmente não ruins.
0	131.04000000000033	0.8118181228637695	modelos tradicionais sequência-para-sequência convertem a expressão em uma sequência específica para geração, e é bastante fácil de implementar e pode generalizar para muitas diferentes questões complicadas. Mas as desvantagens do desempenho são, na verdade, geralmente não melhores que os modelos estruturais, e é	estruturais.
0	132.08000000000033	0.7014331817626953	estruturais, e falta de	modelos tradicionais sequência-para-sequência convertem a expressão em uma sequência específica para geração, e é bastante fácil de implementar e pode generalizar para muitas diferentes questões complicadas. Mas as desvantagens do desempenho são, na verdade, geralmente não melhores que os modelos estruturais, e é
0	133.12000000000032	0.6314330101013184	há interpretabilidade para	falta de
0	134.1600000000003	0.6221115589141846	previsão.	
0	135.2000000000003	0.6772119998931885	a verdade	previsão.
0	136.2400000000003	0.7177572250366211	Mas na essa direção ainda está	verdade
0	137.28000000000029	0.7604079246520996	verdade, essa direção ainda ainda é bastante popular porque.	essa direção ainda está
0	138.32000000000028	0.6057841777801514	é bastante popular porque	ainda é bastante popular porque.
0	139.36000000000027	0.625866174697876		porque
0	140.40000000000026	0.6656773090362549	modelos estruturais, e há falta de interpretabilidade para a previsão. Mas na verdade, essa direção ainda é bastante popular devido ao modelo de transformador.	
0	141.44000000000025	0.39234280586242676		modelos estruturais, e há falta de interpretabilidade para a previsão. Mas na verdade, essa direção ainda é bastante popular devido ao modelo de transformador.
0	142.48000000000025	0.5703325271606445		
0	143.52000000000024	0.7565221786499023	Então, em sequência-para-sequência e sequência-para-árvore. Os modelos tradicionais sequência-para-sequência convertem a expressão em uma sequência específica para geração, e é bastante fácil de implementar e pode generalizar para muitas diferentes questões complicadas. Mas as desvantagens do desempenho são, na verdade, geralmente não melhores que os modelos estruturais, e há falta de interpretabilidade para a previsão. Mas na verdade, essa direção ainda é bastante popular devido ao modelo de transformador. Então, em modelos baseados em árvores.	
0	144.56000000000023	0.8509197235107422	modelos baseados em verdade, geralmente não melhores que os modelos estruturais, e há falta de interpretabilidade para a previsão. Mas na verdade, essa direção ainda é bastante popular devido ao modelo de transformador. Então, em modelos baseados em árvores, na verdade estruturamos	sequência-para-sequência e sequência-para-árvore. Os modelos tradicionais sequência-para-sequência convertem a expressão em uma sequência específica para geração, e é bastante fácil de implementar e pode generalizar para muitas diferentes questões complicadas. Mas as desvantagens do desempenho são, na verdade, geralmente não melhores que os modelos estruturais, e há falta de interpretabilidade para a previsão. Mas na verdade, essa direção ainda é bastante popular devido ao modelo de transformador. Então, em modelos baseados em árvores.
0	145.60000000000022	0.8159987926483154		verdade, geralmente não melhores que os modelos estruturais, e há falta de interpretabilidade para a previsão. Mas na verdade, essa direção ainda é bastante popular devido ao modelo de transformador. Então, em modelos baseados em árvores, na verdade estruturamos
0	146.6400000000002	0.7150177955627441	essas em modelos sequência-para-sequência e sequência-para-árvore. Os modelos tradicionais sequência-para-sequência convertem a expressão em uma sequência específica para geração, e é bastante fácil de implementar e pode generalizar para muitas diferentes questões complicadas. Mas as desvantagens do desempenho são, na verdade, geralmente não melhores que os modelos estruturais, e há falta de interpretabilidade para a previsão. Mas na verdade, essa direção ainda é bastante popular devido ao modelo de transformador. Então, em modelos baseados em árvores, na verdade estruturamos essas expressões em uma árvore.	
0	147.6800000000002	0.8386759757995605	expressões em	em modelos sequência-para-sequência e sequência-para-árvore. Os modelos tradicionais sequência-para-sequência convertem a expressão em uma sequência específica para geração, e é bastante fácil de implementar e pode generalizar para muitas diferentes questões complicadas. Mas as desvantagens do desempenho são, na verdade, geralmente não melhores que os modelos estruturais, e há falta de interpretabilidade para a previsão. Mas na verdade, essa direção ainda é bastante popular devido ao modelo de transformador. Então, em modelos baseados em árvores, na verdade estruturamos essas expressões em uma árvore.
0	148.7200000000002	0.8786954879760742	forma de árvore e seguimos sequência-para-árvore. Os modelos tradicionais sequência-para-sequência convertem a expressão em uma sequência específica para geração, e é bastante fácil de implementar e pode generalizar para muitas diferentes questões complicadas. Mas as desvantagens do desempenho são, na verdade, geralmente não melhores que os modelos estruturais, e há falta de interpretabilidade para a previsão. Mas na verdade, essa direção ainda é bastante popular devido ao modelo de transformador. Então, em modelos baseados em árvores, na verdade estruturamos essas expressões em forma de árvore e seguimos uma ordem pré-fixa.	
0	149.7600000000002	0.9171898365020752	uma interpretável como saída. Também achamos que o problema do método é uma aplicação direta para avaliar tais capacidades de raciocínio. Então, aqui no nosso setup de problema, dadas as perguntas, precisamos resolver esta questão e obter o resultado numérico. Em nossos conjuntos de dados, também nos são fornecidas expressões matemáticas, que levam a essa resposta particular. Certas suposições também se aplicam, como no trabalho anterior. Assumimos que a precisão das quantidades é conhecida e consideramos apenas operadores básicos, como adição, subtração, multiplicação, divisão e exponenciais. Além disso, operadores complicados podem ser na verdade decompostos nesses operadores básicos. O trabalho anterior em resolução de problemas do método pode na verdade ser categorizado em modelos sequência-para-sequência e sequência-para-árvore. Os modelos tradicionais sequência-para-sequência convertem a expressão em uma sequência específica para geração, e é bastante fácil de implementar e pode generalizar para muitas diferentes questões complicadas. Mas as desvantagens do desempenho são, na verdade, geralmente não melhores que os modelos estruturais, e há falta de interpretabilidade para a previsão. Mas na verdade, essa direção ainda é bastante popular devido ao modelo de transformador. Então, em modelos baseados em árvores, na verdade estruturamos essas expressões em forma de árvore e seguimos uma travessia em ordem prévia na geração da árvore.	sequência-para-árvore. Os modelos tradicionais sequência-para-sequência convertem a expressão em uma sequência específica para geração, e é bastante fácil de implementar e pode generalizar para muitas diferentes questões complicadas. Mas as desvantagens do desempenho são, na verdade, geralmente não melhores que os modelos estruturais, e há falta de interpretabilidade para a previsão. Mas na verdade, essa direção ainda é bastante popular devido ao modelo de transformador. Então, em modelos baseados em árvores, na verdade estruturamos essas expressões em forma de árvore e seguimos uma ordem pré-fixa.
0	150.80000000000018	0.9027917385101318	travessia em ordem prévia na geração previsão. Mas na verdade, essa direção ainda é bastante popular devido ao modelo de transformador. Então, em modelos baseados em árvores, na verdade estruturamos essas expressões em forma de árvore e seguimos uma travessia em ordem prévia na geração de árvores. Então	interpretável como saída. Também achamos que o problema do método é uma aplicação direta para avaliar tais capacidades de raciocínio. Então, aqui no nosso setup de problema, dadas as perguntas, precisamos resolver esta questão e obter o resultado numérico. Em nossos conjuntos de dados, também nos são fornecidas expressões matemáticas, que levam a essa resposta particular. Certas suposições também se aplicam, como no trabalho anterior. Assumimos que a precisão das quantidades é conhecida e consideramos apenas operadores básicos, como adição, subtração, multiplicação, divisão e exponenciais. Além disso, operadores complicados podem ser na verdade decompostos nesses operadores básicos. O trabalho anterior em resolução de problemas do método pode na verdade ser categorizado em modelos sequência-para-sequência e sequência-para-árvore. Os modelos tradicionais sequência-para-sequência convertem a expressão em uma sequência específica para geração, e é bastante fácil de implementar e pode generalizar para muitas diferentes questões complicadas. Mas as desvantagens do desempenho são, na verdade, geralmente não melhores que os modelos estruturais, e há falta de interpretabilidade para a previsão. Mas na verdade, essa direção ainda é bastante popular devido ao modelo de transformador. Então, em modelos baseados em árvores, na verdade estruturamos essas expressões em forma de árvore e seguimos uma travessia em ordem prévia na geração da árvore.
0	151.84000000000017	0.823061466217041	de árvores.	previsão. Mas na verdade, essa direção ainda é bastante popular devido ao modelo de transformador. Então, em modelos baseados em árvores, na verdade estruturamos essas expressões em forma de árvore e seguimos uma travessia em ordem prévia na geração de árvores. Então
0	152.88000000000017	0.7634713649749756	Então, aqui continuamos gerando	
0	153.92000000000016	0.7220432758331299	os operadores	
0	154.96000000000015	0.8896780014038086	até	
0	156.00000000000014	0.5571427345275879	chegarmos às folhas, que são as quantidades.	
0	157.04000000000013	0.7010736465454102		
0	158.08000000000013	0.8081953525543213	Então, aqui a boa coisa é	
0	159.12000000000012	0.712855339050293	que	
0	160.1600000000001	0.8869061470031738	isso	
0	161.2000000000001	0.8219859600067139	realmente nos dá esta estrutura de árvore	
0	162.2400000000001	0.6019060611724854	binária e	
0	163.2800000000001	0.7153427600860596	é	
0	164.32000000000008	0.897334098815918	mas mas mas na verdade	
0	165.36000000000007	0.6646969318389893	é bastante	
0	166.40000000000006	0.7253291606903076	contra-intuitivo porque	
0	167.44000000000005	0.6439952850341797		
0	168.48000000000005	0.6620588302612305		
0	169.52000000000004	0.8885092735290527	geramos o operador primeiro e	
0	170.56000000000003	0.7945780754089355		
0	171.60000000000002	0.4895954132080078	, no final, geramos as quantidades.	
0	172.64000000000001	0.6131110191345215		
0	173.68	0.7080509662628174	E a segunda coisa é	
0	174.72	0.6356801986694336	que também	
0	175.76	0.6857285499572754	contém	
0	176.79999999999998	0.6756253242492676	alguns cálculos repetitivos.	
0	177.83999999999997	0.8913519382476807		
0	178.87999999999997	0.9240291118621826	Então, aqui, se olharmos para esta	
0	179.91999999999996	0.743241548538208		
0	180.95999999999995	0.8794031143188477		
0	181.99999999999994	0.993488073348999		
0	183.03999999999994	1.0783882141113281	expressão, três vezes três mais três, ela é na verdade gerada duas vezes.	
0	184.07999999999993	0.732917070388794	Mas	
0	185.11999999999992	0.8921241760253906		
0	186.1599999999999	0.5492525100708008	, na verdade, deveríamos reutilizar os resultados.	
0	187.1999999999999	0.1517186164855957		
0	188.2399999999999	0.6426548957824707		
0	189.2799999999999	0.7244865894317627	Então, em nossa	
0	190.31999999999988	0.6441507339477539	abordagem proposta, queremos	
0	191.35999999999987	0.5659308433532715	resolver	
0	192.39999999999986	0.7015130519866943	esses	
0	193.43999999999986	0.6304564476013184	problemas	
0	194.47999999999985	0.7761008739471436		
0	195.51999999999984	0.7718527317047119	de maneira	
0	196.55999999999983	0.9672658443450928		
0	197.59999999999982	1.0108222961425781		
0	198.63999999999982	1.0657095909118652		
0	199.6799999999998	1.1858758926391602	passo-a-passo e interpretável. Por exemplo, aqui, no segundo passo, podemos obter	
0	200.7199999999998	0.6239657402038574	este	
0	201.7599999999998	0.7199838161468506	divisor, que é	
0	202.79999999999978	0.5705151557922363		
0	203.83999999999978	0.7613461017608643	27.	
0	204.87999999999977	0.7187414169311523	E também podemos voltar	
0	205.91999999999976	0.6766211986541748		
0	206.95999999999975	0.7385554313659668	às perguntas originais para encontrar	
0	207.99999999999974	0.5909817218780518		
0	209.03999999999974	0.7101061344146729	os conteúdos relevantes.	
0	210.07999999999973	0.7113091945648193	E nestes	
0	211.11999999999972	0.7923445701599121	passos, obtemos	
0	212.1599999999997	0.5969042778015137	os divisores.	
0	213.1999999999997	0.48789548873901367		
0	214.2399999999997	0.669464111328125		
0	215.2799999999997	0.6886007785797119		
0	216.31999999999968	1.0405962467193604	E então, neste terceiro passo,	
0	217.35999999999967	0.5503199100494385	na verdade, obtemos o quociente.	
0	218.39999999999966	0.5976319313049316		
0	219.43999999999966	0.7264728546142578	Tudo	
0	220.47999999999965	0.8523142337799072		
0	221.51999999999964	1.0176365375518799		
0	222.55999999999963	1.0463080406188965		
0	223.59999999999962	1.1471710205078125	. E após estes três passos, podemos na verdade reutilizar os resultados do segundo	
0	224.63999999999962	0.6343398094177246	passo e	
0	225.6799999999996	0.5793673992156982	então obter o	
0	226.7199999999996	0.5395941734313965		
0	227.7599999999996	0.6242203712463379	resultado do	
0	228.79999999999959	0.7856028079986572	quarto passo.	
0	229.83999999999958	0.6562938690185547	E	
0	230.87999999999957	0.7184715270996094	finalmente, podemos obter o	
0	231.91999999999956	0.5496089458465576	dividendo.	
0	232.95999999999955	0.4908571243286133		
0	233.99999999999955	0.7385516166687012		
0	235.03999999999954	0.814333438873291	Então, aqui na verdade	
0	236.07999999999953	0.6874933242797852	geramos	
0	237.11999999999952	0.7687180042266846	toda a expressão	
0	238.1599999999995	0.7482502460479736	diretamente, em vez de	
0	239.1999999999995	0.6199212074279785	gerar um único	
0	240.2399999999995	0.6072115898132324		
0	241.2799999999995	0.776667594909668	operador ou quantidade.	
0	242.31999999999948	0.6890101432800293	Isso torna o	
0	243.35999999999947	0.2965247631072998	processo mais preciso.	
0	244.39999999999947	0.5617613792419434		
0	245.43999999999946	0.7918548583984375	Então,	
0	246.47999999999945	0.6863071918487549	em nosso	
0	247.51999999999944	0.7018952369689941	sistema dedutivo,	
0	248.55999999999943	0.7689123153686523	começamos primeiro com	
0	249.59999999999943	0.8106322288513184	um	
0	250.63999999999942	0.8160085678100586	conjunto de quantidades apresentadas	
0	251.6799999999994	0.7413644790649414	nas perguntas e também	
0	252.7199999999994	0.7234694957733154	incluindo algumas	
0	253.7599999999994	0.7220778465270996	constantes como	
0	254.7999999999994	0.7229340076446533	nosso estado	
0	255.83999999999938	0.6188697814941406		
0	256.87999999999937	0.8227214813232422	inicial. A expressão	
0	257.9199999999994	0.743173360824585	é representada por	
0	258.9599999999994	0.6147539615631104		
0	259.99999999999943	0.764962911605835	Eij	
0	261.03999999999945	0.8106887340545654	OP, onde realizamos	
0	262.0799999999995	0.7863800525665283	o operador	
0	263.1199999999995	0.8582603931427002	de QI a	
0	264.1599999999995	0.9373397827148438	QJ, e tal	
0	265.19999999999953	0.72430419921875	expressão é na verdade	
0	266.23999999999955	0.7217381000518799	direcionada.	
0	267.2799999999996	0.7635970115661621	Então, também temos	
0	268.3199999999996	0.7454700469970703		
0	269.3599999999996	0.8400838375091553	subtração reversa	
0	270.39999999999964	0.7664511203765869	aqui para representar	
0	271.43999999999966	0.8295326232910156	a direção oposta.	
0	272.4799999999997	0.8162100315093994	Isso é bastante semelhante	
0	273.5199999999997	0.35753536224365234	à extração de relações.	
0	274.5599999999997	0.7634861469268799		
0	275.59999999999974	0.7902259826660156	Então, em um	
0	276.63999999999976	0.8271470069885254	sistema dedutivo formal,	
0	277.6799999999998	0.647289514541626	no	
0	278.7199999999998	0.7542822360992432	tempo t,	
0	279.7599999999998	0.6781537532806396	aplicamos o	
0	280.79999999999984	0.7810161113739014	operador entre	
0	281.83999999999986	0.7494018077850342	o	
0	282.8799999999999	0.937570333480835	par qi e	
0	283.9199999999999	0.8827903270721436	qj, e então obtemos	
0	284.9599999999999	0.7286391258239746	esta nova expressão.	
0	285.99999999999994	0.6144242286682129	Adicionamos	
0	287.03999999999996	0.6812739372253418	ao	
0	288.08	0.7952916622161865	próximo estado para	
0	289.12	0.3608429431915283	se tornar uma nova quantidade.	
0	290.16	0.561241626739502		
0	291.20000000000005	0.6452910900115967	Então,	
0	292.24000000000007	0.7795307636260986		
0	293.2800000000001	0.8542041778564453	estes slides na verdade visualizam a	
0	294.3200000000001	0.668027400970459	evolução	
0	295.3600000000001	0.7154972553253174	dos estados onde	
0	296.40000000000015	0.8122642040252686	continuamos adicionando	
0	297.44000000000017	0.6874504089355469	expressões	
0	298.4800000000002	0.6639764308929443	aos estados atuais.	
0	299.5200000000002	0.7596592903137207		
0	300.56000000000023	0.8589639663696289	Então,	
0	301.60000000000025	1.1326265335083008	em nossas implementações de modelo, primeiro usamos	
0	302.64000000000027	0.8719589710235596	um modelo de linguagem	
0	303.6800000000003	0.8921623229980469	pré-treinado que pode ser	
0	304.7200000000003	0.7922606468200684	Bird ou	
0	305.76000000000033	0.8963353633880615		
0	306.80000000000035	1.0796325206756592	RoboHead, e então codificamos uma	
0	307.8400000000004	0.8534841537475586	frase e então obtemos	
0	308.8800000000004	0.6951379776000977		
0	309.9200000000004	0.9544785022735596	estas representações de quantidade.	
0	310.96000000000043	0.8884017467498779	Então,	
0	312.00000000000045	0.926539421081543		
0	313.0400000000005	1.0861608982086182		
0	314.0800000000005	1.2626776695251465	assim que obtemos as representações de quantidade, podemos começar a fazer inferência.	
0	315.1200000000005	0.7698235511779785	Aqui mostramos um	
0	316.16000000000054	0.7284269332885742	exemplo de	
0	317.20000000000056	0.8353073596954346	Q1 para	
0	318.2400000000006	0.8095302581787109	obter a representação para	
0	319.2800000000006	0.8537774085998535	Q1 dividido por	
0	320.3200000000006	0.7656123638153076	Q2 e depois vezes	
0	321.36000000000064	0.2697031497955322	Q3.	
0	322.40000000000066	0.6684069633483887		
0	323.4400000000007	0.8624587059020996	Primeiro, obtemos	
0	324.4800000000007	0.7990734577178955	a representação do	
0	325.5200000000007	0.8505725860595703	par, que é basicamente	
0	326.56000000000074	0.6781010627746582	apenas a	
0	327.60000000000076	0.8110823631286621	concatenação entre	
0	328.6400000000008	0.8130176067352295	Q1 e	
0	329.6800000000008	0.9434430599212646	Q2, e então aplicamos	
0	330.7200000000008	0.7955996990203857		
0	331.76000000000084	0.8425436019897461	uma rede feedforward, que é	
0	332.80000000000086	0.6796612739562988		
0	333.8400000000009	0.42264413833618164	parametrizada pelo operador.	
0	334.8800000000009	0.8151745796203613		
0	335.9200000000009	0.8920094966888428	E então finalmente obtemos	
0	336.96000000000095	0.8581266403198242	a representação da	
0	338.00000000000097	0.7764081954956055	expressão	
0	339.040000000001	0.9505050182342529	Q1 dividido por	
0	340.080000000001	0.8950650691986084	q2. Mas , na	
0	341.120000000001	0.7208042144775391	prática,	
0	342.16000000000105	0.7646617889404297	na	
0	343.20000000000107	0.8067989349365234	etapa de inferência,	
0	344.2400000000011	0.7732462882995605	talvez possamos	
0	345.2800000000011	0.7189695835113525	obter	
0	346.32000000000113	0.8881793022155762	uma representação incorreta	
0	347.36000000000115	0.7810134887695312	ou uma expressão	
0	348.40000000000117	0.30542778968811035	incorreta também.	
0	349.4400000000012	0.6369316577911377		
0	350.4800000000012	0.8330049514770508	Então, aqui	
0	351.52000000000123	0.7010812759399414	todas as expressões	
0	352.56000000000125	0.6956381797790527	possíveis	
0	353.6000000000013	0.75382399559021	são	
0	354.6400000000013	0.8531210422515869	iguais a três vezes o	
0	355.6800000000013	0.29262852668762207	número de operadores.	
0	356.72000000000133	0.7611048221588135		
0	357.76000000000136	0.7993245124816895	Então, a coisa boa	
0	358.8000000000014	0.7210164070129395	aqui é que	
0	359.8400000000014	0.7202622890472412	podemos facilmente	
0	360.8800000000014	0.7605793476104736	adicionar	
0	361.92000000000144	0.7705390453338623	restrições para controlar	
0	362.96000000000146	0.7631723880767822	esta	
0	364.0000000000015	0.9730486869812012	busca neste espaço de busca.	
0	365.0400000000015	0.7837316989898682	Por exemplo, se esta expressão	
0	366.0800000000015	0.7644686698913574	não for	
0	367.12000000000154	0.841503381729126	permitida, podemos simplesmente	
0	368.16000000000156	0.689629077911377		
0	369.2000000000016	0.8570084571838379	remover esta expressão em nosso	
0	370.2400000000016	0.7936220169067383	espaço de busca.	
0	371.2800000000016	0.7860682010650635	Então, no segundo	
0	372.32000000000164	0.869011640548706	passo, fazemos	
0	373.36000000000166	0.8823177814483643	a mesma coisa, mas	
0	374.4000000000017	0.7427561283111572	a única diferença é que	
0	375.4400000000017	0.6789541244506836		
0	376.4800000000017	0.6914019584655762	a única diferença é	
0	377.52000000000174	0.7137296199798584		
0	378.56000000000176	0.9127349853515625	uma quantidade a mais.	
0	379.6000000000018	0.869492769241333	Então, esta quantidade	
0	380.6400000000018	0.7757608890533447	vem	
0	381.6800000000018	0.7408561706542969	da expressão calculada anteriormente.	
0	382.72000000000185	0.6602003574371338		
0	383.76000000000187	0.7408041954040527	Então,	
0	384.8000000000019	0.7134380340576172	finalmente, podemos obter	
0	385.8400000000019	0.7189927101135254		
0	386.8800000000019	0.8242714405059814	esta expressão final	
0	387.92000000000195	0.45864152908325195		
0	388.96000000000197	0.83760666847229	q3 vezes q4.	
0	390.000000000002	0.79010009765625	E também podemos	
0	391.040000000002	0.8962986469268799	ver o número de	
0	392.08000000000203	0.7590835094451904	todas as expressões	
0	393.12000000000205	0.7233328819274902		
0	394.16000000000207	0.8018720149993896	possíveis é diferente do	
0	395.2000000000021	0.7899084091186523	passo anterior.	
0	396.2400000000021	0.8301324844360352	Então,	
0	397.28000000000213	0.6882760524749756	tal diferença torna	
0	398.32000000000215	0.7821152210235596	difícil aplicar	
0	399.3600000000022	0.9380772113800049	a busca em feixe porque	
0	400.4000000000022	0.7960188388824463	a distribuição de	
0	401.4400000000022	0.785578727722168	probabilidade entre	
0	402.48000000000224	0.8619976043701172	estes dois	
0	403.52000000000226	0.35628652572631836	passos é	
0	404.5600000000023	0.37535905838012695		
0	405.6000000000023	0.8700671195983887		
0	406.6400000000023	1.124481201171875		
0	407.68000000000234	1.4466140270233154	desequilibrada. Então, o procedimento de treinamento é semelhante ao	
0	408.72000000000236	0.9154367446899414	treinamento de um modelo	
0	409.7600000000024	1.008885145187378		
0	410.8000000000024	1.189568042755127	sequência-para-sequência, onde otimizamos a	
0	411.8400000000024	0.9420866966247559	perda em cada passo de	
0	412.88000000000244	0.8204214572906494	tempo, e aqui também	
0	413.92000000000246	0.7323575019836426	usamos	
0	414.9600000000025	0.6781435012817383	este tau para representar	
0	416.0000000000025	0.6347153186798096		
0	417.0400000000025	0.7079243659973145	quando	
0	418.08000000000254	0.7153265476226807	devemos terminar	
0	419.12000000000256	0.7382547855377197		
0	420.1600000000026	0.7871763706207275	este processo de geração.	
0	421.2000000000026	0.695159912109375	E aqui o	
0	422.2400000000026	0.7353389263153076	espaço é	
0	423.28000000000264	0.8323326110839844	diferente de	
0	424.32000000000266	0.8018629550933838		
0	425.3600000000027	1.0287926197052002	sequência-para-sequência porque	
0	426.4000000000027	0.9010729789733887	o espaço é diferente em cada	
0	427.4400000000027	1.0702781677246094	passo de	
0	428.48000000000275	0.979424238204956	tempo, enquanto no	
0	429.52000000000277	1.0155797004699707	modelo tradicional	
0	430.5600000000028	1.044896125793457		
0	431.6000000000028	1.0420293807983398	sequência-para-sequência é o número	
0	432.64000000000283	0.8837509155273438	de	
0	433.68000000000285	0.8428893089294434		
0	434.72000000000287	1.024271011352539	vocabulário. E também	
0	435.7600000000029	1.0028560161590576	nos permite impor certas	
0	436.8000000000029	0.8789489269256592	restrições a partir do	
0	437.84000000000293	0.8193633556365967	conhecimento prévio.	
0	438.88000000000295	0.812946081161499	Então,	
0	439.920000000003	0.8427660465240479	conduzimos	
0	440.960000000003	0.8636279106140137	experimentos no	
0	442.000000000003	0.9625241756439209		
0	443.04000000000303	1.1070811748504639	conjunto de dados do método do metro comumente	
0	444.08000000000305	0.9539134502410889	usado,	
0	445.1200000000031	1.1616530418395996	MAWPS,	
0	446.1600000000031	0.9662714004516602	Math23K,	
0	447.2000000000031	0.3630063533782959	MathQA e SWAM.	
0	448.24000000000314	0.6628432273864746		
0	449.28000000000316	0.9002621173858643	E aqui	
0	450.3200000000032	0.926579475402832	brevemente mostramos	
0	451.3600000000032	0.8474023342132568	os resultados	
0	452.4000000000032	0.8692333698272705	comparados com	
0	453.44000000000324	0.9598617553710938	as abordagens anteriores melhores.	
0	454.48000000000326	0.8415987491607666	Então,	
0	455.5200000000033	0.8888633251190186		
0	456.5600000000033	0.9667952060699463		
0	457.6000000000033	1.1093120574951172	nossa variante de melhor desempenho é Roberta Deductive	
0	458.64000000000334	1.009183645248413	Reasoner, e na verdade	
0	459.68000000000336	0.9521806240081787	não usamos	
0	460.7200000000034	0.9922730922698975	busca em feixe,	
0	461.7600000000034	0.9194695949554443		
0	462.8000000000034	1.0142922401428223	ao	
0	463.84000000000344	0.7561988830566406	contrário das abordagens óbvias que usam	
0	464.88000000000346	0.8128705024719238	busca em feixe.	
0	465.9200000000035	0.7798101902008057		
0	466.9600000000035	1.0138394832611084	Bem, então,	
0	468.0000000000035	0.8713366985321045	as	
0	469.04000000000354	0.9386250972747803	melhores abordagens são frequentemente	
0	470.08000000000357	0.3776860237121582	modelos baseados em árvores.	
0	471.1200000000036	0.18109679222106934		
0	472.1600000000036	0.6315906047821045		
0	473.2000000000036	0.8750507831573486		
0	474.24000000000365	0.9788823127746582	Então,	
0	475.28000000000367	1.009223222732544	como um todo, nosso reasoner é capaz de	
0	476.3200000000037	0.6697337627410889	selecionar	
0	477.3600000000037	0.6811351776123047		
0	478.40000000000373	0.8777973651885986	significativamente superar	
0	479.44000000000375	0.8602848052978516	este modelo baseado em	
0	480.48000000000377	0.8870234489440918	árvores, mas podemos	
0	481.5200000000038	0.729468584060669	ver o	
0	482.5600000000038	0.7802455425262451	número absoluto	
0	483.60000000000383	0.818030595779419	no	
0	484.64000000000385	0.9284317493438721	Math QA ou	
0	485.6800000000039	1.069659948348999	SWAM não é realmente alto.	
0	486.7200000000039	0.9558060169219971	Então,	
0	487.7600000000039	0.9314560890197754	investigamos	
0	488.80000000000393	0.9796128273010254		
0	489.84000000000395	1.1790928840637207	mais os resultados no SWAM e este conjunto de dados é	
0	490.880000000004	0.8495705127716064	desafiador porque	
0	491.920000000004	0.7697079181671143	o autor tentou	
0	492.960000000004	0.6748044490814209	manualmente	
0	494.00000000000404	0.7617013454437256		
0	495.04000000000406	0.9517214298248291		
0	496.0800000000041	1.0501775741577148	adicionar algo para confundir o modelo de	
0	497.1200000000041	0.8609046936035156	NLP, como adicionar	
0	498.1600000000041	0.7938628196716309	informações	
0	499.20000000000414	0.8338091373443604		
0	500.24000000000416	0.8262102603912354		
0	501.2800000000042	1.000823736190796	de avaliação e quantidades extras.	
0	502.3200000000042	0.8782587051391602	Então, em nossa	
0	503.3600000000042	0.9840071201324463	previsão, encontramos	
0	504.40000000000424	0.9670276641845703	que alguns	
0	505.44000000000426	0.4304227828979492	valores intermediários são na verdade negativos.	
0	506.4800000000043	0.6850497722625732		
0	507.5200000000043	0.8428173065185547	Por	
0	508.5600000000043	0.9476585388183594	exemplo, nesta	
0	509.60000000000434	0.9566693305969238	questão, estamos	
0	510.64000000000436	1.0403409004211426	perguntando quantas maçãs	
0	511.6800000000044	0.8973104953765869	o Jake tem, mas	
0	512.7200000000043	0.8626315593719482	temos algumas informações	
0	513.7600000000043	0.8987884521484375	extras, como	
0	514.8000000000043	0.9113826751708984	17	
0	515.8400000000042	0.8960907459259033	poucos pitches e	
0	516.8800000000042	0.9072864055633545	Steven tem oito	
0	517.9200000000042	0.9433455467224121	pitches, que é totalmente	
0	518.9600000000041	0.8950657844543457	irrelevante.	
0	520.0000000000041	0.872323751449585	Então, nosso modelo	
0	521.040000000004	0.8724114894866943	faz algumas	
0	522.080000000004	1.0475518703460693	previsões como	
0	523.120000000004	0.862823486328125	esta, que	
0	524.160000000004	0.7617571353912354	produz valores negativos.	
0	525.2000000000039	0.6376430988311768		
0	526.2400000000039	0.9075770378112793		
0	527.2800000000038	0.979914665222168	E observamos	
0	528.3200000000038	1.0127882957458496	que estes dois representam estes	
0	529.3600000000038	1.0044543743133545		
0	530.4000000000037	1.0647656917572021	duas expressões na verdade têm pontuações semelhantes.	
0	531.4400000000037	0.8443968296051025	Então,	
0	532.4800000000037	0.8142476081848145	podemos na verdade	
0	533.5200000000036	0.8717489242553711	limitar	
0	534.5600000000036	0.9316105842590332	este espaço de busca removendo	
0	535.6000000000035	0.8335480690002441	como	
0	536.6400000000035	0.9219167232513428	aqueles resultados são negativos.	
0	537.6800000000035	0.8079485893249512		
0	538.7200000000034	0.8560328483581543	Para que possamos fazer	
0	539.7600000000034	0.7477920055389404		
0	540.8000000000034	0.298964262008667	a resposta correta.	
0	541.8400000000033	0.16525602340698242		
0	542.8800000000033	0.6798515319824219		
0	543.9200000000033	0.7387754917144775		
0	544.9600000000032	0.8869822025299072	Então,	
0	546.0000000000032	0.9680235385894775	encontramos	
0	547.0400000000031	0.9260311126708984	que tal restrição na verdade	
0	548.0800000000031	0.7657322883605957	melhora bastante	
0	549.1200000000031	0.808434009552002	para	
0	550.160000000003	0.9494669437408447	alguns modelos.	
0	551.200000000003	0.953549861907959	Por exemplo, para	
0	552.240000000003	0.9021644592285156	Bird, melhoramos	
0	553.2800000000029	0.8982133865356445	sete pontos e depois	
0	554.3200000000029	0.9325108528137207	para o	
0	555.3600000000029	0.9691348075866699	modelo baseado	
0	556.4000000000028	0.9660284519195557		
0	557.4400000000028	1.200530767440796		
0	558.4800000000027	1.4378743171691895	em Roberta, na verdade melhoramos dois pontos. Então,	
0	559.5200000000027	1.0779893398284912	um melhor modelo de linguagem tem	
0	560.5600000000027	1.043201208114624		
0	561.6000000000026	1.0139310359954834	uma melhor capacidade de compreensão de linguagem, para que	
0	562.6400000000026	0.7640137672424316	o	
0	563.6800000000026	0.8844163417816162	número aqui seja	
0	564.7200000000025	0.8422458171844482	maior para	
0	565.7600000000025	0.9766123294830322	Roberta e menor para	
0	566.8000000000025	0.9524245262145996	Bird. E também tentamos	
0	567.8400000000024	0.869823694229126	analisar a	
0	568.8800000000024	0.7955524921417236	dificuldade por trás disso.	
0	569.9200000000023	0.6545751094818115		
0	570.9600000000023	0.8559651374816895		
0	572.0000000000023	1.0211818218231201	Assumimos o número	
0	573.0400000000022	0.9454803466796875	de quantidades não	
0	574.0800000000022	0.9796686172485352	utilizadas pode ser considerado como	
0	575.1200000000022	0.8560783863067627	informação	
0	576.1600000000021	0.8805332183837891	irrelevante aqui.	
0	577.2000000000021	0.8362276554107666	Então,	
0	578.240000000002	0.8174667358398438	aqui podemos ver que	
0	579.280000000002	0.7585177421569824	temos	
0	580.320000000002	0.7726016044616699		
0	581.360000000002	1.139594554901123		
0	582.4000000000019	1.1553564071655273	o	
0	583.4400000000019	1.2943365573883057	número da porcentagem de amostras com quantidades não utilizadas e o	
0	584.4800000000018	0.9985208511352539	conjunto de dados SWAM tem	
0	585.5200000000018	0.8227064609527588		
0	586.5600000000018	0.9915437698364258	a maior	
0	587.6000000000017	1.0248312950134277		
0	588.6400000000017	1.0344774723052979		
0	589.6800000000017	0.8332953453063965		
0	590.7200000000016	1.1870191097259521	parte. E aqui também mostramos o desempenho geral.	
0	591.7600000000016	0.9950246810913086	Para aquelas amostras sem	
0	592.8000000000015	1.0242700576782227	quantidades não utilizadas.	
0	593.8400000000015	1.0081322193145752	Então, o desempenho	
0	594.8800000000015	0.9123241901397705	geral é na verdade	
0	595.9200000000014	0.9171912670135498	maior	
0	596.9600000000014	0.8163101673126221		
0	598.0000000000014	1.0575404167175293		
0	599.0400000000013	1.2389500141143799	que o desempenho é na verdade maior que o desempenho geral.	
0	600.0800000000013	0.9924945831298828	Mas com aquelas amostras	
0	601.1200000000013	0.883101224899292	com quantidades não utilizadas	
0	602.1600000000012	0.9325230121612549		
0	603.2000000000012	0.9577181339263916		
0	604.2400000000011	1.0576844215393066	é na verdade muito pior que o	
0	605.2800000000011	0.7937102317810059	muito pior	
0	606.3200000000011	0.8403925895690918	que o	
0	607.360000000001	0.879225492477417	desempenho	
0	608.400000000001	0.9710915088653564		
0	609.440000000001	1.0962212085723877	geral. Para	
0	610.4800000000009	0.9434459209442139		
0	611.5200000000009	1.1990759372711182		
0	612.5600000000009	1.2544164657592773		
0	613.6000000000008	1.2793917655944824		
0	614.6400000000008	1.2910010814666748	MAWPS nós não temos muitos casos de disco então eu	
0	615.6800000000007	0.9221153259277344	só ignorei esta parte.	
0	616.7200000000007	0.8600175380706787		
0	617.7600000000007	0.9810590744018555	Então, finalmente, queremos	
0	618.8000000000006	0.9583108425140381	mostrar a	
0	619.8400000000006	1.043177604675293	interpretabilidade através de um	
0	620.8800000000006	0.9471602439880371		
0	621.9200000000005	1.0115745067596436	exemplo de crash e participação. Então,	
0	622.9600000000005	0.8789377212524414	aqui	
0	624.0000000000005	0.9127676486968994	nosso modelo na verdade faz	
0	625.0400000000004	0.8504078388214111	uma	
0	626.0800000000004	0.8135344982147217	previsão	
0	627.1200000000003	0.9712445735931396	errada	
0	628.1600000000003	0.99527907371521	no primeiro passo. Então,	
0	629.2000000000003	0.8152732849121094	podemos na verdade	
0	630.2400000000002	0.7765560150146484		
0	631.2800000000002	0.9373159408569336	correlacionar	
0	632.3200000000002	0.8953139781951904	esta expressão com	
0	633.3600000000001	0.9150393009185791	a frase aqui.	
0	634.4000000000001	1.0146923065185547		
0	635.44	1.1744120121002197	Bem. Então, achamos que esta frase pode	
0	636.48	0.9090473651885986	estar	
0	637.52	0.8980588912963867	enganando o	
0	638.56	0.9294908046722412	modelo para	
0	639.5999999999999	0.9548666477203369	uma previsão incorreta.	
0	640.6399999999999	0.9797337055206299	Então, aqui	
0	641.6799999999998	0.8910737037658691	plantando outro	
0	642.7199999999998	0.9259698390960693		
0	643.7599999999998	0.9099318981170654		
0	644.7999999999997	1.1116783618927002		
0	645.8399999999997	1.2643496990203857	trinta e cinco faz o modelo pensar que deve ser um	
0	646.8799999999997	0.9939696788787842	operador de adição.	
0	647.9199999999996	0.965233325958252	Então, tentamos	
0	648.9599999999996	1.0136871337890625	revisar a	
0	649.9999999999995	1.0905084609985352	frase para ser algo como o	
0	651.0399999999995	1.0904157161712646	número de árvores de par	
0	652.0799999999995	1.1490473747253418		
0	653.1199999999994	1.1154298782348633	é 35 menos do que as árvores de maçã.	
0	654.1599999999994	0.9255621433258057		
0	655.1999999999994	1.0082614421844482	Então, fazemos	
0	656.2399999999993	1.0398969650268555	para	
0	657.2799999999993	1.1324079036712646	transmitir semântica mais	
0	658.3199999999993	1.0398311614990234	precisa de modo que o modelo seja capaz de	
0	659.3599999999992	0.7951710224151611	fazer	
0	660.3999999999992	0.9411928653717041	a previsão	
0	661.4399999999991	1.0420897006988525	correta.	
0	662.4799999999991	0.8623001575469971	Este estudo	
0	663.5199999999991	0.9236209392547607	mostra como	
0	664.559999999999	0.9298179149627686		
0	665.599999999999	1.0178894996643066	as previsões	
0	666.639999999999	1.0819382667541504	interpretáveis nos ajudam a	
0	667.6799999999989	0.3837592601776123	entender o comportamento do modelo.	
0	668.7199999999989	0.1815783977508545		
0	669.7599999999989	0.8502423763275146		
0	670.7999999999988	0.9048922061920166	Então, para	
0	671.8399999999988	0.9456801414489746	concluir nosso	
0	672.8799999999987	1.071685552597046	trabalho, primeiro nosso modelo é	
0	673.9199999999987	0.9576902389526367	na verdade bastante	
0	674.9599999999987	0.893580436706543	eficiente e somos capazes de	
0	675.9999999999986	0.8641231060028076		
0	677.0399999999986	0.8823416233062744	fornecer	
0	678.0799999999986	0.9272699356079102		
0	679.1199999999985	1.0129339694976807	procedimentos de solução	
0	680.1599999999985	1.0501935482025146		
0	681.1999999999985	1.2038955688476562		
0	682.2399999999984	1.334822654724121		
0	683.2799999999984	1.3684940338134766		
0	684.3199999999983	1.4802517890930176		
0	685.3599999999983	1.655797004699707	interpretáveis, e podemos facilmente incorporar algum conhecimento prévio como restrição, o que pode ajudar a melhorar o desempenho.	
0	686.3999999999983	0.9189348220825195	E a última coisa é	
0	687.4399999999982	0.8890888690948486	que o	
0	688.4799999999982	0.9573147296905518	mecanismo subjacente não	
0	689.5199999999982	1.0032451152801514	se aplica apenas	
0	690.5599999999981	1.1222131252288818		
0	691.5999999999981	1.3294548988342285	a tarefas de resolução de problemas do método do metro, mas também	
0	692.639999999998	1.1915016174316406	a outras tarefas que envolvem	
0	693.679999999998	0.47797727584838867	raciocínio em múltiplos passos.	
0	694.719999999998	0.875985860824585		
0	695.759999999998	0.9596304893493652	Mas também temos	
0	696.7999999999979	0.982574462890625	certas limitações.	
0	697.8399999999979	1.0267343521118164	Se tivermos um	
0	698.8799999999978	0.9795782566070557	grande número de	
0	699.9199999999978	1.0026285648345947	operadores ou	
0	700.9599999999978	1.0082225799560547		
0	701.9999999999977	1.0285577774047852	conteúdo ou constantes, o consumo de memória	
0	703.0399999999977	0.909294843673706	pode	
0	704.0799999999977	0.9650583267211914	ser bastante alto.	
0	705.1199999999976	0.9453160762786865	E	
0	706.1599999999976	1.0333364009857178	a segunda coisa é	
0	707.1999999999975	1.1361701488494873	que, como mencionado,	
0	708.2399999999975	1.09486722946167		
0	709.2799999999975	1.1686995029449463	porque a distribuição de probabilidade	
0	710.3199999999974	1.1561808586120605	é desequilibrada entre	
0	711.3599999999974	0.9865298271179199	diferentes	
0	712.3999999999974	1.1340930461883545	passos de tempo, então	
0	713.4399999999973	1.1044261455535889	também é bastante	
0	714.4799999999973	1.02888822555542	desafiador aplicar	
0	715.5199999999973	0.9029834270477295	busca em	
0	716.5599999999972	0.859386682510376	feixe.	
0	717.5999999999972	0.17994236946105957		
0	718.6399999999971	1.0208337306976318		
0	719.6799999999971	1.0704801082611084	Então, este é o fim da	
0	720.7199999999971	0.8979413509368896		
0	721.759999999997	1.108025312423706	palestra e perguntas	
0	722.799999999997	0.44167399406433105	são bem-vindas. Obrigado.	
0	723.0229374999969	0.30392932891845703		
1	1.04	0.03920793533325195		
1	2.08	0.24400711059570312	Olá.	
1	3.12	0.5242364406585693	Olá, meu nome é Antoine e eu sou de	Olá.
1	4.16	0.701744794845581	Universidade de Maastricht.	eu sou de
1	5.2	0.5739517211914062	Vou estar	Universidade de Maastricht.
1	6.24	0.6558361053466797	apresentar meu John Wood.	Vou estar
1	7.28	0.8579578399658203	sou da Universidade de Maastricht. Vou apresentar meu trabalho com o John, junto com o Jerry.	apresentar meu John Wood.
1	8.32	0.5998914241790771	John, que trata de novos conjuntos de dados.	junto com o Jerry.
1	9.36	0.6546423435211182	que trata de um novo conjunto de dados para arte estatutária.	John, que trata de novos conjuntos de dados.
1	10.399999999999999	0.5851507186889648	recuperação de artigos estatutários.	arte estatutária.
1	11.439999999999998	0.3840656280517578		
1	12.479999999999997	0.3178224563598633	jurídicas são	recuperação de artigos estatutários.
1	13.519999999999996	0.44004297256469727	Questões Questões jurídicas são uma parte integrante do	jurídicas são
1	14.559999999999995	0.48065638542175293	uma parte integrante vida de muitas pessoas.	Questões jurídicas são uma parte integrante do
1	15.599999999999994	0.36486315727233887	da vida de muitas pessoas.	vida de muitas pessoas.
1	16.639999999999993	0.19054627418518066	jurídicas são uma parte integrante da vida de muitas pessoas.	vida de muitas pessoas.
1	17.679999999999993	0.5543863773345947	vida de muitas pessoas. No entanto, a maioria dos cidadãos tem pouco ou nada	jurídicas são uma parte integrante da vida de muitas pessoas.
1	18.71999999999999	0.18477535247802734	jurídicas são uma parte integrante da vida de muitas pessoas.	vida de muitas pessoas. No entanto, a maioria dos cidadãos tem pouco ou nada
1	19.75999999999999	0.7542352676391602	sobre seus direitos.	jurídicas são uma parte integrante da vida de muitas pessoas.
1	20.79999999999999	0.8657269477844238	No entanto, a maioria dos cidadãos tem pouco ou nenhum conhecimento sobre seus direitos e questões jurídicas fundamentais.	sobre seus direitos.
1	21.83999999999999	0.4213285446166992	processos jurídicos fundamentais.	questões jurídicas fundamentais.
1	22.87999999999999	0.4534571170806885	Como resultado	
1	23.919999999999987	0.4140613079071045	resultado, muitas pessoas vulneráveis	resultado
1	24.959999999999987	0.4648275375366211	cidadãos vulneráveis que podem	muitas pessoas vulneráveis
1	25.999999999999986	0.4905412197113037	muitos cidadãos vulneráveis que não podem pagar os	cidadãos vulneráveis que podem
1	27.039999999999985	0.4899430274963379	custoso atendimento de um	os
1	28.079999999999984	0.4900047779083252	o custoso especialista jurídico	custoso atendimento de um
1	29.119999999999983	0.5475864410400391	auxílio de um desprotegidos.	especialista jurídico
1	30.159999999999982	0.4487879276275635	ficam desprotegidos ou pior.	desprotegidos.
1	31.19999999999998	0.5721287727355957	pior, explorados.	ou pior.
1	32.23999999999998	0.3754537105560303	ou,	pior, explorados.
1	33.27999999999998	0.39437389373779297	trabalho é	
1	34.31999999999998	0.5142645835876465	Nosso trabalho visa preencher essa lacuna.	trabalho é
1	35.35999999999998	0.5849220752716064	entre as pessoas e	essa lacuna.
1	36.39999999999998	0.5780329704284668	a lacuna a lacuna entre as pessoas e a lei ao desenvolver	entre as pessoas e
1	37.439999999999976	0.4749000072479248	eficaz.	lacuna entre as pessoas e a lei ao desenvolver
1	38.479999999999976	0.45168018341064453	sistemas eficazes de recuperação para.	eficaz.
1	39.519999999999975	0.580531120300293	sistema eficaz de recuperação de artigos estatutários.	sistemas eficazes de recuperação para.
1	40.559999999999974	0.5231406688690186	um	sistema eficaz de recuperação de artigos estatutários.
1	41.59999999999997	0.38497447967529297	um sistema eficaz de recuperação de artigos estatutários. Um tal sistema poderia fornecer	
1	42.63999999999997	0.5479476451873779	gratuito e competente.	um sistema eficaz de recuperação de artigos estatutários. Um tal sistema poderia fornecer
1	43.67999999999997	0.4580881595611572	acesso gratuito e profissional à justiça.	gratuito e competente.
1	44.71999999999997	0.4364476203918457	profissional a serviços jurídicos para	à justiça.
1	45.75999999999997	0.5184786319732666	humanos sem formação.	profissional a serviços jurídicos para
1	46.79999999999997	0.30945706367492676		
1	47.83999999999997	0.34093379974365234	Antes de entrar em	humanos sem formação.
1	48.87999999999997	0.44695305824279785	na contribuição principal do	em
1	49.919999999999966	0.406266450881958	deste trabalho,	do
1	50.959999999999965	0.5155363082885742	vamos primeiro descrever o	
1	51.999999999999964	0.6654493808746338	problema dos artigos estatutários.	
1	53.039999999999964	0.5207135677337646	recuperação de artigos estatutários.	dos artigos estatutários.
1	54.07999999999996	0.41523241996765137	da	recuperação de artigos estatutários.
1	55.11999999999996	0.4214193820953369	Dada uma pergunta simples,	
1	56.15999999999996	0.5458493232727051	pergunta simples sobre um assunto jurídico,	simples,
1	57.19999999999996	0.46093297004699707	como	pergunta simples sobre um assunto jurídico,
1	58.23999999999996	0.4030919075012207	que eu	
1	59.27999999999996	0.5648536682128906	"riscos assumo se violar?"","	que eu
1	60.31999999999996	0.7096874713897705	"""quais violar o controle profissional?"""	"riscos assumo se violar?"","
1	61.35999999999996	0.6490805149078369	"confidencialidade profissional"","	"violar o controle profissional?"""
1	62.399999999999956	0.7704524993896484	"riscos confidencialidade profissional?"", um modelo é"	"confidencialidade profissional"","
1	63.439999999999955	0.8269453048706055	"assumo se violar a confidencialidade profissional?"", necessário um modelo para recuperar."	"confidencialidade profissional?"", um modelo é"
1	64.47999999999996	0.6182823181152344	"é necessário um modelo para confidencialidade profissional?"", é necessário um modelo para recuperar todos os documentos relevantes."	necessário um modelo para recuperar.
1	65.51999999999997	0.5550618171691895	recuperar todos os artigos estatutários relevantes.	"confidencialidade profissional?"", é necessário um modelo para recuperar todos os documentos relevantes."
1	66.55999999999997	0.6576619148254395	um modelo para recuperar todos os artigos estatutários relevantes de um grande corpus de artigos.	relevantes.
1	67.59999999999998	0.5371394157409668	relevantes de um grande legislação.	um modelo para recuperar todos os artigos estatutários relevantes de um grande corpus de artigos.
1	68.63999999999999	0.30393481254577637	corpo de	legislação.
1	69.67999999999999	0.37088799476623535	Esta recuperação de informação	
1	70.72	0.5169634819030762	tarefa de recuperação de informações vem com	recuperação de informação
1	71.76	0.6419963836669922	seu próprio conjunto de	
1	72.80000000000001	0.46317148208618164	desafios.	
1	73.84000000000002	0.22819232940673828		
1	74.88000000000002	0.45049381256103516	Primeiro, ela lida com	desafios.
1	75.92000000000003	0.6167776584625244	de desafios. Primeiro, ela lida com dois tipos de linguagem.	
1	76.96000000000004	0.3382866382598877		de desafios. Primeiro, ela lida com dois tipos de linguagem.
1	78.00000000000004	0.41197752952575684	natural comum.	
1	79.04000000000005	0.26191115379333496	linguagem.	natural comum.
1	80.08000000000006	0.7247486114501953	perguntas e a linguagem jurídica complexa.	linguagem.
1	81.12000000000006	0.7601034641265869	A linguagem natural comum para as jurídica complexa.	perguntas e a linguagem jurídica complexa.
1	82.16000000000007	0.31641268730163574	para as perguntas e a linguagem jurídica complexa.	jurídica complexa.
1	83.20000000000007	0.16199755668640137		para as perguntas e a linguagem jurídica complexa.
1	84.24000000000008	0.31843018531799316		
1	85.28000000000009	0.9480326175689697	perguntas e a linguagem jurídica complexa para os estatutos. Esta diferença nas distribuições linguísticas.	
1	86.32000000000009	0.9622001647949219	jurídica complexa para os estatutos. desafios. Primeiro, ela lida com dois tipos de linguagem. A linguagem natural comum para as perguntas e a linguagem jurídica complexa para os estatutos. Essa diferença nas distribuições de linguagem torna mais difícil para	perguntas e a linguagem jurídica complexa para os estatutos. Esta diferença nas distribuições linguísticas.
1	87.3600000000001	0.7763731479644775	um sistema	desafios. Primeiro, ela lida com dois tipos de linguagem. A linguagem natural comum para as perguntas e a linguagem jurídica complexa para os estatutos. Essa diferença nas distribuições de linguagem torna mais difícil para
1	88.4000000000001	0.5598499774932861		
1	89.44000000000011	0.4686102867126465	recuperar candidatos relevantes.	um sistema
1	90.48000000000012	0.5689985752105713	difícil para um sistema recuperar candidatos relevantes, pois indiretamente	relevantes.
1	91.52000000000012	0.6213948726654053	exige uma	difícil para um sistema recuperar candidatos relevantes, pois indiretamente
1	92.56000000000013	0.5008141994476318	um sistema recuperar candidatos relevantes, pois indiretamente exige uma compreensão inerente	
1	93.60000000000014	0.47322559356689453	sistema recuperar candidatos relevantes, pois indiretamente exige uma interpretação inerente.	um sistema recuperar candidatos relevantes, pois indiretamente exige uma compreensão inerente
1	94.64000000000014	0.5179152488708496	interpretação sistema recuperar candidatos relevantes, pois indiretamente exige uma interpretação inerente que possa	sistema recuperar candidatos relevantes, pois indiretamente exige uma interpretação inerente.
1	95.68000000000015	0.6911239624023438	inerente uma interpretação inerente capaz de traduzir uma linguagem não	sistema recuperar candidatos relevantes, pois indiretamente exige uma interpretação inerente que possa
1	96.72000000000016	0.599365234375	capaz de traduzir uma natural.	uma interpretação inerente capaz de traduzir uma linguagem não
1	97.76000000000016	0.5077681541442871	pergunta uma interpretação inerente capaz de traduzir uma pergunta natural em jurídica.	natural.
1	98.80000000000017	0.6680855751037598	natural em pergunta natural em uma pergunta jurídica que corresponda.	uma interpretação inerente capaz de traduzir uma pergunta natural em jurídica.
1	99.84000000000017	0.7787899971008301	uma pergunta jurídica que em uma pergunta jurídica que corresponda à terminologia do status.	pergunta natural em uma pergunta jurídica que corresponda.
1	100.88000000000018	0.6830096244812012	corresponda à terminologia estatutos.	em uma pergunta jurídica que corresponda à terminologia do status.
1	101.92000000000019	0.5843954086303711	dos disso,	estatutos.
1	102.96000000000019	0.687424898147583	Além direito estatutário é	disso,
1	104.0000000000002	0.7926867008209229	o direito estatutário não é uma pilha de informações.	direito estatutário é
1	105.0400000000002	0.6915628910064697	artigos independentes.	informações.
1	106.08000000000021	0.6910247802734375	artigos independentes que podem ser tratados isoladamente.	independentes.
1	107.12000000000022	0.7549431324005127	independentes que tratados como uma fonte completa.	artigos independentes que podem ser tratados isoladamente.
1	108.16000000000022	0.7969186305999756	possam ser tratados como uma fonte de informação sobre o petróleo.	tratados como uma fonte completa.
1	109.20000000000023	0.7781500816345215	completa de informação Novo	de informação sobre o petróleo.
1	110.24000000000024	0.8614709377288818	por si só, ao contrário de notícias ou receitas, por exemplo.	Novo
1	111.28000000000024	0.546898603439331		
1	112.32000000000025	0.56892991065979	disso, é	só, ao contrário de notícias ou receitas, por exemplo.
1	113.36000000000026	0.6787045001983643	Em vez uma estrutura colaborativa.	disso, é
1	114.40000000000026	0.6831212043762207	de notícias ou receitas, por exemplo. Em vez disso, é uma coleção estruturada de procedimentos jurídicos.	estrutura colaborativa.
1	115.44000000000027	0.7391035556793213	coleção estruturada de jurídicas que têm um todo	de notícias ou receitas, por exemplo. Em vez disso, é uma coleção estruturada de procedimentos jurídicos.
1	116.48000000000027	0.6986799240112305	disposições jurídicas que que possuem um significado completo apenas para	jurídicas que têm um todo
1	117.52000000000028	0.6775686740875244	possuem um significado completo apenas notícias ou receitas, por exemplo. Em vez disso, é uma coleção estruturada de disposições jurídicas que possuem um significado completo apenas quando consideradas no contexto	que possuem um significado completo apenas para
1	118.56000000000029	0.5776586532592773	disposições jurídicas que possuem um significado completo apenas quando consideradas no contexto geral.	notícias ou receitas, por exemplo. Em vez disso, é uma coleção estruturada de disposições jurídicas que possuem um significado completo apenas quando consideradas no contexto
1	119.60000000000029	0.6172535419464111	em uma pergunta jurídica que corresponda à terminologia dos estatutos. Além disso, o direito estatutário não é uma pilha de artigos independentes que possam ser tratados como uma fonte completa de informação por si só, ao contrário de notícias ou receitas, por exemplo. Em vez disso, é uma coleção estruturada de disposições jurídicas que possuem um significado completo apenas quando consideradas no contexto geral. Ou seja, juntas.	disposições jurídicas que possuem um significado completo apenas quando consideradas no contexto geral.
1	120.6400000000003	0.7580640316009521	Ou seja, com as disposições suplementares.	em uma pergunta jurídica que corresponda à terminologia dos estatutos. Além disso, o direito estatutário não é uma pilha de artigos independentes que possam ser tratados como uma fonte completa de informação por si só, ao contrário de notícias ou receitas, por exemplo. Em vez disso, é uma coleção estruturada de disposições jurídicas que possuem um significado completo apenas quando consideradas no contexto geral. Ou seja, juntas.
1	121.6800000000003	0.7097382545471191	juntamente com as estatutário não é uma pilha de artigos independentes que possam ser tratados como uma fonte completa de informação por si só, ao contrário de notícias ou receitas, por exemplo. Em vez disso, é uma coleção estruturada de disposições jurídicas que possuem um significado completo apenas quando consideradas no contexto geral. Ou seja, juntamente com as informações suplementares fornecidas pelo	com as disposições suplementares.
1	122.72000000000031	0.6477773189544678	informações suplementares artigos adjacentes.	estatutário não é uma pilha de artigos independentes que possam ser tratados como uma fonte completa de informação por si só, ao contrário de notícias ou receitas, por exemplo. Em vez disso, é uma coleção estruturada de disposições jurídicas que possuem um significado completo apenas quando consideradas no contexto geral. Ou seja, juntamente com as informações suplementares fornecidas pelo
1	123.76000000000032	0.6692161560058594	dos artigos artigos vizinhos, os campos e	artigos adjacentes.
1	124.80000000000032	0.8851132392883301	subcampos aos quais pertencem.	artigos vizinhos, os campos e
1	125.84000000000033	0.9217290878295898	adjacentes, os campos e subcampos aos quais subcampos aos quais pertencem e o	subcampos aos quais pertencem.
1	126.88000000000034	0.7162961959838867	pertencem e sua posição na estrutura.	subcampos aos quais pertencem e o
1	127.92000000000034	0.6402561664581299	dos artigos adjacentes, os campos e subcampos aos quais pertencem e sua posição na estrutura da lei.	estrutura.
1	128.96000000000035	0.29729676246643066		dos artigos adjacentes, os campos e subcampos aos quais pertencem e sua posição na estrutura da lei.
1	130.00000000000034	0.6323513984680176	fim, estatutário.	
1	131.04000000000033	0.840289831161499	Por fim, artigos estatutários não são suaves.	fim, estatutário.
1	132.08000000000033	0.8468990325927734	os artigos estatutários não são pequenos parágrafos.	artigos estatutários não são suaves.
1	133.12000000000032	0.8149833679199219	pertencem e sua posição na estrutura da lei. Por fim, os artigos estatutários não são pequenos parágrafos, o que geralmente é determinado.	parágrafos.
1	134.1600000000003	0.9631264209747314	parágrafos, o que geralmente é parágrafos, o que geralmente é o uso típico de recuperação.	pertencem e sua posição na estrutura da lei. Por fim, os artigos estatutários não são pequenos parágrafos, o que geralmente é determinado.
1	135.2000000000003	0.861358642578125	parágrafos, o que geralmente é a unidade típica de recuperação na maioria das tarefas de recuperação.	parágrafos, o que geralmente é o uso típico de recuperação.
1	136.2400000000003	0.8498365879058838	a unidade típica de recuperação na maioria trabalhos de recuperação.	parágrafos, o que geralmente é a unidade típica de recuperação na maioria das tarefas de recuperação.
1	137.28000000000029	0.6637594699859619	dos Aqui,	trabalhos de recuperação.
1	138.32000000000028	0.7082204818725586	são pequenos parágrafos, o que geralmente é a unidade típica de recuperação na maioria dos trabalhos de recuperação. Aqui, eles são documentos longos.	
1	139.36000000000027	0.7039806842803955	eles são documentos documentos longos que podem ser	são pequenos parágrafos, o que geralmente é a unidade típica de recuperação na maioria dos trabalhos de recuperação. Aqui, eles são documentos longos.
1	140.40000000000026	0.8879823684692383	longos que podem a 6.000 palavras.	documentos longos que podem ser
1	141.44000000000025	0.7567408084869385	6.000 palavras.	a 6.000 palavras.
1	142.48000000000025	0.4901003837585449	ter até	6.000 palavras.
1	143.52000000000024	0.6087327003479004	parágrafos, o que geralmente é a unidade típica de recuperação na maioria dos trabalhos de recuperação. Aqui, eles são documentos longos que podem ter até 6.000 palavras. Os avanços recentes em	
1	144.56000000000023	0.739046573638916	acenderam	parágrafos, o que geralmente é a unidade típica de recuperação na maioria dos trabalhos de recuperação. Aqui, eles são documentos longos que podem ter até 6.000 palavras. Os avanços recentes em
1	145.60000000000022	0.7456743717193604	PLN enorme interesse em muitos.	acenderam
1	146.6400000000002	0.8740723133087158	despertaram um enorme interesse em muitas tarefas jurídicas, tais como.	enorme interesse em muitos.
1	147.6800000000002	0.7318408489227295	tarefas jurídicas, como a justiça jurídica.	tais como.
1	148.7200000000002	0.74808669090271	como a previsão de sentenças judiciais.	tarefas jurídicas, como a justiça jurídica.
1	149.7600000000002	0.7683777809143066	previsão de sentenças judiciais ou contato automático.	judiciais.
1	150.80000000000018	0.7420358657836914	automatizada de contratos.	previsão de sentenças judiciais ou contato automático.
1	151.84000000000017	0.7372472286224365	jurídicas ou a revisão PLN despertaram um enorme interesse em muitas tarefas jurídicas, como a previsão de sentenças jurídicas ou a revisão automatizada de contratos.	automatizada de contratos.
1	152.88000000000017	0.6755819320678711	Mas o direito estatutário	PLN despertaram um enorme interesse em muitas tarefas jurídicas, como a previsão de sentenças jurídicas ou a revisão automatizada de contratos.
1	153.92000000000016	0.751030683517456	revisão automatizada de contratos. Mas a recuperação de artigos estatutários tem	o direito estatutário
1	154.96000000000015	0.7962698936462402	a recuperação de artigos estatutários	revisão automatizada de contratos. Mas a recuperação de artigos estatutários tem
1	156.00000000000014	0.7758440971374512	permaneceu principalmente	
1	157.04000000000013	0.7411291599273682	intocada devido à falta de	
1	158.08000000000013	0.7074375152587891	contratos. Mas a recuperação de artigos estatutários permaneceu principalmente intocada devido à falta de rótulos grandes e de alta qualidade.	
1	159.12000000000012	0.8513715267181396		contratos. Mas a recuperação de artigos estatutários permaneceu principalmente intocada devido à falta de rótulos grandes e de alta qualidade.
1	160.1600000000001	0.5446517467498779	grandes conjuntos de dados rotulados de alta qualidade.	
1	161.2000000000001	0.6517744064331055		
1	162.2400000000001	0.8561623096466064	Neste trabalho, apresentamos um	
1	163.2800000000001	0.8060479164123535	novo conjunto de dados	
1	164.32000000000008	0.739835262298584		
1	165.36000000000007	0.7920176982879639		
1	166.40000000000006	0.9300906658172607		
1	167.44000000000005	1.0306048393249512		
1	168.48000000000005	1.1074097156524658	centrado no cidadão nativo francês para estudar se	
1	169.52000000000004	0.9108097553253174	um modelo de recuperação pode aproximar a	
1	170.56000000000003	0.349468469619751	eficiência e a confiabilidade.	
1	171.60000000000002	0.6233766078948975		
1	172.64000000000001	0.7505333423614502	de	
1	173.68	0.8495590686798096	um especialista jurídico para a	
1	174.72	0.7498023509979248	tarefa de	
1	175.76	0.3947298526763916	recuperação de artigos estatutários.	
1	176.79999999999998	0.15266919136047363		
1	177.83999999999997	0.1525270938873291		
1	178.87999999999997	0.15077543258666992		
1	179.91999999999996	0.9966533184051514		
1	180.95999999999995	1.2315938472747803	Nosso conjunto de dados belga de recuperação de artigos estatutários consiste	
1	181.99999999999994	0.8886735439300537	em mais de	
1	183.03999999999994	0.8416857719421387	1.100	
1	184.07999999999993	0.7517578601837158	perguntas jurídicas	
1	185.11999999999992	0.38011598587036133	formuladas por cidadãos belgas.	
1	186.1599999999999	0.5909020900726318		
1	187.1999999999999	0.8023431301116943	Estas perguntas	
1	188.2399999999999	0.8111557960510254	cobrem uma ampla gama de	
1	189.2799999999999	0.8038804531097412		
1	190.31999999999988	0.9156208038330078	tópicos, desde família, habitação,	
1	191.35999999999987	0.6560704708099365		
1	192.39999999999986	0.656836986541748	dinheiro até trabalho e	
1	193.43999999999986	0.25189971923828125	segurança social.	
1	194.47999999999985	0.7009694576263428		
1	195.51999999999984	0.8238918781280518	Cada uma delas foi	
1	196.55999999999983	0.7506165504455566	rotulada por	
1	197.59999999999982	0.721301794052124	juristas	
1	198.63999999999982	0.7866051197052002	experientes com referências a	
1	199.6799999999998	0.7070493698120117	artigos relevantes	
1	200.7199999999998	0.9145786762237549	de um corpus de	
1	201.7599999999998	0.7817013263702393	mais de	
1	202.79999999999978	0.8363196849822998		
1	203.83999999999978	0.878760576248169	22.600 artigos	
1	204.87999999999977	0.7444617748260498	jurídicos	
1	205.91999999999976	0.4049072265625	dos códigos de lei belgas.	
1	206.95999999999975	0.6730375289916992		
1	207.99999999999974	0.78365159034729	Vamos agora falar sobre	
1	209.03999999999974	0.7293171882629395	como coletamos este	
1	210.07999999999973	0.7742469310760498	conjunto de dados.	
1	211.11999999999972	0.6747262477874756	Primeiro,	
1	212.1599999999997	0.7207901477813721	começamos compilando	
1	213.1999999999997	0.7188746929168701	um grande corpus de	
1	214.2399999999997	0.287233829498291	artigos jurídicos.	
1	215.2799999999997	0.6223583221435547		
1	216.31999999999968	0.7170364856719971	Consideramos 32	
1	217.35999999999967	0.6903727054595947		
1	218.39999999999966	0.8217465877532959	códigos belgas publicamente disponíveis e	
1	219.43999999999966	0.7378015518188477	extraímos todos os	
1	220.47999999999965	0.7199630737304688	seus	
1	221.51999999999964	0.7926807403564453	artigos, bem como os	
1	222.55999999999963	0.32942700386047363	respectivos títulos de seção.	
1	223.59999999999962	0.49736547470092773		
1	224.63999999999962	0.6431081295013428		
1	225.6799999999996	0.7118747234344482	Em seguida, reunimos	
1	226.7199999999996	0.6641771793365479	perguntas jurídicas com	
1	227.7599999999996	0.6974785327911377	referências a	
1	228.79999999999959	0.7169704437255859	estatutos relevantes.	
1	229.83999999999958	0.7085587978363037	Para fazer isso,	
1	230.87999999999957	0.8834488391876221		
1	231.91999999999956	0.9009637832641602		
1	232.95999999999955	1.0409867763519287		
1	233.99999999999955	1.3465139865875244	parceriámos com um escritório de advocacia belga que recebe	
1	235.03999999999954	1.0172781944274902		
1	236.07999999999953	1.0316064357757568	anualmente cerca de 4.000 e-mails de	
1	237.11999999999952	0.824876070022583	cidadãos belgas que	
1	238.1599999999995	0.7899074554443359	pedem aconselhamento	
1	239.1999999999995	0.31989431381225586	sobre questões jurídicas pessoais.	
1	240.2399999999995	0.6910779476165771		
1	241.2799999999995	0.8577220439910889	Tivemos a sorte de conseguir	
1	242.31999999999948	0.6186487674713135	acesso	
1	243.35999999999947	0.7769684791564941	aos seus	
1	244.39999999999947	0.8001003265380859	sites, onde sua equipe de	
1	245.43999999999946	0.8330960273742676	juristas experientes	
1	246.47999999999945	0.8148775100708008		
1	247.51999999999944	0.48819756507873535	aborda as questões jurídicas mais comuns dos belgas.	
1	248.55999999999943	0.5735211372375488		
1	249.59999999999943	0.6834688186645508	Coletamos	
1	250.63999999999942	0.798039436340332	milhares de	
1	251.6799999999994	0.6969726085662842	perguntas, anotadas com	
1	252.7199999999994	0.6474039554595947		
1	253.7599999999994	0.7545208930969238		
1	254.7999999999994	0.9040193557739258	categorias, subcategorias e referências	
1	255.83999999999938	0.6607670783996582	jurídicas a estatutos relevantes.	
1	256.87999999999937	0.16037845611572266		
1	257.9199999999994	0.6747865676879883		
1	258.9599999999994	0.8207621574401855	Por fim, passamos	
1	259.99999999999943	0.7618567943572998	as referências	
1	261.03999999999945	0.6582551002502441	jurídicas e	
1	262.0799999999995	0.6619093418121338	filtramos as	
1	263.1199999999995	0.6489627361297607		
1	264.1599999999995	0.7971010208129883	perguntas cujas referências	
1	265.19999999999953	0.7538697719573975	não eram	
1	266.23999999999955	0.8571274280548096	artigos	
1	267.2799999999996	0.7950468063354492	em um dos códigos de lei que	
1	268.3199999999996	0.2632560729980469	consideramos.	
1	269.3599999999996	0.6467452049255371		
1	270.39999999999964	0.7413098812103271	As referências restantes foram	
1	271.43999999999966	0.7948133945465088	correspondidas e	
1	272.4799999999997	0.7406322956085205	convertidas	
1	273.5199999999997	0.7054774761199951	nos	
1	274.5599999999997	0.7768204212188721	IDs de artigo	
1	275.59999999999974	0.69818115234375	correspondentes do	
1	276.63999999999976	0.2335209846496582		
1	277.6799999999998	0.7848565578460693		
1	278.7199999999998	0.9972996711730957	O Corpus. Eventualmente, chegamos a	
1	279.7599999999998	0.7850751876831055		
1	280.79999999999984	0.7452025413513184	1.108 perguntas.	
1	281.83999999999986	0.7466974258422852		
1	282.8799999999999	0.5352251529693604		
1	283.9199999999999	1.0021419525146484		
1	284.9599999999999	1.0959248542785645	cada uma cuidadosamente rotulada com os IDs dos artigos	
1	285.99999999999994	0.8487832546234131	relevantes de nosso grande	
1	287.03999999999996	0.8231215476989746	corpus de	
1	288.08	0.745924711227417		
1	289.12	0.8825044631958008		
1	290.16	0.5603866577148438	22.633 artigos estatutários.	
1	291.20000000000005	0.5956854820251465		
1	292.24000000000007	0.6835887432098389	Além disso,	
1	293.2800000000001	0.7777104377746582	cada pergunta	
1	294.3200000000001	0.7784514427185059	vem com	
1	295.3600000000001	0.7751407623291016	uma categoria principal e uma	
1	296.40000000000015	0.6912775039672852	concatenação de	
1	297.44000000000017	0.6641697883605957		
1	298.4800000000002	0.8826611042022705	subcategorias, e cada	
1	299.5200000000002	0.722679615020752	artigo vem com uma	
1	300.56000000000023	0.7745885848999023	concatenação	
1	301.60000000000025	0.7802250385284424	de seus títulos	
1	302.64000000000027	0.7664906978607178	de subsequência na estrutura da	
1	303.6800000000003	0.693002462387085	lei.	
1	304.7200000000003	0.7318670749664307	Esta informação	
1	305.76000000000033	0.8245084285736084	extra não é	
1	306.80000000000035	0.8346600532531738	utilizada neste trabalho, mas	
1	307.8400000000004	0.788330078125	pode ser de interesse para	
1	308.8800000000004	0.707848310470581		
1	309.9200000000004	0.7928807735443115	futuras pesquisas	
1	310.96000000000043	0.875568151473999	em recuperação de informações jurídicas	
1	312.00000000000045	0.3615126609802246	ou classificação de texto jurídico.	
1	313.0400000000005	0.161452054977417		
1	314.0800000000005	0.6708369255065918		
1	315.1200000000005	0.8222053050994873	Vamos ver algumas	
1	316.16000000000054	0.3870370388031006	características do nosso conjunto de dados.	
1	317.20000000000056	0.6966814994812012		
1	318.2400000000006	0.9342284202575684	As perguntas	
1	319.2800000000006	1.0390493869781494	têm entre 5 e 44 palavras de	
1	320.3200000000006	0.9261322021484375	comprimento, com uma	
1	321.36000000000064	0.4200589656829834	mediana de 40 palavras.	
1	322.40000000000066	0.7829945087432861		
1	323.4400000000007	0.9396677017211914	Os artigos são muito mais	
1	324.4800000000007	0.9679660797119141	longos, com uma mediana	
1	325.5200000000007	0.7675402164459229	de comprimento de	
1	326.56000000000074	0.8526813983917236	77	
1	327.60000000000076	0.7530980110168457	palavras, com	
1	328.6400000000008	0.8012073040008545		
1	329.6800000000008	1.03287935256958	142 deles	
1	330.7200000000008	0.5307819843292236	excedendo 1.000 palavras.	
1	331.76000000000084	0.16380047798156738		
1	332.80000000000086	0.7543270587921143		
1	333.8400000000009	0.9541473388671875		
1	334.8800000000009	0.9012942314147949	O comprimento máximo sendo de	
1	335.9200000000009	0.7893102169036865		
1	336.96000000000095	0.45966100692749023	até 5.790 palavras.	
1	338.00000000000097	0.6467287540435791		
1	339.040000000001	0.7964420318603516	Como mencionado anteriormente,	
1	340.080000000001	0.8276634216308594		
1	341.120000000001	0.9287660121917725	as perguntas cobrem uma ampla gama	
1	342.16000000000105	0.9434258937835693	de	
1	343.20000000000107	0.9785652160644531	tópicos, com cerca de	
1	344.2400000000011	0.8311622142791748	85% delas	
1	345.2800000000011	0.7300670146942139		
1	346.32000000000113	0.8051698207855225	sendo sobre família, habitação,	
1	347.36000000000115	0.6777119636535645	dinheiro ou	
1	348.40000000000117	0.6858158111572266		
1	349.4400000000012	0.8944110870361328	justiça, enquanto	
1	350.4800000000012	0.9044220447540283	os restantes 15%	
1	351.52000000000123	0.7645447254180908		
1	352.56000000000125	0.7915863990783691		
1	353.6000000000013	0.8693785667419434	concernem segurança social, estrangeiros ou	
1	354.6400000000013	0.22237277030944824	trabalho.	
1	355.6800000000013	0.15821027755737305		
1	356.72000000000133	0.7742874622344971		
1	357.76000000000136	0.8603999614715576	Os artigos também são muito	
1	358.8000000000014	0.8648898601531982	diversos, pois vêm	
1	359.8400000000014	0.8895606994628906	de 32	
1	360.8800000000014	0.7133643627166748	diferentes	
1	361.92000000000144	0.8703629970550537	códigos belgas que	
1	362.96000000000146	0.9756560325622559	cobrem um grande número de	
1	364.0000000000015	0.8030102252960205		
1	365.0400000000015	0.9631433486938477	temas ilegais. Aqui está o	
1	366.0800000000015	0.874859094619751	número total de artigos	
1	367.12000000000154	0.8602862358093262	coletados de cada	
1	368.16000000000156	0.3627808094024658	um desses códigos belgas.	
1	369.2000000000016	0.16698265075683594		
1	370.2400000000016	0.8067119121551514		
1	371.2800000000016	0.886934757232666		
1	372.32000000000164	0.8639705181121826	Dos 22.633	
1	373.36000000000166	0.8713366985321045	artigos,	
1	374.4000000000017	0.8017075061798096	apenas	
1	375.4400000000017	0.9027132987976074		
1	376.4800000000017	1.0082800388336182	1.612 são	
1	377.52000000000174	0.7765305042266846	referenciados como	
1	378.56000000000176	0.8014039993286133	relevantes para	
1	379.6000000000018	0.8469922542572021	pelo menos uma	
1	380.6400000000018	0.3655056953430176	pergunta no conjunto de dados.	
1	381.6800000000018	0.8348782062530518		
1	382.72000000000185	0.9420313835144043	E cerca de 80%	
1	383.76000000000187	0.7512996196746826		
1	384.8000000000019	0.8297944068908691	desses artigos citados vêm	
1	385.8400000000019	0.8163044452667236	do	
1	386.8800000000019	1.0572245121002197	Código	
1	387.92000000000195	1.0227324962615967	Civil, do Código	
1	388.96000000000197	1.139615535736084	Judiciário, do Código de Investigação Criminal ou	
1	390.000000000002	0.9052841663360596	dos Códigos Penais.	
1	391.040000000002	0.7862653732299805	Enquanto isso,	
1	392.08000000000203	0.8171675205230713		
1	393.12000000000205	0.9259984493255615	18 dos 32	
1	394.16000000000207	0.8015539646148682	códigos têm	
1	395.2000000000021	0.8670394420623779	menos de 5	
1	396.2400000000021	0.7991800308227539	artigos mencionados como	
1	397.28000000000213	0.7791857719421387	relevantes para pelo menos	
1	398.32000000000215	0.7429373264312744	uma	
1	399.3600000000022	0.963623046875	pergunta, o que pode	
1	400.4000000000022	0.8648862838745117	ser explicado pelo fato de	
1	401.4400000000022	0.833726167678833	que esses códigos focam	
1	402.48000000000224	0.7431731224060059	menos	
1	403.52000000000226	0.7891921997070312	em indivíduos e	
1	404.5600000000023	0.2979269027709961	suas preocupações.	
1	405.6000000000023	0.6907529830932617		
1	406.6400000000023	0.8554544448852539	No geral,	
1	407.68000000000234	0.8877377510070801	a mediana do número de	
1	408.72000000000236	0.7914693355560303	citações para	
1	409.7600000000024	0.796576738357544	esses artigos	
1	410.8000000000024	0.9327349662780762	citados é	
1	411.8400000000024	0.8946774005889893	2, e menos de	
1	412.88000000000244	0.8424460887908936	25%	
1	413.92000000000246	0.8481960296630859	deles são	
1	414.9600000000025	0.802128791809082	citados mais de	
1	416.0000000000025	0.3055908679962158	5 vezes.	
1	417.0400000000025	0.6368350982666016		
1	418.08000000000254	0.8786606788635254	Usando	
1	419.12000000000256	0.888298511505127	nossos conjuntos de dados,	
1	420.1600000000026	0.8444914817810059	avaliamos	
1	421.2000000000026	0.8854055404663086	várias abordagens de	
1	422.2400000000026	0.9125251770019531	recuperação, incluindo	
1	423.28000000000264	0.4340207576751709	arquiteturas lexicais e densas.	
1	424.32000000000266	0.7851243019104004		
1	425.3600000000027	0.9430587291717529	Dada uma	
1	426.4000000000027	0.9123523235321045	consulta e um artigo,	
1	427.4400000000027	0.9089996814727783	um modelo	
1	428.48000000000275	0.9639186859130859	lexicário atribui uma pontuação	
1	429.52000000000277	0.8219993114471436		
1	430.5600000000028	0.8673031330108643	ao par consulta-artigo	
1	431.6000000000028	0.8625972270965576	calculando a soma	
1	432.64000000000283	0.7360239028930664	sobre os termos da	
1	433.68000000000285	0.9301221370697021	consulta das	
1	434.72000000000287	0.9111373424530029	ponderações de cada um desses	
1	435.7600000000029	0.2978837490081787	termos naquele artigo.	
1	436.8000000000029	0.7886495590209961		
1	437.84000000000293	0.9429640769958496	Experimentamos com o	
1	438.88000000000295	0.9360265731811523		
1	439.920000000003	0.9659457206726074	ranking padrão	
1	440.960000000003	0.9765675067901611	de TFIDF e BM25.	
1	442.000000000003	0.8840005397796631	O principal problema	
1	443.04000000000303	0.8700015544891357	com essas	
1	444.08000000000305	0.915553092956543	abordagens é que elas podem	
1	445.1200000000031	0.7883932590484619	recuperar apenas	
1	446.1600000000031	0.8924670219421387	artigos que contenham	
1	447.2000000000031	0.8231849670410156	palavras-chave	
1	448.24000000000314	0.2886471748352051	presentes na consulta.	
1	449.28000000000316	0.7767713069915771		
1	450.3200000000032	0.8407163619995117	Para superar essa limitação,	
1	451.3600000000032	0.9493820667266846	experimentamos	
1	452.4000000000032	0.9302833080291748	com	
1	453.44000000000324	1.038062334060669	uma arquitetura baseada em redes neurais	
1	454.48000000000326	0.8802700042724609	que pode capturar	
1	455.5200000000033	0.9182043075561523	relações semânticas entre	
1	456.5600000000033	0.3017725944519043	consultas e artigos.	
1	457.6000000000033	0.7702038288116455		
1	458.64000000000334	0.8735861778259277	Utilizamos	
1	459.68000000000336	0.906080961227417	um modelo	
1	460.7200000000034	0.9303581714630127		
1	461.7600000000034	1.1950445175170898		
1	462.8000000000034	1.2113876342773438		
1	463.84000000000344	1.269629955291748	de encoder-be que mapeia consultas e artigos em representações vetoriais	
1	464.88000000000346	0.9838321208953857	densas e calcula	
1	465.9200000000035	1.0232632160186768	uma pontuação de	
1	466.9600000000035	0.9447715282440186	relevância entre	
1	468.0000000000035	0.9203383922576904	um par	
1	469.04000000000354	0.9104080200195312	consulta-artigo pela similaridade de	
1	470.08000000000357	0.26805877685546875	seus embeddings.	
1	471.1200000000036	0.7416195869445801		
1	472.1600000000036	0.8761913776397705	Esses embeddings	
1	473.2000000000036	0.8980283737182617		
1	474.24000000000365	1.0143225193023682	geralmente resultam de uma operação de	
1	475.28000000000367	0.9564828872680664	pooling na saída de um	
1	476.3200000000037	0.3693866729736328	modelo de embeddings de palavras.	
1	477.3600000000037	0.6820917129516602		
1	478.40000000000373	0.8093404769897461	Primeiro,	
1	479.44000000000375	0.8969779014587402	estudamos	
1	480.48000000000377	0.9700033664703369	a eficácia	
1	481.5200000000038	1.0031845569610596	de encoders B siameses	
1	482.5600000000038	0.9513652324676514	em	
1	483.60000000000383	0.9615254402160645	um cenário de avaliação zero-shot, ou seja,	
1	484.64000000000385	0.8626382350921631		
1	485.6800000000039	1.0348281860351562		
1	486.7200000000039	1.1138322353363037	modelos de embeddings de palavras pré-treinados são	
1	487.7600000000039	0.9115562438964844	aplicados fora da	
1	488.80000000000393	0.8368258476257324	caixa sem qualquer	
1	489.84000000000395	0.30126190185546875	ajuste fino adicional.	
1	490.880000000004	0.7754902839660645		
1	491.920000000004	0.7924180030822754	Experimentamos com	
1	492.960000000004	0.8581521511077881		
1	494.00000000000404	0.8735880851745605		
1	495.04000000000406	0.9878063201904297	um encoder de texto independente de	
1	496.0800000000041	0.9986083507537842	contexto, ou seja,	
1	497.1200000000041	1.025033950805664		
1	498.1600000000041	1.056091547012329	word-to-Vec e	
1	499.20000000000414	1.0137126445770264		
1	500.24000000000416	1.1547703742980957		
1	501.2800000000042	1.3570544719696045		
1	502.3200000000042	1.6629061698913574		
1	503.3600000000042	1.6737337112426758		
1	504.40000000000424	1.6445412635803223	FastText, e modelos de embedding dependentes de contexto, ou seja, Roberta e, mais especificamente, Camembert, que é um modelo francês Roberta.	
1	505.44000000000426	0.7998917102813721		
1	506.4800000000043	0.8963325023651123	Além disso,	
1	507.5200000000043	1.0101091861724854	treinamos	
1	508.5600000000043	0.9042215347290039		
1	509.60000000000434	1.0434341430664062	nosso próprio modelo baseado em	
1	510.64000000000436	1.1510744094848633	Camembert,	
1	511.6800000000044	1.0721244812011719	ou seja, encoders B, em	
1	512.7200000000043	1.0355567932128906	nossos conjuntos de dados.	
1	513.7600000000043	0.9522562026977539	Observe	
1	514.8000000000043	0.9846851825714111		
1	515.8400000000042	1.1036376953125		
1	516.8800000000042	1.141899585723877	que, para	
1	517.9200000000042	1.1524176597595215		
1	518.9600000000041	1.2766354084014893	treinamento, experimentamos com os dois sabores da arquitetura BeyondCoder.	
1	520.0000000000041	1.111602544784546	Siamese, que usa um	
1	521.040000000004	0.8260104656219482	único modelo de embeddings de	
1	522.080000000004	0.9021954536437988	palavras	
1	523.120000000004	0.97519850730896	que mapeia a	
1	524.160000000004	0.9959697723388672	consulta e o artigo	
1	525.2000000000039	0.9869358539581299	juntos em um espaço	
1	526.2400000000039	0.41620779037475586	vetorial denso compartilhado.	
1	527.2800000000038	0.8061695098876953		
1	528.3200000000038	0.9272243976593018	E	
1	529.3600000000038	1.117964744567871		
1	530.4000000000037	1.0961642265319824	Tutora, que usa dois modelos de embeddings de palavras	
1	531.4400000000037	1.082331657409668	independentes que	
1	532.4800000000037	1.085723876953125	codificam a consulta e o artigo	
1	533.5200000000036	0.9026117324829102	separadamente	
1	534.5600000000036	0.3569331169128418	em espaços de embedding diferentes.	
1	535.6000000000035	0.17632699012756348		
1	536.6400000000035	0.8725929260253906		
1	537.6800000000035	0.9861130714416504	Experimentamos com	
1	538.7200000000034	1.0436012744903564	pooling mean, max e	
1	539.7600000000034	1.0358965396881104	CLS, bem como	
1	540.8000000000034	1.0536680221557617	produto escalar e	
1	541.8400000000033	0.8853039741516113	cosseno para calcular	
1	542.8800000000033	0.2801532745361328	similaridades.	
1	543.9200000000033	0.17690801620483398		
1	544.9600000000032	0.8368306159973145		
1	546.0000000000032	1.1122002601623535	Aqui estão os resultados	
1	547.0400000000031	1.1493611335754395	da nossa linha de base no conjunto de	
1	548.0800000000031	0.9528155326843262		
1	549.1200000000031	1.2091937065124512	teste, com os métodos lexicais	
1	550.160000000003	1.1410725116729736	acima,	
1	551.200000000003	1.1248562335968018	os encoders B siameses avaliados em um	
1	552.240000000003	0.8199727535247803	cenário	
1	553.2800000000029	1.05361008644104	zero-shot no	
1	554.3200000000029	0.9861772060394287	meio, e os	
1	555.3600000000029	0.4009995460510254	beyond coders ajustados abaixo.	
1	556.4000000000028	0.8902609348297119		
1	557.4400000000028	0.9997563362121582	No geral,	
1	558.4800000000027	1.0788626670837402	os beyond coders ajustados	
1	559.5200000000027	0.9925103187561035	superam significativamente	
1	560.5600000000027	1.2033476829528809	todas as outras linhas de base.	
1	561.6000000000026	1.098330020904541	O modelo de duas torres	
1	562.6400000000026	0.9508762359619141	melhora	
1	563.6800000000026	1.0838966369628906	sobre sua variante	
1	564.7200000000025	1.1299636363983154	siamesa na recall a	
1	565.7600000000025	1.016535758972168	100, mas	
1	566.8000000000025	0.9109752178192139	performa igualmente	
1	567.8400000000024	0.38257384300231934	bem nas outras métricas.	
1	568.8800000000024	0.9428460597991943		
1	569.9200000000023	1.1488978862762451	Embora o BM25 tenha subperformado	
1	570.9600000000023	0.901219367980957		
1	572.0000000000023	0.974865198135376	o beyond coder treinado	
1	573.0400000000022	0.9430615901947021	significativamente, seu desempenho	
1	574.0800000000022	1.024174451828003	indicou que	
1	575.1200000000022	1.0335123538970947	ainda é uma linha de base	
1	576.1600000000021	0.8793175220489502	forte para	
1	577.2000000000021	0.48892879486083984	recuperação	
1	578.240000000002	0.8634586334228516	de domínio.	
1	579.280000000002	1.0790126323699951	Quanto	
1	580.320000000002	1.0210533142089844	à avaliação zero-shot	
1	581.360000000002	0.9981565475463867		
1	582.4000000000019	1.0818207263946533		
1	583.4400000000019	1.3050012588500977	do Siamese Biancoder, encontramos que usar diretamente	
1	584.4800000000018	1.0790684223175049	os embeddings de um modelo pré-treinado	
1	585.5200000000018	0.8523485660552979		
1	586.5600000000018	0.9985158443450928	Camembert sem otimizar	
1	587.6000000000017	0.9320070743560791	para a	
1	588.6400000000017	0.9768915176391602	tarefa de recuperação de	
1	589.6800000000017	0.8771586418151855	informações resulta em	
1	590.7200000000016	1.114140272140503	pobres	
1	591.7600000000016	1.0240914821624756	resultados, o que é consistente com	
1	592.8000000000015	0.30884361267089844	achados anteriores.	
1	593.8400000000015	0.8399057388305664		
1	594.8800000000015	1.013214111328125	Além disso, observamos	
1	595.9200000000014	0.9171772003173828	que o	
1	596.9600000000014	0.8322551250457764		
1	598.0000000000014	1.0353176593780518		
1	599.0400000000013	1.171989917755127		
1	600.0800000000013	1.3165996074676514		
1	601.1200000000013	1.3596320152282715		
1	602.1600000000012	1.5142207145690918	encoder baseado em word-to-Vec superou significativamente o FastText e o modelo baseado em	
1	603.2000000000012	1.1385796070098877	bird, sugerindo que talvez	
1	604.2400000000011	1.0461039543151855		
1	605.2800000000011	1.1686651706695557	os embeddings de nível de palavra	
1	606.3200000000011	1.0699882507324219	pré-treinados sejam mais	
1	607.360000000001	1.1721160411834717	apropriados para a	
1	608.400000000001	1.00197172164917	tarefa do que	
1	609.440000000001	1.1376914978027344		
1	610.4800000000009	1.163935899734497	embeddings de nível de caractere ou de nível de subpalavra.	
1	611.5200000000009	0.7183160781860352		
1	612.5600000000009	0.6804540157318115		
1	613.6000000000008	0.19335031509399414		
1	614.6400000000008	0.6415841579437256		
1	615.6800000000007	1.3195345401763916	de subpalavra quando usados fora da caixa.	
1	616.7200000000007	1.1214449405670166	Embora promissores, esses resultados	
1	617.7600000000007	0.9623332023620605	sugerem amplas	
1	618.8000000000006	0.9134886264801025	oportunidades	
1	619.8400000000006	1.1637756824493408	de melhoria em comparação com	
1	620.8800000000006	0.888934850692749		
1	621.9200000000005	0.9694244861602783	um especialista leal que eventualmente	
1	622.9600000000005	1.3544950485229492	poderá recuperar	
1	624.0000000000005	0.955388069152832	todos os artigos	
1	625.0400000000004	0.9583122730255127	relevantes para qualquer	
1	626.0800000000004	1.033982276916504	pergunta	
1	627.1200000000003	0.4617750644683838	e assim obter pontuações perfeitas.	
1	628.1600000000003	0.17781782150268555		
1	629.2000000000003	0.8664731979370117		
1	630.2400000000002	1.0441820621490479	Vamos concluir discutindo	
1	631.2800000000002	1.002734661102295	duas limitações	
1	632.3200000000002	1.015357255935669		
1	633.3600000000001	1.0918078422546387		
1	634.4000000000001	1.2891762256622314	de nossos conjuntos de dados. Primeiro, o corpus de artigos	
1	635.44	1.0008304119110107	é limitado a	
1	636.48	0.9860079288482666	aqueles coletados	
1	637.52	1.0182440280914307	dos 32	
1	638.56	0.9865825176239014	códigos belgas	
1	639.5999999999999	0.9707906246185303	considerados, o que não	
1	640.6399999999999	1.009136438369751	cobre	
1	641.6799999999998	1.148317575454712	toda a lei	
1	642.7199999999998	1.1075644493103027	belga, pois	
1	643.7599999999998	1.2294135093688965	artigos de decretos,	
1	644.7999999999997	0.9911437034606934	diretivas e ordens	
1	645.8399999999997	0.8668532371520996	estão ausentes.	
1	646.8799999999997	0.9575941562652588	Durante	
1	647.9199999999996	1.1121165752410889	a construção do conjunto de dados,	
1	648.9599999999996	0.9989583492279053	todas as referências a	
1	649.9999999999995	0.9834978580474854	esses	
1	651.0399999999995	1.0742332935333252	artigos não coletados foram	
1	652.0799999999995	1.019087314605713	ignoradas, o que	
1	653.1199999999994	1.107675313949585		
1	654.1599999999994	1.2576782703399658	faz com que algumas perguntas acabem com apenas uma fração	
1	655.1999999999994	0.916536808013916		
1	656.2399999999993	0.4156606197357178	do número inicial de artigos relevantes.	
1	657.2799999999993	0.8047139644622803		
1	658.3199999999993	0.9056158065795898		
1	659.3599999999992	1.0314395427703857	Essa perda de	
1	660.3999999999992	1.007328748703003	informação implica que a resposta	
1	661.4399999999991	1.0232725143432617	contida	
1	662.4799999999991	1.0148017406463623	nos artigos relevantes	
1	663.5199999999991	0.9296026229858398	restantes pode	
1	664.559999999999	1.1409034729003906	ser	
1	665.599999999999	1.0290477275848389	incompleta, embora ainda	
1	666.639999999999	0.30995798110961914	seja completamente adequada.	
1	667.6799999999989	0.18850016593933105		
1	668.7199999999989	0.9264397621154785		
1	669.7599999999989	1.0589523315429688	Segundo, devemos notar que nem	
1	670.7999999999988	1.0300393104553223	todas as perguntas	
1	671.8399999999988	0.9956605434417725	jurídicas podem ser respondidas	
1	672.8799999999987	0.9583802223205566	apenas com estatutos.	
1	673.9199999999987	0.9865117073059082	Por exemplo,	
1	674.9599999999987	1.067601203918457	a	
1	675.9999999999986	1.2441918849945068	pergunta:	
1	677.0399999999986	1.269883394241333	"""Posso despejar meus inquilinos se"	
1	678.0799999999986	1.1707706451416016	"fizerem muito barulho?"""	
1	679.1199999999985	1.0952088832855225	pode não ter uma resposta detalhada	
1	680.1599999999985	0.9320681095123291	dentro	
1	681.1999999999985	0.9874136447906494		
1	682.2399999999984	1.0056679248809814	do direito estatutário que quantifique	
1	683.2799999999984	0.9991192817687988	um	
1	684.3199999999983	1.166149377822876	limiar específico de	
1	685.3599999999983	0.537714958190918	ruído no qual o despejo é permitido.	
1	686.3999999999983	0.935774564743042		
1	687.4399999999982	1.1381199359893799	Em vez disso, o proprietário	
1	688.4799999999982	1.0059161186218262	provavelmente deve confiar mais	
1	689.5199999999982	1.023991584777832	na jurisprudência e	
1	690.5599999999981	1.050752878189087	encontrar	
1	691.5999999999981	0.4446988105773926	precedentes semelhantes à sua situação atual.	
1	692.639999999998	0.9966135025024414		
1	693.679999999998	1.0822699069976807	Por exemplo,	
1	694.719999999998	1.258967638015747	o inquilino faz duas	
1	695.759999999998	0.7515430450439453	partes por semana até as 2 da manhã.	
1	696.7999999999979	0.8978967666625977		
1	697.8399999999979	1.0232181549072266	Portanto, algumas	
1	698.8799999999978	1.013732671737671	perguntas são	
1	699.9199999999978	1.160146951675415	mais adequadas do que outras para	
1	700.9599999999978	1.055891513824463		
1	701.9999999999977	1.2376770973205566	a tarefa de recuperação de artigos	
1	703.0399999999977	1.2316234111785889	estatutários, e o domínio	
1	704.0799999999977	1.0311367511749268	das menos adequadas	
1	705.1199999999976	0.33771395683288574	permanece por ser determinado.	
1	706.1599999999976	0.19585275650024414		
1	707.1999999999975	0.9622797966003418		
1	708.2399999999975	1.0669474601745605	Esperamos que	
1	709.2799999999975	1.1707994937896729	todo o trabalho desperte	
1	710.3199999999974	1.0302762985229492	interesse no desenvolvimento de	
1	711.3599999999974	1.0098862648010254		
1	712.3999999999974	1.1611125469207764		
1	713.4399999999973	1.2103369235992432		
1	714.4799999999973	1.2988417148590088	modelos práticos e confiáveis de recuperação de artigos estatutários.	
1	715.5199999999973	0.9819707870483398		
1	716.5599999999972	1.139695405960083	Que possam ajudar a melhorar o acesso	
1	717.5999999999972	0.8969297409057617	à	
1	718.6399999999971	1.0756993293762207	Justiça para todos.	
1	719.6799999999971	1.127565860748291	Você pode verificar nosso	
1	720.7199999999971	1.1449198722839355		
1	721.759999999997	1.154259443283081	papel,	
1	722.0012499999971	1.0798001289367676	Dataset e Code nos seguintes links. Obrigado.	
2	1.04	0.2505302429199219	Olá!	
2	2.08	0.38284778594970703	Olá, estamos felizes de	Olá!
2	3.12	0.4580540657043457	apresentar o nosso	de
2	4.16	0.30793166160583496	em apresentar trabalho sobre	apresentar o nosso
2	5.2	0.3601090908050537	nosso vogais.	trabalho sobre
2	6.24	0.33927488327026367	vogais, uma tarefa na	vogais.
2	7.28	0.5370211601257324	testes independente.	na
2	8.32	0.33037757873535156	de benchmark destinada a.	testes independente.
2	9.36	0.32576584815979004	destinada à avaliação.	a.
2	10.399999999999999	0.46824121475219727	testar modelos de visão e linguagem.	destinada à avaliação.
2	11.439999999999998	0.4515819549560547	a testar modelos de visão e modelos de visão e linguagem com	testar modelos de visão e linguagem.
2	12.479999999999997	0.3421182632446289	específicos.	modelos de visão e linguagem com
2	13.519999999999996	0.36656808853149414	fenômenos linguísticos específicos.	específicos.
2	14.559999999999995	0.32900094985961914		
2	15.599999999999994	0.37691283226013184	Por que fizemos isso?	fenômenos linguísticos específicos.
2	16.639999999999993	0.4589424133300781	nisso?	fizemos isso?
2	17.679999999999993	0.48526930809020996	nos empenhamos em criar isso?	nisso?
2	18.71999999999999	0.33148789405822754	esse benchmark?	criar isso?
2	19.75999999999999	0.27968335151672363	estabelecer	esse benchmark?
2	20.79999999999999	0.4286186695098877	Bem, durante o último ano.	
2	21.83999999999999	0.40463685989379883	anos, temos	durante o último ano.
2	22.87999999999999	0.404097318649292	nos últimos visto um	anos, temos
2	23.919999999999987	0.34357404708862305	explosão de	um
2	24.959999999999987	0.4957418441772461	uma transformers.	explosão de
2	25.999999999999986	0.513812780380249	modelos baseados em modelos baseados em transformers para visão e linguagem.	transformers.
2	27.039999999999985	0.3710908889770508		
2	28.079999999999984	0.19143009185791016	anos, temos visto uma explosão de modelos baseados em transformers para visão e linguagem.	modelos baseados em transformers para visão e linguagem.
2	29.119999999999983	0.1950852870941162	baseados em transformers para visão e linguagem.	anos, temos visto uma explosão de modelos baseados em transformers para visão e linguagem.
2	30.159999999999982	0.18590164184570312		
2	31.19999999999998	0.8460533618927002	pares de imagem e texto.	baseados em transformers para visão e linguagem.
2	32.23999999999998	0.9093408584594727	e linguagem, pré-treinados em grandes quantidades de Cada um desses modelos	pares de imagem e texto.
2	33.27999999999998	0.4520225524902344	impulsiona.	
2	34.31999999999998	0.4665095806121826	impulsiona o estado da arte.	impulsiona.
2	35.35999999999998	0.6634883880615234	estado da arte em modelos de visão e linguagem.	arte.
2	36.39999999999998	0.44870686531066895	arte em estado da arte em tarefas de visão e linguagem.	estado da arte em modelos de visão e linguagem.
2	37.439999999999976	0.5130491256713867	tarefas de visão e tarefas de visão e linguagem, como a visão.	estado da arte em tarefas de visão e linguagem.
2	38.479999999999976	0.5109772682189941	linguagem, como respostas a perguntas visuais.	tarefas de visão e linguagem, como a visão.
2	39.519999999999975	0.540395975112915	linguagem, como perguntas e respostas visuais e comentários visuais.	respostas a perguntas visuais.
2	40.559999999999974	0.6180500984191895	comum visual.	linguagem, como perguntas e respostas visuais e comentários visuais.
2	41.59999999999997	0.741034984588623	resposta a perguntas visuais, raciocínio comum visual e recuperação de imagens.	comum visual.
2	42.63999999999997	0.7686314582824707	raciocínio comum visual, recuperação de imagens e compreensão de frases.	visual e recuperação de imagens.
2	43.67999999999997	0.6266241073608398	frases.	raciocínio comum visual, recuperação de imagens e compreensão de frases.
2	44.71999999999997	0.6711156368255615	recebemos uma mensagem.	frases.
2	45.75999999999997	0.9047017097473145	visual, recuperação de imagens e frases. Então, recebemos uma mensagem: a precisão.	recebemos uma mensagem.
2	46.79999999999997	0.8965010643005371	ancoragem de frases. Então, recebemos uma mensagem sobre as acurácias nesses tipos.	frases. Então, recebemos uma mensagem: a precisão.
2	47.83999999999997	0.7015495300292969	mensagem: as acurácias nessas bases específicas de tarefas.	mensagem sobre as acurácias nesses tipos.
2	48.87999999999997	0.7301387786865234	benchmarks específicos de tarefa estão aumentando.	nessas bases específicas de tarefas.
2	49.919999999999966	0.5377743244171143	nesses benchmarks específicos aumentando constantemente.	benchmarks específicos de tarefa estão aumentando.
2	50.959999999999965	0.3600888252258301	da tarefa estão	aumentando constantemente.
2	51.999999999999964	0.35594773292541504	Mas sabemos disso?	
2	53.039999999999964	0.3589015007019043	sabemos o quê	disso?
2	54.07999999999996	0.4700508117675781	o modelos realmente têm?	sabemos o quê
2	55.11999999999996	0.45511722564697266	que os modelos realmente realmente aprenderam?	modelos realmente têm?
2	56.15999999999996	0.25623559951782227		realmente aprenderam?
2	57.19999999999996	0.3738741874694824	é isso?	
2	58.23999999999996	0.5417773723602295	O que é que um modelo de visão e linguagem	é isso?
2	59.27999999999996	0.4952988624572754	transformador de visão e linguagem	modelo de visão e linguagem
2	60.31999999999996	0.5241572856903076	compreendeu?	
2	61.35999999999996	0.49223875999450684	compreende quando é atribuído?	compreendeu?
2	62.399999999999956	0.4359288215637207	atribuir uma alta	compreende quando é atribuído?
2	63.439999999999955	0.6622967720031738	para essa imagem?	atribuir uma alta
2	64.47999999999996	0.7187402248382568	imagem e este?	para essa imagem?
2	65.51999999999997	0.9062972068786621	compreendeu ao atribuir uma pontuação alta para essa frase em relação à matemática?	imagem e este?
2	66.55999999999997	0.5359313488006592	corresponderem?	essa frase em relação à matemática?
2	67.59999999999998	0.7212543487548828	uma pontuação baixa?	corresponderem?
2	68.63999999999999	0.8278884887695312	essa imagem e essa frase como correspondência, e uma pontuação para essa imagem e essa frase como correspondência, e uma pontuação baixa para essa outra?	uma pontuação baixa?
2	69.67999999999999	0.3196237087249756		para essa imagem e essa frase como correspondência, e uma pontuação baixa para essa outra?
2	70.72	0.14198780059814453		
2	71.76	0.4310188293457031	modelos de visão e linguagem	
2	72.80000000000001	0.5391359329223633	focam?	modelos de visão e linguagem
2	73.84000000000002	0.6710262298583984	focam na coisa certa?	focam?
2	74.88000000000002	0.7487552165985107	certas, ou não?	focam na coisa certa?
2	75.92000000000003	0.7306904792785645	Modelos de visão e linguagem focam nas coisas Modelos de visão e linguagem focam nas coisas certas ou focam em	certas, ou não?
2	76.96000000000004	0.577702522277832	acurácias nesses benchmarks específicos da tarefa estão aumentando constantemente. Mas sabemos o que os modelos realmente aprenderam? O que é que um transformador de visão e linguagem compreendeu ao atribuir uma pontuação alta para essa imagem e essa frase como correspondência, e uma pontuação baixa para essa outra? Modelos de visão e linguagem focam nas coisas certas ou focam em vieses afirmados?	Modelos de visão e linguagem focam nas coisas certas ou focam em
2	78.00000000000004	0.5054171085357666	como demonstrado anteriormente?	acurácias nesses benchmarks específicos da tarefa estão aumentando constantemente. Mas sabemos o que os modelos realmente aprenderam? O que é que um transformador de visão e linguagem compreendeu ao atribuir uma pontuação alta para essa imagem e essa frase como correspondência, e uma pontuação baixa para essa outra? Modelos de visão e linguagem focam nas coisas certas ou focam em vieses afirmados?
2	79.04000000000005	0.5823683738708496	vieses, anteriores?	como demonstrado anteriormente?
2	80.08000000000006	0.5863034725189209	conforme demonstrado por trabalhos Para esclarecer	anteriores?
2	81.12000000000006	0.42932939529418945	mais luz sobre	esclarecer
2	82.16000000000007	0.5146200656890869	lançar este aspecto, para	mais luz sobre
2	83.20000000000007	0.46401119232177734	propomos um	para
2	84.24000000000008	0.3860805034637451	mais	um
2	85.28000000000009	0.5256731510162354	algo agnóstico à tarefa.	mais
2	86.32000000000009	0.45265936851501465	agnóstico à tarefa.	
2	87.3600000000001	0.2852470874786377		
2	88.4000000000001	0.26128053665161133	tarefa.	agnóstico à tarefa.
2	89.44000000000011	0.25467395782470703	lançar mais luz sobre este aspecto, propomos algo mais agnóstico à tarefa.	tarefa.
2	90.48000000000012	0.9199671745300293	linguísticos específicos. Por que nos empenhamos em estabelecer esse benchmark? Bem, nos últimos anos, temos visto uma explosão de modelos baseados em transformers para visão e linguagem, pré-treinados em grandes quantidades de pares de imagem e texto. Cada um desses modelos impulsiona o estado da arte em tarefas de visão e linguagem, como resposta a perguntas visuais, raciocínio comum visual, recuperação de imagens e ancoragem de frases. Então, recebemos uma mensagem: as acurácias nesses benchmarks específicos da tarefa estão aumentando constantemente. Mas sabemos o que os modelos realmente aprenderam? O que é que um transformador de visão e linguagem compreendeu ao atribuir uma pontuação alta para essa imagem e essa frase como correspondência, e uma pontuação baixa para essa outra? Modelos de visão e linguagem focam nas coisas certas ou focam em vieses, conforme demonstrado por trabalhos anteriores? Para lançar mais luz sobre este aspecto, propomos algo mais agnóstico à tarefa e introduzimos válvulas que testam a sensibilidade da visão.	lançar mais luz sobre este aspecto, propomos algo mais agnóstico à tarefa.
2	91.52000000000012	0.9660279750823975	à tarefa e introduzimos modelos de visão e linguagem.	linguísticos específicos. Por que nos empenhamos em estabelecer esse benchmark? Bem, nos últimos anos, temos visto uma explosão de modelos baseados em transformers para visão e linguagem, pré-treinados em grandes quantidades de pares de imagem e texto. Cada um desses modelos impulsiona o estado da arte em tarefas de visão e linguagem, como resposta a perguntas visuais, raciocínio comum visual, recuperação de imagens e ancoragem de frases. Então, recebemos uma mensagem: as acurácias nesses benchmarks específicos da tarefa estão aumentando constantemente. Mas sabemos o que os modelos realmente aprenderam? O que é que um transformador de visão e linguagem compreendeu ao atribuir uma pontuação alta para essa imagem e essa frase como correspondência, e uma pontuação baixa para essa outra? Modelos de visão e linguagem focam nas coisas certas ou focam em vieses, conforme demonstrado por trabalhos anteriores? Para lançar mais luz sobre este aspecto, propomos algo mais agnóstico à tarefa e introduzimos válvulas que testam a sensibilidade da visão.
2	92.56000000000013	0.8036532402038574	à tarefa e introduzimos válvulas que testam a sensibilidade de modelos de visão e linguagem a.	modelos de visão e linguagem.
2	93.60000000000014	0.842623233795166	válvulas que testam a sensibilidade de modelos de visão e linguagem especificamente.	à tarefa e introduzimos válvulas que testam a sensibilidade de modelos de visão e linguagem a.
2	94.64000000000014	0.5189192295074463	fenômenos linguísticos específicos.	especificamente.
2	95.68000000000015	0.6144924163818359	a fenômenos linguísticos fenômenos linguísticos específicos que afetam.	fenômenos linguísticos específicos.
2	96.72000000000016	0.6136445999145508	específicos que afetam tanto a linguagem quanto	fenômenos linguísticos específicos que afetam.
2	97.76000000000016	0.591848611831665	linguagem quanto a	
2	98.80000000000017	0.44477176666259766	modalidade visual.	linguagem quanto a
2	99.84000000000017	0.434722900390625	modalidade visual.	
2	100.88000000000018	0.44038915634155273	Nosso alvo é	modalidade visual.
2	101.92000000000019	0.6075623035430908	linguísticos específicos que afetam tanto a linguagem quanto a modalidade visual. Nosso alvo é a existência, plural.	
2	102.96000000000019	0.630059003829956	pluralidade e contraponto.	linguísticos específicos que afetam tanto a linguagem quanto a modalidade visual. Nosso alvo é a existência, plural.
2	104.0000000000002	0.663444995880127	existência, afetam tanto a linguagem quanto a modalidade visual. Nosso alvo é existência, pluralidade, contagem e espaço.	pluralidade e contraponto.
2	105.0400000000002	0.7770352363586426	pluralidade, relações espaciais e ação.	afetam tanto a linguagem quanto a modalidade visual. Nosso alvo é existência, pluralidade, contagem e espaço.
2	106.08000000000021	0.827751636505127	contagem, relações ações e correção de entidades.	relações espaciais e ação.
2	107.12000000000022	0.7671833038330078	espaciais, ações e co-referência de entidades.	ações e correção de entidades.
2	108.16000000000022	0.7610464096069336	Mas como fazemos isso?	
2	109.20000000000023	0.5480711460113525	testamos isso?	fazemos isso?
2	110.24000000000024	0.6569540500640869	os modelos de visão e linguagem	isso?
2	111.28000000000024	0.6671717166900635	se capturaram?	os modelos de visão e linguagem
2	112.32000000000025	0.5677611827850342	capturaram esses fenômenos?	capturaram?
2	113.36000000000026	0.3553798198699951		
2	114.40000000000026	0.37798142433166504	Por	capturaram esses fenômenos?
2	115.44000000000027	0.481109619140625	sabotar um	Por
2	116.48000000000027	0.7490847110748291	FOILing, um método anteriormente aplicado.	sabotar um
2	117.52000000000028	0.8665392398834229	Por meio do FOILing, um método anteriormente aplicado para visão e	FOILing, um método anteriormente aplicado.
2	118.56000000000029	0.625511646270752	linguagem capturaram esses fenômenos? Por meio do FOILing, um método anteriormente aplicado para modelos de visão e linguagem.	visão e
2	119.60000000000029	0.5960752964019775	modelos de visão e apenas para	linguagem capturaram esses fenômenos? Por meio do FOILing, um método anteriormente aplicado para modelos de visão e linguagem.
2	120.6400000000003	0.6321744918823242	linguagem linguísticos específicos que afetam tanto a linguagem quanto a modalidade visual. Nosso alvo é existência, pluralidade, contagem, relações espaciais, ações e co-referência de entidades. Mas como testamos se os modelos de visão e linguagem capturaram esses fenômenos? Por meio do FOILing, um método anteriormente aplicado para modelos de visão e linguagem apenas para frases nominais por	apenas para
2	121.6800000000003	0.7102012634277344	Ravi Shekhar.	linguísticos específicos que afetam tanto a linguagem quanto a modalidade visual. Nosso alvo é existência, pluralidade, contagem, relações espaciais, ações e co-referência de entidades. Mas como testamos se os modelos de visão e linguagem capturaram esses fenômenos? Por meio do FOILing, um método anteriormente aplicado para modelos de visão e linguagem apenas para frases nominais por
2	122.72000000000031	0.6359786987304688	Shekhar e colaboradores.	Shekhar.
2	123.76000000000032	0.761145830154419	colaboradores, e para contagem.	colaboradores.
2	124.80000000000032	0.705312967300415	perguntas.	contagem.
2	125.84000000000033	0.6197171211242676	contagem nós em trabalhos anteriores.	perguntas.
2	126.88000000000034	0.3541579246520996	por	nós em trabalhos anteriores.
2	127.92000000000034	0.6775822639465332	significa.	
2	128.96000000000035	0.7542951107025146	Basicamente, o FOILing significa que pegamos	significa.
2	130.00000000000034	0.6095767021179199	o FOILing significa que pegamos a legenda.	
2	131.04000000000033	0.5830292701721191	a legenda de uma imagem e	o FOILing significa que pegamos a legenda.
2	132.08000000000033	0.6404988765716553	produzimos um	
2	133.12000000000032	0.886533260345459	"por nós em trabalhos anteriores. Basicamente, o FOILing significa que pegamos a legenda de uma imagem e produzimos uma ""válvula"" (foil) a partir dela"	um
2	134.1600000000003	0.6888797283172607	"uma ""válvula"" alterando a"	"por nós em trabalhos anteriores. Basicamente, o FOILing significa que pegamos a legenda de uma imagem e produzimos uma ""válvula"" (foil) a partir dela"
2	135.2000000000003	0.5793306827545166	legenda.	
2	136.2400000000003	0.5492963790893555	legenda de modo que ela	legenda.
2	137.28000000000029	0.6889383792877197	não exiba.	
2	138.32000000000028	0.5977587699890137	imagem.	exiba.
2	139.36000000000027	0.6407246589660645	descreva imagem.	imagem.
2	140.40000000000026	0.7008883953094482	mais a E fazemos isso.	imagem.
2	141.44000000000025	0.6561422348022461	alterando a legenda de modo que ela não descreva mais a imagem. E realizamos essas alterações de frase.	fazemos isso.
2	142.48000000000025	0.7199244499206543	realizamos essas alterações de alterando a legenda de modo que ela não descreva mais a imagem. E realizamos essas alterações de frase focando em.	alterando a legenda de modo que ela não descreva mais a imagem. E realizamos essas alterações de frase.
2	143.52000000000024	0.6680028438568115	frase focando seis especificações.	alterando a legenda de modo que ela não descreva mais a imagem. E realizamos essas alterações de frase focando em.
2	144.56000000000023	0.5523874759674072	em seis elementos específicos.	seis especificações.
2	145.60000000000022	0.5883967876434326	elementos específicos, como existência.	específicos.
2	146.6400000000002	0.6745777130126953	específicos, como existência e pluralidade.	elementos específicos, como existência.
2	147.6800000000002	0.6594161987304688	pluralidade e contagem.	existência e pluralidade.
2	148.7200000000002	0.8544180393218994	existência, contagem e relações espaciais.	pluralidade e contagem.
2	149.7600000000002	0.8390107154846191	pluralidade, relações espaciais e ações.	contagem e relações espaciais.
2	150.80000000000018	0.91428542137146	contagem, relações ações e correção de entidade.	relações espaciais e ações.
2	151.84000000000017	0.8663177490234375	espaciais, ações e co-referência de entidades, onde	ações e correção de entidade.
2	152.88000000000017	0.7930643558502197	cada elemento pode	
2	153.92000000000016	0.6488895416259766	em.	
2	154.96000000000015	0.6351273059844971	consistir um ou mais.	em.
2	156.00000000000014	0.604698657989502	em um ou mais instrumentos.	um ou mais.
2	157.04000000000013	0.6462774276733398	encontrado	
2	158.08000000000013	0.6506664752960205	Caso mais de um.	encontrado
2	159.12000000000012	0.6355612277984619	encontre mais de interessante.	mais de um.
2	160.1600000000001	0.6145470142364502	maneira interessante de criar	interessante.
2	161.2000000000001	0.7620973587036133	uma criar instrumentos de válvula.	maneira interessante de criar
2	162.2400000000001	0.5981206893920898	instâncias de FOIL.	criar instrumentos de válvula.
2	163.2800000000001	0.7276504039764404	Por exemplo,	
2	164.32000000000008	0.6198077201843262	no caso	
2	165.36000000000007	0.5856401920318604	ação.	
2	166.40000000000006	0.5963976383209229	ações, temos	ação.
2	167.44000000000005	0.7313318252563477	do elemento dois instrumentos.	ações, temos
2	168.48000000000005	0.6204802989959717	instâncias de FOIL. Por exemplo, no caso do elemento ações, temos dois instrumentos, um dos quais	instrumentos.
2	169.52000000000004	0.7284729480743408	instrumentos, um a versão da ação	instâncias de FOIL. Por exemplo, no caso do elemento ações, temos dois instrumentos, um dos quais
2	170.56000000000003	0.7575082778930664	no qual verbo da ação é alterado.	a versão da ação
2	171.60000000000002	0.8986115455627441	o verbo da ação é uma ação diferente.	verbo da ação é alterado.
2	172.64000000000001	0.7924268245697021	ação diferente, e outro no qual	uma ação diferente.
2	173.68	0.9068551063537598	alterado por uma	ação diferente, e outro no qual
2	174.72	0.6844007968902588		
2	175.76	0.3958122730255127	os atores são trocados.	
2	176.79999999999998	0.7300758361816406		
2	177.83999999999997	0.8057804107666016	"Contagem e co-referência de entidades. Mas como testamos se os modelos de visão e linguagem capturaram esses fenômenos? Por meio do FOILing, um método anteriormente aplicado para modelos de visão e linguagem apenas para frases nominais por Ravi Shekhar e colaboradores, e para contagem por nós em trabalhos anteriores. Basicamente, o FOILing significa que pegamos a legenda de uma imagem e produzimos uma ""válvula"" alterando a legenda de modo que ela não descreva mais a imagem. E realizamos essas alterações de frase focando em seis elementos específicos, como existência, pluralidade, contagem, relações espaciais, ações e co-referência de entidades, onde cada elemento pode consistir em um ou mais instrumentos. Caso encontre mais de uma maneira interessante de criar instâncias de FOIL. Por exemplo, no caso do elemento ações, temos dois instrumentos, um no qual o verbo da ação é alterado por uma ação diferente, e outro no qual os atores são trocados. Contagem e co-referência também são elementos."	
2	178.87999999999997	0.800600528717041	também são	"de entidades. Mas como testamos se os modelos de visão e linguagem capturaram esses fenômenos? Por meio do FOILing, um método anteriormente aplicado para modelos de visão e linguagem apenas para frases nominais por Ravi Shekhar e colaboradores, e para contagem por nós em trabalhos anteriores. Basicamente, o FOILing significa que pegamos a legenda de uma imagem e produzimos uma ""válvula"" alterando a legenda de modo que ela não descreva mais a imagem. E realizamos essas alterações de frase focando em seis elementos específicos, como existência, pluralidade, contagem, relações espaciais, ações e co-referência de entidades, onde cada elemento pode consistir em um ou mais instrumentos. Caso encontre mais de uma maneira interessante de criar instâncias de FOIL. Por exemplo, no caso do elemento ações, temos dois instrumentos, um no qual o verbo da ação é alterado por uma ação diferente, e outro no qual os atores são trocados. Contagem e co-referência também são elementos."
2	179.91999999999996	0.6984829902648926	elementos que possuem uma ação diferente, e outro no qual os atores são trocados. Contagem e co-referência também são elementos que possuem mais de um instrumento.	
2	180.95999999999995	0.7324068546295166		uma ação diferente, e outro no qual os atores são trocados. Contagem e co-referência também são elementos que possuem mais de um instrumento.
2	181.99999999999994	0.6618022918701172	E criamos	
2	183.03999999999994	0.6187930107116699	essas válvulas	
2	184.07999999999993	0.6806964874267578		
2	185.11999999999992	0.8584074974060059	garantindo que elas falhem em	
2	186.1599999999999	0.8314402103424072	descrever a	
2	187.1999999999999	0.9617066383361816	imagem,	
2	188.2399999999999	0.9083607196807861	sejam gramaticais e, de outra forma, válidas.	
2	189.2799999999999	0.4361846446990967		
2	190.31999999999988	0.5852658748626709		
2	191.35999999999987	0.658282995223999	Isso não é	
2	192.39999999999986	0.6022853851318359	fácil de	
2	193.43999999999986	0.7386791706085205	fazer porque uma	
2	194.47999999999985	0.7698359489440918	legenda	
2	195.51999999999984	0.8249449729919434	"""válvulada"" pode ser"	
2	196.55999999999983	0.7461347579956055	menos	
2	197.59999999999982	0.42751383781433105	provável do que a legenda original.	
2	198.63999999999982	0.5444259643554688		
2	199.6799999999998	0.7147061824798584	Por exemplo,	
2	200.7199999999998	0.6501569747924805	embora não seja	
2	201.7599999999998	0.6846780776977539	impossível, é	
2	202.79999999999978	0.7212109565734863	estatisticamente menos	
2	203.83999999999978	0.6896300315856934	provável que	
2	204.87999999999977	0.7160651683807373	plantas	
2	205.91999999999976	0.8200874328613281	cortem um homem do que um	
2	206.95999999999975	0.592198371887207	homem cortar	
2	207.99999999999974	0.7933700084686279		
2	209.03999999999974	0.7958471775054932	plantas, e grandes modelos de visão e linguagem	
2	210.07999999999973	0.6520509719848633		
2	211.11999999999972	0.3262004852294922	poderiam capturar isso.	
2	212.1599999999997	0.6020236015319824		
2	213.1999999999997	0.7178113460540771	Portanto, para obter	
2	214.2399999999997	0.6972434520721436	válvulas	
2	215.2799999999997	0.6778748035430908	válidas, devemos tomar	
2	216.31999999999968	0.2233259677886963	medidas.	
2	217.35999999999967	0.6604700088500977		
2	218.39999999999966	0.6935288906097412	Primeiro,	
2	219.43999999999966	0.7226831912994385	utilizamos	
2	220.47999999999965	0.7504229545593262	modelos de linguagem fortes para	
2	221.51999999999964	0.6553890705108643	propor válvulas.	
2	222.55999999999963	0.5670211315155029	Segundo,	
2	223.59999999999962	0.7365658283233643		
2	224.63999999999962	0.818702220916748	usamos inferência de linguagem	
2	225.6799999999996	0.7157292366027832		
2	226.7199999999996	0.7157688140869141		
2	227.7599999999996	0.7585482597351074	natural	
2	228.79999999999959	0.8339250087738037	para filtrar válvulas que	
2	229.83999999999958	0.7742760181427002	ainda possam	
2	230.87999999999957	0.8675253391265869	estar descrevendo a	
2	231.91999999999956	0.8117260932922363	imagem, já que, ao construir	
2	232.95999999999955	0.6661033630371094	válvulas,	
2	233.99999999999955	0.8114478588104248	precisamos garantir	
2	235.03999999999954	0.8002901077270508	que elas falhem em	
2	236.07999999999953	0.7906520366668701	descrever a imagem.	
2	237.11999999999952	0.7538774013519287	Para testar isso	
2	238.1599999999995	0.8530995845794678	automaticamente,	
2	239.1999999999995	0.723484992980957	aplicamos inferência de linguagem	
2	240.2399999999995	0.6453766822814941	natural com	
2	241.2799999999995	0.6200311183929443	a seguinte	
2	242.31999999999948	0.6714887619018555	razão.	
2	243.35999999999947	0.5791692733764648	Consideramos uma	
2	244.39999999999947	0.6880905628204346	imagem	
2	245.43999999999946	0.6799619197845459	como	
2	246.47999999999945	0.7813875675201416	premissa e sua legenda,	
2	247.51999999999944	0.6657571792602539	sua	
2	248.55999999999943	0.7189292907714844	hipótese implicada.	
2	249.59999999999943	0.7069337368011475	Além disso,	
2	250.63999999999942	0.7590579986572266	consideramos a	
2	251.6799999999994	0.8677141666412354	legenda como	
2	252.7199999999994	0.8619821071624756	premissa e a válvula como	
2	253.7599999999994	0.2815258502960205	sua hipótese.	
2	254.7999999999994	0.5953083038330078		
2	255.83999999999938	0.6920969486236572	Se	
2	256.87999999999937	1.0010075569152832	um modelo de	
2	257.9199999999994	0.9183228015899658	inferência de linguagem natural prever que a válvula	
2	258.9599999999994	0.717674732208252	contradiga ou	
2	259.99999999999943	0.7307898998260498	seja neutra	
2	261.03999999999945	0.6670565605163574	em relação à legenda,	
2	262.0799999999995	0.7002718448638916	tomamos	
2	263.1199999999995	0.6382372379302979	isso como	
2	264.1599999999995	0.6998028755187988	um indicador	
2	265.19999999999953	0.3766753673553467	de uma válvula válida.	
2	266.23999999999955	0.8194608688354492		
2	267.2799999999996	0.9571449756622314	Se um modelo de inferência de linguagem natural prever	
2	268.3199999999996	0.7249948978424072	que a válvula	
2	269.3599999999996	0.655066728591919	seja	
2	270.39999999999964	0.8279383182525635	implicada pela legenda,	
2	271.43999999999966	0.8057899475097656	ela não pode ser	
2	272.4799999999997	0.8180601596832275	uma boa	
2	273.5199999999997	0.8854062557220459	válvula, pois, por	
2	274.5599999999997	0.7149326801300049	transitividade, ela	
2	275.59999999999974	0.7127211093902588		
2	276.63999999999976	0.7583293914794922	daria uma descrição verdadeira da	
2	277.6799999999998	0.7412495613098145	imagem e	
2	278.7199999999998	0.6882510185241699	filtramos essas válvulas.	
2	279.7599999999998	0.6080358028411865		
2	280.79999999999984	0.7091083526611328	Mas este	
2	281.83999999999986	0.8174667358398438	procedimento não é	
2	282.8799999999999	0.7058703899383545	perfeito; é apenas	
2	283.9199999999999	0.7477271556854248	um	
2	284.9599999999999	0.8325204849243164	indicador de válvulas	
2	285.99999999999994	0.8967132568359375	válidas, portanto, como	
2	287.03999999999996	0.8281922340393066	uma terceira medida para	
2	288.08	0.73948073387146	gerar válvulas	
2	289.12	0.7763104438781738	válidas, empregamos	
2	290.16	0.6830129623413086	anotadores	
2	291.20000000000005	0.7093257904052734	humanos para	
2	292.24000000000007	0.8016166687011719	validar os dados	
2	293.2800000000001	0.32721829414367676	utilizados nas válvulas.	
2	294.3200000000001	0.699371337890625		
2	295.3600000000001	0.784294843673706		
2	296.40000000000015	0.8546595573425293	Assim, após o filtro e	
2	297.44000000000017	0.6902384757995605	avaliação humana,	
2	298.4800000000002	0.7585349082946777	temos	
2	299.5200000000002	0.7813150882720947	tantas instâncias de	
2	300.56000000000023	0.7092792987823486	teste como	
2	301.60000000000025	0.34021520614624023	descritas nesta tabela.	
2	302.64000000000027	0.7491543292999268		
2	303.6800000000003	0.8693571090698242	Observe que	
2	304.7200000000003	0.9343340396881104	as válvulas não fornecem nenhum	
2	305.76000000000033	0.7619030475616455	dado de treinamento,	
2	306.80000000000035	0.3097054958343506	apenas dados de teste.	
2	307.8400000000004	0.7271308898925781		
2	308.8800000000004	0.7754976749420166	Uma vez que é um	
2	309.9200000000004	0.6687774658203125		
2	310.96000000000043	0.3620426654815674	benchmark de teste zero-shot.	
2	312.00000000000045	0.6740996837615967		
2	313.0400000000005	0.7207438945770264	Foi projetado para	
2	314.0800000000005	0.6689505577087402	aproveitar	
2	315.1200000000005	0.6802899837493896	as capacidades	
2	316.16000000000054	0.7318475246429443	existentes de	
2	317.20000000000056	0.8798487186431885	modelos de visão e	
2	318.2400000000006	0.42488861083984375	linguagem após o pré-treinamento.	
2	319.2800000000006	0.6768290996551514		
2	320.3200000000006	0.6941168308258057	O ajuste fino	
2	321.36000000000064	0.7741608619689941	permitiria apenas	
2	322.40000000000066	0.7872207164764404	que os modelos explorassem	
2	323.4400000000007	0.7947843074798584	artefatos ou	
2	324.4800000000007	0.6867952346801758	vieses	
2	325.5200000000007	0.8351120948791504	estatísticos nos	
2	326.56000000000074	0.8692584037780762		
2	327.60000000000076	1.0262269973754883	dados. E todos sabemos que esses modelos gostam de	
2	328.6400000000008	0.7715981006622314		
2	329.6800000000008	1.099823236465454	trapaçar e pegar atalhos.	
2	330.7200000000008	0.8691554069519043	E, como dissemos,	
2	331.76000000000084	0.7136719226837158	estamos interessados em	
2	332.80000000000086	0.7386314868927002	avaliar quais	
2	333.8400000000009	0.7040226459503174	capacidades os modelos de visão	
2	334.8800000000009	0.6651406288146973	e linguagem	
2	335.9200000000009	0.7622363567352295	possuem	
2	336.96000000000095	0.37464141845703125	após o pré-treinamento.	
2	338.00000000000097	0.5773332118988037		
2	339.040000000001	0.7565872669219971		
2	340.080000000001	0.8151288032531738	Experimentamos com cinco	
2	341.120000000001	0.7846043109893799	modelos de visão e	
2	342.16000000000105	0.7887172698974609	linguagem nas	
2	343.20000000000107	0.8491871356964111	válvulas, a saber, com	
2	344.2400000000011	0.848860502243042		
2	345.2800000000011	1.059540033340454	CLIP,	
2	346.32000000000113	1.1426310539245605	AlexMert, ViLBERT,	
2	347.36000000000115	0.8428893089294434		
2	348.40000000000117	1.0293688774108887	ViLBERT12in1 e VisualBERT.	
2	349.4400000000012	0.795262336730957	Dois	
2	350.4800000000012	0.7846760749816895	de nossos	
2	351.52000000000123	0.8452467918395996	principais métricas de avaliação	
2	352.56000000000125	0.7176873683929443	são a	
2	353.6000000000013	0.8517913818359375		
2	354.6400000000013	0.9637699127197266	acurácia dos modelos na classificação de	
2	355.6800000000013	0.8323249816894531	pares de	
2	356.72000000000133	0.8331682682037354	imagem-frase em	
2	357.76000000000136	0.3616495132446289	legendas e válvulas.	
2	358.8000000000014	0.7803549766540527		
2	359.8400000000014	0.8229186534881592	Talvez mais relevante para este	
2	360.8800000000014	0.734870433807373	vídeo,	
2	361.92000000000144	0.8274409770965576	mostraremos	
2	362.96000000000146	0.8229517936706543		
2	364.0000000000015	1.030731439590454	nossa métrica mais permissiva,	
2	365.0400000000015	0.8468739986419678	a acurácia par	
2	366.0800000000015	0.7452256679534912	a-par, que mede	
2	367.12000000000154	0.6849105358123779	se	
2	368.16000000000156	0.9040298461914062	a	
2	369.2000000000016	0.9885647296905518	pontuação de alinhamento entre imagem e	
2	370.2400000000016	0.9567675590515137	frase é maior para	
2	371.2800000000016	0.8392081260681152	o par	
2	372.32000000000164	0.9752235412597656		
2	373.36000000000166	1.0691883563995361		
2	374.4000000000017	1.228114366531372	"correto de imagem e texto do que para seu par ""válvulado""."	
2	375.4400000000017	0.787869930267334	Para mais	
2	376.4800000000017	0.8601069450378418	métricas e resultados	
2	377.52000000000174	0.7845940589904785	sobre elas, consulte nosso	
2	378.56000000000176	0.8817253112792969	artigo.	
2	379.6000000000018	0.8592944145202637	Os resultados com acurácia par a-par	
2	380.6400000000018	0.7918431758880615	são	
2	381.6800000000018	0.843590497970581	mostrados aqui e	
2	382.72000000000185	0.9913384914398193	são consistentes	
2	383.76000000000187	0.8791766166687012	com os resultados	
2	384.8000000000019	0.8964440822601318	obtidos das outras métricas.	
2	385.8400000000019	0.7877988815307617	É	
2	386.8800000000019	0.839930534362793	isso o melhor desempenho	
2	387.92000000000195	0.8394911289215088	zero-shot	
2	388.96000000000197	0.9504680633544922	alcançado pelo	
2	390.000000000002	0.9938843250274658	ViLBERT	
2	391.040000000002	1.0790374279022217	12in1, seguido pelo ViLBERT	
2	392.08000000000203	0.8438634872436523	AlexMert	
2	393.12000000000205	0.857231855392456		
2	394.16000000000207	0.9916274547576904		
2	395.2000000000021	1.0898571014404297	CLIP e, finalmente, pelo VisualBERT.	
2	396.2400000000021	0.8323831558227539	É notável como os instrumentos	
2	397.28000000000213	0.7621200084686279	centrados	
2	398.32000000000215	0.80600905418396	em objetos	
2	399.3600000000022	0.8799142837524414	individuais, como	
2	400.4000000000022	0.8284261226654053	existência e frases	
2	401.4400000000022	0.862919807434082	nominais,	
2	402.48000000000224	1.0238702297210693		
2	403.52000000000226	1.114863395690918	são quase resolvidos pelo ViLBERT	
2	404.5600000000023	0.9612572193145752	12in1,	
2	405.6000000000023	0.8005661964416504	destacando que os modelos são	
2	406.6400000000023	0.6940467357635498	capazes de	
2	407.68000000000234	0.692434549331665	identificar	
2	408.72000000000236	0.8402647972106934	objetos nomeados e	
2	409.7600000000024	0.3165242671966553	sua presença em imagens.	
2	410.8000000000024	0.68227219581604		
2	411.8400000000024	0.801563024520874	No entanto, nenhum	
2	412.88000000000244	0.7960636615753174	dos elementos	
2	413.92000000000246	0.9024837017059326	restantes pode ser	
2	414.9600000000025	0.8919410705566406	resolvido confiavelmente em	
2	416.0000000000025	0.9208235740661621	nossas	
2	417.0400000000025	0.9247655868530273	"configurações de ""válvula"" adversarial."	
2	418.08000000000254	0.9109034538269043		
2	419.12000000000256	1.1003484725952148	Observamos a partir	
2	420.1600000000026	1.0742485523223877	dos instrumentos de pluralidade e contagem que	
2	421.2000000000026	0.7971086502075195		
2	422.2400000000026	0.8846919536590576	modelos de visão e linguagem têm	
2	423.28000000000264	0.7515130043029785	dificuldade em	
2	424.32000000000266	0.9137959480285645	distinguir referências a	
2	425.3600000000027	0.7717163562774658		
2	426.4000000000027	0.8673427104949951	objetos únicos versus	
2	427.4400000000027	0.9571549892425537	múltiplos ou	
2	428.48000000000275	0.4421265125274658	contá-los em uma imagem.	
2	429.52000000000277	0.7146093845367432		
2	430.5600000000028	0.8700571060180664	O elemento de relação mostra	
2	431.6000000000028	0.889096736907959	que eles têm	
2	432.64000000000283	0.9231410026550293	dificuldades em classificar	
2	433.68000000000285	0.8130195140838623	corretamente	
2	434.72000000000287	0.8206274509429932	uma relação espacial	
2	435.7600000000029	0.8099420070648193	nomeada entre	
2	436.8000000000029	0.8836655616760254	objetos em uma imagem.	
2	437.84000000000293	0.7481741905212402	Eles também têm	
2	438.88000000000295	0.72257399559021	dificuldade em distinguir	
2	439.920000000003	0.6729140281677246	ações	
2	440.960000000003	0.7085773944854736	e identificar	
2	442.000000000003	0.7872745990753174	seus	
2	443.04000000000303	0.815528154373169	participantes, mesmo	
2	444.08000000000305	0.9167451858520508	quando	
2	445.1200000000031	0.9875667095184326		
2	446.1600000000031	1.0993657112121582	suportados por vieses de plausibilidade, como vemos no	
2	447.2000000000031	0.867912769317627	elemento de ações.	
2	448.24000000000314	0.9548852443695068	A partir do	
2	449.28000000000316	1.0038714408874512	elemento de co-referência,	
2	450.3200000000032	0.8985288143157959	descobrimos que	
2	451.3600000000032	0.8794112205505371	rastrear múltiplas	
2	452.4000000000032	0.8677875995635986	referências ao mesmo	
2	453.44000000000324	0.7498633861541748	objeto em uma	
2	454.48000000000326	0.8180296421051025	imagem usando	
2	455.5200000000033	0.8206441402435303		
2	456.5600000000033	0.9694473743438721	pronomes também é	
2	457.6000000000033	0.8575644493103027	difícil para	
2	458.64000000000334	1.0146305561065674	modelos de visão e linguagem.	
2	459.68000000000336	0.9402234554290771	Como um	
2	460.7200000000034	0.9708602428436279	teste de	
2	461.7600000000034	0.938887357711792	sanidade e porque é um experimento interessante,	
2	462.8000000000034	0.7978732585906982	também	
2	463.84000000000344	0.8717563152313232	avaliamos dois	
2	464.88000000000346	0.9039158821105957	modelos	
2	465.9200000000035	1.0372793674468994	apenas de	
2	466.9600000000035	1.0740745067596436		
2	468.0000000000035	1.1640682220458984	texto, GPT-1 e GPT-2, para	
2	469.04000000000354	0.9892892837524414	avaliar se	
2	470.08000000000357	1.0704541206359863	as	
2	471.1200000000036	1.1282305717468262	Válvulas são solucionáveis por esses modelos	
2	472.1600000000036	0.9534733295440674	unimodais,	
2	473.2000000000036	0.9224147796630859	calculando a	
2	474.24000000000365	0.8447306156158447	perplexidade	
2	475.28000000000367	0.9120721817016602	da	
2	476.3200000000037	1.0242564678192139	legenda correta e	
2	477.3600000000037	1.000547170639038		
2	478.40000000000373	1.09562087059021		
2	479.44000000000375	1.137037754058838		
2	480.48000000000377	0.7227566242218018	padrão (sem imagem aqui) e prevendo a entrada com a menor perplexidade.	
2	481.5200000000038	0.7600958347320557		
2	482.5600000000038	0.9557268619537354	Se a perplexidade for	
2	483.60000000000383	0.9568061828613281	maior para a válvula,	
2	484.64000000000385	0.8555586338043213	tomamos isso como um	
2	485.6800000000039	0.963921308517456		
2	486.7200000000039	1.0978646278381348	indicador de que a legenda	
2	487.7600000000039	1.0464842319488525	"""válvulada"" pode"	
2	488.80000000000393	0.9898009300231934	sofrer de	
2	489.84000000000395	1.03501558303833	viés de plausibilidade ou	
2	490.880000000004	0.8015327453613281	outros vieses linguísticos.	
2	491.920000000004	0.7624552249908447		
2	492.960000000004	0.83534836769104	E é interessante	
2	494.00000000000404	0.8350942134857178	ver que, em	
2	495.04000000000406	0.8651444911956787	alguns casos,	
2	496.0800000000041	0.8857359886169434		
2	497.1200000000041	1.0267257690429688	os modelos de texto GPT	
2	498.1600000000041	0.9291825294494629	capturaram a	
2	499.20000000000414	0.9903113842010498	plausibilidade do	
2	500.24000000000416	0.9820840358734131	mundo melhor do que o	
2	501.2800000000042	0.7939510345458984		
2	502.3200000000042	0.9579000473022461	modelos de visão e linguagem.	
2	503.3600000000042	0.7796969413757324	Então, para	
2	504.40000000000424	0.9572949409484863	resumir,	
2	505.44000000000426	0.9019002914428711	as Válvulas são um	
2	506.4800000000043	0.9027538299560547	benchmark que usa	
2	507.5200000000043	0.8556768894195557	a lente	
2	508.5600000000043	0.9459731578826904	de construtos	
2	509.60000000000434	0.9949109554290771	linguísticos para ajudar a	
2	510.64000000000436	0.8990387916564941	comunidade a melhorar	
2	511.6800000000044	0.8309292793273926	modelos de visão e	
2	512.7200000000043	0.8654963970184326	linguagem	
2	513.7600000000043	0.9642930030822754	testando	
2	514.8000000000043	0.4805450439453125	rigorosamente suas capacidades de ancoragem visual.	
2	515.8400000000042	0.17988204956054688		
2	516.8800000000042	0.9102160930633545		
2	517.9200000000042	1.0119290351867676	Nossos experimentos mostram que	
2	518.9600000000041	0.8542873859405518	modelos de visão e	
2	520.0000000000041	0.8810296058654785	linguagem identificam	
2	521.040000000004	0.8898899555206299	objetos nomeados em	
2	522.080000000004	0.8841781616210938	sua presença em	
2	523.120000000004	0.8444759845733643	imagens bem,	
2	524.160000000004	0.8532054424285889	conforme mostrado	
2	525.2000000000039	0.9881808757781982	pelo elemento de	
2	526.2400000000039	1.0383284091949463	existência, mas lutam para	
2	527.2800000000038	0.8318662643432617	ancorar sua	
2	528.3200000000038	0.9233057498931885	interdependência e	
2	529.3600000000038	0.9058365821838379	relações em	
2	530.4000000000037	0.9907121658325195	cenas visuais quando	
2	531.4400000000037	0.9385607242584229	forçados a respeitar	
2	532.4800000000037	0.2978212833404541	indicadores linguísticos.	
2	533.5200000000036	0.8612830638885498		
2	534.5600000000036	0.9518682956695557	Gostaríamos muito de incentivar	
2	535.6000000000035	0.9615986347198486	a	
2	536.6400000000035	1.0236504077911377	comunidade a usar as Válvulas	
2	537.6800000000035	0.953608512878418	para medir o	
2	538.7200000000034	0.943300724029541	progresso rumo à	
2	539.7600000000034	0.8566410541534424	ancoragem	
2	540.8000000000034	0.9177525043487549		
2	541.8400000000033	1.0446791648864746	linguística com modelos de visão e linguagem.	
2	542.8800000000033	1.0790228843688965		
2	543.9200000000033	1.185654878616333	E,	
2	544.9600000000032	1.2310497760772705		
2	546.0000000000032	1.34964919090271	ainda mais, as Válvulas podem ser usadas como uma avaliação indireta de	
2	547.0400000000031	1.1342720985412598	conjuntos de	
2	548.0800000000031	1.071845531463623	dados, uma vez que os modelos podem ser	
2	549.1200000000031	0.9031658172607422	avaliados antes e	
2	550.160000000003	0.8816976547241211	depois do	
2	551.200000000003	0.9113450050354004	treinamento ou ajuste	
2	552.240000000003	0.9739208221435547	fino para ver se um	
2	553.2800000000029	0.9362525939941406	conjunto de dados	
2	554.3200000000029	0.9335060119628906	ajuda os modelos a	
2	555.3600000000029	0.8676776885986328	melhorar em qualquer	
2	556.4000000000028	0.9672269821166992	um dos	
2	557.4400000000028	0.8846838474273682	aspectos testados pelas Válvulas.	
2	558.4800000000027	0.9028096199035645		
2	559.5200000000027	1.0378549098968506	Se você	
2	560.5600000000027	1.071793794631958	tem interesse, consulte	
2	561.6000000000026	1.129967212677002	os dados das Válvulas no	
2	562.6400000000026	1.0324294567108154		
2	563.6800000000026	1.1875536441802979	GitHub. E se tiver alguma dúvida, não	
2	564.7200000000025	0.4277675151824951	hesite em entrar em contato conosco.	
2	565.7600000000025	0.18308091163635254		
2	566.8000000000025	0.17661428451538086		
2	567.8080000000025	0.48836350440979004	contato conosco.	
