docid	audio_s	compute_s	generated	deleted
0	1.36	0.03886890411376953		
0	2.72	0.34816861152648926	tous.	
0	4.08	0.4095149040222168	Bonjour à tous, aujourd'hui je vais	tous.
0	5.44	0.5834259986877441	présenter notre travail de recherche.	aujourd'hui je vais
0	6.800000000000001	0.9693129062652588	aujourd'hui, je vais présenter notre travail de travail de recherche intitulé « Apprendre à raisonner de manière déductive ».	présenter notre travail de recherche.
0	8.16	0.8625786304473877	recherche travail de recherche sur l'apprentissage du raisonnement déductif : la résolution de problèmes de type Metro.	travail de recherche intitulé « Apprendre à raisonner de manière déductive ».
0	9.52	1.103133201599121	raisonner de manière déductive : la résolution de problèmes de type Metro comme expérience complexe de région ».	travail de recherche sur l'apprentissage du raisonnement déductif : la résolution de problèmes de type Metro.
0	10.879999999999999	1.1571581363677979	, extraction complexe de raisonnement ». Je suis Alan de	raisonner de manière déductive : la résolution de problèmes de type Metro comme expérience complexe de région ».
0	12.239999999999998	1.1718685626983643	Rasion Extraction. Je suis Alan du laboratoire d'intelligence artificielle de Biden et ceci	extraction complexe de raisonnement ». Je suis Alan de
0	13.599999999999998	1.434342384338379	Learning to Reason Deductively, Metro Problem Solving as Complex Region Extraction. Je suis Alan du laboratoire d'intelligence artificielle de Biden et il s'agit d'un travail conjoint avec	Rasion Extraction. Je suis Alan du laboratoire d'intelligence artificielle de Biden et ceci
0	14.959999999999997	1.2200157642364502	laboratoire d'intelligence artificielle de Biden, et il s'agit d'un travail conjoint avec Thierry de l'Université de	Biden et il s'agit d'un travail conjoint avec
0	16.319999999999997	0.8885750770568848	laboratoire d'intelligence artificielle de Biden et il s'agit d'un travail conjoint avec Thierry de l'Université du Texas à Austin.	laboratoire d'intelligence artificielle de Biden, et il s'agit d'un travail conjoint avec Thierry de l'Université de
0	17.679999999999996	1.1104984283447266	Biden et il s'agit d'un travail conjoint avec Chiri de l'Université du Texas à Austin et Weo de SUDD.	laboratoire d'intelligence artificielle de Biden et il s'agit d'un travail conjoint avec Thierry de l'Université du Texas à Austin.
0	19.039999999999996	0.9746615886688232	Thierry de l'Université du Texas à Austin et Weiru de SUDD. Tout d'abord, je voudrais	Chiri de l'Université du Texas à Austin et Weo de SUDD.
0	20.399999999999995	1.1293795108795166	s'agit d'un travail conjoint avec Chiri de l'Université du Texas à Austin et Weiru de SUDD. Tout d'abord, je voudrais parler de notre motivation.	Thierry de l'Université du Texas à Austin et Weiru de SUDD. Tout d'abord, je voudrais
0	21.759999999999994	1.2586133480072021	Chiri de l'Université du Texas à Austin et Weiru de SUDD. Tout d'abord, je voudrais parler de notre motivation pour le raisonnement.	s'agit d'un travail conjoint avec Chiri de l'Université du Texas à Austin et Weiru de SUDD. Tout d'abord, je voudrais parler de notre motivation.
0	23.119999999999994	0.5582592487335205	Tout d'abord, je voudrais parler de notre motivation pour le raisonnement. Voici donc un exemple.	
0	24.479999999999993	0.6764135360717773	Voici donc un raisonnement. Voici donc un exemple où le raisonnement en plusieurs étapes est illustré.	Tout d'abord, je voudrais parler de notre motivation pour le raisonnement. Voici donc un exemple.
0	25.839999999999993	0.6162700653076172	exemple est utile.	raisonnement. Voici donc un exemple où le raisonnement en plusieurs étapes est illustré.
0	27.199999999999992	0.6660597324371338	donc un exemple où le raisonnement en plusieurs étapes est utile. Cette figure provient de	est utile.
0	28.55999999999999	0.917262077331543	papier Pound, qui	donc un exemple où le raisonnement en plusieurs étapes est utile. Cette figure provient de
0	29.91999999999999	1.0625760555267334	montrant que le raisonnement en plusieurs étapes est utile. Cette figure provient du papier papier PELM où ils effectuent un prompting	papier Pound, qui
0	31.27999999999999	0.7097246646881104	pour résoudre le problème de la méthode.	papier PELM où ils effectuent un prompting
0	32.63999999999999	0.5926964282989502	problème de la méthode dans un futur proche.	méthode.
0	33.99999999999999	0.6104304790496826	méthode dans un scénario d'apprentissage par quelques exemples.	problème de la méthode dans un futur proche.
0	35.35999999999999	0.6546626091003418	Sur le net pen.	
0	36.71999999999999	0.4971191883087158	côté NetPen, nous pouvons voir si	Sur le net pen.
0	38.07999999999999	0.7076985836029053	Du côté NetPen, nous pouvons voir côté NetPen, nous pouvons voir que si nous fournissons certains exemples	côté NetPen, nous pouvons voir si
0	39.43999999999999	0.7116467952728271	que si nous fournissons avec seulement la question et la réponse.	côté NetPen, nous pouvons voir que si nous fournissons certains exemples
0	40.79999999999999	0.8907780647277832	quelques exemples avec seulement questions et des réponses, nous pourrions ne pas être en mesure de	avec seulement la question et la réponse.
0	42.15999999999999	0.8219263553619385	des questions et des réponses, nous de la méthode dans un scénario d'apprentissage par quelques exemples. Du côté NetPen, nous pouvons voir que si nous fournissons quelques exemples avec seulement des questions et des réponses, nous pourrons peut-être ne pas obtenir la bonne réponse.	questions et des réponses, nous pourrions ne pas être en mesure de
0	43.51999999999999	0.7528727054595947	si nous fournissons quelques exemples avec seulement des questions et des réponses, nous pourrions ne pas obtenir les bonnes réponses. Mais si nous donnons quelques	de la méthode dans un scénario d'apprentissage par quelques exemples. Du côté NetPen, nous pouvons voir que si nous fournissons quelques exemples avec seulement des questions et des réponses, nous pourrons peut-être ne pas obtenir la bonne réponse.
0	44.87999999999999	0.9968967437744141	le problème de la méthode dans un scénario d'apprentissage par quelques exemples. Du côté NetPen, nous pouvons voir que si nous fournissons quelques exemples avec seulement des questions et des réponses, nous pourrons peut-être ne pas obtenir les bonnes réponses. Mais si nous fournissons plus de descriptions de raisonnement,	si nous fournissons quelques exemples avec seulement des questions et des réponses, nous pourrions ne pas obtenir les bonnes réponses. Mais si nous donnons quelques
0	46.23999999999999	1.100698709487915	le modèle est capable de	le problème de la méthode dans un scénario d'apprentissage par quelques exemples. Du côté NetPen, nous pouvons voir que si nous fournissons quelques exemples avec seulement des questions et des réponses, nous pourrons peut-être ne pas obtenir les bonnes réponses. Mais si nous fournissons plus de descriptions de raisonnement,
0	47.59999999999999	1.3927280902862549	pourrions ne pas obtenir les bonnes réponses. Mais si nous fournissons plus de descriptions de raisonnement, descriptions de raisonnement.	le modèle est capable de
0	48.95999999999999	0.5392622947692871	prédire description de raisonnement et aussi	descriptions de raisonnement.
0	50.319999999999986	0.7284822463989258	bonnes réponses. Mais si nous fournissons plus de descriptions de raisonnement, le modèle est capable de prédire les descriptions de raisonnement et également de faire une prédiction correcte.	description de raisonnement et aussi
0	51.679999999999986	0.7561545372009277	les descriptions de raisonnement et également de faire une prédiction ici.	bonnes réponses. Mais si nous fournissons plus de descriptions de raisonnement, le modèle est capable de prédire les descriptions de raisonnement et également de faire une prédiction correcte.
0	53.039999999999985	0.27150654792785645	correcte	ici.
0	54.399999999999984	0.6633093357086182	C'est donc un bon point à inclure dans la présentation.	
0	55.759999999999984	0.8100125789642334	multi-étapes interprétable.	C'est donc un bon point à inclure dans la présentation.
0	57.11999999999998	0.887923002243042	Il est donc bon d'avoir un raisonnement sortie.	multi-étapes interprétable.
0	58.47999999999998	0.732790470123291		sortie.
0	59.83999999999998	0.973024845123291	multi-étapes interprétable en sortie. Nous pensons également que problème de la méthode est	
0	61.19999999999998	0.577582836151123	le problème de la méthode est une application directe à	problème de la méthode est
0	62.55999999999998	0.650083065032959	une application directe une prédiction correcte ici. Il est donc bon d'avoir un raisonnement multi-étapes interprétable en sortie. Nous pensons également que le problème de la méthode est une application directe pour évaluer ce type de raisonnement.	problème de la méthode est une application directe à
0	63.91999999999998	0.5406842231750488	pour évaluer capacité de raisonnement.	une prédiction correcte ici. Il est donc bon d'avoir un raisonnement multi-étapes interprétable en sortie. Nous pensons également que le problème de la méthode est une application directe pour évaluer ce type de raisonnement.
0	65.27999999999999	0.44183993339538574	capacités de raisonnement.	capacité de raisonnement.
0	66.63999999999999	0.6708838939666748	ces Donc ici, dans notre	capacités de raisonnement.
0	67.99999999999999	0.5357217788696289	configuration du problème, donc	Donc ici, dans notre
0	69.35999999999999	0.7117879390716553	Dans notre configuration du problème, questions, nous devons	configuration du problème, donc
0	70.71999999999998	0.7684860229492188	étant donné les résoudre cette question et optimiser	questions, nous devons
0	72.07999999999998	0.5885710716247559	le problème de la méthode est une application directe pour évaluer ces capacités de raisonnement. Dans notre configuration du problème, étant donné les questions, nous devons résoudre cette question et obtenir le nombre.	optimiser
0	73.43999999999998	0.505316972732544	obtenir réponses numériques.	le problème de la méthode est une application directe pour évaluer ces capacités de raisonnement. Dans notre configuration du problème, étant donné les questions, nous devons résoudre cette question et obtenir le nombre.
0	74.79999999999998	0.7649078369140625	les Dans notre configuration du problème, étant donné les questions, nous devons résoudre cette question et obtenir les réponses numériques. Dans nos ensembles de données, nous sommes	réponses numériques.
0	76.15999999999998	0.8271763324737549	également que le problème de la méthode est une application directe pour évaluer ces capacités de raisonnement. Dans notre configuration du problème, étant donné les questions, nous devons résoudre cette question et obtenir les réponses numériques. Dans nos ensembles de données, nous sommes également donnés les mathématiques	notre configuration du problème, étant donné les questions, nous devons résoudre cette question et obtenir les réponses numériques. Dans nos ensembles de données, nous sommes
0	77.51999999999998	0.6568949222564697	donnés également que le problème de la méthode est une application directe pour évaluer ces capacités de raisonnement. Dans notre configuration du problème, étant donné les questions, nous devons résoudre cette question et obtenir les réponses numériques. Dans nos ensembles de données, nous sommes également donnés l'expression mathématique, qui	que le problème de la méthode est une application directe pour évaluer ces capacités de raisonnement. Dans notre configuration du problème, étant donné les questions, nous devons résoudre cette question et obtenir les réponses numériques. Dans nos ensembles de données, nous sommes également donnés les mathématiques
0	78.87999999999998	0.6857666969299316	mène à	également que le problème de la méthode est une application directe pour évaluer ces capacités de raisonnement. Dans notre configuration du problème, étant donné les questions, nous devons résoudre cette question et obtenir les réponses numériques. Dans nos ensembles de données, nous sommes également donnés l'expression mathématique, qui
0	80.23999999999998	0.4982318878173828	particulière	mène à
0	81.59999999999998	0.5325171947479248	conduit à cette réponse particulière.	particulière
0	82.95999999999998	0.4326186180114746		
0	84.31999999999998	0.4670686721801758	réponses numériques. Dans nos ensembles de données, nous sommes également donnés l'expression mathématique, qui conduit à cette réponse particulière. Certaines hypothèses	réponse particulière.
0	85.67999999999998	0.7962777614593506	dans le précédent.	réponses numériques. Dans nos ensembles de données, nous sommes également donnés l'expression mathématique, qui conduit à cette réponse particulière. Certaines hypothèses
0	87.03999999999998	0.9957406520843506	s'appliquent également comme dans travaux précédents. Nous supposons que	dans le précédent.
0	88.39999999999998	0.9186849594116211	les des quantités est connue.	travaux précédents. Nous supposons que
0	89.75999999999998	0.7043843269348145	la précision des quantités est nous sommes également donnés l'expression mathématique, qui conduit à cette réponse particulière. Certaines hypothèses s'appliquent également comme dans les travaux précédents. Nous supposons que la précision des quantités est connue et nous ne pouvons	des quantités est connue.
0	91.11999999999998	0.6837038993835449	connue et nous ne qu'une base	nous sommes également donnés l'expression mathématique, qui conduit à cette réponse particulière. Certaines hypothèses s'appliquent également comme dans les travaux précédents. Nous supposons que la précision des quantités est connue et nous ne pouvons
0	92.47999999999998	0.8687365055084229	considérons réponses numériques. Dans nos ensembles de données, nous sommes également donnés l'expression mathématique, qui conduit à cette réponse particulière. Certaines hypothèses s'appliquent également comme dans les travaux précédents. Nous supposons que la précision des quantités est connue et nous ne considérons que des opérateurs de base tels que l'addition.	qu'une base
0	93.83999999999997	1.0586316585540771	que des opérateurs de base tels que l'addition, la soustraction, les modules.	réponses numériques. Dans nos ensembles de données, nous sommes également donnés l'expression mathématique, qui conduit à cette réponse particulière. Certaines hypothèses s'appliquent également comme dans les travaux précédents. Nous supposons que la précision des quantités est connue et nous ne considérons que des opérateurs de base tels que l'addition.
0	95.19999999999997	0.8617730140686035	multiplication, la division,	les modules.
0	96.55999999999997	0.7047855854034424	la multiplication, la et l'exponentiation.	multiplication, la division,
0	97.91999999999997	0.7481672763824463	division Certaines hypothèses s'appliquent également comme dans les travaux précédents. Nous supposons que la précision des quantités est connue et nous ne considérons que des opérateurs de base tels que l'addition, la soustraction, la multiplication, la division et l'exponentiation. De plus, peut être	et l'exponentiation.
0	99.27999999999997	0.836754560470581	De plus, hypothèses s'appliquent également comme dans les travaux précédents. Nous supposons que la précision des quantités est connue et nous ne considérons que des opérateurs de base tels que l'addition, la soustraction, la multiplication, la division et l'exponentiation. De plus, les opérateurs complexes peuvent être n'importe quel	Certaines hypothèses s'appliquent également comme dans les travaux précédents. Nous supposons que la précision des quantités est connue et nous ne considérons que des opérateurs de base tels que l'addition, la soustraction, la multiplication, la division et l'exponentiation. De plus, peut être
0	100.63999999999997	0.8104519844055176	les opérateurs complexes peuvent décomposés en	hypothèses s'appliquent également comme dans les travaux précédents. Nous supposons que la précision des quantités est connue et nous ne considérons que des opérateurs de base tels que l'addition, la soustraction, la multiplication, la division et l'exponentiation. De plus, les opérateurs complexes peuvent être n'importe quel
0	101.99999999999997	0.8506906032562256	fait être numériques. Dans nos ensembles de données, nous sommes également donnés l'expression mathématique, qui conduit à cette réponse particulière. Certaines hypothèses s'appliquent également comme dans les travaux précédents. Nous supposons que la précision des quantités est connue et nous ne considérons que des opérateurs de base tels que l'addition, la soustraction, la multiplication, la division et l'exponentiation. De plus, les opérateurs complexes peuvent en fait être décomposés en ces opérateurs de base.	décomposés en
0	103.35999999999997	0.7179446220397949	précédemment	numériques. Dans nos ensembles de données, nous sommes également donnés l'expression mathématique, qui conduit à cette réponse particulière. Certaines hypothèses s'appliquent également comme dans les travaux précédents. Nous supposons que la précision des quantités est connue et nous ne considérons que des opérateurs de base tels que l'addition, la soustraction, la multiplication, la division et l'exponentiation. De plus, les opérateurs complexes peuvent en fait être décomposés en ces opérateurs de base.
0	104.71999999999997	0.6065990924835205	dans methrop	précédemment
0	106.07999999999997	0.7607054710388184	Les travaux précédents problèmes de méthode et	dans methrop
0	107.43999999999997	0.7177903652191162	sur la résolution de problèmes de méthode	problèmes de méthode et
0	108.79999999999997	0.6105873584747314	peuvent en fait	
0	110.15999999999997	0.868649959564209	être catégorisés en séquence à séquence et séquence à	
0	111.51999999999997	0.7965800762176514	arbre.	séquence à séquence et séquence à
0	112.87999999999997	0.8515791893005371	modèles séquence à séquence et séquence à	arbre.
0	114.23999999999997	0.6599156856536865	séquence à séquence	
0	115.59999999999997	0.8718211650848389	l'expression	séquence à séquence
0	116.95999999999997	1.162224531173706	Les modèles traditionnels séquence à séquence convertissent séquence à séquence convertissent l'expression en une séquence spécifique pour le général	l'expression
0	118.31999999999996	0.7622056007385254	en une séquence spécifique pour génération et c'est	séquence à séquence convertissent l'expression en une séquence spécifique pour le général
0	119.67999999999996	0.797435998916626	la assez facile à implémenter.	génération et c'est
0	121.03999999999996	0.778362512588501	il peut générer	implémenter.
0	122.39999999999996	0.7429001331329346	implémenter et généraliser à	il peut générer
0	123.75999999999996	0.8043980598449707	m de nombreuses différentes situations.	généraliser à
0	125.11999999999996	0.779212236404419	il peut généraliser à de base. Les travaux précédents sur la résolution de problèmes de méthode peuvent en fait être catégorisés en modèles séquence à séquence et séquence à arbre. Les modèles traditionnels séquence à séquence convertissent l'expression en une séquence spécifique pour la génération et c'est assez facile à implémenter et il peut généraliser à de nombreux différents problèmes complexes.	m de nombreuses différentes situations.
0	126.47999999999996	1.00715970993042	nombreux la résolution de problèmes de méthode peuvent en fait être catégorisés en modèles séquence à séquence et séquence à arbre. Les modèles traditionnels séquence à séquence convertissent l'expression en une séquence spécifique pour la génération et c'est assez facile à implémenter et il peut généraliser à de nombreux problèmes différents compliqués. Mais les inconvénients sont les performances.	base. Les travaux précédents sur la résolution de problèmes de méthode peuvent en fait être catégorisés en modèles séquence à séquence et séquence à arbre. Les modèles traditionnels séquence à séquence convertissent l'expression en une séquence spécifique pour la génération et c'est assez facile à implémenter et il peut généraliser à de nombreux différents problèmes complexes.
0	127.83999999999996	1.0927741527557373	problèmes différents compliqués. Mais les inconvénients la résolution de problèmes de méthode peuvent en fait être catégorisés en modèles séquence à séquence et séquence à arbre. Les modèles traditionnels séquence à séquence convertissent l'expression en une séquence spécifique pour la génération et c'est assez facile à implémenter et il peut généraliser à de nombreux problèmes différents compliqués. Mais les inconvénients de la performance sont en fait génér	la résolution de problèmes de méthode peuvent en fait être catégorisés en modèles séquence à séquence et séquence à arbre. Les modèles traditionnels séquence à séquence convertissent l'expression en une séquence spécifique pour la génération et c'est assez facile à implémenter et il peut généraliser à de nombreux problèmes différents compliqués. Mais les inconvénients sont les performances.
0	129.19999999999996	0.7423336505889893	de la performance sont en fait	la résolution de problèmes de méthode peuvent en fait être catégorisés en modèles séquence à séquence et séquence à arbre. Les modèles traditionnels séquence à séquence convertissent l'expression en une séquence spécifique pour la génération et c'est assez facile à implémenter et il peut généraliser à de nombreux problèmes différents compliqués. Mais les inconvénients de la performance sont en fait génér
0	130.55999999999997	0.7246625423431396	généralement pas modèles séquence à séquence et séquence à arbre. Les modèles traditionnels séquence à séquence convertissent l'expression en une séquence spécifique pour la génération et c'est assez facile à implémenter et il peut généraliser à de nombreux problèmes différents compliqués. Mais les inconvénients de la performance sont en fait généralement pas meilleurs que les modèles structurels.	
0	131.92	0.7602941989898682	meilleurs que les modèles modèles traditionnels séquence à séquence convertissent l'expression en une séquence spécifique pour la génération et c'est assez facile à implémenter et il peut généraliser à de nombreux problèmes différents compliqués. Mais les inconvénients de la performance sont en fait généralement pas meilleurs que les modèles structurels et il manque de	modèles séquence à séquence et séquence à arbre. Les modèles traditionnels séquence à séquence convertissent l'expression en une séquence spécifique pour la génération et c'est assez facile à implémenter et il peut généraliser à de nombreux problèmes différents compliqués. Mais les inconvénients de la performance sont en fait généralement pas meilleurs que les modèles structurels.
0	133.28	0.9593307971954346	pour évaluer ces capacités de raisonnement. Dans notre configuration du problème, étant donné les questions, nous devons résoudre cette question et obtenir les réponses numériques. Dans nos ensembles de données, nous sommes également donnés l'expression mathématique, qui conduit à cette réponse particulière. Certaines hypothèses s'appliquent également comme dans les travaux précédents. Nous supposons que la précision des quantités est connue et nous ne considérons que des opérateurs de base tels que l'addition, la soustraction, la multiplication, la division et l'exponentiation. De plus, les opérateurs complexes peuvent en fait être décomposés en ces opérateurs de base. Les travaux précédents sur la résolution de problèmes de méthode peuvent en fait être catégorisés en modèles séquence à séquence et séquence à arbre. Les modèles traditionnels séquence à séquence convertissent l'expression en une séquence spécifique pour la génération et c'est assez facile à implémenter et il peut généraliser à de nombreux problèmes différents compliqués. Mais les inconvénients de la performance sont en fait généralement pas meilleurs que les modèles structuraux et il manque l'interprétabilité pour la prédiction.	modèles traditionnels séquence à séquence convertissent l'expression en une séquence spécifique pour la génération et c'est assez facile à implémenter et il peut généraliser à de nombreux problèmes différents compliqués. Mais les inconvénients de la performance sont en fait généralement pas meilleurs que les modèles structurels et il manque de
0	134.64000000000001	0.6528184413909912		pour évaluer ces capacités de raisonnement. Dans notre configuration du problème, étant donné les questions, nous devons résoudre cette question et obtenir les réponses numériques. Dans nos ensembles de données, nous sommes également donnés l'expression mathématique, qui conduit à cette réponse particulière. Certaines hypothèses s'appliquent également comme dans les travaux précédents. Nous supposons que la précision des quantités est connue et nous ne considérons que des opérateurs de base tels que l'addition, la soustraction, la multiplication, la division et l'exponentiation. De plus, les opérateurs complexes peuvent en fait être décomposés en ces opérateurs de base. Les travaux précédents sur la résolution de problèmes de méthode peuvent en fait être catégorisés en modèles séquence à séquence et séquence à arbre. Les modèles traditionnels séquence à séquence convertissent l'expression en une séquence spécifique pour la génération et c'est assez facile à implémenter et il peut généraliser à de nombreux problèmes différents compliqués. Mais les inconvénients de la performance sont en fait généralement pas meilleurs que les modèles structuraux et il manque l'interprétabilité pour la prédiction.
0	136.00000000000003	0.660071611404419	Mais les inconvénients de la performance sont en fait généralement pas meilleurs que les modèles structuraux et il manque l'interprétabilité pour la prédiction. Mais en fait, cette direction est	
0	137.36000000000004	0.7949175834655762	en	les inconvénients de la performance sont en fait généralement pas meilleurs que les modèles structuraux et il manque l'interprétabilité pour la prédiction. Mais en fait, cette direction est
0	138.72000000000006	0.7513227462768555	réalité, cette direction est encore assez populaire car	
0	140.08000000000007	0.624488353729248	modèles traditionnels séquence à séquence convertissent l'expression en une séquence spécifique pour la génération et c'est assez facile à implémenter et il peut généraliser à de nombreux problèmes différents compliqués. Mais les inconvénients de la performance sont en fait généralement pas meilleurs que les modèles structuraux et il manque l'interprétabilité pour la prédiction. Mais en réalité, cette direction est encore assez populaire car grâce au modèle transformateur.	
0	141.44000000000008	0.3460104465484619		modèles traditionnels séquence à séquence convertissent l'expression en une séquence spécifique pour la génération et c'est assez facile à implémenter et il peut généraliser à de nombreux problèmes différents compliqués. Mais les inconvénients de la performance sont en fait généralement pas meilleurs que les modèles structuraux et il manque l'interprétabilité pour la prédiction. Mais en réalité, cette direction est encore assez populaire car grâce au modèle transformateur.
0	142.8000000000001	0.6199593544006348		
0	144.1600000000001	0.8179442882537842	modèles traditionnels séquence à séquence convertissent l'expression en une séquence spécifique pour la génération et c'est assez facile à implémenter et il peut généraliser à de nombreux problèmes différents compliqués. Mais les inconvénients de la performance sont en fait généralement pas meilleurs que les modèles structuraux et il manque l'interprétabilité pour la prédiction. Mais en réalité, cette direction est encore assez populaire car grâce au modèle transformateur. Dans les modèles basés sur les arbres, nous en fait	
0	145.52000000000012	0.9642837047576904	Dans les modèles basés sur l'expression en une séquence spécifique pour la génération et c'est assez facile à implémenter et il peut généraliser à de nombreux problèmes différents compliqués. Mais les inconvénients de la performance sont en fait généralement pas meilleurs que les modèles structuraux et il manque l'interprétabilité pour la prédiction. Mais en réalité, cette direction est encore assez populaire car grâce au modèle transformateur. Dans les modèles basés sur des arbres, nous structurons en fait cette expression	modèles traditionnels séquence à séquence convertissent l'expression en une séquence spécifique pour la génération et c'est assez facile à implémenter et il peut généraliser à de nombreux problèmes différents compliqués. Mais les inconvénients de la performance sont en fait généralement pas meilleurs que les modèles structuraux et il manque l'interprétabilité pour la prédiction. Mais en réalité, cette direction est encore assez populaire car grâce au modèle transformateur. Dans les modèles basés sur les arbres, nous en fait
0	146.88000000000014	0.9815521240234375	des arbres, nous structurons en fait cette question et obtenir les réponses numériques. Dans nos ensembles de données, nous sommes également donnés l'expression mathématique, qui conduit à cette réponse particulière. Certaines hypothèses s'appliquent également comme dans les travaux précédents. Nous supposons que la précision des quantités est connue et nous ne considérons que des opérateurs de base tels que l'addition, la soustraction, la multiplication, la division et l'exponentiation. De plus, les opérateurs complexes peuvent en fait être décomposés en ces opérateurs de base. Les travaux précédents sur la résolution de problèmes de méthode peuvent en fait être catégorisés en modèles séquence à séquence et séquence à arbre. Les modèles traditionnels séquence à séquence convertissent l'expression en une séquence spécifique pour la génération et c'est assez facile à implémenter et il peut généraliser à de nombreux problèmes différents compliqués. Mais les inconvénients de la performance sont en fait généralement pas meilleurs que les modèles structuraux et il manque l'interprétabilité pour la prédiction. Mais en réalité, cette direction est encore assez populaire car grâce au modèle transformateur. Dans les modèles basés sur des arbres, nous structurons en fait ces expressions sous forme d'arbre.	l'expression en une séquence spécifique pour la génération et c'est assez facile à implémenter et il peut généraliser à de nombreux problèmes différents compliqués. Mais les inconvénients de la performance sont en fait généralement pas meilleurs que les modèles structuraux et il manque l'interprétabilité pour la prédiction. Mais en réalité, cette direction est encore assez populaire car grâce au modèle transformateur. Dans les modèles basés sur des arbres, nous structurons en fait cette expression
0	148.24000000000015	0.91363525390625	ces expressions sous forme et c'est assez facile à implémenter et il peut généraliser à de nombreux problèmes différents compliqués. Mais les inconvénients de la performance sont en fait généralement pas meilleurs que les modèles structuraux et il manque l'interprétabilité pour la prédiction. Mais en réalité, cette direction est encore assez populaire car grâce au modèle transformateur. Dans les modèles basés sur des arbres, nous structurons en fait ces expressions sous forme d'arbre et suivons une pré-ordre.	cette question et obtenir les réponses numériques. Dans nos ensembles de données, nous sommes également donnés l'expression mathématique, qui conduit à cette réponse particulière. Certaines hypothèses s'appliquent également comme dans les travaux précédents. Nous supposons que la précision des quantités est connue et nous ne considérons que des opérateurs de base tels que l'addition, la soustraction, la multiplication, la division et l'exponentiation. De plus, les opérateurs complexes peuvent en fait être décomposés en ces opérateurs de base. Les travaux précédents sur la résolution de problèmes de méthode peuvent en fait être catégorisés en modèles séquence à séquence et séquence à arbre. Les modèles traditionnels séquence à séquence convertissent l'expression en une séquence spécifique pour la génération et c'est assez facile à implémenter et il peut généraliser à de nombreux problèmes différents compliqués. Mais les inconvénients de la performance sont en fait généralement pas meilleurs que les modèles structuraux et il manque l'interprétabilité pour la prédiction. Mais en réalité, cette direction est encore assez populaire car grâce au modèle transformateur. Dans les modèles basés sur des arbres, nous structurons en fait ces expressions sous forme d'arbre.
0	149.60000000000016	1.103628396987915	d'arbre et suivons une en sortie. Nous pensons également que le problème de la méthode est une application directe pour évaluer ces capacités de raisonnement. Dans notre configuration du problème, étant donné les questions, nous devons résoudre cette question et obtenir les réponses numériques. Dans nos ensembles de données, nous sommes également donnés l'expression mathématique, qui conduit à cette réponse particulière. Certaines hypothèses s'appliquent également comme dans les travaux précédents. Nous supposons que la précision des quantités est connue et nous ne considérons que des opérateurs de base tels que l'addition, la soustraction, la multiplication, la division et l'exponentiation. De plus, les opérateurs complexes peuvent en fait être décomposés en ces opérateurs de base. Les travaux précédents sur la résolution de problèmes de méthode peuvent en fait être catégorisés en modèles séquence à séquence et séquence à arbre. Les modèles traditionnels séquence à séquence convertissent l'expression en une séquence spécifique pour la génération et c'est assez facile à implémenter et il peut généraliser à de nombreux problèmes différents compliqués. Mais les inconvénients de la performance sont en fait généralement pas meilleurs que les modèles structuraux et il manque l'interprétabilité pour la prédiction. Mais en réalité, cette direction est encore assez populaire car grâce au modèle transformateur. Dans les modèles basés sur des arbres, nous structurons en fait ces expressions sous forme d'arbre et suivons une traversée en ordre préfixe dans l'arbre général.	et c'est assez facile à implémenter et il peut généraliser à de nombreux problèmes différents compliqués. Mais les inconvénients de la performance sont en fait généralement pas meilleurs que les modèles structuraux et il manque l'interprétabilité pour la prédiction. Mais en réalité, cette direction est encore assez populaire car grâce au modèle transformateur. Dans les modèles basés sur des arbres, nous structurons en fait ces expressions sous forme d'arbre et suivons une pré-ordre.
0	150.96000000000018	0.9701013565063477	génération et c'est assez facile à implémenter et il peut généraliser à de nombreux problèmes différents compliqués. Mais les inconvénients de la performance sont en fait généralement pas meilleurs que les modèles structuraux et il manque l'interprétabilité pour la prédiction. Mais en réalité, cette direction est encore assez populaire car grâce au modèle transformateur. Dans les modèles basés sur des arbres, nous structurons en fait ces expressions sous forme d'arbre et suivons une traversance en ordre préfixe dans la génération d'arbres. Donc ici	en sortie. Nous pensons également que le problème de la méthode est une application directe pour évaluer ces capacités de raisonnement. Dans notre configuration du problème, étant donné les questions, nous devons résoudre cette question et obtenir les réponses numériques. Dans nos ensembles de données, nous sommes également donnés l'expression mathématique, qui conduit à cette réponse particulière. Certaines hypothèses s'appliquent également comme dans les travaux précédents. Nous supposons que la précision des quantités est connue et nous ne considérons que des opérateurs de base tels que l'addition, la soustraction, la multiplication, la division et l'exponentiation. De plus, les opérateurs complexes peuvent en fait être décomposés en ces opérateurs de base. Les travaux précédents sur la résolution de problèmes de méthode peuvent en fait être catégorisés en modèles séquence à séquence et séquence à arbre. Les modèles traditionnels séquence à séquence convertissent l'expression en une séquence spécifique pour la génération et c'est assez facile à implémenter et il peut généraliser à de nombreux problèmes différents compliqués. Mais les inconvénients de la performance sont en fait généralement pas meilleurs que les modèles structuraux et il manque l'interprétabilité pour la prédiction. Mais en réalité, cette direction est encore assez populaire car grâce au modèle transformateur. Dans les modèles basés sur des arbres, nous structurons en fait ces expressions sous forme d'arbre et suivons une traversée en ordre préfixe dans l'arbre général.
0	152.3200000000002	1.3209984302520752	traversance en ordre préfixe dans la génération d'arbres. les inconvénients de la performance sont en fait généralement pas meilleurs que les modèles structuraux et il manque l'interprétabilité pour la prédiction. Mais en réalité, cette direction est encore assez populaire car grâce au modèle transformateur. Dans les modèles basés sur des arbres, nous structurons en fait ces expressions sous forme d'arbre et suivons une traversance en ordre préfixe dans la génération d'arbres. Ici, nous continuons à générer l'opération.	génération et c'est assez facile à implémenter et il peut généraliser à de nombreux problèmes différents compliqués. Mais les inconvénients de la performance sont en fait généralement pas meilleurs que les modèles structuraux et il manque l'interprétabilité pour la prédiction. Mais en réalité, cette direction est encore assez populaire car grâce au modèle transformateur. Dans les modèles basés sur des arbres, nous structurons en fait ces expressions sous forme d'arbre et suivons une traversance en ordre préfixe dans la génération d'arbres. Donc ici
0	153.6800000000002	1.0816004276275635	Ici, nous continuons à générer compliqués. Mais les inconvénients de la performance sont en fait généralement pas meilleurs que les modèles structuraux et il manque l'interprétabilité pour la prédiction. Mais en réalité, cette direction est encore assez populaire car grâce au modèle transformateur. Dans les modèles basés sur des arbres, nous structurons en fait ces expressions sous forme d'arbre et suivons une traversance en ordre préfixe dans la génération d'arbres. Ici, nous continuons à générer les opérateurs jusqu'à ce que nous atteignions	les inconvénients de la performance sont en fait généralement pas meilleurs que les modèles structuraux et il manque l'interprétabilité pour la prédiction. Mais en réalité, cette direction est encore assez populaire car grâce au modèle transformateur. Dans les modèles basés sur des arbres, nous structurons en fait ces expressions sous forme d'arbre et suivons une traversance en ordre préfixe dans la génération d'arbres. Ici, nous continuons à générer l'opération.
0	155.04000000000022	0.9169623851776123	les opérateurs jusqu'à	compliqués. Mais les inconvénients de la performance sont en fait généralement pas meilleurs que les modèles structuraux et il manque l'interprétabilité pour la prédiction. Mais en réalité, cette direction est encore assez populaire car grâce au modèle transformateur. Dans les modèles basés sur des arbres, nous structurons en fait ces expressions sous forme d'arbre et suivons une traversance en ordre préfixe dans la génération d'arbres. Ici, nous continuons à générer les opérateurs jusqu'à ce que nous atteignions
0	156.40000000000023	0.8452363014221191	atteindre les feuilles qui sont les quantités.	
0	157.76000000000025	0.6821932792663574	Ici, le	
0	159.12000000000026	0.7666630744934082	bon point est	
0	160.48000000000027	0.9190998077392578	qu'il nous donne en fait	
0	161.8400000000003	0.8352208137512207	cette structure d'arbre	
0	163.2000000000003	0.8039681911468506	binaire et c'est	
0	164.56000000000031	0.8692512512207031	mais mais mais en fait	
0	165.92000000000033	0.6973977088928223	c'est assez	
0	167.28000000000034	0.8231186866760254	contre-intuitif car	
0	168.64000000000036	0.9629900455474854	nous générons l'opérateur	
0	170.00000000000037	0.8890752792358398	d'abord et ensuite à la fin	
0	171.36000000000038	0.6644532680511475	nous générons	
0	172.7200000000004	0.724900484085083	les quantités.	
0	174.0800000000004	0.7291395664215088	Et la deuxième chose est	
0	175.44000000000042	0.7599859237670898	qu'il contient également	
0	176.80000000000044	0.6765165328979492	certains calculs	
0	178.16000000000045	0.8125534057617188	répétitifs. Donc	
0	179.52000000000046	0.9301412105560303	ici, si nous regardons cette	
0	180.88000000000048	0.9102659225463867	expression, a fois trois plus	
0	182.2400000000005	0.8047385215759277	trois,	
0	183.6000000000005	0.8614671230316162	elle est en fait générée deux fois.	
0	184.96000000000052	0.8374693393707275	Mais en fait,	
0	186.32000000000053	0.43245363235473633	nous devrions utiliser les résultats.	
0	187.68000000000055	0.14867401123046875		
0	189.04000000000056	0.6565144062042236		
0	190.40000000000057	0.7298910617828369	Dans notre approche proposée, nous	
0	191.7600000000006	0.6496245861053467	voulons résoudre	
0	193.1200000000006	0.6581630706787109	ces problèmes	
0	194.48000000000062	0.7864944934844971		
0	195.84000000000063	0.8308687210083008	de manière étape par étape et interprétable.	
0	197.20000000000064	0.7282421588897705	Par	
0	198.56000000000066	0.7926855087280273	exemple,	
0	199.92000000000067	0.8110330104827881	ici à la deuxième étape, nous pouvons obtenir	
0	201.28000000000068	0.6655232906341553		
0	202.6400000000007	0.7558834552764893	ce diviseur qui est	
0	204.0000000000007	0.817011833190918		
0	205.36000000000072	0.8904483318328857		
0	206.72000000000074	0.997096061706543	vingt-sept. Et nous pouvons également faire référence aux questions	
0	208.08000000000075	0.7083592414855957	originales pour trouver les	
0	209.44000000000077	0.7752439975738525	contenus pertinents.	
0	210.80000000000078	0.8323624134063721	Et dans ces étapes,	
0	212.1600000000008	0.6783602237701416	nous obtenons les diviseurs.	
0	213.5200000000008	0.5076415538787842		
0	214.88000000000082	0.6415832042694092		
0	216.24000000000083	0.9473285675048828	Et puis à cette troisième	
0	217.60000000000085	0.8958570957183838	étape, nous obtenons en fait le	
0	218.96000000000086	0.8586900234222412	quotient,	
0	220.32000000000087	0.9101989269256592		
0	221.6800000000009	1.0325753688812256		
0	223.0400000000009	1.22385573387146		
0	224.40000000000092	1.2695939540863037	d'accord. Et après ces trois étapes, nous pouvons en fait réutiliser les résultats de la deuxième étape et ensuite	
0	225.76000000000093	0.5750272274017334	obtenir	
0	227.12000000000094	0.6792054176330566	les	
0	228.48000000000096	0.6623227596282959	résultats de la quatrième	
0	229.84000000000097	0.6761119365692139	étape et enfin	
0	231.20000000000098	0.6739590167999268	nous pouvons obtenir les	
0	232.560000000001	0.2998220920562744	dividendes.	
0	233.920000000001	0.6397180557250977		
0	235.28000000000102	0.8406920433044434		
0	236.64000000000104	0.8688552379608154	Ici, nous générons en fait	
0	238.00000000000105	0.8604846000671387		
0	239.36000000000107	0.9297707080841064	toute l'expression directement plutôt que de générer un seul	
0	240.72000000000108	0.6574363708496094		
0	242.0800000000011	0.7996978759765625	opérateur ou quantité.	
0	243.4400000000011	0.6680545806884766	Cela rend le processus	
0	244.80000000000112	0.6349363327026367	plus précis.	
0	246.16000000000113	0.8466663360595703		
0	247.52000000000115	0.9406583309173584	Dans notre système déductif, nous	
0	248.88000000000116	0.900592565536499	commençons d'abord par	
0	250.24000000000117	0.832442045211792	un tas de quantités présentées	
0	251.6000000000012	0.7795431613922119	dans les	
0	252.9600000000012	0.8384900093078613	questions et incluant	
0	254.32000000000122	0.7432315349578857		
0	255.68000000000123	0.8420488834381104	également certaines constantes comme notre état initial.	
0	257.0400000000012	0.7678482532501221	L'expression	
0	258.4000000000012	0.7617435455322266	est représentée par	
0	259.76000000000124	0.7676346302032471	Eij O	
0	261.12000000000126	0.8695759773254395	P, où nous effectuons	
0	262.48000000000127	0.7799580097198486	un opérateur	
0	263.8400000000013	0.9019527435302734	de	
0	265.2000000000013	0.9808549880981445	QI à QJ, et telle expression est en fait	
0	266.5600000000013	0.7090744972229004	dirigée.	
0	267.9200000000013	0.7713370323181152	Nous avons également	
0	269.28000000000134	0.9361922740936279	une soustraction	
0	270.64000000000135	0.9374072551727295	avec des mots ici pour représenter	
0	272.00000000000136	0.866713285446167	la direction opposée. C'est	
0	273.3600000000014	0.7684917449951172	assez similaire à	
0	274.7200000000014	0.9517948627471924	l'extraction de relations.	
0	276.0800000000014	0.8050243854522705		
0	277.4400000000014	1.0605216026306152	Dans un système déductif formel, à	
0	278.80000000000143	1.0006740093231201	l'étape temporelle t,	
0	280.16000000000145	0.7400829792022705	nous appliquons	
0	281.52000000000146	0.8697922229766846	l'opérateur entre	
0	282.8800000000015	0.9382784366607666		
0	284.2400000000015	1.1208631992340088		
0	285.6000000000015	1.2161438465118408	la paire QI et qj et	
0	286.9600000000015	1.179631233215332	puis nous obtenons cette nouvelle	
0	288.3200000000015	1.0064799785614014		
0	289.68000000000154	0.6760272979736328	expression que nous ajoutons à l'état suivant pour devenir une nouvelle quantité.	
0	291.04000000000156	0.6634156703948975		
0	292.40000000000157	0.8618664741516113		
0	293.7600000000016	0.9954688549041748	Ces diapositives visualisent en fait l'évolution	
0	295.1200000000016	0.78151535987854	des	
0	296.4800000000016	1.0221226215362549	états où nous continuons à ajouter	
0	297.8400000000016	0.7281389236450195	des expressions	
0	299.20000000000164	0.7667608261108398	aux états actuels.	
0	300.56000000000165	0.936284065246582	Dans	
0	301.92000000000166	1.2773768901824951	nos implémentations de modèle, nous utilisons d'abord	
0	303.2800000000017	1.0036883354187012	un modèle de langage pré-entraîné qui peut	
0	304.6400000000017	0.8146750926971436	être Bird ou	
0	306.0000000000017	0.8676133155822754	Robot Head,	
0	307.3600000000017	0.9833362102508545	puis nous codons une phrase et	
0	308.72000000000173	0.8511223793029785	puis nous obtenons ces	
0	310.08000000000175	0.8916983604431152	représentations de quantités.	
0	311.44000000000176	0.9218177795410156	Une fois que nous avons obtenu	
0	312.8000000000018	1.0807607173919678	les représentations de quantités,	
0	314.1600000000018	1.0115227699279785	nous pouvons commencer à faire	
0	315.5200000000018	1.0433340072631836		
0	316.8800000000018	1.1761646270751953	l'inférence. Ici, nous montrons un exemple de	
0	318.2400000000018	0.9364907741546631	Q1	
0	319.60000000000184	1.1858892440795898		
0	320.96000000000186	0.8417942523956299	pour obtenir la représentation pour Q1 divisé par Q2 et puis multiplié par Q3.	
0	322.32000000000187	0.7713942527770996		
0	323.6800000000019	0.8721511363983154	D'abord, nous obtenons	
0	325.0400000000019	0.8385703563690186	la représentation de	
0	326.4000000000019	0.8575530052185059	paire, qui est en fait juste	
0	327.7600000000019	0.9051978588104248	la concaténation	
0	329.12000000000194	1.0367209911346436	entre	
0	330.48000000000195	1.2078287601470947	Q1 et Q2, et puis nous appliquons un	
0	331.84000000000196	0.8268833160400391	réseau de propagation avant qui est	
0	333.200000000002	0.814455509185791	paramétré	
0	334.560000000002	1.014753818511963	par l'opérateur.	
0	335.920000000002	0.9054617881774902	Et puis enfin nous obtenons	
0	337.280000000002	0.985846757888794	la représentation	
0	338.64000000000203	1.037956953048706	de l'expression	
0	340.00000000000205	1.0603764057159424		
0	341.36000000000206	1.203458547592163	Q divisé par Q2. Mais en fait,	
0	342.7200000000021	1.0805847644805908	en pratique, dans	
0	344.0800000000021	1.1355528831481934	l'étape d'inférence, nous pourrions	
0	345.4400000000021	0.754239559173584		
0	346.8000000000021	0.9385523796081543	en fait obtenir une représentation incorrecte	
0	348.1600000000021	0.747288703918457	ou une expression	
0	349.52000000000214	0.7871699333190918	incorrecte également.	
0	350.88000000000216	0.7519214153289795	Donc	
0	352.24000000000217	0.8002364635467529	ici, toutes les expressions possibles	
0	353.6000000000022	0.7129755020141602	sont	
0	354.9600000000022	0.970130205154419	égales à trois fois	
0	356.3200000000022	0.8911316394805908	le nombre d'opérateurs.	
0	357.6800000000022	0.7360868453979492		
0	359.04000000000224	0.8333899974822998	La bonne chose ici est que	
0	360.40000000000225	0.7774984836578369	nous pouvons facilement ajouter	
0	361.76000000000226	0.7179560661315918	des contraintes pour contrôler	
0	363.1200000000023	0.8511078357696533	cette recherche	
0	364.4800000000023	0.9570510387420654	de cet espace de recherche. Par	
0	365.8400000000023	0.9794948101043701	exemple, si cette expression	
0	367.2000000000023	0.9098663330078125	n'est pas autorisée, nous pouvons	
0	368.56000000000233	0.8688054084777832	simplement supprimer	
0	369.92000000000235	0.8113994598388672	cette expression dans notre espace de recherche.	
0	371.28000000000236	0.7823412418365479	Donc	
0	372.6400000000024	0.9884870052337646	à la deuxième étape, nous faisons	
0	374.0000000000024	0.8659753799438477	la même	
0	375.3600000000024	0.8194165229797363		
0	376.7200000000024	1.0173349380493164	chose mais la seule différence est que	
0	378.0800000000024	0.8611838817596436		
0	379.44000000000244	0.9732763767242432	nous avons une quantité de plus.	
0	380.80000000000246	0.9115984439849854	Cette quantité vient de	
0	382.16000000000247	0.421924352645874	l'expression calculée précédemment.	
0	383.5200000000025	0.7646274566650391		
0	384.8800000000025	0.8226380348205566	Finalement, nous pouvons	
0	386.2400000000025	0.7770810127258301	obtenir	
0	387.6000000000025	0.8221321105957031	cette expression finale	
0	388.96000000000254	0.8600814342498779		
0	390.32000000000255	1.0149624347686768	q3 fois q4. Et nous pouvons également	
0	391.68000000000256	0.8210024833679199	voir le nombre	
0	393.0400000000026	0.8662247657775879	de toutes les expressions	
0	394.4000000000026	0.8409397602081299	possibles est différent	
0	395.7600000000026	0.9271514415740967	de l'étape précédente.	
0	397.1200000000026	0.9244825839996338	Donc ce genre de différence	
0	398.48000000000263	0.9672911167144775		
0	399.84000000000265	1.10964035987854	rend difficile l'application de la recherche de faisceau car	
0	401.20000000000266	0.8201701641082764	la distribution de probabilité	
0	402.5600000000027	0.8597543239593506	entre ces deux étapes	
0	403.9200000000027	0.4606926441192627	est déséquilibrée.	
0	405.2800000000027	0.628821611404419		
0	406.6400000000027	1.0039079189300537	Donc la	
0	408.00000000000273	1.1450855731964111	procédure d'entraînement est similaire à	
0	409.36000000000274	1.0342845916748047	l'entraînement d'un modèle séquence à	
0	410.72000000000276	1.0659356117248535	séquence où nous optimisons	
0	412.08000000000277	1.0950026512145996	la perte à chaque étape temporelle.	
0	413.4400000000028	0.9004108905792236	Et ici, nous utilisons également	
0	414.8000000000028	0.7449319362640381	ce	
0	416.1600000000028	0.9288513660430908	tau pour représenter	
0	417.5200000000028	0.853518009185791	quand nous devrions	
0	418.88000000000284	0.796710729598999	arrêter	
0	420.24000000000285	0.8096919059753418	ce processus de génération.	
0	421.60000000000286	0.859417200088501	Et	
0	422.9600000000029	1.015740156173706	ici, l'espace est différent de	
0	424.3200000000029	0.8137960433959961	séquence à	
0	425.6800000000029	1.0014841556549072		
0	427.0400000000029	1.1566922664642334		
0	428.40000000000293	1.4222445487976074	séquence car l'espace est différent à chaque étape temporelle tandis que dans	
0	429.76000000000295	1.1307997703552246	le modèle traditionnel séquence à	
0	431.12000000000296	0.533780574798584	séquence, c'est le nombre de vocabulaire.	
0	432.480000000003	0.6730186939239502		
0	433.840000000003	0.8520994186401367	Et cela	
0	435.200000000003	1.043452501296997	permet également d'imposer certaines	
0	436.560000000003	0.8033473491668701	contraintes provenant	
0	437.92000000000303	0.8390443325042725	de connaissances antérieures.	
0	439.28000000000304	0.7777502536773682		
0	440.64000000000306	0.9342083930969238	Nous menons des expériences sur	
0	442.00000000000307	0.9951534271240234	les	
0	443.3600000000031	1.1041250228881836	ensembles de données de problèmes de méthode couramment	
0	444.7200000000031	1.0005643367767334	utilisés,	
0	446.0800000000031	1.0742967128753662	MAWPS,	
0	447.4400000000031	0.9504144191741943	Math23K,	
0	448.80000000000314	0.975717306137085	MathQA et	
0	450.16000000000315	1.0686602592468262	SWAM. Et ici, nous	
0	451.52000000000317	0.9806914329528809	montrons brièvement les résultats	
0	452.8800000000032	0.9270381927490234	comparés	
0	454.2400000000032	1.0094361305236816	aux meilleures approches précédentes.	
0	455.6000000000032	0.9221587181091309	Notre	
0	456.9600000000032	0.8899946212768555		
0	458.32000000000323	1.160315990447998	meilleur performeur est Roberta Deductive Reasoner et	
0	459.68000000000325	1.0548930168151855	en	
0	461.04000000000326	1.2391257286071777	fait nous n'utilisons pas de recherche de faisceau	
0	462.4000000000033	1.0474700927734375	contrairement aux approches	
0	463.7600000000033	0.7803306579589844	évidentes utilisant	
0	465.1200000000033	0.9102127552032471		
0	466.4800000000033	1.1130499839782715	la recherche de faisceau.	
0	467.84000000000333	1.0283515453338623	D'accord, donc les meilleures	
0	469.20000000000334	0.9808075428009033	approches sont souvent	
0	470.56000000000336	0.8481435775756836	des modèles basés sur des arbres.	
0	471.92000000000337	0.5782437324523926		
0	473.2800000000034	0.887819766998291		
0	474.6400000000034	0.9002373218536377	Donc	
0	476.0000000000034	0.9051053524017334	globalement, notre raisonneur est capable de	
0	477.3600000000034	0.7070047855377197		
0	478.72000000000344	0.9411516189575195	significativement surpasser	
0	480.08000000000345	1.0944397449493408	ce modèle basé sur des	
0	481.44000000000347	0.8831026554107666	arbres, mais nous pouvons voir	
0	482.8000000000035	0.804938554763794	le nombre absolu	
0	484.1600000000035	0.919830322265625	sur	
0	485.5200000000035	1.1253094673156738	MathQA ou SWAM n'est pas vraiment	
0	486.8800000000035	1.0555939674377441	élevé. Donc nous	
0	488.24000000000353	0.9709177017211914	investiguons davantage les résultats sur	
0	489.60000000000355	0.8980014324188232	SWAM et	
0	490.96000000000356	0.9742958545684814	cet ensemble de données est difficile car	
0	492.3200000000036	0.8324964046478271	l'auteur a essayé	
0	493.6800000000036	0.8411266803741455		
0	495.0400000000036	1.0769739151000977	manuellement d'ajouter quelque chose	
0	496.4000000000036	0.9899556636810303	pour confondre le modèle	
0	497.76000000000363	1.042219638824463	NLP comme	
0	499.12000000000364	1.193124532699585	l'ajout d'informations	
0	500.48000000000366	1.012366533279419	inutiles et de quantités supplémentaires.	
0	501.84000000000367	0.9512908458709717	Donc dans	
0	503.2000000000037	1.0244255065917969		
0	504.5600000000037	1.2505133152008057	notre prédiction, nous trouvons	
0	505.9200000000037	1.097353458404541	que certaines valeurs intermédiaires sont en fait négatives.	
0	507.2800000000037	0.7983489036560059	Par exemple,	
0	508.64000000000374	0.8546140193939209	dans cette	
0	510.00000000000375	0.9812929630279541	question, nous demandons	
0	511.36000000000377	0.9847164154052734	combien de pommes	
0	512.7200000000038	1.0145111083984375	Jake a, mais nous avons certaines informations	
0	514.0800000000038	0.9749577045440674	supplémentaires comme	
0	515.4400000000038	1.0394654273986816	dix-sept	
0	516.8000000000038	1.0427637100219727	peu de	
0	518.1600000000038	1.0318706035614014	points et Steven a huit	
0	519.5200000000038	1.1052942276000977		
0	520.8800000000039	1.1999766826629639		
0	522.2400000000039	1.331989049911499		
0	523.6000000000039	1.411219596862793		
0	524.9600000000039	1.6736910343170166		
0	526.3200000000039	1.4614288806915283		
0	527.6800000000039	1.644317388534546	. Donc notre modèle fait certaines prédictions comme ceci, qui produit des valeurs négatives, et nous observons ces deux	
0	529.0400000000039	0.9795396327972412	représentations	
0	530.400000000004	0.9277298450469971		
0	531.760000000004	1.1312294006347656	ces deux expressions ont en fait des scores	
0	533.120000000004	1.0136661529541016	similaires. Donc nous pouvons en fait limiter	
0	534.480000000004	0.9172015190124512	cet espace de recherche	
0	535.840000000004	0.9912543296813965	en supprimant comme	
0	537.200000000004	0.9626765251159668	ceux-ci résultats sont	
0	538.560000000004	0.8665428161621094		
0	539.920000000004	1.040971279144287		
0	541.2800000000041	0.6106510162353516	négatifs afin que nous puissions rendre la réponse correcte.	
0	542.6400000000041	0.6454582214355469		
0	544.0000000000041	0.745652437210083	Donc	
0	545.3600000000041	0.8664324283599854	nous	
0	546.7200000000041	1.0119781494140625	trouvons également	
0	548.0800000000041	0.915372371673584	que cette contrainte améliore	
0	549.4400000000041	0.9007680416107178		
0	550.8000000000042	1.1221561431884766	en fait beaucoup pour certains modèles. Par	
0	552.1600000000042	0.9413981437683105		
0	553.5200000000042	1.1287102699279785		
0	554.8800000000042	1.5817089080810547	exemple, pour Bird, nous améliorons de sept points et puis pour	
0	556.2400000000042	1.144883394241333	le modèle basé sur Roberta, nous	
0	557.6000000000042	1.1246473789215088	avons en fait amélioré de deux points.	
0	558.9600000000042	1.0609986782073975	Donc un meilleur modèle de langage	
0	560.3200000000043	0.916428804397583	a une meilleure	
0	561.6800000000043	0.9125511646270752	capacité de compréhension du langage	
0	563.0400000000043	0.8911802768707275		
0	564.4000000000043	0.9983921051025391	donc le nombre ici est plus	
0	565.7600000000043	1.0877611637115479	élevé pour	
0	567.1200000000043	1.226585865020752		
0	568.4800000000043	1.316437005996704	et plus faible pour Bird. Et nous essayons également d'analyser la	
0	569.8400000000044	0.8541665077209473	difficulté derrière	
0	571.2000000000044	1.0784590244293213		
0	572.5600000000044	1.2940244674682617		
0	573.9200000000044	1.4669246673583984	cet ensemble de données. Nous supposons que le nombre de quantités inutilisées peut être	
0	575.2800000000044	0.9636693000793457	considéré comme	
0	576.6400000000044	1.1144111156463623	des informations inutiles ici. Donc	
0	578.0000000000044	0.8284626007080078	ici, nous pouvons voir	
0	579.3600000000044	0.7211089134216309	que	
0	580.7200000000045	0.9235947132110596	nous avons	
0	582.0800000000045	1.0892868041992188	le pourcentage d'échantillons	
0	583.4400000000045	1.136871576309204	avec des quantités	
0	584.8000000000045	1.1436362266540527	inutilisées et l'ensemble de données SWAM a	
0	586.1600000000045	1.0269699096679688	la plus grande portion.	
0	587.5200000000045	1.0111300945281982	Et ici, nous	
0	588.8800000000045	0.3898966312408447	montrons également la performance globale.	
0	590.2400000000046	0.8863406181335449		
0	591.6000000000046	1.0569241046905518	Pour	
0	592.9600000000046	1.2020044326782227	ceux d'entre eux sans quantités	
0	594.3200000000046	1.0730688571929932	inutilisées. Donc la performance	
0	595.6800000000046	0.9962964057922363	globale est en fait	
0	597.0400000000046	0.8869142532348633	plus élevée que la	
0	598.4000000000046	0.8606393337249756	performance globale.	
0	599.7600000000047	0.9430720806121826	Mais avec ceux	
0	601.1200000000047	1.0044231414794922	d'entre eux	
0	602.4800000000047	1.1312463283538818	avec des quantités	
0	603.8400000000047	0.999443531036377	inutilisées, c'est en fait beaucoup pire que	
0	605.2000000000047	0.7004103660583496		
0	606.5600000000047	0.8003592491149902		
0	607.9200000000047	1.002821922302246	la performance	
0	609.2800000000047	1.0937292575836182		
0	610.6400000000048	1.2952702045440674	globale. Pour MAWPS, nous n'avons pas vraiment	
0	612.0000000000048	0.9341137409210205	trop de cas de test.	
0	613.3600000000048	0.8994262218475342	Donc je	
0	614.7200000000048	0.3335306644439697	ignore juste cette partie.	
0	616.0800000000048	0.7172243595123291		
0	617.4400000000048	0.9137663841247559	Donc	
0	618.8000000000048	1.1443119049072266	enfin, nous voulons montrer	
0	620.1600000000049	1.2110321521759033	l'interprétabilité à travers un	
0	621.5200000000049	0.9657390117645264		
0	622.8800000000049	1.1121654510498047	exemple de crash et de participation. Donc	
0	624.2400000000049	0.9587957859039307	ici, notre modèle	
0	625.6000000000049	0.9496006965637207	fait en fait	
0	626.9600000000049	0.9912996292114258	une mauvaise prédiction à	
0	628.3200000000049	0.9896595478057861	la première étape.	
0	629.680000000005	0.9311060905456543	Donc nous pouvons en fait	
0	631.040000000005	0.7457714080810547	corrél	
0	632.400000000005	0.9495091438293457		
0	633.760000000005	1.2438545227050781	iser cette expression avec la phrase ici.	
0	635.120000000005	1.1088201999664307		
0	636.480000000005	1.2259809970855713	D'accord ? Donc nous pensons que cette phrase pourrait	
0	637.840000000005	0.8404507637023926	tromper le	
0	639.200000000005	0.9660003185272217	modèle	
0	640.5600000000051	1.1755659580230713		
0	641.9200000000051	1.257995367050171	pour une prédiction incorrecte. Donc ici,	
0	643.2800000000051	0.9716393947601318		
0	644.6400000000051	1.2379493713378906	planter trente-cinq autres	
0	646.0000000000051	1.2257328033447266	fait que le modèle pense qu'il devrait être un	
0	647.3600000000051	1.1442759037017822	opérateur d'addition.	
0	648.7200000000051	1.1527137756347656	Donc nous essayons de réviser	
0	650.0800000000052	1.2277007102966309	la phrase pour	
0	651.4400000000052	1.332733392715454	quelque chose comme le nombre de paires d'arbres	
0	652.8000000000052	1.111607551574707	est de trente-cinq	
0	654.1600000000052	1.063443660736084	moins que les arbres de pommes. Donc	
0	655.5200000000052	1.0287418365478516	nous le	
0	656.8800000000052	1.1741650104522705		
0	658.2400000000052	1.2902941703796387	faisons pour transmettre une sémantique plus précise afin que le modèle soit	
0	659.6000000000053	0.9905188083648682	capable de faire	
0	660.9600000000053	1.0822105407714844	la prédiction correcte.	
0	662.3200000000053	0.8099455833435059		
0	663.6800000000053	0.9749395847320557	Cette étude montre comment	
0	665.0400000000053	0.9663920402526855		
0	666.4000000000053	1.1598951816558838	les prédictions interprétables nous aident	
0	667.7600000000053	0.890099048614502	à comprendre le	
0	669.1200000000053	0.30228328704833984	comportement du modèle.	
0	670.4800000000054	0.873699426651001		
0	671.8400000000054	1.1439197063446045	Donc pour conclure notre	
0	673.2000000000054	1.1933279037475586	travail, d'abord, notre modèle est	
0	674.5600000000054	1.047123908996582	en fait assez	
0	675.9200000000054	1.088352918624878	efficace et nous sommes capables de	
0	677.2800000000054	0.9966692924499512	fournir	
0	678.6400000000054	0.9839520454406738		
0	680.0000000000055	1.2155611515045166	une procédure de résolution interprétable et	
0	681.3600000000055	1.1276471614837646	nous pouvons facilement incorporer	
0	682.7200000000055	1.1908957958221436	certaines connaissances antérieures comme	
0	684.0800000000055	1.0204088687896729	contraintes qui peuvent aider à améliorer la	
0	685.4400000000055	0.9852888584136963		
0	686.8000000000055	1.2080342769622803	performance. Et la dernière chose est que	
0	688.1600000000055	1.1427559852600098	le mécanisme sous-jacent	
0	689.5200000000056	1.1809239387512207	ne s'applique pas seulement à	
0	690.8800000000056	1.0792186260223389	la résolution de problèmes de	
0	692.2400000000056	1.1860251426696777		
0	693.6000000000056	1.2852783203125	méthode, mais aussi à d'autres tâches impliquant	
0	694.9600000000056	1.176330327987671	un raisonnement en plusieurs étapes.	
0	696.3200000000056	0.39791202545166016	Mais nous avons également certaines limites.	
0	697.6800000000056	1.0898470878601074		
0	699.0400000000056	1.294482946395874	Si nous avons un grand nombre	
0	700.4000000000057	1.1963698863983154	d'opérateurs ou de	
0	701.7600000000057	1.0367364883422852	contenu ou de constantes, la	
0	703.1200000000057	0.9914383888244629	consommation de mémoire	
0	704.4800000000057	1.05674147605896	pourrait être assez élevée.	
0	705.8400000000057	1.0802242755889893	Et la deuxième	
0	707.2000000000057	1.2486827373504639	chose est que, comme	
0	708.5600000000057	1.1825828552246094	mentionné,	
0	709.9200000000058	1.2152578830718994	car la distribution de probabilité est déséquilibrée	
0	711.2800000000058	1.0979533195495605	entre les différentes étapes	
0	712.6400000000058	1.123300552368164	temporelles,	
0	714.0000000000058	1.2261443138122559	c'est	
0	715.3600000000058	1.1588959693908691	aussi assez difficile d'appliquer la recherche de faisceau.	
0	716.7200000000058	0.7272481918334961		
0	718.0800000000058	0.8322305679321289		
0	719.4400000000059	1.0021729469299316	Donc c'est	
0	720.8000000000059	1.124783992767334	la fin du	
0	722.1600000000059	1.0906884670257568	discours et les questions sont les bienvenues.	
0	723.0229375000059	0.36504530906677246	Merci.	
1	1.36	0.21339106559753418	Bonjour.	
1	2.72	0.421220064163208	Bonjour, je m'appelle Antoine.	Bonjour.
1	4.08	0.8365256786346436	je m'appelle Antoine et je viens de l'Université de Maastricht.	Antoine.
1	5.44	0.721433162689209	Je vais présenter	je m'appelle Antoine et je viens de l'Université de Maastricht.
1	6.800000000000001	0.3876168727874756	mon John With.	
1	8.16	0.6022851467132568	travail sur John avec Jerry, qui porte sur les nouvelles données.	John With.
1	9.52	0.8283343315124512	un nouveau jeu de données pour les articles statutaires.	les nouvelles données.
1	10.879999999999999	0.6397287845611572	récupération d'articles statutaires.	les articles statutaires.
1	12.239999999999998	0.6833012104034424	la récupération d'articles Émission juridique.	récupération d'articles statutaires.
1	13.599999999999998	0.5864498615264893	questions juridiques constituent une partie intégrante de	Émission juridique.
1	14.959999999999997	0.7776556015014648	statutaires. Les d'articles statutaires. Les questions juridiques constituent une partie intégrante de la vie de nombreuses personnes.	questions juridiques constituent une partie intégrante de
1	16.319999999999997	0.51806640625	la vie de nombreuses vie de nombreuses personnes, mais la majorité des	d'articles statutaires. Les questions juridiques constituent une partie intégrante de la vie de nombreuses personnes.
1	17.679999999999996	0.5598514080047607	citoyens en ont peu à	vie de nombreuses personnes, mais la majorité des
1	19.039999999999996	0.5583324432373047	connaissances à ce sujet.	en ont peu à
1	20.399999999999995	0.6063945293426514	ont peu ou pas de connaissances leurs droits et fondamentaux.	connaissances à ce sujet.
1	21.759999999999994	0.5107512474060059	sur leurs droits et processus juridiques fondamentaux.	leurs droits et fondamentaux.
1	23.119999999999994	0.4796566963195801	les En conséquence,	processus juridiques fondamentaux.
1	24.479999999999993	0.8435888290405273	très important de prendre en compte de nombreux citoyens vulnérables.	
1	25.839999999999993	0.6492526531219482	les processus juridiques fondamentaux. En conséquence, de nombreux citoyens vulnérables qui ne peuvent pas se permettre le	très important de prendre en compte de nombreux citoyens vulnérables.
1	27.199999999999992	0.954378604888916	de nombreux citoyens vulnérables qui ne peuvent pas se permettre fondamentaux. En conséquence, de nombreux citoyens vulnérables qui ne peuvent pas se permettre l'aide coûteuse d'un juriste	les processus juridiques fondamentaux. En conséquence, de nombreux citoyens vulnérables qui ne peuvent pas se permettre le
1	28.55999999999999	0.680621862411499	l'aide coûteuse d'un expert juridique sont laissés pour compte.	fondamentaux. En conséquence, de nombreux citoyens vulnérables qui ne peuvent pas se permettre l'aide coûteuse d'un juriste
1	29.91999999999999	0.6597621440887451	fondamentaux. En conséquence, de nombreux citoyens vulnérables qui ne peuvent pas se permettre l'aide coûteuse d'un expert juridique sont laissés sans protection ou dans l'angoisse.	pour compte.
1	31.27999999999999	0.4806685447692871	sans protection pire, exploités.	fondamentaux. En conséquence, de nombreux citoyens vulnérables qui ne peuvent pas se permettre l'aide coûteuse d'un expert juridique sont laissés sans protection ou dans l'angoisse.
1	32.63999999999999	0.5006201267242432	ou, Ou travail	pire, exploités.
1	33.99999999999999	0.5243682861328125	Notre travail vise à combler ce fossé.	Ou travail
1	35.35999999999999	0.6644649505615234	vise à combler le fossé entre les personnes et	Notre travail vise à combler ce fossé.
1	36.71999999999999	0.8852329254150391	Tous les travaux visent à combler le fossé entre les personnes et le droit en développant un	vise à combler le fossé entre les personnes et
1	38.07999999999999	1.088083028793335	systèmes de récupération efficaces.	un
1	39.43999999999999	0.6245343685150146	des systèmes de récupération systèmes de récupération efficaces pour les articles statutaires.	systèmes de récupération efficaces.
1	40.79999999999999	0.4212467670440674		
1	42.15999999999999	0.4649012088775635	Un tel système pourrait fournir un accès gratuit	
1	43.51999999999999	0.5214464664459229	Un tel système pourrait fournir un professionnel gratuit.	systèmes de récupération efficaces pour les articles statutaires. Un tel système pourrait fournir un accès gratuit
1	44.87999999999999	0.5015461444854736	service juridique sont laissés sans protection ou, pire, exploités. Tous les travaux visent à combler le fossé entre les personnes et le droit en développant des systèmes de récupération efficaces pour les articles statutaires. Un tel système pourrait fournir un service gratuit d'aide juridique professionnelle pour	professionnel gratuit.
1	46.23999999999999	0.6463882923126221	inexpérimentés.	juridique sont laissés sans protection ou, pire, exploités. Tous les travaux visent à combler le fossé entre les personnes et le droit en développant des systèmes de récupération efficaces pour les articles statutaires. Un tel système pourrait fournir un service gratuit d'aide juridique professionnelle pour
1	47.59999999999999	0.343217134475708	les humains	inexpérimentés.
1	48.95999999999999	0.5160863399505615	Avant de plonger dans la principale contribution du	
1	50.319999999999986	0.7601215839385986	d'aborder la principale contribution de ce travail, regardons d'abord	de plonger dans la principale contribution du
1	51.679999999999986	0.8595137596130371	les articles statutaires. Un tel système pourrait fournir un service gratuit d'aide juridique professionnelle pour les humains inexpérimentés. Avant d'aborder la principale contribution de ce travail, décrivons d'abord le problème de	regardons d'abord
1	53.039999999999985	0.8050029277801514	articles statutaires. Un tel système pourrait fournir un service gratuit d'aide juridique professionnelle pour les humains inexpérimentés. Avant d'aborder la principale contribution de ce travail, décrivons d'abord le problème de la récupération d'articles statutaires.	les articles statutaires. Un tel système pourrait fournir un service gratuit d'aide juridique professionnelle pour les humains inexpérimentés. Avant d'aborder la principale contribution de ce travail, décrivons d'abord le problème de
1	54.399999999999984	0.6434450149536133	un	articles statutaires. Un tel système pourrait fournir un service gratuit d'aide juridique professionnelle pour les humains inexpérimentés. Avant d'aborder la principale contribution de ce travail, décrivons d'abord le problème de la récupération d'articles statutaires.
1	55.759999999999984	0.4926612377166748	Étant donné question simple sur un	un
1	57.11999999999998	0.5432338714599609	une question simple sur juridique professionnelle pour les humains inexpérimentés. Avant d'aborder la principale contribution de ce travail, décrivons d'abord le problème de la récupération d'articles statutaires. Étant donné une question simple sur une matière juridique, telle que	question simple sur un
1	58.47999999999998	0.7116885185241699	une Que risquerais-je ? »	juridique professionnelle pour les humains inexpérimentés. Avant d'aborder la principale contribution de ce travail, décrivons d'abord le problème de la récupération d'articles statutaires. Étant donné une question simple sur une matière juridique, telle que
1	59.83999999999998	0.9443769454956055	risquerais-je si je viole [profession] ? »	Que risquerais-je ? »
1	61.19999999999998	0.9440727233886719	professionnelle pour les humains inexpérimentés. Avant d'aborder la principale contribution de ce travail, décrivons d'abord le problème de la récupération d'articles statutaires. Étant donné une question simple sur une question juridique, telle que : « Que risquerais-je si je viole le secret professionnel ? »	risquerais-je si je viole [profession] ? »
1	62.55999999999998	1.226595401763916	», un modèle doit être capable de résoudre ce problème.	professionnelle pour les humains inexpérimentés. Avant d'aborder la principale contribution de ce travail, décrivons d'abord le problème de la récupération d'articles statutaires. Étant donné une question simple sur une question juridique, telle que : « Que risquerais-je si je viole le secret professionnel ? »
1	63.91999999999998	1.1649963855743408	matière juridique, telle que « Que risquerais-je si je viole le secret professionnel Un tel système pourrait fournir un service gratuit d'aide juridique professionnelle pour les humains inexpérimentés. Avant d'aborder la principale contribution de ce travail, décrivons d'abord le problème de la récupération d'articles statutaires. Étant donné une question simple sur une matière juridique, telle que « Que risquerais-je si je viole le secret professionnel ? », un modèle est requis pour récupérer tous	», un modèle doit être capable de résoudre ce problème.
1	65.27999999999999	0.7821080684661865	d'articles statutaires. Étant donné une question simple sur une matière juridique, telle que « Que risquerais-je si je viole le secret professionnel ? », un modèle est requis pour récupérer tous les arguments statutaires pertinents.	Un tel système pourrait fournir un service gratuit d'aide juridique professionnelle pour les humains inexpérimentés. Avant d'aborder la principale contribution de ce travail, décrivons d'abord le problème de la récupération d'articles statutaires. Étant donné une question simple sur une matière juridique, telle que « Que risquerais-je si je viole le secret professionnel ? », un modèle est requis pour récupérer tous
1	66.63999999999999	0.688152551651001	les articles statutaires pertinents à partir d'un grand corpus de	d'articles statutaires. Étant donné une question simple sur une matière juridique, telle que « Que risquerais-je si je viole le secret professionnel ? », un modèle est requis pour récupérer tous les arguments statutaires pertinents.
1	67.99999999999999	0.7992391586303711	législatif.	grand corpus de
1	69.35999999999999	0.7865300178527832	vaste corpus Cette information est quelque chose de très important.	législatif.
1	70.71999999999998	0.7180535793304443	une question simple sur une matière juridique, telle que « Que risquerais-je si je viole le secret professionnel ? », un modèle est requis pour récupérer tous les articles statutaires pertinents à partir d'un vaste corpus législatif. Cette tâche de récupération d'information comporte une chose très importante.	information est quelque chose de très important.
1	72.07999999999998	0.6508610248565674	tâche de récupération d'information ses propres défis.	une question simple sur une matière juridique, telle que « Que risquerais-je si je viole le secret professionnel ? », un modèle est requis pour récupérer tous les articles statutaires pertinents à partir d'un vaste corpus législatif. Cette tâche de récupération d'information comporte une chose très importante.
1	73.43999999999998	0.31358909606933594	présente	ses propres défis.
1	74.79999999999998	0.5044806003570557	Premièrement, elle traite de	
1	76.15999999999998	0.6693460941314697	matière juridique, telle que « Que risquerais-je si je viole le secret professionnel ? », un modèle est requis pour récupérer tous les articles statutaires pertinents à partir d'un vaste corpus législatif. Cette tâche de récupération d'information présente ses propres défis. Premièrement, elle traite de deux types de langage.	
1	77.51999999999998	0.6768383979797363	deux types de	matière juridique, telle que « Que risquerais-je si je viole le secret professionnel ? », un modèle est requis pour récupérer tous les articles statutaires pertinents à partir d'un vaste corpus législatif. Cette tâche de récupération d'information présente ses propres défis. Premièrement, elle traite de deux types de langage.
1	78.87999999999998	0.6405229568481445	langage : le langage naturel courant le secret professionnel ? », un modèle est requis pour récupérer tous les articles statutaires pertinents à partir d'un vaste corpus législatif. Cette tâche de récupération d'information présente ses propres défis. Premièrement, elle traite de deux types de langage : le langage naturel courant pour la question.	
1	80.23999999999998	0.5942578315734863	pour questions et le langage complexe.	le secret professionnel ? », un modèle est requis pour récupérer tous les articles statutaires pertinents à partir d'un vaste corpus législatif. Cette tâche de récupération d'information présente ses propres défis. Premièrement, elle traite de deux types de langage : le langage naturel courant pour la question.
1	81.59999999999998	0.6812624931335449	les questions et le langage juridique, telle que « Que risquerais-je si je viole le secret professionnel ? », un modèle est requis pour récupérer tous les articles statutaires pertinents à partir d'un vaste corpus législatif. Cette tâche de récupération d'information présente ses propres défis. Premièrement, elle traite de deux types de langage : le langage naturel courant pour les questions et le langage juridique complexe pour le statut.	questions et le langage complexe.
1	82.95999999999998	0.5494565963745117	juridique complexe pour statuts.	juridique, telle que « Que risquerais-je si je viole le secret professionnel ? », un modèle est requis pour récupérer tous les articles statutaires pertinents à partir d'un vaste corpus législatif. Cette tâche de récupération d'information présente ses propres défis. Premièrement, elle traite de deux types de langage : le langage naturel courant pour les questions et le langage juridique complexe pour le statut.
1	84.31999999999998	0.628781795501709	les Cette différence de langage	statuts.
1	85.67999999999998	0.6388969421386719	pertinents à partir d'un vaste corpus législatif. Cette tâche de récupération d'information présente ses propres défis. Premièrement, elle traite de deux types de langage : le langage naturel courant pour les questions et le langage juridique complexe pour les statuts. Cette différence dans les distributions linguistiques rend cela	de langage
1	87.03999999999998	0.7126061916351318	dans difficile pour un système	pertinents à partir d'un vaste corpus législatif. Cette tâche de récupération d'information présente ses propres défis. Premièrement, elle traite de deux types de langage : le langage naturel courant pour les questions et le langage juridique complexe pour les statuts. Cette différence dans les distributions linguistiques rend cela
1	88.39999999999998	0.9213011264801025	la distribution des langages rend plus récupération d'information présente ses propres défis. Premièrement, elle traite de deux types de langage : le langage naturel courant pour les questions et le langage juridique complexe pour les statuts. Cette différence dans la distribution des langages rend plus difficile pour un système de récupérer des résultats pertinents.	difficile pour un système
1	89.75999999999998	0.6890053749084473	de récupérer des candidats pertinents car il doit	récupération d'information présente ses propres défis. Premièrement, elle traite de deux types de langage : le langage naturel courant pour les questions et le langage juridique complexe pour les statuts. Cette différence dans la distribution des langages rend plus difficile pour un système de récupérer des résultats pertinents.
1	91.11999999999998	0.6555750370025635	présente ses propres défis. Premièrement, elle traite de deux types de langage : le langage naturel courant pour les questions et le langage juridique complexe pour les statuts. Cette différence dans la distribution des langages rend plus difficile pour un système de récupérer des candidats pertinents, car cela implique indirectement	pertinents car il doit
1	92.47999999999998	0.8096415996551514	pertinents, car cela une compréhension inhérente	présente ses propres défis. Premièrement, elle traite de deux types de langage : le langage naturel courant pour les questions et le langage juridique complexe pour les statuts. Cette différence dans la distribution des langages rend plus difficile pour un système de récupérer des candidats pertinents, car cela implique indirectement
1	93.83999999999997	0.7703659534454346	nécessite indirectement système d'interprétation inhérent.	une compréhension inhérente
1	95.19999999999997	0.7643618583679199	un système d'interprétation système d'interprétation inhérent capable de traduire	système d'interprétation inhérent.
1	96.55999999999997	0.7354536056518555	une question naturelle.	système d'interprétation inhérent capable de traduire
1	97.91999999999997	0.600367546081543	juridique.	naturelle.
1	99.27999999999997	0.6905074119567871	naturelle en question juridique qui correspond au terminal.	juridique.
1	100.63999999999997	0.7271897792816162	une question juridique de récupération d'information présente ses propres défis. Premièrement, elle traite de deux types de langage : le langage naturel courant pour les questions et le langage juridique complexe pour les statuts. Cette différence dans la distribution des langages rend plus difficile pour un système de récupérer des candidats pertinents, car cela nécessite indirectement un système d'interprétation inhérent capable de traduire une question naturelle en une question juridique correspondant à la terminologie des statuts.	question juridique qui correspond au terminal.
1	101.99999999999997	0.7252683639526367	plus,	de récupération d'information présente ses propres défis. Premièrement, elle traite de deux types de langage : le langage naturel courant pour les questions et le langage juridique complexe pour les statuts. Cette différence dans la distribution des langages rend plus difficile pour un système de récupérer des candidats pertinents, car cela nécessite indirectement un système d'interprétation inhérent capable de traduire une question naturelle en une question juridique correspondant à la terminologie des statuts.
1	103.35999999999997	0.14757609367370605		plus,
1	104.71999999999997	0.9626502990722656	plus, le droit statutaire n'est pas une pile d'éléments indépendants.	
1	106.07999999999997	1.0861763954162598	De plus, le droit statutaire n'est pas une pile peuvent être traités	plus, le droit statutaire n'est pas une pile d'éléments indépendants.
1	107.43999999999997	0.9956221580505371	d'articles indépendants qui d'information présente ses propres défis. Premièrement, elle traite de deux types de langage : le langage naturel courant pour les questions et le langage juridique complexe pour les statuts. Cette différence dans la distribution des langages rend plus difficile pour un système de récupérer des candidats pertinents, car cela nécessite indirectement un système d'interprétation inhérent capable de traduire une question naturelle en une question juridique correspondant à la terminologie des statuts. De plus, le droit statutaire n'est pas une pile d'articles indépendants qui peuvent être traités comme une source d'information complète.	peuvent être traités
1	108.79999999999997	0.7777361869812012	comme une source d'information d'information présente ses propres défis. Premièrement, elle traite de deux types de langage : le langage naturel courant pour les questions et le langage juridique complexe pour les statuts. Cette différence dans la distribution des langages rend plus difficile pour un système de récupérer des candidats pertinents, car cela nécessite indirectement un système d'interprétation inhérent capable de traduire une question naturelle en une question juridique correspondant à la terminologie des statuts. De plus, le droit statutaire n'est pas une pile d'articles indépendants qui peuvent être traités comme une source d'information complète en eux-mêmes.	d'information présente ses propres défis. Premièrement, elle traite de deux types de langage : le langage naturel courant pour les questions et le langage juridique complexe pour les statuts. Cette différence dans la distribution des langages rend plus difficile pour un système de récupérer des candidats pertinents, car cela nécessite indirectement un système d'interprétation inhérent capable de traduire une question naturelle en une question juridique correspondant à la terminologie des statuts. De plus, le droit statutaire n'est pas une pile d'articles indépendants qui peuvent être traités comme une source d'information complète.
1	110.15999999999997	0.9470653533935547	complète en propres défis. Premièrement, elle traite de deux types de langage : le langage naturel courant pour les questions et le langage juridique complexe pour les statuts. Cette différence dans la distribution des langages rend plus difficile pour un système de récupérer des candidats pertinents, car cela nécessite indirectement un système d'interprétation inhérent capable de traduire une question naturelle en une question juridique correspondant à la terminologie des statuts. De plus, le droit statutaire n'est pas une pile d'articles indépendants qui peuvent être traités comme une source d'information complète en eux-mêmes, contrairement aux actualités ou aux recettes, par exemple.	d'information présente ses propres défis. Premièrement, elle traite de deux types de langage : le langage naturel courant pour les questions et le langage juridique complexe pour les statuts. Cette différence dans la distribution des langages rend plus difficile pour un système de récupérer des candidats pertinents, car cela nécessite indirectement un système d'interprétation inhérent capable de traduire une question naturelle en une question juridique correspondant à la terminologie des statuts. De plus, le droit statutaire n'est pas une pile d'articles indépendants qui peuvent être traités comme une source d'information complète en eux-mêmes.
1	111.51999999999997	0.6534237861633301		propres défis. Premièrement, elle traite de deux types de langage : le langage naturel courant pour les questions et le langage juridique complexe pour les statuts. Cette différence dans la distribution des langages rend plus difficile pour un système de récupérer des candidats pertinents, car cela nécessite indirectement un système d'interprétation inhérent capable de traduire une question naturelle en une question juridique correspondant à la terminologie des statuts. De plus, le droit statutaire n'est pas une pile d'articles indépendants qui peuvent être traités comme une source d'information complète en eux-mêmes, contrairement aux actualités ou aux recettes, par exemple.
1	112.87999999999997	0.6739189624786377	Premièrement, elle traite de deux types de langage : le langage naturel courant pour les questions et le langage juridique complexe pour les statuts. Cette différence dans la distribution des langages rend plus difficile pour un système de récupérer des candidats pertinents, car cela nécessite indirectement un système d'interprétation inhérent capable de traduire une question naturelle en une question juridique correspondant à la terminologie des statuts. De plus, le droit statutaire n'est pas une pile d'articles indépendants qui peuvent être traités comme une source d'information complète en eux-mêmes, contrairement aux actualités ou aux recettes, par exemple. Au contraire, c'est une structure	
1	114.23999999999997	0.8175003528594971	Au contraire, c'est une d'interprétation inhérent capable de traduire une question naturelle en une question juridique correspondant à la terminologie des statuts. De plus, le droit statutaire n'est pas une pile d'articles indépendants qui peuvent être traités comme une source d'information complète en eux-mêmes, contrairement aux actualités ou aux recettes, par exemple. Au contraire, c'est une collection structurée de lois juridiques.	Premièrement, elle traite de deux types de langage : le langage naturel courant pour les questions et le langage juridique complexe pour les statuts. Cette différence dans la distribution des langages rend plus difficile pour un système de récupérer des candidats pertinents, car cela nécessite indirectement un système d'interprétation inhérent capable de traduire une question naturelle en une question juridique correspondant à la terminologie des statuts. De plus, le droit statutaire n'est pas une pile d'articles indépendants qui peuvent être traités comme une source d'information complète en eux-mêmes, contrairement aux actualités ou aux recettes, par exemple. Au contraire, c'est une structure
1	115.59999999999997	0.7354953289031982	collection structurée de qui peuvent être traités comme une source d'information complète en eux-mêmes, contrairement aux actualités ou aux recettes, par exemple. Au contraire, c'est une collection structurée de dispositions juridiques qui ont un tout	d'interprétation inhérent capable de traduire une question naturelle en une question juridique correspondant à la terminologie des statuts. De plus, le droit statutaire n'est pas une pile d'articles indépendants qui peuvent être traités comme une source d'information complète en eux-mêmes, contrairement aux actualités ou aux recettes, par exemple. Au contraire, c'est une collection structurée de lois juridiques.
1	116.95999999999997	0.9603433609008789	dispositions juridiques qui ensemble.	qui peuvent être traités comme une source d'information complète en eux-mêmes, contrairement aux actualités ou aux recettes, par exemple. Au contraire, c'est une collection structurée de dispositions juridiques qui ont un tout
1	118.31999999999996	1.0004539489746094	n'ont un sens complet que lorsqu'elles sont considérées en une question juridique correspondant à la terminologie des statuts. De plus, le droit statutaire n'est pas une pile d'articles indépendants qui peuvent être traités comme une source d'information complète en eux-mêmes, contrairement aux actualités ou aux recettes, par exemple. Au contraire, c'est une collection structurée de dispositions juridiques qui n'ont un sens complet que lorsqu'elles sont considérées dans leur contexte global.	ensemble.
1	119.67999999999996	0.8673295974731445	cela nécessite indirectement un système d'interprétation inhérent capable de traduire une question naturelle en une question juridique correspondant à la terminologie des statuts. De plus, le droit statutaire n'est pas une pile d'articles indépendants qui peuvent être traités comme une source d'information complète en eux-mêmes, contrairement aux actualités ou aux recettes, par exemple. Au contraire, c'est une collection structurée de dispositions juridiques qui n'ont un sens complet que lorsqu'elles sont considérées dans leur contexte global. C'est-à-dire, ensemble avec	en une question juridique correspondant à la terminologie des statuts. De plus, le droit statutaire n'est pas une pile d'articles indépendants qui peuvent être traités comme une source d'information complète en eux-mêmes, contrairement aux actualités ou aux recettes, par exemple. Au contraire, c'est une collection structurée de dispositions juridiques qui n'ont un sens complet que lorsqu'elles sont considérées dans leur contexte global.
1	121.03999999999996	0.8976094722747803	ensemble avec les informations complémentaires.	cela nécessite indirectement un système d'interprétation inhérent capable de traduire une question naturelle en une question juridique correspondant à la terminologie des statuts. De plus, le droit statutaire n'est pas une pile d'articles indépendants qui peuvent être traités comme une source d'information complète en eux-mêmes, contrairement aux actualités ou aux recettes, par exemple. Au contraire, c'est une collection structurée de dispositions juridiques qui n'ont un sens complet que lorsqu'elles sont considérées dans leur contexte global. C'est-à-dire, ensemble avec
1	122.39999999999996	0.7429349422454834	les informations terminologie des statuts. De plus, le droit statutaire n'est pas une pile d'articles indépendants qui peuvent être traités comme une source d'information complète en eux-mêmes, contrairement aux actualités ou aux recettes, par exemple. Au contraire, c'est une collection structurée de dispositions juridiques qui n'ont un sens complet que lorsqu'elles sont considérées dans leur contexte global. C'est-à-dire, ensemble avec les informations complémentaires provenant de l'article voisin.	ensemble avec les informations complémentaires.
1	123.75999999999996	0.7525045871734619	complémentaires provenant le droit statutaire n'est pas une pile d'articles indépendants qui peuvent être traités comme une source d'information complète en eux-mêmes, contrairement aux actualités ou aux recettes, par exemple. Au contraire, c'est une collection structurée de dispositions juridiques qui n'ont un sens complet que lorsqu'elles sont considérées dans leur contexte global. C'est-à-dire, ensemble avec les informations complémentaires provenant des articles voisins, les champs et	terminologie des statuts. De plus, le droit statutaire n'est pas une pile d'articles indépendants qui peuvent être traités comme une source d'information complète en eux-mêmes, contrairement aux actualités ou aux recettes, par exemple. Au contraire, c'est une collection structurée de dispositions juridiques qui n'ont un sens complet que lorsqu'elles sont considérées dans leur contexte global. C'est-à-dire, ensemble avec les informations complémentaires provenant de l'article voisin.
1	125.11999999999996	0.9671852588653564	sous-champs auxquels elles appartiennent.	le droit statutaire n'est pas une pile d'articles indépendants qui peuvent être traités comme une source d'information complète en eux-mêmes, contrairement aux actualités ou aux recettes, par exemple. Au contraire, c'est une collection structurée de dispositions juridiques qui n'ont un sens complet que lorsqu'elles sont considérées dans leur contexte global. C'est-à-dire, ensemble avec les informations complémentaires provenant des articles voisins, les champs et
1	126.47999999999996	0.8936100006103516	leur contexte global. C'est-à-dire, ensemble avec les informations complémentaires provenant des articles voisins, les champs et sous-champs auxquels elles appartiennent, et leur place dans le	appartiennent.
1	127.83999999999996	0.8291604518890381	appartiennent, et leur place dans droit statutaire n'est pas une pile d'articles indépendants qui peuvent être traités comme une source d'information complète en eux-mêmes, contrairement aux actualités ou aux recettes, par exemple. Au contraire, c'est une collection structurée de dispositions juridiques qui n'ont un sens complet que lorsqu'elles sont considérées dans leur contexte global. C'est-à-dire, ensemble avec les informations complémentaires provenant des articles voisins, les champs et sous-champs auxquels elles appartiennent, et leur place dans la structure du droit.	leur contexte global. C'est-à-dire, ensemble avec les informations complémentaires provenant des articles voisins, les champs et sous-champs auxquels elles appartiennent, et leur place dans le
1	129.19999999999996	0.6473486423492432		droit statutaire n'est pas une pile d'articles indépendants qui peuvent être traités comme une source d'information complète en eux-mêmes, contrairement aux actualités ou aux recettes, par exemple. Au contraire, c'est une collection structurée de dispositions juridiques qui n'ont un sens complet que lorsqu'elles sont considérées dans leur contexte global. C'est-à-dire, ensemble avec les informations complémentaires provenant des articles voisins, les champs et sous-champs auxquels elles appartiennent, et leur place dans la structure du droit.
1	130.55999999999997	0.7078211307525635	Enfin,	
1	131.92	0.842036247253418	les articles statutaires sont	
1	133.28	0.9402997493743896	rédigés en petits complète en eux-mêmes, contrairement aux actualités ou aux recettes, par exemple. Au contraire, c'est une collection structurée de dispositions juridiques qui n'ont un sens complet que lorsqu'elles sont considérées dans leur contexte global. C'est-à-dire, ensemble avec les informations complémentaires provenant des articles voisins, les champs et sous-champs auxquels elles appartiennent, et leur place dans la structure du droit. Enfin, les articles statutaires sont rédigés en petits paragraphes, ce qui est généralement le cas typique.	
1	134.64000000000001	0.9481937885284424	paragraphes, ce qui est généralement	complète en eux-mêmes, contrairement aux actualités ou aux recettes, par exemple. Au contraire, c'est une collection structurée de dispositions juridiques qui n'ont un sens complet que lorsqu'elles sont considérées dans leur contexte global. C'est-à-dire, ensemble avec les informations complémentaires provenant des articles voisins, les champs et sous-champs auxquels elles appartiennent, et leur place dans la structure du droit. Enfin, les articles statutaires sont rédigés en petits paragraphes, ce qui est généralement le cas typique.
1	136.00000000000003	1.0095481872558594	l'unité de récupération typique dans	
1	137.36000000000004	0.7816863059997559	la plupart des travaux de récupération.	
1	138.72000000000006	0.7067184448242188	Ici,	
1	140.08000000000007	0.8199717998504639	qui n'ont un sens complet que lorsqu'elles sont considérées dans leur contexte global. C'est-à-dire, ensemble avec les informations complémentaires provenant des articles voisins, les champs et sous-champs auxquels elles appartiennent, et leur place dans la structure du droit. Enfin, les articles statutaires sont rédigés en petits paragraphes, ce qui est généralement l'unité de récupération typique dans la plupart des travaux de récupération. Ici, il s'agit de longs documents pouvant atteindre six pages.	
1	141.44000000000008	0.8249273300170898	il s'agit de longs documents pouvant atteindre six	qui n'ont un sens complet que lorsqu'elles sont considérées dans leur contexte global. C'est-à-dire, ensemble avec les informations complémentaires provenant des articles voisins, les champs et sous-champs auxquels elles appartiennent, et leur place dans la structure du droit. Enfin, les articles statutaires sont rédigés en petits paragraphes, ce qui est généralement l'unité de récupération typique dans la plupart des travaux de récupération. Ici, il s'agit de longs documents pouvant atteindre six pages.
1	142.8000000000001	0.5154950618743896	mille mots.	
1	144.1600000000001	0.7076904773712158	juridiques qui n'ont un sens complet que lorsqu'elles sont considérées dans leur contexte global. C'est-à-dire, ensemble avec les informations complémentaires provenant des articles voisins, les champs et sous-champs auxquels elles appartiennent, et leur place dans la structure du droit. Enfin, les articles statutaires sont rédigés en petits paragraphes, ce qui est généralement l'unité de récupération typique dans la plupart des travaux de récupération. Ici, il s'agit de longs documents pouvant atteindre six mille mots. Les récents progrès en TALN offrent certains	
1	145.52000000000012	0.8807551860809326	Les récents progrès en TALN dans leur contexte global. C'est-à-dire, ensemble avec les informations complémentaires provenant des articles voisins, les champs et sous-champs auxquels elles appartiennent, et leur place dans la structure du droit. Enfin, les articles statutaires sont rédigés en petits paragraphes, ce qui est généralement l'unité de récupération typique dans la plupart des travaux de récupération. Ici, il s'agit de longs documents pouvant atteindre six mille mots. Les récents progrès en TALN ont suscité un immense intérêt dans	juridiques qui n'ont un sens complet que lorsqu'elles sont considérées dans leur contexte global. C'est-à-dire, ensemble avec les informations complémentaires provenant des articles voisins, les champs et sous-champs auxquels elles appartiennent, et leur place dans la structure du droit. Enfin, les articles statutaires sont rédigés en petits paragraphes, ce qui est généralement l'unité de récupération typique dans la plupart des travaux de récupération. Ici, il s'agit de longs documents pouvant atteindre six mille mots. Les récents progrès en TALN offrent certains
1	146.88000000000014	0.8714897632598877	dispositions juridiques qui n'ont un sens complet que lorsqu'elles sont considérées dans leur contexte global. C'est-à-dire, ensemble avec les informations complémentaires provenant des articles voisins, les champs et sous-champs auxquels elles appartiennent, et leur place dans la structure du droit. Enfin, les articles statutaires sont rédigés en petits paragraphes, ce qui est généralement l'unité de récupération typique dans la plupart des travaux de récupération. Ici, il s'agit de longs documents pouvant atteindre six mille mots. Les récents progrès en TALN ont suscité un immense intérêt dans de nombreuses tâches juridiques, telles que	dans leur contexte global. C'est-à-dire, ensemble avec les informations complémentaires provenant des articles voisins, les champs et sous-champs auxquels elles appartiennent, et leur place dans la structure du droit. Enfin, les articles statutaires sont rédigés en petits paragraphes, ce qui est généralement l'unité de récupération typique dans la plupart des travaux de récupération. Ici, il s'agit de longs documents pouvant atteindre six mille mots. Les récents progrès en TALN ont suscité un immense intérêt dans
1	148.24000000000015	0.9065742492675781	juridiques qui n'ont un sens complet que lorsqu'elles sont considérées dans leur contexte global. C'est-à-dire, ensemble avec les informations complémentaires provenant des articles voisins, les champs et sous-champs auxquels elles appartiennent, et leur place dans la structure du droit. Enfin, les articles statutaires sont rédigés en petits paragraphes, ce qui est généralement l'unité de récupération typique dans la plupart des travaux de récupération. Ici, il s'agit de longs documents pouvant atteindre six mille mots. Les récents progrès en TALN ont suscité un immense intérêt dans de nombreuses tâches juridiques, telles que la prédiction des jugements juridiques.	dispositions juridiques qui n'ont un sens complet que lorsqu'elles sont considérées dans leur contexte global. C'est-à-dire, ensemble avec les informations complémentaires provenant des articles voisins, les champs et sous-champs auxquels elles appartiennent, et leur place dans la structure du droit. Enfin, les articles statutaires sont rédigés en petits paragraphes, ce qui est généralement l'unité de récupération typique dans la plupart des travaux de récupération. Ici, il s'agit de longs documents pouvant atteindre six mille mots. Les récents progrès en TALN ont suscité un immense intérêt dans de nombreuses tâches juridiques, telles que
1	149.60000000000016	0.9000608921051025	la prédiction des jugements ou aux recettes, par exemple. Au contraire, c'est une collection structurée de dispositions juridiques qui n'ont un sens complet que lorsqu'elles sont considérées dans leur contexte global. C'est-à-dire, ensemble avec les informations complémentaires provenant des articles voisins, les champs et sous-champs auxquels elles appartiennent, et leur place dans la structure du droit. Enfin, les articles statutaires sont rédigés en petits paragraphes, ce qui est généralement l'unité de récupération typique dans la plupart des travaux de récupération. Ici, il s'agit de longs documents pouvant atteindre six mille mots. Les récents progrès en TALN ont suscité un immense intérêt dans de nombreuses tâches juridiques, telles que la prédiction des jugements juridiques ou la génération automatique de contenu.	juridiques qui n'ont un sens complet que lorsqu'elles sont considérées dans leur contexte global. C'est-à-dire, ensemble avec les informations complémentaires provenant des articles voisins, les champs et sous-champs auxquels elles appartiennent, et leur place dans la structure du droit. Enfin, les articles statutaires sont rédigés en petits paragraphes, ce qui est généralement l'unité de récupération typique dans la plupart des travaux de récupération. Ici, il s'agit de longs documents pouvant atteindre six mille mots. Les récents progrès en TALN ont suscité un immense intérêt dans de nombreuses tâches juridiques, telles que la prédiction des jugements juridiques.
1	150.96000000000018	0.7199199199676514	juridiques ou la contexte global. C'est-à-dire, ensemble avec les informations complémentaires provenant des articles voisins, les champs et sous-champs auxquels elles appartiennent, et leur place dans la structure du droit. Enfin, les articles statutaires sont rédigés en petits paragraphes, ce qui est généralement l'unité de récupération typique dans la plupart des travaux de récupération. Ici, il s'agit de longs documents pouvant atteindre six mille mots. Les récents progrès en TALN ont suscité un immense intérêt dans de nombreuses tâches juridiques, telles que la prédiction des jugements juridiques ou la revue automatisée des contrats.	ou aux recettes, par exemple. Au contraire, c'est une collection structurée de dispositions juridiques qui n'ont un sens complet que lorsqu'elles sont considérées dans leur contexte global. C'est-à-dire, ensemble avec les informations complémentaires provenant des articles voisins, les champs et sous-champs auxquels elles appartiennent, et leur place dans la structure du droit. Enfin, les articles statutaires sont rédigés en petits paragraphes, ce qui est généralement l'unité de récupération typique dans la plupart des travaux de récupération. Ici, il s'agit de longs documents pouvant atteindre six mille mots. Les récents progrès en TALN ont suscité un immense intérêt dans de nombreuses tâches juridiques, telles que la prédiction des jugements juridiques ou la génération automatique de contenu.
1	152.3200000000002	0.5877768993377686	revue global. C'est-à-dire, ensemble avec les informations complémentaires provenant des articles voisins, les champs et sous-champs auxquels elles appartiennent, et leur place dans la structure du droit. Enfin, les articles statutaires sont rédigés en petits paragraphes, ce qui est généralement l'unité de récupération typique dans la plupart des travaux de récupération. Ici, il s'agit de longs documents pouvant atteindre six mille mots. Les récents progrès en TALN ont suscité un immense intérêt dans de nombreuses tâches juridiques, telles que la prédiction des jugements juridiques ou la revue automatique des contrats.	contexte global. C'est-à-dire, ensemble avec les informations complémentaires provenant des articles voisins, les champs et sous-champs auxquels elles appartiennent, et leur place dans la structure du droit. Enfin, les articles statutaires sont rédigés en petits paragraphes, ce qui est généralement l'unité de récupération typique dans la plupart des travaux de récupération. Ici, il s'agit de longs documents pouvant atteindre six mille mots. Les récents progrès en TALN ont suscité un immense intérêt dans de nombreuses tâches juridiques, telles que la prédiction des jugements juridiques ou la revue automatisée des contrats.
1	153.6800000000002	0.8789231777191162	automatique	global. C'est-à-dire, ensemble avec les informations complémentaires provenant des articles voisins, les champs et sous-champs auxquels elles appartiennent, et leur place dans la structure du droit. Enfin, les articles statutaires sont rédigés en petits paragraphes, ce qui est généralement l'unité de récupération typique dans la plupart des travaux de récupération. Ici, il s'agit de longs documents pouvant atteindre six mille mots. Les récents progrès en TALN ont suscité un immense intérêt dans de nombreuses tâches juridiques, telles que la prédiction des jugements juridiques ou la revue automatique des contrats.
1	155.04000000000022	1.0127243995666504		
1	156.40000000000023	0.25136590003967285	des contrats.	
1	157.76000000000025	1.3858931064605713	complémentaires provenant des articles voisins, les champs et sous-champs auxquels elles appartiennent, et leur place dans la structure du droit. Enfin, les articles statutaires sont rédigés en petits paragraphes, ce qui est généralement l'unité de récupération typique dans la plupart des travaux de récupération. Ici, il s'agit de longs documents pouvant atteindre six mille mots. Les récents progrès en TALN ont suscité un immense intérêt dans de nombreuses tâches juridiques, telles que la prédiction des jugements juridiques ou la revue automatique des contrats. Mais la récupération d'articles statutaires est restée principalement inchangée en raison du manque de grands jeux de données de haute qualité.	
1	159.12000000000026	1.5192573070526123	Mais la récupération d'articles statutaires est restée principalement inchangée en raison du manque de sous-champs auxquels elles appartiennent, et leur place dans la structure du droit. Enfin, les articles statutaires sont rédigés en petits paragraphes, ce qui est généralement l'unité de récupération typique dans la plupart des travaux de récupération. Ici, il s'agit de longs documents pouvant atteindre six mille mots. Les récents progrès en TALN ont suscité un immense intérêt dans de nombreuses tâches juridiques, telles que la prédiction des jugements juridiques ou la revue automatique des contrats. Mais la récupération d'articles statutaires est restée principalement inchangée en raison du manque de jeux de données étiquetés larges et de haute qualité.	complémentaires provenant des articles voisins, les champs et sous-champs auxquels elles appartiennent, et leur place dans la structure du droit. Enfin, les articles statutaires sont rédigés en petits paragraphes, ce qui est généralement l'unité de récupération typique dans la plupart des travaux de récupération. Ici, il s'agit de longs documents pouvant atteindre six mille mots. Les récents progrès en TALN ont suscité un immense intérêt dans de nombreuses tâches juridiques, telles que la prédiction des jugements juridiques ou la revue automatique des contrats. Mais la récupération d'articles statutaires est restée principalement inchangée en raison du manque de grands jeux de données de haute qualité.
1	160.48000000000027	0.9463911056518555	dans la structure du droit. Enfin, les articles statutaires sont rédigés en petits paragraphes, ce qui est généralement l'unité de récupération typique dans la plupart des travaux de récupération. Ici, il s'agit de longs documents pouvant atteindre six mille mots. Les récents progrès en TALN ont suscité un immense intérêt dans de nombreuses tâches juridiques, telles que la prédiction des jugements juridiques ou la revue automatique des contrats. Mais la récupération d'articles statutaires est restée principalement inchangée en raison du manque de jeux de données étiquetés larges et de haute qualité. Dans ce travail	sous-champs auxquels elles appartiennent, et leur place dans la structure du droit. Enfin, les articles statutaires sont rédigés en petits paragraphes, ce qui est généralement l'unité de récupération typique dans la plupart des travaux de récupération. Ici, il s'agit de longs documents pouvant atteindre six mille mots. Les récents progrès en TALN ont suscité un immense intérêt dans de nombreuses tâches juridiques, telles que la prédiction des jugements juridiques ou la revue automatique des contrats. Mais la récupération d'articles statutaires est restée principalement inchangée en raison du manque de jeux de données étiquetés larges et de haute qualité.
1	161.8400000000003	0.7159733772277832	Dans ce	dans la structure du droit. Enfin, les articles statutaires sont rédigés en petits paragraphes, ce qui est généralement l'unité de récupération typique dans la plupart des travaux de récupération. Ici, il s'agit de longs documents pouvant atteindre six mille mots. Les récents progrès en TALN ont suscité un immense intérêt dans de nombreuses tâches juridiques, telles que la prédiction des jugements juridiques ou la revue automatique des contrats. Mais la récupération d'articles statutaires est restée principalement inchangée en raison du manque de jeux de données étiquetés larges et de haute qualité. Dans ce travail
1	163.2000000000003	1.0701582431793213	travail, nous présentons un nouveau	
1	164.56000000000031	0.8462014198303223	jeu de données	
1	165.92000000000033	0.8505027294158936	centré sur le citoyen natif francophone pour	
1	167.28000000000034	0.801537275314331	étudier si	
1	168.64000000000036	0.781170129776001	un modèle de récupération peut	
1	170.00000000000037	0.7507781982421875	approximer l'efficacité	
1	171.36000000000038	0.7381455898284912	et la fiabilité	
1	172.7200000000004	0.7141966819763184	d'un	
1	174.0800000000004	0.881227970123291	expert juridique pour la tâche de	
1	175.44000000000042	0.41376638412475586	récupération d'articles statutaires.	
1	176.80000000000044	0.14725923538208008		
1	178.16000000000045	0.9309720993041992		
1	179.52000000000046	0.14562296867370605		
1	180.88000000000048	0.9637537002563477		
1	182.2400000000005	1.1635541915893555	Le jeu de données belge de récupération d'articles statutaires	
1	183.6000000000005	1.0298869609832764	comprend plus de	
1	184.96000000000052	0.9606730937957764	1 100 questions juridiques posées par des	
1	186.32000000000053	0.7584521770477295	citoyens belges.	
1	187.68000000000055	0.824514627456665	Ces questions couvrent	
1	189.04000000000056	0.9949309825897217	un large éventail de	
1	190.40000000000057	0.998323917388916		
1	191.7600000000006	1.2883274555206299	sujets, allant de la	
1	193.1200000000006	0.8204517364501953	famille, au logement, à l'argent, jusqu'au travail et à la sécurité sociale.	
1	194.48000000000062	0.8806443214416504		
1	195.84000000000063	0.969597339630127	Chacune	
1	197.20000000000064	0.9458565711975098	a été étiquetée par des juristes	
1	198.56000000000066	0.7863917350769043	expérimentés avec	
1	199.92000000000067	0.9126136302947998	des références	
1	201.28000000000068	1.1246631145477295	à des articles pertinents provenant d'un corpus de plus de	
1	202.6400000000007	0.787874698638916	22	
1	204.0000000000007	0.7509329319000244	600	
1	205.36000000000072	0.7644743919372559	articles juridiques	
1	206.72000000000074	0.8667099475860596	issus des codes belges de	
1	208.08000000000075	1.0040855407714844	loi. Parlons maintenant de	
1	209.44000000000077	0.85296630859375	la manière dont nous avons	
1	210.80000000000078	1.0363543033599854	collecté ce jeu de données.	
1	212.1600000000008	0.8814060688018799	Tout d'abord, nous avons commencé par compiler	
1	213.5200000000008	0.6967613697052002	un vaste corpus	
1	214.88000000000082	0.7619850635528564		
1	216.24000000000083	0.871783971786499	d'articles. Nous avons considéré	
1	217.60000000000085	0.7677199840545654	32	
1	218.96000000000086	0.875230073928833	codes belges	
1	220.32000000000087	0.892214298248291	disponibles publiquement et extrait tous leurs	
1	221.6800000000009	0.7651958465576172	articles ainsi que les	
1	223.0400000000009	0.34555888175964355	titres de sections correspondants.	
1	224.40000000000092	0.9128925800323486		
1	225.76000000000093	0.8661458492279053	Ensuite, nous avons recueilli des	
1	227.12000000000094	0.8573000431060791	questions juridiques avec	
1	228.48000000000096	0.867577314376831	des références à des	
1	229.84000000000097	0.8907520771026611	statuts pertinents. Pour ce faire,	
1	231.20000000000098	0.7968087196350098	nous	
1	232.560000000001	0.8972618579864502	sommes partenaires avec	
1	233.920000000001	1.0788097381591797	un cabinet d'avocats belge qui reçoit chaque année	
1	235.28000000000102	0.9050843715667725	environ 4 000	
1	236.64000000000104	0.8880405426025391	e-mails de citoyens	
1	238.00000000000105	0.8665299415588379	belges	
1	239.36000000000107	0.8994474411010742	demandant des conseils sur une question juridique personnelle.	
1	240.72000000000108	0.748154878616333	Nous	
1	242.0800000000011	0.8554332256317139	avons eu la chance d'accéder à	
1	243.4400000000011	0.7971858978271484	leurs sites	
1	244.80000000000112	0.7990522384643555	web où leur équipe	
1	246.16000000000113	1.0569005012512207	de juristes expérimentés répond	
1	247.52000000000115	0.8557248115539551	aux	
1	248.88000000000116	1.088188886642456	problèmes juridiques les plus courants	
1	250.24000000000117	1.0838656425476074	des Belges. Nous avons recueilli des milliers de	
1	251.6000000000012	0.1495373249053955		
1	252.9600000000012	0.9316270351409912		
1	254.32000000000122	1.06325364112854	questions, annotées avec des catégories, des sous-catégories et	
1	255.68000000000123	0.77358078956604	des références	
1	257.0400000000012	0.3884398937225342	juridiques aux statuts pertinents.	
1	258.4000000000012	0.6431872844696045		
1	259.76000000000124	0.8708643913269043	Enfin, nous avons	
1	261.12000000000126	0.7376525402069092	passé les références juridiques et	
1	262.48000000000127	0.6695055961608887	filtré les	
1	263.8400000000013	0.8406050205230713	questions dont les	
1	265.2000000000013	0.9110012054443359	références n'étaient pas	
1	266.5600000000013	0.9326772689819336	des articles dans l'un des	
1	267.9200000000013	0.8028404712677002	codes de loi que nous	
1	269.28000000000134	0.21784305572509766		
1	270.64000000000135	0.9694738388061523		
1	272.00000000000136	0.1470179557800293		
1	273.3600000000014	1.2100000381469727		
1	274.7200000000014	1.457693099975586	avons considérés. Les références restantes ont été correspondances et converties en	
1	276.0800000000014	0.6293072700500488	les identifiants d'article correspondants d'Orcorpus.	
1	277.4400000000014	0.6277501583099365		
1	278.80000000000143	0.9009301662445068	Nous	
1	280.16000000000145	0.9041144847869873	sommes finalement arrivés à 1	
1	281.52000000000146	0.8665387630462646	108	
1	282.8800000000015	0.9888255596160889	questions, chacune soigneusement	
1	284.2400000000015	1.1021103858947754	étiquetée avec les identifiants	
1	285.6000000000015	0.7785675525665283	des articles pertinents	
1	286.9600000000015	0.9046075344085693	de notre vaste corpus de	
1	288.3200000000015	0.882232666015625	vingt-deux mille six	
1	289.68000000000154	0.809497594833374	cent trente-trois	
1	291.04000000000156	0.7152705192565918	articles statutaires.	
1	292.40000000000157	0.7139203548431396		
1	293.7600000000016	0.9283633232116699	De plus, chaque question	
1	295.1200000000016	0.9735562801361084	est accompagnée d'une catégorie	
1	296.4800000000016	0.899193525314331	principale et d'une concaténation de	
1	297.8400000000016	0.7681081295013428		
1	299.20000000000164	1.062403678894043	sous-catégories, et chaque article	
1	300.56000000000165	0.9052960872650146	est accompagné d'une concaténation de	
1	301.92000000000166	0.9122025966644287	leurs titres	
1	303.2800000000017	0.837921142578125	de sous-séquence dans la structure du	
1	304.6400000000017	0.7892124652862549	droit.	
1	306.0000000000017	1.0210373401641846	Cette information supplémentaire n'est pas utilisée	
1	307.3600000000017	0.8776407241821289	dans le présent travail mais pourrait	
1	308.72000000000173	0.9628071784973145		
1	310.08000000000175	1.1365931034088135	être d'intérêt pour les recherches futures sur	
1	311.44000000000176	0.9513933658599854	la récupération d'informations juridiques ou	
1	312.8000000000018	0.3524489402770996	la classification de texte juridique.	
1	314.1600000000018	0.765437126159668		
1	315.5200000000018	0.8980023860931396	Regardons maintenant	
1	316.8800000000018	0.9255523681640625	certaines caractéristiques de notre jeu de données.	
1	318.2400000000018	0.9686877727508545	Les questions sont comprises entre	
1	319.60000000000184	1.108438491821289	5 et 44 mots de	
1	320.96000000000186	0.889068603515625	long, avec une médiane de	
1	322.32000000000187	0.8813154697418213	40 mots.	
1	323.6800000000019	0.9174017906188965	Les articles sont beaucoup	
1	325.0400000000019	0.9585447311401367	plus longs, avec une	
1	326.4000000000019	1.0692026615142822	longueur médiane de	
1	327.7600000000019	1.070465087890625	soixante-sept mots, avec	
1	329.12000000000194	1.0005013942718506	cent quarante-deux	
1	330.48000000000195	0.8280768394470215	d'entre eux dépassant	
1	331.84000000000196	0.6307017803192139	mille mots.	
1	333.200000000002	0.8239812850952148		
1	334.560000000002	0.8871328830718994		
1	335.920000000002	0.254133939743042		
1	337.280000000002	1.0741355419158936		
1	338.64000000000203	1.2860639095306396	Le plus long atteint cinq mille sept	
1	340.00000000000205	1.4269530773162842	cents quatre-vingt-dix mots. Comme mentionné précédemment, les	
1	341.36000000000206	0.9148681163787842	questions couvrent un large éventail de	
1	342.7200000000021	0.8938992023468018		
1	344.0800000000021	1.7924704551696777	sujets, avec environ	
1	345.4400000000021	1.0982027053833008		
1	346.8000000000021	1.252234697341919	85 % d'entre elles concernant soit la famille,	
1	348.1600000000021	0.9577078819274902	le logement,	
1	349.52000000000214	1.024467945098877	l'argent ou la justice, tandis que	
1	350.88000000000216	0.8422267436981201	les quinze restantes	
1	352.24000000000217	0.8345746994018555	concernent soit la sécurité	
1	353.6000000000022	0.7721786499023438	sociale, les	
1	354.9600000000022	0.31450676918029785	étrangers ou le travail.	
1	356.3200000000022	0.7876837253570557		
1	357.6800000000022	0.8032312393188477	Les articles sont également très	
1	359.04000000000224	0.9933271408081055	diversifiés car ils	
1	360.40000000000225	0.8741152286529541	proviennent de trente-deux codes	
1	361.76000000000226	0.8430275917053223	belges	
1	363.1200000000023	0.9698143005371094	différents couvrant un grand nombre de	
1	364.4800000000023	0.9651875495910645	sujets illégaux.	
1	365.8400000000023	0.8566503524780273	Voici le nombre total	
1	367.2000000000023	1.0194711685180664	d'articles collectés	
1	368.56000000000233	0.4759039878845215	à partir de chacun de ces codes belges.	
1	369.92000000000235	0.7450804710388184		
1	371.28000000000236	0.8700668811798096	Sur les	
1	372.6400000000024	0.8820645809173584	22 633 articles,	
1	374.0000000000024	0.7797770500183105		
1	375.3600000000024	0.8679773807525635	seuls 1	
1	376.7200000000024	0.9236221313476562	612 sont	
1	378.0800000000024	0.8825821876525879		
1	379.44000000000244	1.0476064682006836	référencés comme pertinents pour au moins	
1	380.80000000000246	0.8980672359466553	une question dans le jeu de données.	
1	382.16000000000247	0.8559026718139648	Et environ	
1	383.5200000000025	0.929729700088501		
1	384.8800000000025	1.0550074577331543		
1	386.2400000000025	1.2437565326690674	80 % de ces articles cités proviennent soit du Code	
1	387.6000000000025	1.0575897693634033	civil, soit du Code judiciaire,	
1	388.96000000000254	1.0133507251739502	soit du Code d'instruction	
1	390.32000000000255	0.9662606716156006	criminelle, soit du Code pénal.	
1	391.68000000000256	0.833106517791748		
1	393.0400000000026	0.9545738697052002	Parallèlement,	
1	394.4000000000026	0.9898505210876465	18 sur 32	
1	395.7600000000026	0.9050509929656982	Codes ont moins de cinq	
1	397.1200000000026	0.9031317234039307	articles mentionnés comme pertinents pour	
1	398.48000000000263	0.812037467956543	au moins une	
1	399.84000000000265	1.1440329551696777	question, ce qui peut	
1	401.20000000000266	1.145326852798462	s'expliquer par le fait que ces codes	
1	402.5600000000027	0.8911714553833008	se concentrent moins sur	
1	403.9200000000027	0.7468998432159424	les individus et leurs	
1	405.2800000000027	0.7209489345550537	préoccupations.	
1	406.6400000000027	0.8576054573059082	Globalement,	
1	408.00000000000273	0.9823830127716064	la médiane du nombre de	
1	409.36000000000274	0.8312168121337891	citations pour ces articles cités est	
1	410.72000000000276	0.6570677757263184		
1	412.08000000000277	0.9952523708343506		
1	413.4400000000028	1.1824371814727783		
1	414.8000000000028	1.348268985748291	de 2, et moins de 25 % d'entre eux sont	
1	416.1600000000028	0.4371473789215088	cités plus de 5 fois.	
1	417.5200000000028	0.7949743270874023		
1	418.88000000000284	1.0285465717315674	En utilisant nos jeux de données,	
1	420.24000000000285	0.941547155380249	nous avons évalué plusieurs	
1	421.60000000000286	0.9748926162719727	approches de	
1	422.9600000000029	1.0162413120269775	récupération, incluant lexicales et	
1	424.3200000000029	1.2607178688049316	d'architecture dense.	
1	425.6800000000029	1.0501079559326172	Étant donné une requête et	
1	427.0400000000029	1.01389741897583	un article,	
1	428.40000000000293	1.1426215171813965	un modèle lexical attribue un score	
1	429.76000000000295	0.8604600429534912		
1	431.12000000000296	1.0468940734863281	au couple requête-article en calculant	
1	432.480000000003	1.0008740425109863	la somme sur	
1	433.840000000003	1.065169334411621	les termes de la requête des poids de	
1	435.200000000003	0.8405518531799316	chacun de ces termes dans	
1	436.560000000003	0.9352917671203613	cet article.	
1	437.92000000000303	0.9885547161102295	Nous expérimentons avec	
1	439.28000000000304	1.012141227722168	les	
1	440.64000000000306	0.9777436256408691	fonctions de classement	
1	442.00000000000307	1.1399140357971191	standards TF, IDF et BM25.	
1	443.3600000000031	1.021204948425293	Le principal problème avec ces	
1	444.7200000000031	0.9782881736755371	approches est qu'elles ne peuvent	
1	446.0800000000031	0.9409937858581543	récupérer que les articles	
1	447.4400000000031	0.9691052436828613	contenant des mots-clés	
1	448.80000000000314	1.0101909637451172	présents dans la requête.	
1	450.16000000000315	0.9580662250518799	Pour surmonter cette limitation,	
1	451.52000000000317	1.0387768745422363	nous expérimentons avec	
1	452.8800000000032	1.0127668380737305	une architecture basée sur des réseaux de	
1	454.2400000000032	1.018409252166748	neurones capable de capturer	
1	455.6000000000032	1.0450429916381836	les relations	
1	456.9600000000032	0.9735679626464844	sémantiques entre les requêtes et les articles.	
1	458.32000000000323	0.9026389122009277		
1	459.68000000000325	1.094719648361206	Nous utilisons un modèle	
1	461.04000000000326	1.1635322570800781	b-encoder qui mappe les requêtes et	
1	462.4000000000033	0.9932441711425781	les articles	
1	463.7600000000033	0.9458792209625244	en	
1	465.1200000000033	1.1262989044189453	représentations vectorielles denses et calcule	
1	466.4800000000033	1.0643444061279297	un score de pertinence entre	
1	467.84000000000333	0.9512252807617188	un couple	
1	469.20000000000334	0.9506595134735107	requête-article par la similarité de	
1	470.56000000000336	0.6900439262390137	leurs embeddings.	
1	471.92000000000337	0.8382971286773682		
1	473.2800000000034	1.0165793895721436	Ces embeddings résultent	
1	474.6400000000034	1.1367671489715576	typiquement d'une opération de	
1	476.0000000000034	1.0522236824035645	pooling sur la sortie d'un modèle	
1	477.3600000000034	0.9370577335357666	d'embedding de mots.	
1	478.72000000000344	1.048224925994873		
1	480.08000000000345	1.2639143466949463	D'abord, nous étudions	
1	481.44000000000347	1.1933410167694092	l'efficacité	
1	482.8000000000035	1.294287919998169	des encodeurs	
1	484.1600000000035	1.5571510791778564		
1	485.5200000000035	1.8188352584838867		
1	486.8800000000035	1.7806978225708008		
1	488.24000000000353	2.031472682952881	b-Siameses dans un cadre d'évaluation	
1	489.60000000000355	1.5786473751068115		
1	490.96000000000356	1.8456387519836426	zero-shot, ce qui signifie que les modèles d'embedding de mots pré-entraînés sont appliqués hors boîte sans aucun ajustement supplémentaire.	
1	492.3200000000036	0.9715869426727295	Nous expérimentons avec	
1	493.6800000000036	0.8853936195373535		
1	495.0400000000036	1.0603692531585693	un encodeur de texte indépendant du	
1	496.4000000000036	0.9936769008636475	contexte, à savoir	
1	497.76000000000363	1.0536789894104004	Word2Vec et	
1	499.12000000000364	1.104102373123169	FastText, et	
1	500.48000000000366	1.150437831878662	des modèles d'embedding dépendants du	
1	501.84000000000367	1.1313247680664062	contexte, à savoir	
1	503.2000000000037	1.2746026515960693		
1	504.5600000000037	1.2557237148284912	Roberta et plus spécifiquement Camembert, qui est un modèle	
1	505.9200000000037	0.9977860450744629		
1	507.2800000000037	1.1958117485046387	Roberta	
1	508.64000000000374	1.199526071548462	en français. De plus, nous formons notre propre	
1	510.00000000000375	1.1108896732330322	modèle basé sur	
1	511.36000000000377	1.1103332042694092	Camembert au-delà des codeurs sur	
1	512.7200000000038	1.126246452331543	nos jeux de données.	
1	514.0800000000038	1.094698429107666	Notez que pour l'entraînement, nous	
1	515.4400000000038	1.0517117977142334	expérimentons avec les deux	
1	516.8000000000038	0.9710390567779541	saveurs	
1	518.1600000000038	1.0465798377990723	de l'architecture Beyond Coder.	
1	519.5200000000038	0.9723649024963379	Siamese,	
1	520.8800000000039	1.0154931545257568	qui utilise un	
1	522.2400000000039	1.1096177101135254	modèle d'embedding de mots	
1	523.6000000000039	1.0419025421142578	unique qui mappe la requête et	
1	524.9600000000039	0.9677371978759766	l'article	
1	526.3200000000039	0.9301552772521973	ensemble dans un	
1	527.6800000000039	1.0237782001495361	espace vectoriel dense partagé.	
1	529.0400000000039	1.0337870121002197	Et	
1	530.400000000004	1.1677253246307373		
1	531.760000000004	1.5168116092681885		
1	533.120000000004	1.5980448722839355		
1	534.480000000004	1.6574203968048096	Tower, qui utilise deux modèles d'embedding de mots indépendants qui codent la requête et l'article séparément dans des	
1	535.840000000004	0.9669020175933838	espaces d'embedding différents.	
1	537.200000000004	1.0167996883392334	Nous expérimentons avec	
1	538.560000000004	1.0192410945892334		
1	539.920000000004	1.2986841201782227	le pooling moyen,	
1	541.2800000000041	1.3299970626831055		
1	542.6400000000041	0.9117453098297119	maximum et CLS, ainsi que le produit scalaire et la cosinus pour calculer les similarités.	
1	544.0000000000041	0.18088316917419434		
1	545.3600000000041	0.9157803058624268		
1	546.7200000000041	1.1480214595794678	Voici les résultats de notre ligne de	
1	548.0800000000041	1.1805758476257324	base sur l'ensemble de	
1	549.4400000000041	1.3824670314788818	test, avec les méthodes lexicales	
1	550.8000000000042	1.4109597206115723	ci-dessus, les	
1	552.1600000000042	1.3457920551300049	codeurs b-Siameses Beyond Coder évalués dans un	
1	553.5200000000042	1.168757438659668	cadre zero-shot au	
1	554.8800000000042	1.1087925434112549	milieu, et les codeurs Beyond Coder	
1	556.2400000000042	1.211313009262085	affinés en bas.	
1	557.6000000000042	1.1683316230773926	Globalement, les codeurs	
1	558.9600000000042	1.181434154510498	Beyond Coder affinés	
1	560.3200000000043	1.2411878108978271	surpassent significativement toutes les autres lignes de base.	
1	561.6800000000043	0.9690639972686768	Le modèle Two-Tower	
1	563.0400000000043	1.0360941886901855	améliore sa	
1	564.4000000000043	1.0970003604888916	variante Siamese sur	
1	565.7600000000043	1.3449366092681885	le rappel à	
1	567.1200000000043	1.2162466049194336	100, mais performe de manière similaire sur les autres métriques.	
1	568.4800000000043	0.88706374168396		
1	569.8400000000044	1.186554193496704	Bien que BM25	
1	571.2000000000044	1.1990234851837158	sous-performe le	
1	572.5600000000044	1.152156114578247	codeur Beyond	
1	573.9200000000044	1.2488453388214111	entraîné de manière significative, ses performances indiquent	
1	575.2800000000044	1.1770617961883545	qu'il reste une	
1	576.6400000000044	1.0833544731140137	ligne de base solide pour la	
1	578.0000000000044	1.0221507549285889	récupération spécifique au domaine.	
1	579.3600000000044	1.1210181713104248	Concernant	
1	580.7200000000045	1.1807661056518555	l'évaluation zero-shot	
1	582.0800000000045	1.1744301319122314	du Siamese B-encoder, nous	
1	583.4400000000045	1.2356700897216797	trouvons que l'utilisation directe	
1	584.8000000000045	1.138575792312622	des embeddings d'un modèle pré-entraîné	
1	586.1600000000045	1.0330822467803955		
1	587.5200000000045	1.229034662246704	Camembert sans optimisation pour	
1	588.8800000000045	1.1307964324951172	la tâche de récupération	
1	590.2400000000046	0.9420106410980225	d'information donne de mauvais résultats.	
1	591.6000000000046	0.6712703704833984		
1	592.9600000000046	0.6697278022766113		
1	594.3200000000046	0.6766848564147949		
1	595.6800000000046	1.735584020614624		
1	597.0400000000046	1.788466453552246	mauvais résultats, ce qui est cohérent avec des conclusions précédentes. De plus, nous observons que le	
1	598.4000000000046	1.1259379386901855	codeur Beyond basé sur	
1	599.7600000000047	1.0715620517730713	Word2Vec	
1	601.1200000000047	1.0769543647766113		
1	602.4800000000047	1.336704969406128	surpasse significativement le	
1	603.8400000000047	1.7002208232879639		
1	605.2000000000047	1.6764194965362549		
1	606.5600000000047	1.723041296005249	FastText et le modèle basé sur Bird, suggérant que peut-être les embeddings de mots pré-entraînés sont plus	
1	607.9200000000047	1.0950145721435547	appropriés pour la	
1	609.2800000000047	1.0951645374298096	tâche que les embeddings de	
1	610.6400000000048	0.9133787155151367	niveau caractère ou sous-mot.	
1	612.0000000000048	0.6971597671508789		
1	613.3600000000048	0.17679381370544434		
1	614.7200000000048	1.0967111587524414		
1	616.0800000000048	1.0179378986358643		
1	617.4400000000048	1.5418145656585693		
1	618.8000000000048	1.4428060054779053		
1	620.1600000000049	1.6699230670928955	Bien que prometteurs, ces résultats suggèrent de grandes opportunités d'amélioration par rapport à	
1	621.5200000000049	0.1653151512145996		
1	622.8800000000049	1.179288387298584		
1	624.2400000000049	1.2700421810150146	un expert qualifié qui pourra éventuellement récupérer tous les articles	
1	625.6000000000049	1.0948646068572998	pertinents pour toute	
1	626.9600000000049	1.0407564640045166		
1	628.3200000000049	1.1655786037445068	requête et ainsi obtenir des scores parfaits.	
1	629.680000000005	1.0511629581451416	Concluons	
1	631.040000000005	1.0756492614746094	en discutant	
1	632.400000000005	1.0736184120178223	deux limites de nos jeux de données.	
1	633.760000000005	1.0541613101959229	Premièrement, le	
1	635.120000000005	1.135697603225708	corpus d'articles est	
1	636.480000000005	1.1933770179748535	limité à ceux collectés à partir	
1	637.840000000005	1.0088891983032227	des 32 codes	
1	639.200000000005	1.1260511875152588	belges	
1	640.5600000000051	1.1710057258605957	considérés, ce qui ne couvre pas l'ensemble	
1	641.9200000000051	1.1151504516601562	du droit	
1	643.2800000000051	1.2045886516571045	belge, car les articles provenant des décrets,	
1	644.6400000000051	0.9785797595977783		
1	646.0000000000051	1.0982248783111572	directives et ordonnances	
1	647.3600000000051	1.1144344806671143		
1	648.7200000000051	1.570321798324585	sont manquants. Pendant la construction du jeu de données,	
1	650.0800000000052	1.1843657493591309	toutes les références à ces	
1	651.4400000000052	1.2262928485870361	articles non collectés ont été	
1	652.8000000000052	1.1562530994415283	ignorées, ce qui cause certaines	
1	654.1600000000052	1.1484830379486084	questions à se retrouver avec seulement	
1	655.5200000000052	1.0990800857543945	une fraction	
1	656.8800000000052	0.4882962703704834	du nombre initial d'articles pertinents.	
1	658.2400000000052	0.9819667339324951		
1	659.6000000000053	1.1247055530548096	Cette perte d'information implique que	
1	660.9600000000053	1.1148905754089355	la réponse contenue	
1	662.3200000000053	1.1168763637542725	dans les articles restants pertinents	
1	663.6800000000053	0.8876955509185791	pourrait être incomplète.	
1	665.0400000000053	0.7319023609161377		
1	666.4000000000053	0.17633724212646484		
1	667.7600000000053	1.025651454925537		
1	669.1200000000053	1.0347495079040527	Deuxièmement, nous	
1	670.4800000000054	1.124009609222412	devons noter que	
1	671.8400000000054	1.265855073928833	toutes les questions juridiques ne peuvent pas être	
1	673.2000000000054	1.145254373550415	répondues uniquement	
1	674.5600000000054	1.8214120864868164		
1	675.9200000000054	1.6071922779083252		
1	677.2800000000054	2.0850276947021484	avec des statuts. Par exemple, la question « Puis-je expulser mes locataires s'ils font	
1	678.6400000000054	1.225790023803711	trop de bruit ? »	
1	680.0000000000055	1.225966215133667	n'a peut-être pas de réponse	
1	681.3600000000055	1.144702672958374	détaillée dans le droit	
1	682.7200000000055	1.0491580963134766	statutaire qui quantifie	
1	684.0800000000055	1.269618034362793		
1	685.4400000000055	1.3377299308776855	un seuil de bruit spécifique	
1	686.8000000000055	0.7099013328552246	au-delà duquel	
1	688.1600000000055	1.4619717597961426	il est permis.	
1	689.5200000000056	1.5162849426269531	Au lieu de cela, le propriétaire devrait probablement s'appuyer davantage sur la	
1	690.8800000000056	1.2046213150024414	jurisprudence et trouver des	
1	692.2400000000056	1.0978925228118896	précédents similaires à	
1	693.6000000000056	1.196427822113037	la situation actuelle. Par exemple,	
1	694.9600000000056	1.2502686977386475	le locataire fait deux	
1	696.3200000000056	1.1175260543823242	parties par semaine jusqu'à 2 heures du matin.	
1	697.6800000000056	1.0638885498046875		
1	699.0400000000056	1.0937004089355469	Donc, certaines questions sont	
1	700.4000000000057	1.2654361724853516	mieux adaptées que d'autres à	
1	701.7600000000057	1.1796188354492188	la	
1	703.1200000000057	1.4266178607940674	tâche de récupération d'articles statutaires, et le domaine	
1	704.4800000000057	1.0352766513824463		
1	705.8400000000057	0.4339914321899414	de celles moins adaptées reste à déterminer.	
1	707.2000000000057	1.0034141540527344		
1	708.5600000000057	1.3042290210723877	Nous espérons que tous	
1	709.9200000000058	1.3015470504760742	ces travaux suscitent	
1	711.2800000000058	1.2079429626464844	l'intérêt pour	
1	712.6400000000058	1.329054355621338		
1	714.0000000000058	0.747370719909668	le développement de modèles pratiques et fiables de récupération d'articles statutaires.	
1	715.3600000000058	0.7282028198242188		
1	716.7200000000058	1.2102735042572021		
1	718.0800000000058	1.2875685691833496	Cela peut aider à améliorer l'accès à la justice pour tous.	
1	719.4400000000059	0.9358000755310059	Vous pouvez consulter	
1	720.8000000000059	1.1475419998168945	notre	
1	722.0012500000058	1.6906018257141113	papier, nos données, notre jeu de données et notre code aux liens suivants. Merci.	
2	1.36	0.2158491611480713	Bonjour !	
2	2.72	0.4549100399017334	Bonjour, nous avons le plaisir de vous présenter	Bonjour !
2	4.08	0.49176788330078125	notre travail sur	avons le plaisir de vous présenter
2	5.44	0.5568270683288574	sommes heureux de présenter voyelles, un	notre travail sur
2	6.800000000000001	0.4213716983795166	les voyelles, tâche indépendante.	voyelles, un
2	8.16	0.4331042766571045	une benchmark indépendante des tâches.	tâche indépendante.
2	9.52	0.5266435146331787	destinée à tester la vision.	benchmark indépendante des tâches.
2	10.879999999999999	0.6335957050323486	modèles de vision et de langage.	destinée à tester la vision.
2	12.239999999999998	0.7853250503540039	tâche indépendante destinée à tester les modèles de vision et de modèles de vision et de langage avec des spécificités	modèles de vision et de langage.
2	13.599999999999998	0.45901966094970703	langage avec des langage avec des phénomènes linguistiques spécifiques.	modèles de vision et de langage avec des spécificités
2	14.959999999999997	0.35457468032836914		langage avec des phénomènes linguistiques spécifiques.
2	16.319999999999997	0.45247769355773926	Pourquoi avons-nous pris la peine ?	
2	17.679999999999996	0.6205651760101318	avons-nous pris la peine de mettre en place cela ?	?
2	19.039999999999996	0.3910088539123535	de mettre en place ce benchmark ?	avons-nous pris la peine de mettre en place cela ?
2	20.399999999999995	0.6391091346740723	bien, au cours de la dernière période.	
2	21.759999999999994	0.4922008514404297	Eh bien, au cours années, nous	bien, au cours de la dernière période.
2	23.119999999999994	0.5507307052612305	des dernières avons constaté une explosion.	années, nous
2	24.479999999999993	0.4254016876220703	explosion de transformations.	explosion.
2	25.839999999999993	0.6778991222381592	vision et de langage basés sur les transformeurs et	de transformations.
2	27.199999999999992	0.6240098476409912	modèles de vision et de langage basés sur les transformeurs.	vision et de langage basés sur les transformeurs et
2	28.55999999999999	0.9901137351989746	de modèles de vision et de langage basés sur les modèles de vision et de langage basés sur les transformateurs, pré-entraînés sur de grandes quantités	modèles de vision et de langage basés sur les transformeurs.
2	29.91999999999999	0.822298526763916	d'images et de texte.	modèles de vision et de langage basés sur les transformateurs, pré-entraînés sur de grandes quantités
2	31.27999999999999	0.555821418762207	paires d'images et de texte.	d'images et de texte.
2	32.63999999999999	0.7077834606170654	de Chaque l'un de ces modèles	paires d'images et de texte.
2	33.99999999999999	0.7194058895111084	paires d'images et de texte. Chaque l'un de ces modèles pousse l'état de l'art.	
2	35.35999999999999	0.7869930267333984	pousse l'état de et de texte. Chaque l'un de ces modèles pousse l'état de l'art dans les modèles de vision et de langage.	paires d'images et de texte. Chaque l'un de ces modèles pousse l'état de l'art.
2	36.71999999999999	0.6177904605865479	l'art d'images et de texte. Chaque l'un de ces modèles pousse l'état de l'art sur les tâches de vision et de langage.	et de texte. Chaque l'un de ces modèles pousse l'état de l'art dans les modèles de vision et de langage.
2	38.07999999999999	0.7524335384368896	sur les tâches de vision et de d'images et de texte. Chaque l'un de ces modèles pousse l'état de l'art sur les tâches de vision et de langage, telles que les questionnaires visuels,	d'images et de texte. Chaque l'un de ces modèles pousse l'état de l'art sur les tâches de vision et de langage.
2	39.43999999999999	0.7284266948699951	d'images et de texte. Chaque l'un de ces modèles pousse l'état de l'art sur les tâches de vision et de langage telles que la réponse aux questions visuelles, les composants visuels.	d'images et de texte. Chaque l'un de ces modèles pousse l'état de l'art sur les tâches de vision et de langage, telles que les questionnaires visuels,
2	40.79999999999999	0.8533339500427246	langage telles que la réponse aux questions visuel.	d'images et de texte. Chaque l'un de ces modèles pousse l'état de l'art sur les tâches de vision et de langage telles que la réponse aux questions visuelles, les composants visuels.
2	42.15999999999999	0.9729044437408447	récupération d'images, le cadre.	visuel.
2	43.51999999999999	1.0857059955596924	visuelles, le raisonnement commun sensuel visuel, la récupération phrases.	récupération d'images, le cadre.
2	44.87999999999999	0.8022587299346924	d'images et l'ancrage de Nous avons donc reçu un message.	phrases.
2	46.23999999999999	0.5922808647155762	l'état de l'art sur les tâches de vision et de langage telles que la réponse aux questions visuelles, le raisonnement commun sensuel visuel, la récupération d'images et l'ancrage de phrases. Nous avons donc reçu un message : les précisions sur	message.
2	47.59999999999999	0.5396499633789062		l'état de l'art sur les tâches de vision et de langage telles que la réponse aux questions visuelles, le raisonnement commun sensuel visuel, la récupération d'images et l'ancrage de phrases. Nous avons donc reçu un message : les précisions sur
2	48.95999999999999	0.5257105827331543	ces phrases. Nous avons donc reçu un message : les précisions sur ces benchmarks spécifiques aux tâches sont augmentées.	
2	50.319999999999986	0.5019638538360596	benchmarks spécifiques aux tâches sensuel visuel, la récupération d'images et l'ancrage de phrases. Nous avons donc reçu un message : les précisions sur ces benchmarks spécifiques aux tâches augmentent régulièrement.	phrases. Nous avons donc reçu un message : les précisions sur ces benchmarks spécifiques aux tâches sont augmentées.
2	51.679999999999986	0.5552830696105957	Mais nous avons-nous	sensuel visuel, la récupération d'images et l'ancrage de phrases. Nous avons donc reçu un message : les précisions sur ces benchmarks spécifiques aux tâches augmentent régulièrement.
2	53.039999999999985	0.4263794422149658	savons-nous quoi	nous avons-nous
2	54.399999999999984	0.648491621017456	avons donc reçu un message : les précisions sur ces benchmarks spécifiques aux tâches augmentent régulièrement. Mais savons-nous ce que les modèles ont réellement appris ?	quoi
2	55.759999999999984	0.4143388271331787		avons donc reçu un message : les précisions sur ces benchmarks spécifiques aux tâches augmentent régulièrement. Mais savons-nous ce que les modèles ont réellement appris ?
2	57.11999999999998	0.45059871673583984	c'est ?	
2	58.47999999999998	0.6193215847015381	Qu'est-ce vision et de langage	c'est ?
2	59.83999999999998	0.6072177886962891	qu'un transformateur de vision et de langage comprend ?	vision et de langage
2	61.19999999999998	0.6411514282226562	comprend lorsqu'il est assigné	?
2	62.55999999999998	0.5582094192504883	lorsqu'il attribue une note à un lycée ?	comprend lorsqu'il est assigné
2	63.91999999999998	0.5255753993988037	score élevé à cette image ?	une note à un lycée ?
2	65.27999999999999	0.5966796875	un score élevé à cette image et l'ancrage de phrases. Nous avons donc reçu un message : les précisions sur ces benchmarks spécifiques aux tâches augmentent régulièrement. Mais savons-nous ce que les modèles ont réellement appris ? Qu'est-ce qu'un transformateur de vision et de langage comprend lorsqu'il attribue un score élevé à cette image et à cette phrase ?	score élevé à cette image ?
2	66.63999999999999	0.599707841873169	à cette phrase correspondre ?	l'ancrage de phrases. Nous avons donc reçu un message : les précisions sur ces benchmarks spécifiques aux tâches augmentent régulièrement. Mais savons-nous ce que les modèles ont réellement appris ? Qu'est-ce qu'un transformateur de vision et de langage comprend lorsqu'il attribue un score élevé à cette image et à cette phrase ?
2	67.99999999999999	0.49916887283325195	régulièrement. Mais savons-nous ce que les modèles ont réellement appris ? Qu'est-ce qu'un transformateur de vision et de langage comprend lorsqu'il attribue un score élevé à cette image et à cette phrase correspondante, et un score faible ?	correspondre ?
2	69.35999999999999	0.6100425720214844	correspondante, et un score faible régulièrement. Mais savons-nous ce que les modèles ont réellement appris ? Qu'est-ce qu'un transformateur de vision et de langage comprend lorsqu'il attribue un score élevé à cette image et à cette phrase correspondante, et un score faible à celle-ci ?	régulièrement. Mais savons-nous ce que les modèles ont réellement appris ? Qu'est-ce qu'un transformateur de vision et de langage comprend lorsqu'il attribue un score élevé à cette image et à cette phrase correspondante, et un score faible ?
2	70.71999999999998	0.41529130935668945	Et	régulièrement. Mais savons-nous ce que les modèles ont réellement appris ? Qu'est-ce qu'un transformateur de vision et de langage comprend lorsqu'il attribue un score élevé à cette image et à cette phrase correspondante, et un score faible à celle-ci ?
2	72.07999999999998	0.4887964725494385		Et
2	73.43999999999998	0.8552165031433105	Les modèles de vision et de langage concentrent-ils sur le bon ?	
2	74.79999999999998	0.8497886657714844	se concentrent-ils sur bonne chose, ou ne le font-ils pas ?	concentrent-ils sur le bon ?
2	76.15999999999998	0.5261096954345703	la bonne concentrent-ils sur la bonne chose ou sur des biais ?	bonne chose, ou ne le font-ils pas ?
2	77.51999999999998	0.7345094680786133	biais comme le montrent	concentrent-ils sur la bonne chose ou sur des biais ?
2	78.87999999999998	0.9665958881378174	chose, ou se concentrent-ils sur des biais comme précédents ?	biais comme le montrent
2	80.23999999999998	0.6664140224456787	l'ont montré les travaux Pour éclaircir	précédents ?
2	81.59999999999998	0.6226918697357178	plus de lumière sur cet aspect ?	éclaircir
2	82.95999999999998	0.6813240051269531	jeter plus de lumière sur cet aspect, nous proposons.	plus de lumière sur cet aspect ?
2	84.31999999999998	0.6374118328094482	proposons une approche plus orientée tâche.	proposons.
2	85.67999999999998	0.7038915157318115	direction plus agnostique par rapport à la tâche.	approche plus orientée tâche.
2	87.03999999999998	0.802861213684082	direction plus agnostique par rapport à la tâche et introduisons.	tâche.
2	88.39999999999998	0.5664277076721191	tâche et direction plus agnostique par rapport à la tâche et introduisons des valves qui	direction plus agnostique par rapport à la tâche et introduisons.
2	89.75999999999998	0.6979553699493408	testent la sensibilité.	
2	91.11999999999998	0.7518165111541748	testent la vision et de langage se concentrent-ils sur la bonne chose, ou se concentrent-ils sur des biais comme l'ont montré les travaux précédents ? Pour jeter plus de lumière sur cet aspect, nous proposons une direction plus agnostique par rapport à la tâche et introduisons des valves qui testent la sensibilité de la vision et du langage.	direction plus agnostique par rapport à la tâche et introduisons des valves qui testent la sensibilité.
2	92.47999999999998	0.688711404800415	sensibilité à.	vision et de langage se concentrent-ils sur la bonne chose, ou se concentrent-ils sur des biais comme l'ont montré les travaux précédents ? Pour jeter plus de lumière sur cet aspect, nous proposons une direction plus agnostique par rapport à la tâche et introduisons des valves qui testent la sensibilité de la vision et du langage.
2	93.83999999999997	0.8186073303222656	des modèles de vision et de langage à celle-ci ? Les modèles de vision et de langage se concentrent-ils sur la bonne chose, ou se concentrent-ils sur des biais comme l'ont montré les travaux précédents ? Pour jeter plus de lumière sur cet aspect, nous proposons une direction plus agnostique par rapport à la tâche et introduisons des valves qui testent la sensibilité des modèles de vision et de langage à des aspects linguistiques spécifiques.	à.
2	95.19999999999997	0.6199426651000977	des qui	celle-ci ? Les modèles de vision et de langage se concentrent-ils sur la bonne chose, ou se concentrent-ils sur des biais comme l'ont montré les travaux précédents ? Pour jeter plus de lumière sur cet aspect, nous proposons une direction plus agnostique par rapport à la tâche et introduisons des valves qui testent la sensibilité des modèles de vision et de langage à des aspects linguistiques spécifiques.
2	96.55999999999997	0.8392188549041748	phénomènes linguistiques spécifiques la bonne chose, ou se concentrent-ils sur des biais comme l'ont montré les travaux précédents ? Pour jeter plus de lumière sur cet aspect, nous proposons une direction plus agnostique par rapport à la tâche et introduisons des valves qui testent la sensibilité des modèles de vision et de langage à des phénomènes linguistiques spécifiques qui affectent à la fois la linguistique.	qui
2	97.91999999999997	0.7432377338409424	affectent à la fois linguistique et la vision.	la bonne chose, ou se concentrent-ils sur des biais comme l'ont montré les travaux précédents ? Pour jeter plus de lumière sur cet aspect, nous proposons une direction plus agnostique par rapport à la tâche et introduisons des valves qui testent la sensibilité des modèles de vision et de langage à des phénomènes linguistiques spécifiques qui affectent à la fois la linguistique.
2	99.27999999999997	0.6543991565704346	visuelles.	linguistique et la vision.
2	100.63999999999997	0.7484087944030762	les modalités linguistiques et	visuelles.
2	101.99999999999997	0.8024430274963379	Nous ciblons l'existence, le pluriel.	
2	103.35999999999997	0.7985177040100098	comptage.	le pluriel.
2	104.71999999999997	0.8204643726348877	la concentrent-ils sur des biais comme l'ont montré les travaux précédents ? Pour jeter plus de lumière sur cet aspect, nous proposons une direction plus agnostique par rapport à la tâche et introduisons des valves qui testent la sensibilité des modèles de vision et de langage à des phénomènes linguistiques spécifiques qui affectent à la fois les modalités linguistiques et visuelles. Nous ciblons l'existence, la pluriel, le comptage et les relations spatiales.	comptage.
2	106.07999999999997	1.1181762218475342	pluriel, le relations spatiales, les actions et la correction d'entités.	concentrent-ils sur des biais comme l'ont montré les travaux précédents ? Pour jeter plus de lumière sur cet aspect, nous proposons une direction plus agnostique par rapport à la tâche et introduisons des valves qui testent la sensibilité des modèles de vision et de langage à des phénomènes linguistiques spécifiques qui affectent à la fois les modalités linguistiques et visuelles. Nous ciblons l'existence, la pluriel, le comptage et les relations spatiales.
2	107.43999999999997	0.9994313716888428	comptage, les relations spatiales, les actions et d'entités.	relations spatiales, les actions et la correction d'entités.
2	108.79999999999997	0.8375158309936523	l'anaphore Mais comment testons-nous	d'entités.
2	110.15999999999997	0.7962908744812012	vision et de langage à des phénomènes linguistiques spécifiques qui affectent à la fois les modalités linguistiques et visuelles. Nous ciblons l'existence, la pluriel, le comptage, les relations spatiales, les actions et l'anaphore d'entités. Mais comment testons-nous si la vision et le langage	
2	111.51999999999997	0.787121057510376	si modèles de vision et de langage à des phénomènes linguistiques spécifiques qui affectent à la fois les modalités linguistiques et visuelles. Nous ciblons l'existence, la pluriel, le comptage, les relations spatiales, les actions et l'anaphore d'entités. Mais comment testons-nous si les modèles de vision et de langage ont capturé	vision et de langage à des phénomènes linguistiques spécifiques qui affectent à la fois les modalités linguistiques et visuelles. Nous ciblons l'existence, la pluriel, le comptage, les relations spatiales, les actions et l'anaphore d'entités. Mais comment testons-nous si la vision et le langage
2	112.87999999999997	0.8705539703369141	l'anaphore d'entités. Mais comment testons-nous si les modèles de vision et de langage ont capturé ces phénomènes ?	modèles de vision et de langage à des phénomènes linguistiques spécifiques qui affectent à la fois les modalités linguistiques et visuelles. Nous ciblons l'existence, la pluriel, le comptage, les relations spatiales, les actions et l'anaphore d'entités. Mais comment testons-nous si les modèles de vision et de langage ont capturé
2	114.23999999999997	0.5407760143280029	Par	l'anaphore d'entités. Mais comment testons-nous si les modèles de vision et de langage ont capturé ces phénomènes ?
2	115.59999999999997	0.6163043975830078	FOILing une méthode.	
2	116.95999999999997	0.6940820217132568	d'entités. Mais comment testons-nous si les modèles de vision et de langage ont capturé ces phénomènes ? Par FOIL, une méthode précédemment appliquée.	FOILing une méthode.
2	118.31999999999996	1.002676010131836	modèles de vision et de langage à des phénomènes linguistiques spécifiques qui affectent à la fois les modalités linguistiques et visuelles. Nous ciblons l'existence, la pluriel, le comptage, les relations spatiales, les actions et l'anaphore d'entités. Mais comment testons-nous si les modèles de vision et de langage ont capturé ces phénomènes ? Par FOILing, une méthode précédemment appliquée pour les modèles de vision et de langage.	d'entités. Mais comment testons-nous si les modèles de vision et de langage ont capturé ces phénomènes ? Par FOIL, une méthode précédemment appliquée.
2	119.67999999999996	1.1854143142700195	FOILing, une méthode précédemment appliquée modèles de vision et de langage à des phénomènes linguistiques spécifiques qui affectent à la fois les modalités linguistiques et visuelles. Nous ciblons l'existence, la pluriel, le comptage, les relations spatiales, les actions et l'anaphore d'entités. Mais comment testons-nous si les modèles de vision et de langage ont capturé ces phénomènes ? Par FOILing, une méthode précédemment appliquée uniquement pour les modèles de vision et de langage pour des non-	modèles de vision et de langage à des phénomènes linguistiques spécifiques qui affectent à la fois les modalités linguistiques et visuelles. Nous ciblons l'existence, la pluriel, le comptage, les relations spatiales, les actions et l'anaphore d'entités. Mais comment testons-nous si les modèles de vision et de langage ont capturé ces phénomènes ? Par FOILing, une méthode précédemment appliquée pour les modèles de vision et de langage.
2	121.03999999999996	1.1278409957885742	phénomènes linguistiques spécifiques qui affectent à la fois les modalités linguistiques et visuelles. Nous ciblons l'existence, la pluriel, le comptage, les relations spatiales, les actions et l'anaphore d'entités. Mais comment testons-nous si les modèles de vision et de langage ont capturé ces phénomènes ? Par FOILing, une méthode précédemment appliquée pour les modèles de vision et de langage uniquement pour les groupes nominaux par Ravi Shek.	modèles de vision et de langage à des phénomènes linguistiques spécifiques qui affectent à la fois les modalités linguistiques et visuelles. Nous ciblons l'existence, la pluriel, le comptage, les relations spatiales, les actions et l'anaphore d'entités. Mais comment testons-nous si les modèles de vision et de langage ont capturé ces phénomènes ? Par FOILing, une méthode précédemment appliquée uniquement pour les modèles de vision et de langage pour des non-
2	122.39999999999996	1.1893951892852783	pour les modèles de vision et de langage uniquement pour les groupes nominaux par Ravi et visuelles. Nous ciblons l'existence, la pluriel, le comptage, les relations spatiales, les actions et l'anaphore d'entités. Mais comment testons-nous si les modèles de vision et de langage ont capturé ces phénomènes ? Par FOILing, une méthode précédemment appliquée pour les modèles de vision et de langage uniquement pour les groupes nominaux par Ravi Shekhar et collaborateurs.	phénomènes linguistiques spécifiques qui affectent à la fois les modalités linguistiques et visuelles. Nous ciblons l'existence, la pluriel, le comptage, les relations spatiales, les actions et l'anaphore d'entités. Mais comment testons-nous si les modèles de vision et de langage ont capturé ces phénomènes ? Par FOILing, une méthode précédemment appliquée pour les modèles de vision et de langage uniquement pour les groupes nominaux par Ravi Shek.
2	123.75999999999996	0.8332657814025879	Shekhar et affectent à la fois les modalités linguistiques et visuelles. Nous ciblons l'existence, la pluriel, le comptage, les relations spatiales, les actions et l'anaphore d'entités. Mais comment testons-nous si les modèles de vision et de langage ont capturé ces phénomènes ? Par FOILing, une méthode précédemment appliquée pour les modèles de vision et de langage uniquement pour les groupes nominaux par Ravi Shekhar et ses collaborateurs, et sur le comptage.	et visuelles. Nous ciblons l'existence, la pluriel, le comptage, les relations spatiales, les actions et l'anaphore d'entités. Mais comment testons-nous si les modèles de vision et de langage ont capturé ces phénomènes ? Par FOILing, une méthode précédemment appliquée pour les modèles de vision et de langage uniquement pour les groupes nominaux par Ravi Shekhar et collaborateurs.
2	125.11999999999996	0.8896653652191162	ses collaborateurs, et affectent à la fois les modalités linguistiques et visuelles. Nous ciblons l'existence, la pluriel, le comptage, les relations spatiales, les actions et l'anaphore d'entités. Mais comment testons-nous si les modèles de vision et de langage ont capturé ces phénomènes ? Par FOILing, une méthode précédemment appliquée pour les modèles de vision et de langage uniquement pour les groupes nominaux par Ravi Shekhar et ses collaborateurs, et pour le comptage par Asin précédemment.	affectent à la fois les modalités linguistiques et visuelles. Nous ciblons l'existence, la pluriel, le comptage, les relations spatiales, les actions et l'anaphore d'entités. Mais comment testons-nous si les modèles de vision et de langage ont capturé ces phénomènes ? Par FOILing, une méthode précédemment appliquée pour les modèles de vision et de langage uniquement pour les groupes nominaux par Ravi Shekhar et ses collaborateurs, et sur le comptage.
2	126.47999999999996	0.7736170291900635	pour le comptage par nous dans des travaux précédents.	affectent à la fois les modalités linguistiques et visuelles. Nous ciblons l'existence, la pluriel, le comptage, les relations spatiales, les actions et l'anaphore d'entités. Mais comment testons-nous si les modèles de vision et de langage ont capturé ces phénomènes ? Par FOILing, une méthode précédemment appliquée pour les modèles de vision et de langage uniquement pour les groupes nominaux par Ravi Shekhar et ses collaborateurs, et pour le comptage par Asin précédemment.
2	127.83999999999996	0.8547499179840088		
2	129.19999999999996	0.7520267963409424	FOILer signifie prenons	nous dans des travaux précédents.
2	130.55999999999997	0.8625624179840088	essentiellement que nous d'une image.	prenons
2	131.92	0.9670734405517578	la légende d'une comptage, les relations spatiales, les actions et l'anaphore d'entités. Mais comment testons-nous si les modèles de vision et de langage ont capturé ces phénomènes ? Par FOILing, une méthode précédemment appliquée pour les modèles de vision et de langage uniquement pour les groupes nominaux par Ravi Shekhar et ses collaborateurs, et pour le comptage par nous dans des travaux précédents. FOILer signifie essentiellement que nous prenons la légende d'une image et produisons une légende contrefaite	d'une image.
2	133.28	0.6402909755706787	image et produisons foil par	comptage, les relations spatiales, les actions et l'anaphore d'entités. Mais comment testons-nous si les modèles de vision et de langage ont capturé ces phénomènes ? Par FOILing, une méthode précédemment appliquée pour les modèles de vision et de langage uniquement pour les groupes nominaux par Ravi Shekhar et ses collaborateurs, et pour le comptage par nous dans des travaux précédents. FOILer signifie essentiellement que nous prenons la légende d'une image et produisons une légende contrefaite
2	134.64000000000001	0.756279706954956	un comptage, les relations spatiales, les actions et l'anaphore d'entités. Mais comment testons-nous si les modèles de vision et de langage ont capturé ces phénomènes ? Par FOILing, une méthode précédemment appliquée pour les modèles de vision et de langage uniquement pour les groupes nominaux par Ravi Shekhar et ses collaborateurs, et pour le comptage par nous dans des travaux précédents. FOILer signifie essentiellement que nous prenons la légende d'une image et produisons un foil. En modifiant la légende,	foil par
2	136.00000000000003	0.7726993560791016	par rapport à la tâche et introduisons des valves qui testent la sensibilité des modèles de vision et de langage à des phénomènes linguistiques spécifiques qui affectent à la fois les modalités linguistiques et visuelles. Nous ciblons l'existence, la pluriel, le comptage, les relations spatiales, les actions et l'anaphore d'entités. Mais comment testons-nous si les modèles de vision et de langage ont capturé ces phénomènes ? Par FOILing, une méthode précédemment appliquée pour les modèles de vision et de langage uniquement pour les groupes nominaux par Ravi Shekhar et ses collaborateurs, et pour le comptage par nous dans des travaux précédents. FOILer signifie essentiellement que nous prenons la légende d'une image et produisons un foil en modifiant la légende telle que	comptage, les relations spatiales, les actions et l'anaphore d'entités. Mais comment testons-nous si les modèles de vision et de langage ont capturé ces phénomènes ? Par FOILing, une méthode précédemment appliquée pour les modèles de vision et de langage uniquement pour les groupes nominaux par Ravi Shekhar et ses collaborateurs, et pour le comptage par nous dans des travaux précédents. FOILer signifie essentiellement que nous prenons la légende d'une image et produisons un foil. En modifiant la légende,
2	137.36000000000004	0.9556095600128174	foil en modifiant la légende qu'elle ne révèle pas.	par rapport à la tâche et introduisons des valves qui testent la sensibilité des modèles de vision et de langage à des phénomènes linguistiques spécifiques qui affectent à la fois les modalités linguistiques et visuelles. Nous ciblons l'existence, la pluriel, le comptage, les relations spatiales, les actions et l'anaphore d'entités. Mais comment testons-nous si les modèles de vision et de langage ont capturé ces phénomènes ? Par FOILing, une méthode précédemment appliquée pour les modèles de vision et de langage uniquement pour les groupes nominaux par Ravi Shekhar et ses collaborateurs, et pour le comptage par nous dans des travaux précédents. FOILer signifie essentiellement que nous prenons la légende d'une image et produisons un foil en modifiant la légende telle que
2	138.72000000000006	0.8020377159118652	de telle sorte qu'elle ne l'anaphore d'entités. Mais comment testons-nous si les modèles de vision et de langage ont capturé ces phénomènes ? Par FOILing, une méthode précédemment appliquée pour les modèles de vision et de langage uniquement pour les groupes nominaux par Ravi Shekhar et ses collaborateurs, et pour le comptage par nous dans des travaux précédents. FOILer signifie essentiellement que nous prenons la légende d'une image et produisons un foil en modifiant la légende de telle sorte qu'elle ne décrit plus l'image.	qu'elle ne révèle pas.
2	140.08000000000007	0.7421908378601074	Et nous faisons cela.	l'anaphore d'entités. Mais comment testons-nous si les modèles de vision et de langage ont capturé ces phénomènes ? Par FOILing, une méthode précédemment appliquée pour les modèles de vision et de langage uniquement pour les groupes nominaux par Ravi Shekhar et ses collaborateurs, et pour le comptage par nous dans des travaux précédents. FOILer signifie essentiellement que nous prenons la légende d'une image et produisons un foil en modifiant la légende de telle sorte qu'elle ne décrit plus l'image.
2	141.44000000000008	0.7330398559570312	d'entités. Mais comment testons-nous si les modèles de vision et de langage ont capturé ces phénomènes ? Par FOILing, une méthode précédemment appliquée pour les modèles de vision et de langage uniquement pour les groupes nominaux par Ravi Shekhar et ses collaborateurs, et pour le comptage par nous dans des travaux précédents. FOILer signifie essentiellement que nous prenons la légende d'une image et produisons un foil en modifiant la légende de telle sorte qu'elle ne décrit plus l'image. Et nous effectuons ces altérations de phrases.	faisons cela.
2	142.8000000000001	0.9353210926055908	effectuons ces altérations de	d'entités. Mais comment testons-nous si les modèles de vision et de langage ont capturé ces phénomènes ? Par FOILing, une méthode précédemment appliquée pour les modèles de vision et de langage uniquement pour les groupes nominaux par Ravi Shekhar et ses collaborateurs, et pour le comptage par nous dans des travaux précédents. FOILer signifie essentiellement que nous prenons la légende d'une image et produisons un foil en modifiant la légende de telle sorte qu'elle ne décrit plus l'image. Et nous effectuons ces altérations de phrases.
2	144.1600000000001	0.7617275714874268	phrases en nous concentrant sur spécifiques qui affectent à la fois les modalités linguistiques et visuelles. Nous ciblons l'existence, la pluriel, le comptage, les relations spatiales, les actions et l'anaphore d'entités. Mais comment testons-nous si les modèles de vision et de langage ont capturé ces phénomènes ? Par FOILing, une méthode précédemment appliquée pour les modèles de vision et de langage uniquement pour les groupes nominaux par Ravi Shekhar et ses collaborateurs, et pour le comptage par nous dans des travaux précédents. FOILer signifie essentiellement que nous prenons la légende d'une image et produisons un foil en modifiant la légende de telle sorte qu'elle ne décrit plus l'image. Et nous effectuons ces altérations de phrases en nous concentrant sur six éléments spécifiques.	
2	145.52000000000012	0.776463508605957	six éléments	spécifiques qui affectent à la fois les modalités linguistiques et visuelles. Nous ciblons l'existence, la pluriel, le comptage, les relations spatiales, les actions et l'anaphore d'entités. Mais comment testons-nous si les modèles de vision et de langage ont capturé ces phénomènes ? Par FOILing, une méthode précédemment appliquée pour les modèles de vision et de langage uniquement pour les groupes nominaux par Ravi Shekhar et ses collaborateurs, et pour le comptage par nous dans des travaux précédents. FOILer signifie essentiellement que nous prenons la légende d'une image et produisons un foil en modifiant la légende de telle sorte qu'elle ne décrit plus l'image. Et nous effectuons ces altérations de phrases en nous concentrant sur six éléments spécifiques.
2	146.88000000000014	0.894383430480957	spécifiques, tels que l'existence, la pluriel, le comptage, les relations spatiales, les actions et l'anaphore d'entités. Mais comment testons-nous si les modèles de vision et de langage ont capturé ces phénomènes ? Par FOILing, une méthode précédemment appliquée pour les modèles de vision et de langage uniquement pour les groupes nominaux par Ravi Shekhar et ses collaborateurs, et pour le comptage par nous dans des travaux précédents. FOILer signifie essentiellement que nous prenons la légende d'une image et produisons un foil en modifiant la légende de telle sorte qu'elle ne décrit plus l'image. Et nous effectuons ces altérations de phrases en nous concentrant sur six éléments spécifiques, tels que l'existence, le pluriel.	
2	148.24000000000015	1.0537230968475342	le comptage, les relations spatiales, les actions et l'anaphore d'entités. Mais comment testons-nous si les modèles de vision et de langage ont capturé ces phénomènes ? Par FOILing, une méthode précédemment appliquée pour les modèles de vision et de langage uniquement pour les groupes nominaux par Ravi Shekhar et ses collaborateurs, et pour le comptage par nous dans des travaux précédents. FOILer signifie essentiellement que nous prenons la légende d'une image et produisons un foil en modifiant la légende de telle sorte qu'elle ne décrit plus l'image. Et nous effectuons ces altérations de phrases en nous concentrant sur six éléments spécifiques, tels que l'existence, le pluriel, le comptage, les relations spatiales,	la pluriel, le comptage, les relations spatiales, les actions et l'anaphore d'entités. Mais comment testons-nous si les modèles de vision et de langage ont capturé ces phénomènes ? Par FOILing, une méthode précédemment appliquée pour les modèles de vision et de langage uniquement pour les groupes nominaux par Ravi Shekhar et ses collaborateurs, et pour le comptage par nous dans des travaux précédents. FOILer signifie essentiellement que nous prenons la légende d'une image et produisons un foil en modifiant la légende de telle sorte qu'elle ne décrit plus l'image. Et nous effectuons ces altérations de phrases en nous concentrant sur six éléments spécifiques, tels que l'existence, le pluriel.
2	149.60000000000016	0.9712164402008057	relations spatiales, les actions et l'anaphore d'entités. Mais comment testons-nous si les modèles de vision et de langage ont capturé ces phénomènes ? Par FOILing, une méthode précédemment appliquée pour les modèles de vision et de langage uniquement pour les groupes nominaux par Ravi Shekhar et ses collaborateurs, et pour le comptage par nous dans des travaux précédents. FOILer signifie essentiellement que nous prenons la légende d'une image et produisons un foil en modifiant la légende de telle sorte qu'elle ne décrit plus l'image. Et nous effectuons ces altérations de phrases en nous concentrant sur six éléments spécifiques, tels que l'existence, le pluriel, le comptage, les relations spatiales, les actions,	comptage, les relations spatiales, les actions et l'anaphore d'entités. Mais comment testons-nous si les modèles de vision et de langage ont capturé ces phénomènes ? Par FOILing, une méthode précédemment appliquée pour les modèles de vision et de langage uniquement pour les groupes nominaux par Ravi Shekhar et ses collaborateurs, et pour le comptage par nous dans des travaux précédents. FOILer signifie essentiellement que nous prenons la légende d'une image et produisons un foil en modifiant la légende de telle sorte qu'elle ne décrit plus l'image. Et nous effectuons ces altérations de phrases en nous concentrant sur six éléments spécifiques, tels que l'existence, le pluriel, le comptage, les relations spatiales,
2	150.96000000000018	0.7424530982971191	les	relations spatiales, les actions et l'anaphore d'entités. Mais comment testons-nous si les modèles de vision et de langage ont capturé ces phénomènes ? Par FOILing, une méthode précédemment appliquée pour les modèles de vision et de langage uniquement pour les groupes nominaux par Ravi Shekhar et ses collaborateurs, et pour le comptage par nous dans des travaux précédents. FOILer signifie essentiellement que nous prenons la légende d'une image et produisons un foil en modifiant la légende de telle sorte qu'elle ne décrit plus l'image. Et nous effectuons ces altérations de phrases en nous concentrant sur six éléments spécifiques, tels que l'existence, le pluriel, le comptage, les relations spatiales, les actions,
2	152.3200000000002	0.8751683235168457	actions et	
2	153.6800000000002	0.918065071105957	l'anaphore d'entité, où chaque élément	
2	155.04000000000022	0.6599607467651367	peut consister	
2	156.40000000000023	0.6067125797271729	en un ou plusieurs phénomènes ? Par FOILing, une méthode précédemment appliquée pour les modèles de vision et de langage uniquement pour les groupes nominaux par Ravi Shekhar et ses collaborateurs, et pour le comptage par nous dans des travaux précédents. FOILer signifie essentiellement que nous prenons la légende d'une image et produisons un foil en modifiant la légende de telle sorte qu'elle ne décrit plus l'image. Et nous effectuons ces altérations de phrases en nous concentrant sur six éléments spécifiques, tels que l'existence, le pluriel, le comptage, les relations spatiales, les actions et l'anaphore d'entité, où chaque élément peut consister en un ou plusieurs instruments.	
2	157.76000000000025	0.8930995464324951	nous effectuons ces altérations de phrases en nous concentrant sur six éléments spécifiques, tels que l'existence, le pluriel, le comptage, les relations spatiales, les actions et l'anaphore d'entité, où chaque élément peut consister en un ou plusieurs instruments. Dans le cas où nous en trouvons plus d'un.	phénomènes ? Par FOILing, une méthode précédemment appliquée pour les modèles de vision et de langage uniquement pour les groupes nominaux par Ravi Shekhar et ses collaborateurs, et pour le comptage par nous dans des travaux précédents. FOILer signifie essentiellement que nous prenons la légende d'une image et produisons un foil en modifiant la légende de telle sorte qu'elle ne décrit plus l'image. Et nous effectuons ces altérations de phrases en nous concentrant sur six éléments spécifiques, tels que l'existence, le pluriel, le comptage, les relations spatiales, les actions et l'anaphore d'entité, où chaque élément peut consister en un ou plusieurs instruments.
2	159.12000000000026	0.8885166645050049	Dans le cas où nous	nous effectuons ces altérations de phrases en nous concentrant sur six éléments spécifiques, tels que l'existence, le pluriel, le comptage, les relations spatiales, les actions et l'anaphore d'entité, où chaque élément peut consister en un ou plusieurs instruments. Dans le cas où nous en trouvons plus d'un.
2	160.48000000000027	0.7932460308074951	trouvons plus	
2	161.8400000000003	0.8311083316802979	d'une manière intéressante de précédents. FOILer signifie essentiellement que nous prenons la légende d'une image et produisons un foil en modifiant la légende de telle sorte qu'elle ne décrit plus l'image. Et nous effectuons ces altérations de phrases en nous concentrant sur six éléments spécifiques, tels que l'existence, le pluriel, le comptage, les relations spatiales, les actions et l'anaphore d'entité, où chaque élément peut consister en un ou plusieurs instruments. Dans le cas où nous trouvons plus d'une manière intéressante de créer des instances de foil.	
2	163.2000000000003	0.696300745010376	créer des instances	précédents. FOILer signifie essentiellement que nous prenons la légende d'une image et produisons un foil en modifiant la légende de telle sorte qu'elle ne décrit plus l'image. Et nous effectuons ces altérations de phrases en nous concentrant sur six éléments spécifiques, tels que l'existence, le pluriel, le comptage, les relations spatiales, les actions et l'anaphore d'entité, où chaque élément peut consister en un ou plusieurs instruments. Dans le cas où nous trouvons plus d'une manière intéressante de créer des instances de foil.
2	164.56000000000031	0.7250125408172607	FOIL. Par le comptage par nous dans des travaux précédents. FOILer signifie essentiellement que nous prenons la légende d'une image et produisons un foil en modifiant la légende de telle sorte qu'elle ne décrit plus l'image. Et nous effectuons ces altérations de phrases en nous concentrant sur six éléments spécifiques, tels que l'existence, le pluriel, le comptage, les relations spatiales, les actions et l'anaphore d'entité, où chaque élément peut consister en un ou plusieurs instruments. Dans le cas où nous trouvons plus d'une manière intéressante de créer des instances FOIL. Par exemple, dans le cas	
2	165.92000000000033	0.8567430973052979	de l'élément actions,	
2	167.28000000000034	0.8448553085327148	nous prenons la légende d'une image et produisons un foil en modifiant la légende de telle sorte qu'elle ne décrit plus l'image. Et nous effectuons ces altérations de phrases en nous concentrant sur six éléments spécifiques, tels que l'existence, le pluriel, le comptage, les relations spatiales, les actions et l'anaphore d'entité, où chaque élément peut consister en un ou plusieurs instruments. Dans le cas où nous trouvons plus d'une manière intéressante de créer des instances FOIL. Par exemple, dans le cas de l'élément actions, nous avons deux instruments.	le comptage par nous dans des travaux précédents. FOILer signifie essentiellement que nous prenons la légende d'une image et produisons un foil en modifiant la légende de telle sorte qu'elle ne décrit plus l'image. Et nous effectuons ces altérations de phrases en nous concentrant sur six éléments spécifiques, tels que l'existence, le pluriel, le comptage, les relations spatiales, les actions et l'anaphore d'entité, où chaque élément peut consister en un ou plusieurs instruments. Dans le cas où nous trouvons plus d'une manière intéressante de créer des instances FOIL. Par exemple, dans le cas de l'élément actions,
2	168.64000000000036	0.7744526863098145	avons deux la légende d'une image et produisons un foil en modifiant la légende de telle sorte qu'elle ne décrit plus l'image. Et nous effectuons ces altérations de phrases en nous concentrant sur six éléments spécifiques, tels que l'existence, le pluriel, le comptage, les relations spatiales, les actions et l'anaphore d'entité, où chaque élément peut consister en un ou plusieurs instruments. Dans le cas où nous trouvons plus d'une manière intéressante de créer des instances FOIL. Par exemple, dans le cas de l'élément actions, nous avons deux instruments, l'un dans lequel le	prenons la légende d'une image et produisons un foil en modifiant la légende de telle sorte qu'elle ne décrit plus l'image. Et nous effectuons ces altérations de phrases en nous concentrant sur six éléments spécifiques, tels que l'existence, le pluriel, le comptage, les relations spatiales, les actions et l'anaphore d'entité, où chaque élément peut consister en un ou plusieurs instruments. Dans le cas où nous trouvons plus d'une manière intéressante de créer des instances FOIL. Par exemple, dans le cas de l'élément actions, nous avons deux instruments.
2	170.00000000000037	0.8417901992797852		la légende d'une image et produisons un foil en modifiant la légende de telle sorte qu'elle ne décrit plus l'image. Et nous effectuons ces altérations de phrases en nous concentrant sur six éléments spécifiques, tels que l'existence, le pluriel, le comptage, les relations spatiales, les actions et l'anaphore d'entité, où chaque élément peut consister en un ou plusieurs instruments. Dans le cas où nous trouvons plus d'une manière intéressante de créer des instances FOIL. Par exemple, dans le cas de l'élément actions, nous avons deux instruments, l'un dans lequel le
2	171.36000000000038	0.8153953552246094	verbe d'action est modifiant la légende de telle sorte qu'elle ne décrit plus l'image. Et nous effectuons ces altérations de phrases en nous concentrant sur six éléments spécifiques, tels que l'existence, le pluriel, le comptage, les relations spatiales, les actions et l'anaphore d'entité, où chaque élément peut consister en un ou plusieurs instruments. Dans le cas où nous trouvons plus d'une manière intéressante de créer des instances FOIL. Par exemple, dans le cas de l'élément actions, nous avons deux instruments, l'un dans lequel le verbe d'action est changé avec un accent différent.	
2	172.7200000000004	0.8008713722229004	changé collaborateurs, et pour le comptage par nous dans des travaux précédents. FOILer signifie essentiellement que nous prenons la légende d'une image et produisons un foil en modifiant la légende de telle sorte qu'elle ne décrit plus l'image. Et nous effectuons ces altérations de phrases en nous concentrant sur six éléments spécifiques, tels que l'existence, le pluriel, le comptage, les relations spatiales, les actions et l'anaphore d'entité, où chaque élément peut consister en un ou plusieurs instruments. Dans le cas où nous trouvons plus d'une manière intéressante de créer des instances FOIL. Par exemple, dans le cas de l'élément actions, nous avons deux instruments, l'un dans lequel le verbe d'action est changé par un autre action, et l'autre dans	modifiant la légende de telle sorte qu'elle ne décrit plus l'image. Et nous effectuons ces altérations de phrases en nous concentrant sur six éléments spécifiques, tels que l'existence, le pluriel, le comptage, les relations spatiales, les actions et l'anaphore d'entité, où chaque élément peut consister en un ou plusieurs instruments. Dans le cas où nous trouvons plus d'une manière intéressante de créer des instances FOIL. Par exemple, dans le cas de l'élément actions, nous avons deux instruments, l'un dans lequel le verbe d'action est changé avec un accent différent.
2	174.0800000000004	1.004812240600586	correspondante, et un score faible à celle-ci ? Les modèles de vision et de langage se concentrent-ils sur la bonne chose, ou se concentrent-ils sur des biais comme l'ont montré les travaux précédents ? Pour jeter plus de lumière sur cet aspect, nous proposons une direction plus agnostique par rapport à la tâche et introduisons des valves qui testent la sensibilité des modèles de vision et de langage à des phénomènes linguistiques spécifiques qui affectent à la fois les modalités linguistiques et visuelles. Nous ciblons l'existence, la pluriel, le comptage, les relations spatiales, les actions et l'anaphore d'entités. Mais comment testons-nous si les modèles de vision et de langage ont capturé ces phénomènes ? Par FOILing, une méthode précédemment appliquée pour les modèles de vision et de langage uniquement pour les groupes nominaux par Ravi Shekhar et ses collaborateurs, et pour le comptage par nous dans des travaux précédents. FOILer signifie essentiellement que nous prenons la légende d'une image et produisons un foil en modifiant la légende de telle sorte qu'elle ne décrit plus l'image. Et nous effectuons ces altérations de phrases en nous concentrant sur six éléments spécifiques, tels que l'existence, le pluriel, le comptage, les relations spatiales, les actions et l'anaphore d'entité, où chaque élément peut consister en un ou plusieurs instruments. Dans le cas où nous trouvons plus d'une manière intéressante de créer des instances FOIL. Par exemple, dans le cas de l'élément actions, nous avons deux instruments, l'un dans lequel le verbe d'action est changé par un autre action, et l'autre dans lequel des actants sont utilisés.	collaborateurs, et pour le comptage par nous dans des travaux précédents. FOILer signifie essentiellement que nous prenons la légende d'une image et produisons un foil en modifiant la légende de telle sorte qu'elle ne décrit plus l'image. Et nous effectuons ces altérations de phrases en nous concentrant sur six éléments spécifiques, tels que l'existence, le pluriel, le comptage, les relations spatiales, les actions et l'anaphore d'entité, où chaque élément peut consister en un ou plusieurs instruments. Dans le cas où nous trouvons plus d'une manière intéressante de créer des instances FOIL. Par exemple, dans le cas de l'élément actions, nous avons deux instruments, l'un dans lequel le verbe d'action est changé par un autre action, et l'autre dans
2	175.44000000000042	0.7500734329223633	lequel l'image. Et nous effectuons ces altérations de phrases en nous concentrant sur six éléments spécifiques, tels que l'existence, le pluriel, le comptage, les relations spatiales, les actions et l'anaphore d'entité, où chaque élément peut consister en un ou plusieurs instruments. Dans le cas où nous trouvons plus d'une manière intéressante de créer des instances FOIL. Par exemple, dans le cas de l'élément actions, nous avons deux instruments, l'un dans lequel le verbe d'action est changé par un autre action, et l'autre dans lequel les actants sont échangés.	correspondante, et un score faible à celle-ci ? Les modèles de vision et de langage se concentrent-ils sur la bonne chose, ou se concentrent-ils sur des biais comme l'ont montré les travaux précédents ? Pour jeter plus de lumière sur cet aspect, nous proposons une direction plus agnostique par rapport à la tâche et introduisons des valves qui testent la sensibilité des modèles de vision et de langage à des phénomènes linguistiques spécifiques qui affectent à la fois les modalités linguistiques et visuelles. Nous ciblons l'existence, la pluriel, le comptage, les relations spatiales, les actions et l'anaphore d'entités. Mais comment testons-nous si les modèles de vision et de langage ont capturé ces phénomènes ? Par FOILing, une méthode précédemment appliquée pour les modèles de vision et de langage uniquement pour les groupes nominaux par Ravi Shekhar et ses collaborateurs, et pour le comptage par nous dans des travaux précédents. FOILer signifie essentiellement que nous prenons la légende d'une image et produisons un foil en modifiant la légende de telle sorte qu'elle ne décrit plus l'image. Et nous effectuons ces altérations de phrases en nous concentrant sur six éléments spécifiques, tels que l'existence, le pluriel, le comptage, les relations spatiales, les actions et l'anaphore d'entité, où chaque élément peut consister en un ou plusieurs instruments. Dans le cas où nous trouvons plus d'une manière intéressante de créer des instances FOIL. Par exemple, dans le cas de l'élément actions, nous avons deux instruments, l'un dans lequel le verbe d'action est changé par un autre action, et l'autre dans lequel des actants sont utilisés.
2	176.80000000000044	0.9196538925170898	et de langage uniquement pour les groupes nominaux par Ravi Shekhar et ses collaborateurs, et pour le comptage par nous dans des travaux précédents. FOILer signifie essentiellement que nous prenons la légende d'une image et produisons un foil en modifiant la légende de telle sorte qu'elle ne décrit plus l'image. Et nous effectuons ces altérations de phrases en nous concentrant sur six éléments spécifiques, tels que l'existence, le pluriel, le comptage, les relations spatiales, les actions et l'anaphore d'entité, où chaque élément peut consister en un ou plusieurs instruments. Dans le cas où nous trouvons plus d'une manière intéressante de créer des instances FOIL. Par exemple, dans le cas de l'élément actions, nous avons deux instruments, l'un dans lequel le verbe d'action est changé par un autre action, et l'autre dans lequel les actants sont échangés. Comptage et anaphore	l'image. Et nous effectuons ces altérations de phrases en nous concentrant sur six éléments spécifiques, tels que l'existence, le pluriel, le comptage, les relations spatiales, les actions et l'anaphore d'entité, où chaque élément peut consister en un ou plusieurs instruments. Dans le cas où nous trouvons plus d'une manière intéressante de créer des instances FOIL. Par exemple, dans le cas de l'élément actions, nous avons deux instruments, l'un dans lequel le verbe d'action est changé par un autre action, et l'autre dans lequel les actants sont échangés.
2	178.16000000000045	0.8877391815185547		et de langage uniquement pour les groupes nominaux par Ravi Shekhar et ses collaborateurs, et pour le comptage par nous dans des travaux précédents. FOILer signifie essentiellement que nous prenons la légende d'une image et produisons un foil en modifiant la légende de telle sorte qu'elle ne décrit plus l'image. Et nous effectuons ces altérations de phrases en nous concentrant sur six éléments spécifiques, tels que l'existence, le pluriel, le comptage, les relations spatiales, les actions et l'anaphore d'entité, où chaque élément peut consister en un ou plusieurs instruments. Dans le cas où nous trouvons plus d'une manière intéressante de créer des instances FOIL. Par exemple, dans le cas de l'élément actions, nous avons deux instruments, l'un dans lequel le verbe d'action est changé par un autre action, et l'autre dans lequel les actants sont échangés. Comptage et anaphore
2	179.52000000000046	1.0450680255889893	Le comptage et l'anaphore sont également des éléments qui testent la sensibilité des modèles de vision et de langage à des phénomènes linguistiques spécifiques qui affectent à la fois les modalités linguistiques et visuelles. Nous ciblons l'existence, la pluriel, le comptage, les relations spatiales, les actions et l'anaphore d'entités. Mais comment testons-nous si les modèles de vision et de langage ont capturé ces phénomènes ? Par FOILing, une méthode précédemment appliquée pour les modèles de vision et de langage uniquement pour les groupes nominaux par Ravi Shekhar et ses collaborateurs, et pour le comptage par nous dans des travaux précédents. FOILer signifie essentiellement que nous prenons la légende d'une image et produisons un foil en modifiant la légende de telle sorte qu'elle ne décrit plus l'image. Et nous effectuons ces altérations de phrases en nous concentrant sur six éléments spécifiques, tels que l'existence, le pluriel, le comptage, les relations spatiales, les actions et l'anaphore d'entité, où chaque élément peut consister en un ou plusieurs instruments. Dans le cas où nous trouvons plus d'une manière intéressante de créer des instances FOIL. Par exemple, dans le cas de l'élément actions, nous avons deux instruments, l'un dans lequel le verbe d'action est changé par un autre action, et l'autre dans lequel les actants sont échangés. Le comptage et l'anaphore sont également des éléments qui ont plus d'une instance.	
2	180.88000000000048	0.6873998641967773	ont plus	testent la sensibilité des modèles de vision et de langage à des phénomènes linguistiques spécifiques qui affectent à la fois les modalités linguistiques et visuelles. Nous ciblons l'existence, la pluriel, le comptage, les relations spatiales, les actions et l'anaphore d'entités. Mais comment testons-nous si les modèles de vision et de langage ont capturé ces phénomènes ? Par FOILing, une méthode précédemment appliquée pour les modèles de vision et de langage uniquement pour les groupes nominaux par Ravi Shekhar et ses collaborateurs, et pour le comptage par nous dans des travaux précédents. FOILer signifie essentiellement que nous prenons la légende d'une image et produisons un foil en modifiant la légende de telle sorte qu'elle ne décrit plus l'image. Et nous effectuons ces altérations de phrases en nous concentrant sur six éléments spécifiques, tels que l'existence, le pluriel, le comptage, les relations spatiales, les actions et l'anaphore d'entité, où chaque élément peut consister en un ou plusieurs instruments. Dans le cas où nous trouvons plus d'une manière intéressante de créer des instances FOIL. Par exemple, dans le cas de l'élément actions, nous avons deux instruments, l'un dans lequel le verbe d'action est changé par un autre action, et l'autre dans lequel les actants sont échangés. Le comptage et l'anaphore sont également des éléments qui ont plus d'une instance.
2	182.2400000000005	0.8958983421325684	d'un instrument. Et nous effectuons ces altérations de phrases en nous concentrant sur six éléments spécifiques, tels que l'existence, le pluriel, le comptage, les relations spatiales, les actions et l'anaphore d'entité, où chaque élément peut consister en un ou plusieurs instruments. Dans le cas où nous trouvons plus d'une manière intéressante de créer des instances FOIL. Par exemple, dans le cas de l'élément actions, nous avons deux instruments, l'un dans lequel le verbe d'action est changé par un autre action, et l'autre dans lequel les actants sont échangés. Le comptage et l'anaphore sont également des éléments qui ont plus d'un instrument. Et nous créons ces foils en faisant	
2	183.6000000000005	0.8921034336090088	créons ces foils en	effectuons ces altérations de phrases en nous concentrant sur six éléments spécifiques, tels que l'existence, le pluriel, le comptage, les relations spatiales, les actions et l'anaphore d'entité, où chaque élément peut consister en un ou plusieurs instruments. Dans le cas où nous trouvons plus d'une manière intéressante de créer des instances FOIL. Par exemple, dans le cas de l'élément actions, nous avons deux instruments, l'un dans lequel le verbe d'action est changé par un autre action, et l'autre dans lequel les actants sont échangés. Le comptage et l'anaphore sont également des éléments qui ont plus d'un instrument. Et nous créons ces foils en faisant
2	184.96000000000052	0.9243946075439453	nous assurant qu'ils	
2	186.32000000000053	0.9814062118530273	échouent à décrire	
2	187.68000000000055	0.8423581123352051	l'image, qu'ils sont	
2	189.04000000000056	0.7825279235839844		
2	190.40000000000057	0.9223785400390625	des phrases grammaticales et autrement valides.	
2	191.7600000000006	0.7088127136230469	Ce n'est pas	
2	193.1200000000006	0.6783163547515869	facile à faire car	
2	194.48000000000062	0.7156410217285156	un	
2	195.84000000000063	0.8320281505584717	légende foilée peut être	
2	197.20000000000064	0.6947946548461914	moins probable que la	
2	198.56000000000066	0.6676530838012695	légende originale.	
2	199.92000000000067	0.8250839710235596	Par exemple,	
2	201.28000000000068	0.8885366916656494	bien que ce ne soit pas	
2	202.6400000000007	0.7308096885681152	impossible, il est	
2	204.0000000000007	0.8048446178436279	statistiquement moins probable que	
2	205.36000000000072	0.8810029029846191	des plantes coupent un	
2	206.72000000000074	0.7392158508300781	homme qu'un homme coupe	
2	208.08000000000075	0.6816437244415283	des	
2	209.44000000000077	0.9257357120513916		
2	210.80000000000078	0.9778282642364502	plantes, et les grands modèles de vision et de langage pourraient	
2	212.1600000000008	0.747791051864624	en tirer parti.	
2	213.5200000000008	0.9569785594940186	Par conséquent, pour obtenir	
2	214.88000000000082	0.7941973209381104	des foils valides, nous	
2	216.24000000000083	0.5346317291259766	devons agir.	
2	217.60000000000085	0.6766414642333984		
2	218.96000000000086	0.8811004161834717		
2	220.32000000000087	1.0680286884307861	Premièrement, nous utilisons des modèles de langage	
2	221.6800000000009	0.9300506114959717	puissants pour proposer des	
2	223.0400000000009	1.088757038116455		
2	224.40000000000092	1.2247462272644043	FOILs. Deuxièmement, nous utilisons	
2	225.76000000000093	0.8947463035583496	l'inférence	
2	227.12000000000094	0.8493318557739258		
2	228.48000000000096	1.025742530822754	naturelle du langage ou un court NLI pour	
2	229.84000000000097	0.8888289928436279	filtrer les foils qui pourraient encore	
2	231.20000000000098	0.9229848384857178	décrire	
2	232.560000000001	0.9208090305328369	l'image,	
2	233.920000000001	1.1787469387054443	car lors de la construction des foils, nous devons	
2	235.28000000000102	0.9086406230926514	nous assurer qu'ils échouent à	
2	236.64000000000104	0.8356194496154785	décrire l'image.	
2	238.00000000000105	1.029555320739746	Pour tester cela automatiquement,	
2	239.36000000000107	0.9197556972503662	nous appliquons l'inférence naturelle du langage	
2	240.72000000000108	0.6419610977172852	avec le	
2	242.0800000000011	0.79237961769104	raisonnement suivant.	
2	243.4400000000011	0.6995017528533936	Nous considérons une	
2	244.80000000000112	0.7852661609649658	image comme	
2	246.16000000000113	0.7833983898162842	prémisse et sa	
2	247.52000000000115	0.7480144500732422		
2	248.88000000000116	0.9238986968994141		
2	250.24000000000117	1.0458979606628418	légende comme hypothèse impliquée. De plus, nous considérons	
2	251.6000000000012	0.7869863510131836	la légende comme	
2	252.9600000000012	0.811851978302002	prémisse et le	
2	254.32000000000122	0.7208156585693359	foil comme son hypothèse.	
2	255.68000000000123	0.6841855049133301	Si un	
2	257.0400000000012	0.7972784042358398	modèle NLI prédit	
2	258.4000000000012	0.8528115749359131	que le FOIL	
2	259.76000000000124	0.9481332302093506	contredit ou est	
2	261.12000000000126	0.9058618545532227	neutre par rapport à la légende,	
2	262.48000000000127	0.780036449432373	nous prenons	
2	263.8400000000013	0.7979490756988525	cela comme un	
2	265.2000000000013	0.7427773475646973	indicateur d'un	
2	266.5600000000013	0.8004257678985596		
2	267.9200000000013	0.9548900127410889		
2	269.28000000000134	1.1398229598999023	foil valide. Si un NLI prédit que le foil est	
2	270.64000000000135	0.9766438007354736	impliqué par la légende,	
2	272.00000000000136	0.8753330707550049	il ne peut pas être un bon	
2	273.3600000000014	0.8241863250732422	foil	
2	274.7200000000014	0.838569164276123		
2	276.0800000000014	1.013892650604248	car par transitivité, il donnerait une	
2	277.4400000000014	0.9151034355163574	description vraie de	
2	278.80000000000143	0.840937614440918		
2	280.16000000000145	1.0191988945007324	l'image et nous filtrons ces foils.	
2	281.52000000000146	0.9550158977508545	Mais cette procédure n'est pas	
2	282.8800000000015	0.7875008583068848	parfaite,	
2	284.2400000000015	0.9082062244415283	c'est juste un indicateur	
2	285.6000000000015	0.9143366813659668	de foils	
2	286.9600000000015	1.0704545974731445		
2	288.3200000000015	1.3436620235443115		
2	289.68000000000154	1.34783935546875	valides. Par conséquent, comme troisième mesure pour générer des foils valides, nous employons des	
2	291.04000000000156	0.8151030540466309	annotateurs humains pour	
2	292.40000000000157	0.81443190574646	valider les	
2	293.7600000000016	0.7647006511688232	données utilisées dans	
2	295.1200000000016	0.860628604888916	les valves. Donc,	
2	296.4800000000016	0.7838151454925537	après filtrage et	
2	297.8400000000016	0.7432317733764648	évaluation humaine, nous avons	
2	299.20000000000164	0.7333903312683105	autant	
2	300.56000000000165	0.9112741947174072	d'instances de test que	
2	301.92000000000166	0.35225558280944824	décrites dans ce tableau.	
2	303.2800000000017	0.838714599609375		
2	304.6400000000017	1.0137836933135986	Notez que Valse ne fournit	
2	306.0000000000017	0.8898403644561768	aucune donnée	
2	307.3600000000017	0.984290361404419		
2	308.72000000000173	1.2222323417663574		
2	310.08000000000175	1.396740198135376		
2	311.44000000000176	1.496434211730957	d'entraînement, mais seulement des données de test, car il s'agit d'un benchmark de test à zéro-shot uniquement.	
2	312.8000000000018	0.8416843414306641	Il est conçu	
2	314.1600000000018	0.7813689708709717	pour exploiter	
2	315.5200000000018	0.9158656597137451	les capacités	
2	316.8800000000018	0.9582598209381104	existantes des modèles de vision et de	
2	318.2400000000018	0.7017152309417725	langage après	
2	319.60000000000184	0.869776725769043	pré-entraînement.	
2	320.96000000000186	1.0094144344329834	Le fine-tuning	
2	322.32000000000187	0.9356546401977539		
2	323.6800000000019	1.058608055114746	permettrait seulement aux modèles d'exploiter des artefacts ou	
2	325.0400000000019	0.7311532497406006	des biais statistiques dans	
2	326.4000000000019	0.923696756362915	les données.	
2	327.7600000000019	1.1072063446044922	Et nous savons tous que ces modèles aiment	
2	329.12000000000194	1.0739998817443848	tricher et prendre des	
2	330.48000000000195	1.0371105670928955		
2	331.84000000000196	1.220170259475708	raccourcis. Et comme nous l'avons dit, nous sommes intéressés	
2	333.200000000002	0.8858404159545898	à évaluer quelles	
2	334.560000000002	0.8643026351928711	capacités les modèles de vision et de langage	
2	335.920000000002	0.7581636905670166		
2	337.280000000002	0.7083895206451416	possèdent après pré-entraînement.	
2	338.64000000000203	0.6887309551239014		
2	340.00000000000205	0.8863565921783447	Nous expérimentons avec	
2	341.36000000000206	0.9138991832733154	cinq modèles de vision et de	
2	342.7200000000021	0.8514549732208252	langage sur les valves, à savoir	
2	344.0800000000021	0.8668978214263916		
2	345.4400000000021	1.0851998329162598	Clip,	
2	346.8000000000021	1.1342930793762207	LXMert, Vilbert,	
2	348.1600000000021	1.1037352085113525		
2	349.52000000000214	1.1653861999511719	Wilbert12	
2	350.88000000000216	1.1070621013641357		
2	352.24000000000217	1.2184033393859863	dans un, et deux de nos métriques d'évaluation les plus importantes sont	
2	353.6000000000022	0.8480491638183594	la précision des	
2	354.9600000000022	0.8825924396514893	modèles dans la classification	
2	356.3200000000022	1.0447266101837158		
2	357.6800000000022	0.9855549335479736		
2	359.04000000000224	1.195643663406372	des paires image-phrases en légendes et foils.	
2	360.40000000000225	0.8932161331176758	Peut-être plus pertinent pour cette	
2	361.76000000000226	0.8530097007751465	vidéo, nous allons	
2	363.1200000000023	0.9061203002929688	présenter	
2	364.4800000000023	0.9956097602844238	notre métrique plus permissive, la	
2	365.8400000000023	0.835862398147583	précision par paire, qui	
2	367.2000000000023	0.7705230712890625	mesure si	
2	368.56000000000233	0.9439356327056885		
2	369.92000000000235	1.1234960556030273	le score d'alignement image-phrase est supérieur	
2	371.28000000000236	0.8334729671478271	pour	
2	372.6400000000024	0.9931163787841797	la paire image-texte	
2	374.0000000000024	0.9011893272399902	correcte que pour	
2	375.3600000000024	1.1366941928863525	sa paire foilée. Pour plus	
2	376.7200000000024	0.9492573738098145	de métriques et de résultats	
2	378.0800000000024	0.8681638240814209	sur	
2	379.44000000000244	1.023726224899292	eux, consultez notre papier.	
2	380.80000000000246	1.1030354499816895	Les résultats avec la précision par	
2	382.16000000000247	1.084322452545166	paire sont montrés ici et ils sont	
2	383.5200000000025	1.1221802234649658	cohérents avec les	
2	384.8800000000025	1.0121467113494873	résultats que nous avons obtenus des autres métriques.	
2	386.2400000000025	0.8831770420074463	C'est que	
2	387.6000000000025	0.9090020656585693	la meilleure performance à zéro-shot	
2	388.96000000000254	0.8737673759460449	est atteinte par	
2	390.32000000000255	0.9780642986297607		
2	391.68000000000256	1.316502571105957	Wilbert 12 dans un, suivie	
2	393.0400000000026	1.0082237720489502	de Wilbert, Alex Murt,	
2	394.4000000000026	0.9103388786315918		
2	395.7600000000026	1.0872652530670166	Clip, et enfin	
2	397.1200000000026	1.1123151779174805	Visual Bird. C'est notable comment les instruments	
2	398.48000000000263	0.9446089267730713	centrés sur les objets	
2	399.84000000000265	0.9814128875732422	individuels comme	
2	401.20000000000266	0.9805190563201904	l'existence et les groupes nominaux sont	
2	402.5600000000027	0.7622323036193848	presque	
2	403.9200000000027	1.0324630737304688	résolus par	
2	405.2800000000027	1.0493087768554688	Wilbert 12 dans un, soulignant	
2	406.6400000000027	0.9224729537963867	que les modèles sont capables	
2	408.00000000000273	0.939924955368042	d'identifier	
2	409.36000000000274	0.9556543827056885	des objets nommés et leur	
2	410.72000000000276	0.8142504692077637	présence dans les images.	
2	412.08000000000277	0.8450226783752441	Cependant, aucun	
2	413.4400000000028	0.9621198177337646	des éléments restants ne peut	
2	414.8000000000028	0.9370627403259277	être résolue de manière	
2	416.1600000000028	0.8609349727630615	fiable dans	
2	417.5200000000028	1.1022419929504395	nos configurations de foilage adversaire.	
2	418.88000000000284	1.019171953201294	Nous voyons dans	
2	420.24000000000285	1.2188825607299805	les instruments de pluriel et de comptage que	
2	421.60000000000286	0.9789252281188965	les modèles de vision et de langage	
2	422.9600000000029	0.8726987838745117	ont du mal à	
2	424.3200000000029	0.9319441318511963	distinguer les	
2	425.6800000000029	0.8570611476898193	références à un	
2	427.0400000000029	0.9735467433929443	objet unique versus plusieurs	
2	428.40000000000293	0.9638547897338867	objets ou à les compter dans	
2	429.76000000000295	0.9350786209106445	une image. La	
2	431.12000000000296	1.0054380893707275	pièce de relation montre	
2	432.480000000003	0.9869904518127441	qu'ils ont des difficultés à	
2	433.840000000003	0.8937668800354004	classer correctement	
2	435.200000000003	1.0385785102844238	une relation spatiale nommée entre	
2	436.560000000003	0.8743586540222168	des objets dans une image.	
2	437.92000000000303	0.8357648849487305	Ils ont	
2	439.28000000000304	0.9984700679779053	aussi du mal à distinguer	
2	440.64000000000306	0.8486733436584473	les actions et	
2	442.00000000000307	0.888364315032959	à identifier leurs	
2	443.3600000000031	1.0544602870941162	participants, même	
2	444.7200000000031	1.1989154815673828	s'ils sont soutenus par	
2	446.0800000000031	1.1751716136932373	des biais de plausibilité, comme nous le	
2	447.4400000000031	0.997809648513794	voyons dans la pièce des actions.	
2	448.80000000000314	0.9584434032440186		
2	450.16000000000315	1.0014724731445312	De la pièce d'anaphore, nous	
2	451.52000000000317	0.9040012359619141		
2	452.8800000000032	0.9906327724456787		
2	454.2400000000032	1.1178646087646484	découvrons que tracer plusieurs références au même objet dans une	
2	455.6000000000032	0.8957056999206543	image en utilisant des pronoms	
2	456.9600000000032	0.9589779376983643	est également	
2	458.32000000000323	1.0017974376678467	difficile pour les modèles de vision et de langage.	
2	459.68000000000325	1.0165741443634033	En tant que	
2	461.04000000000326	1.0783796310424805	vérification de santé, et parce que c'est	
2	462.4000000000033	1.0683014392852783	une expérience	
2	463.7600000000033	1.1484694480895996	intéressante, nous avons également mis à l'épreuve	
2	465.1200000000033	1.1716325283050537	deux modèles de texte	
2	466.4800000000033	1.1272311210632324		
2	467.84000000000333	1.153442144393921	uniquement, GPT-1 et GPT-2, pour	
2	469.20000000000334	0.9941411018371582	évaluer si	
2	470.56000000000336	1.0570902824401855	Volse est soluble par ces	
2	471.92000000000337	0.9999349117279053	modèles unimodaux en	
2	473.2800000000034	0.8904516696929932	calculant la	
2	474.6400000000034	0.975898027420044	perplexité de la	
2	476.0000000000034	1.1490354537963867	légende correcte et	
2	477.3600000000034	1.2824509143829346	de la légende	
2	478.72000000000344	1.3968334197998047	échouée, sans image ici, et en prédisant	
2	480.08000000000345	0.5311903953552246	l'entrée avec la perplexité la plus basse.	
2	481.44000000000347	0.7854681015014648		
2	482.8000000000035	1.0669751167297363	Si la perplexité est plus	
2	484.1600000000035	1.0569605827331543	élevée pour le foil, nous prenons	
2	485.5200000000035	0.8610002994537354	cela comme	
2	486.8800000000035	1.0113146305084229	une indication que	
2	488.24000000000353	1.1291015148162842	la légende foilée peut	
2	489.60000000000355	1.1309542655944824	souffrir d'un biais de	
2	490.96000000000356	0.9350111484527588	plausibilité ou d'autres biais linguistiques.	
2	492.3200000000036	0.8369791507720947		
2	493.6800000000036	0.9665544033050537	Et c'est intéressant de	
2	495.0400000000036	0.9599308967590332	voir que dans certains	
2	496.4000000000036	0.9434449672698975	cas,	
2	497.76000000000363	1.1282305717468262	les modèles de texte GPT ont capturé	
2	499.12000000000364	0.9614057540893555	la plausibilité	
2	500.48000000000366	0.994879961013794	du monde mieux que	
2	501.84000000000367	0.4308626651763916	les modèles de vision et de langage.	
2	503.2000000000037	0.8186428546905518		
2	504.5600000000037	1.0108025074005127	Donc, pour résumer,	
2	505.9200000000037	0.997711181640625		
2	507.2800000000037	1.127833604812622		
2	508.64000000000374	1.2863366603851318		
2	510.00000000000375	1.4937703609466553	Valse est un benchmark qui utilise la lentille des constructions linguistiques pour aider la	
2	511.36000000000377	1.0607843399047852	communauté à améliorer	
2	512.7200000000038	1.0684373378753662	les modèles de vision et de langage en	
2	514.0800000000038	1.0582275390625	testant	
2	515.4400000000038	0.5281639099121094	difficilement leurs capacités d'ancrage visuel.	
2	516.8000000000038	0.8330957889556885		
2	518.1600000000038	1.0105879306793213	Nos expériences montrent	
2	519.5200000000038	1.160499095916748	que les modèles de vision et de langage	
2	520.8800000000039	1.090879201889038	identifient des objets	
2	522.2400000000039	1.1061136722564697	nommés et leur présence dans	
2	523.6000000000039	1.055140733718872	les images bien, comme	
2	524.9600000000039	1.0411903858184814	le montre la pièce	
2	526.3200000000039	1.2112979888916016	d'existence, mais peinent à	
2	527.6800000000039	1.0460965633392334	ancrer	
2	529.0400000000039	1.1339356899261475	leur interdépendance et leurs	
2	530.400000000004	1.2153253555297852	relations dans des scènes visuelles	
2	531.760000000004	1.074721336364746	lorsqu'ils sont contraints de respecter	
2	533.120000000004	0.9674656391143799	des indicateurs linguistiques.	
2	534.480000000004	0.963111400604248	Nous aimerions vraiment	
2	535.840000000004	1.0222797393798828	encourager la	
2	537.200000000004	1.4666895866394043	communauté à utiliser les	
2	538.560000000004	1.1028282642364502	valves pour mesurer les progrès	
2	539.920000000004	1.0462348461151123	vers l'ancrage	
2	541.2800000000041	0.9777686595916748	linguistique avec	
2	542.6400000000041	1.1295669078826904	les modèles de vision et de langage.	
2	544.0000000000041	1.163210153579712	Et encore plus, les valves pourraient être	
2	545.3600000000041	1.0535290241241455	utilisées comme une évaluation	
2	546.7200000000041	1.1284139156341553	indirecte des	
2	548.0800000000041	1.124549150466919	ensembles de données, car les modèles pourraient être	
2	549.4400000000041	0.9471993446350098	évalués avant et	
2	550.8000000000042	1.100499153137207	après l'entraînement ou	
2	552.1600000000042	1.0043830871582031	le fine-tuning pour voir	
2	553.5200000000042	1.1080632209777832	si un ensemble de données	
2	554.8800000000042	0.1640944480895996		
2	556.2400000000042	1.0934958457946777		
2	557.6000000000042	1.1224365234375	aide les modèles à améliorer l'un des aspects testés par	
2	558.9600000000042	0.9635622501373291	Volves.	
2	560.3200000000043	1.0667445659637451	Si vous êtes intéressé, consultez	
2	561.6800000000043	1.0708470344543457	les données	
2	563.0400000000043	1.1820588111877441		
2	564.4000000000043	1.2417232990264893	sur	
2	565.7600000000043	1.2237346172332764		
2	567.1200000000043	0.7628166675567627	GitHub. Et si vous avez des questions, n'hésitez pas à nous contacter.	
2	567.8080000000043	0.27878737449645996		
