docid	audio_s	compute_s	generated	deleted
0	0.64	0.0001385211944580078		
0	1.28	0.03740262985229492		
0	1.92	0.03740501403808594		
0	2.56	0.05375361442565918		
0	3.2	0.37149691581726074	tous.	
0	3.8400000000000003	0.453474760055542	Bonjour à Aujourd'hui, je suis	tous.
0	4.48	0.4013500213623047	présenter un	suis
0	5.12	0.40744471549987793	vais présenter nos travaux de recherche.	présenter un
0	5.76	0.4897909164428711		nos travaux de recherche.
0	6.3999999999999995	0.7338771820068359	notre travail de recherche détailler la raisin ».	
0	7.039999999999999	0.632882833480835	intitulé « Apprendre à déductive ».	détailler la raisin ».
0	7.679999999999999	0.38030266761779785	raisonner de manière	déductive ».
0	8.319999999999999	0.4083263874053955	Problème de résolution métro.	
0	8.959999999999999	0.50455641746521	raisonner de manière déductive ». La résolution de problèmes de type Metro est complexe.	Problème de résolution métro.
0	9.6	0.6865236759185791	La résolution de problèmes de type Metro ». La résolution de problèmes de type Metro consiste en une extraction complexe de régions.	raisonner de manière déductive ». La résolution de problèmes de type Metro est complexe.
0	10.24	0.43226194381713867		». La résolution de problèmes de type Metro consiste en une extraction complexe de régions.
0	10.88	0.2628645896911621	Alan de	
0	11.520000000000001	0.4996984004974365	de type Metro consiste en une extraction complexe de régions. Je suis Alan, de la campagne de Biden.	Alan de
0	12.160000000000002	0.6113250255584717	Je suis laboratoire d'intelligence artificielle de Biden et	de type Metro consiste en une extraction complexe de régions. Je suis Alan, de la campagne de Biden.
0	12.800000000000002	0.7391431331634521	Alan du laboratoire d'intelligence artificielle de laboratoire d'intelligence artificielle de Biden, et ceci est un journal.	laboratoire d'intelligence artificielle de Biden et
0	13.440000000000003	0.5872941017150879	Biden, et travail conjoint avec	laboratoire d'intelligence artificielle de Biden, et ceci est un journal.
0	14.080000000000004	0.5317723751068115	il s'agit d'un du laboratoire d'intelligence artificielle de Biden, et il s'agit d'un travail conjoint avec Thierry du	travail conjoint avec
0	14.720000000000004	0.3904879093170166	Thierry l'Université.	du laboratoire d'intelligence artificielle de Biden, et il s'agit d'un travail conjoint avec Thierry du
0	15.360000000000005	0.4259977340698242	de du Texas.	l'Université.
0	16.000000000000004	0.4438300132751465	l'Université du Texas à Austin.	du Texas.
0	16.640000000000004	0.3128931522369385	Austin et	Austin.
0	17.280000000000005	0.41597795486450195	Weidou de SU.	
0	17.920000000000005	0.3747103214263916	Weiru de SUDD.	Weidou de SU.
0	18.560000000000006	0.34151220321655273		
0	19.200000000000006	0.4814107418060303	d'un travail conjoint avec Thierry de l'Université du Texas à Austin et Weiru de SUDD. Tout d'abord, je voudrais	Weiru de SUDD.
0	19.840000000000007	0.6379740238189697	parler de notre	d'un travail conjoint avec Thierry de l'Université du Texas à Austin et Weiru de SUDD. Tout d'abord, je voudrais
0	20.480000000000008	0.3598649501800537	motivation.	parler de notre
0	21.120000000000008	0.4894139766693115	parler de notre motivation pour le raisonnement.	motivation.
0	21.76000000000001	0.3435349464416504		
0	22.40000000000001	0.3762643337249756	Donc, ici nous	motivation pour le raisonnement.
0	23.04000000000001	0.373610258102417	un exemple.	Donc, ici nous
0	23.68000000000001	0.5226304531097412	Voici donc les exemples que nous montrons ici :	un exemple.
0	24.32000000000001	0.4470179080963135	un exemple où plusieurs étapes sont nécessaires.	les exemples que nous montrons ici :
0	24.96000000000001	0.6340911388397217	raisonnement en plusieurs étapes est	où plusieurs étapes sont nécessaires.
0	25.600000000000012	0.5877997875213623	montrant que le raisonnement. Voici donc un exemple montrant que le raisonnement en plusieurs étapes est utile.	raisonnement en plusieurs étapes est
0	26.240000000000013	0.39226865768432617	Cette fonctionnalité	raisonnement. Voici donc un exemple montrant que le raisonnement en plusieurs étapes est utile.
0	26.880000000000013	0.3938891887664795	figure provient de	fonctionnalité
0	27.520000000000014	0.4240748882293701	le raisonnement. Voici donc un exemple montrant que le raisonnement en plusieurs étapes est utile. Cette figure provient de Pell.	
0	28.160000000000014	0.36165285110473633	PELM.	le raisonnement. Voici donc un exemple montrant que le raisonnement en plusieurs étapes est utile. Cette figure provient de Pell.
0	28.800000000000015	0.3861846923828125	le raisonnement en plusieurs étapes est utile. Cette figure provient de l'article PELM où	PELM.
0	29.440000000000015	0.49799466133117676	ils effectuent	le raisonnement en plusieurs étapes est utile. Cette figure provient de l'article PELM où
0	30.080000000000016	0.6689009666442871	la paper PELM où prompting pour rechercher.	ils effectuent
0	30.720000000000017	0.3575303554534912	un prompting pour résoudre le	prompting pour rechercher.
0	31.360000000000017	0.3943750858306885	problème de méthode.	
0	32.000000000000014	0.32344985008239746	problème de méthode.	
0	32.640000000000015	0.1932520866394043	en plusieurs étapes est utile. Cette figure provient de la paper PELM où ils effectuent un prompting pour résoudre le problème de méthode.	problème de méthode.
0	33.280000000000015	0.19921278953552246	plusieurs étapes est utile. Cette figure provient de la paper PELM où ils effectuent un prompting pour résoudre le problème de méthode.	en plusieurs étapes est utile. Cette figure provient de la paper PELM où ils effectuent un prompting pour résoudre le problème de méthode.
0	33.920000000000016	0.2036285400390625	méthode.	plusieurs étapes est utile. Cette figure provient de la paper PELM où ils effectuent un prompting pour résoudre le problème de méthode.
0	34.56000000000002	0.6496875286102295		méthode.
0	35.20000000000002	0.7529010772705078	de méthode dans un scénario d'apprentissage par quelques exemples. Sur le réseau.	
0	35.84000000000002	0.3799934387207031	côté NetPen,	Sur le réseau.
0	36.48000000000002	0.632838249206543	Du côté nous pouvons voir que	côté NetPen,
0	37.12000000000002	0.5010542869567871	NetPen, nous pouvons voir si nous	nous pouvons voir que
0	37.76000000000002	0.5959959030151367		si nous
0	38.40000000000002	0.5625643730163574	que si nous exemples. Du côté NetPen, nous pouvons voir que si nous fournissons certains échantillons avec	
0	39.04000000000002	0.48731064796447754	fournissons exemples. Du côté NetPen, nous pouvons voir que si nous fournissons quelques exemples avec juste crash.	exemples. Du côté NetPen, nous pouvons voir que si nous fournissons certains échantillons avec
0	39.68000000000002	0.6385805606842041	étapes est utile. Cette figure provient de la paper PELM où ils effectuent un prompting pour résoudre le problème de méthode dans un scénario d'apprentissage par quelques exemples. Du côté NetPen, nous pouvons voir que si nous fournissons certains échantillons contenant uniquement des questions et des réponses.	exemples. Du côté NetPen, nous pouvons voir que si nous fournissons quelques exemples avec juste crash.
0	40.32000000000002	0.7719860076904297	certains échantillons contenant uniquement des questions et des exemples. Du côté NetPen, nous pouvons voir que si nous fournissons certains échantillons contenant uniquement des questions et des réponses, nous pourrions	étapes est utile. Cette figure provient de la paper PELM où ils effectuent un prompting pour résoudre le problème de méthode dans un scénario d'apprentissage par quelques exemples. Du côté NetPen, nous pouvons voir que si nous fournissons certains échantillons contenant uniquement des questions et des réponses.
0	40.96000000000002	0.5687911510467529	questions et des réponses, nous pourrions ne pas être	exemples. Du côté NetPen, nous pouvons voir que si nous fournissons certains échantillons contenant uniquement des questions et des réponses, nous pourrions
0	41.60000000000002	0.5399501323699951	d'obtenir	questions et des réponses, nous pourrions ne pas être
0	42.24000000000002	0.5184803009033203	en mesure réponses, nous pourrions ne pas être en mesure d'obtenir les bonnes réponses.	d'obtenir
0	42.880000000000024	0.2783074378967285		réponses, nous pourrions ne pas être en mesure d'obtenir les bonnes réponses.
0	43.520000000000024	0.37664151191711426	fournissons certains échantillons contenant uniquement des questions et des réponses, nous pourrions ne pas être en mesure d'obtenir les bonnes réponses. Mais si nous fournissons	
0	44.160000000000025	0.522608757019043	plus de recherches	fournissons certains échantillons contenant uniquement des questions et des réponses, nous pourrions ne pas être en mesure d'obtenir les bonnes réponses. Mais si nous fournissons
0	44.800000000000026	0.48488831520080566	cette question	plus de recherches
0	45.440000000000026	0.5661957263946533	descriptions de raisonnement, le modèle	cette question
0	46.08000000000003	0.6823360919952393	plus de est capable de	descriptions de raisonnement, le modèle
0	46.72000000000003	0.43265390396118164	prédire	
0	47.36000000000003	0.4953782558441162	les bonnes réponses. Mais si nous fournissons plus de descriptions de raisonnement, le modèle est capable de prédire ces descriptions de raisonnement.	
0	48.00000000000003	0.3478057384490967		les bonnes réponses. Mais si nous fournissons plus de descriptions de raisonnement, le modèle est capable de prédire ces descriptions de raisonnement.
0	48.64000000000003	0.323030948638916	Et aussi	
0	49.28000000000003	0.2479238510131836		
0	49.92000000000003	0.4999382495880127	faire une réponse correcte.	Et aussi
0	50.56000000000003	0.5275888442993164	de faire une ici.	faire une réponse correcte.
0	51.20000000000003	0.34153199195861816	prédiction correcte	ici.
0	51.84000000000003	0.1410980224609375		
0	52.48000000000003	0.14738726615905762		
0	53.12000000000003	0.14502882957458496		
0	53.76000000000003	0.4127676486968994	Il est donc bon de	
0	54.400000000000034	0.5708398818969727	d'avoir cela dans le	de
0	55.040000000000035	0.7139370441436768	réponses. Mais si nous fournissons plus de descriptions de raisonnement, le modèle est capable de prédire ces descriptions de raisonnement. Et aussi de faire une prédiction correcte ici. Il est donc bon d'avoir un raisonnement multi-étapes interprétable.	cela dans le
0	55.680000000000035	0.5805647373199463	résultats multi-étapes interprétables.	réponses. Mais si nous fournissons plus de descriptions de raisonnement, le modèle est capable de prédire ces descriptions de raisonnement. Et aussi de faire une prédiction correcte ici. Il est donc bon d'avoir un raisonnement multi-étapes interprétable.
0	56.320000000000036	0.6820685863494873	raisonnement, le modèle est capable de prédire ces descriptions de raisonnement. Et aussi de faire une prédiction correcte ici. Il est donc bon d'avoir un raisonnement multi-étapes interprétable en sortie.	résultats multi-étapes interprétables.
0	56.960000000000036	0.5820329189300537		raisonnement, le modèle est capable de prédire ces descriptions de raisonnement. Et aussi de faire une prédiction correcte ici. Il est donc bon d'avoir un raisonnement multi-étapes interprétable en sortie.
0	57.60000000000004	0.4148252010345459	Et nous avons également	
0	58.24000000000004	0.7281665802001953	multi-étapes	Et nous avons également
0	58.88000000000004	0.5570623874664307	Nous pensons également que le problème Metro	multi-étapes
0	59.52000000000004	0.4225637912750244	méthode est	Metro
0	60.16000000000004	0.46138906478881836	de simple.	méthode est
0	60.80000000000004	0.4144918918609619	application simple.	simple.
0	61.44000000000004	0.5027334690093994	une application application simple, même si	application simple.
0	62.08000000000004	0.3962099552154541	correcte ici. Il est donc bon d'avoir un raisonnement multi-étapes interprétable en sortie. Nous pensons également que le problème de méthode est une application simple pour évaluer	application simple, même si
0	62.72000000000004	0.6034119129180908	raisonnement, le modèle est capable de prédire ces descriptions de raisonnement. Et aussi de faire une prédiction correcte ici. Il est donc bon d'avoir un raisonnement multi-étapes interprétable en sortie. Nous pensons également que le problème de méthode est une application simple pour évaluer ce type de raisonnement.	correcte ici. Il est donc bon d'avoir un raisonnement multi-étapes interprétable en sortie. Nous pensons également que le problème de méthode est une application simple pour évaluer
0	63.36000000000004	0.3612484931945801		raisonnement, le modèle est capable de prédire ces descriptions de raisonnement. Et aussi de faire une prédiction correcte ici. Il est donc bon d'avoir un raisonnement multi-étapes interprétable en sortie. Nous pensons également que le problème de méthode est une application simple pour évaluer ce type de raisonnement.
0	64.00000000000004	0.36363649368286133		
0	64.64000000000004	0.24634432792663574	Les capacités.	
0	65.28000000000004	0.1449596881866455		
0	65.92000000000004	0.27497148513793945		
0	66.56000000000004	0.5454449653625488	dans notre	
0	67.20000000000005	0.5834012031555176	configuration de problème.	dans notre
0	67.84000000000005	0.6412668228149414	Donc, ici	configuration de problème.
0	68.48000000000005	0.651212215423584	dans notre configuration de problème, configuration de problème, étant donné le travail	ici
0	69.12000000000005	0.5592062473297119	étant donné questions, nous devons	configuration de problème, étant donné le travail
0	69.76000000000005	0.581641435623169	les de prédire ces descriptions de raisonnement. Et aussi de faire une prédiction correcte ici. Il est donc bon d'avoir un raisonnement multi-étapes interprétable en sortie. Nous pensons également que le problème de méthode est une application simple pour évaluer ce type de raisonnement. Les capacités. Donc, dans notre configuration de problème, étant donné les questions, nous devons résoudre ceci.	questions, nous devons
0	70.40000000000005	0.47148752212524414	résoudre cette question et	de prédire ces descriptions de raisonnement. Et aussi de faire une prédiction correcte ici. Il est donc bon d'avoir un raisonnement multi-étapes interprétable en sortie. Nous pensons également que le problème de méthode est une application simple pour évaluer ce type de raisonnement. Les capacités. Donc, dans notre configuration de problème, étant donné les questions, nous devons résoudre ceci.
0	71.04000000000005	0.4586789608001709	obtenir	
0	71.68000000000005	0.18865418434143066		
0	72.32000000000005	0.4566030502319336	réponses. Mais si nous fournissons plus de descriptions de raisonnement, le modèle est capable de prédire ces descriptions de raisonnement. Et aussi de faire une prédiction correcte ici. Il est donc bon d'avoir un raisonnement multi-étapes interprétable en sortie. Nous pensons également que le problème de méthode est une application simple pour évaluer ce type de raisonnement. Les capacités. Donc, dans notre configuration de problème, étant donné les questions, nous devons résoudre cette question et obtenir la réponse numérique.	obtenir
0	72.96000000000005	0.467221736907959	réponses. Mais si nous fournissons plus de descriptions de raisonnement, le modèle est capable de prédire ces descriptions de raisonnement. Et aussi de faire une prédiction correcte ici. Il est donc bon d'avoir un raisonnement multi-étapes interprétable en sortie. Nous pensons également que le problème de méthode est une application simple pour évaluer ce type de raisonnement. Les capacités. Donc, dans notre configuration de problème, étant donné les questions, nous devons résoudre cette question et obtenir les réponses numériques.	réponses. Mais si nous fournissons plus de descriptions de raisonnement, le modèle est capable de prédire ces descriptions de raisonnement. Et aussi de faire une prédiction correcte ici. Il est donc bon d'avoir un raisonnement multi-étapes interprétable en sortie. Nous pensons également que le problème de méthode est une application simple pour évaluer ce type de raisonnement. Les capacités. Donc, dans notre configuration de problème, étant donné les questions, nous devons résoudre cette question et obtenir la réponse numérique.
0	73.60000000000005	0.571061372756958	Donc, dans	réponses. Mais si nous fournissons plus de descriptions de raisonnement, le modèle est capable de prédire ces descriptions de raisonnement. Et aussi de faire une prédiction correcte ici. Il est donc bon d'avoir un raisonnement multi-étapes interprétable en sortie. Nous pensons également que le problème de méthode est une application simple pour évaluer ce type de raisonnement. Les capacités. Donc, dans notre configuration de problème, étant donné les questions, nous devons résoudre cette question et obtenir les réponses numériques.
0	74.24000000000005	0.6126241683959961	notre jeu de données	
0	74.88000000000005	0.615851640701294	multi-étapes interprétable en sortie. Nous pensons également que le problème de méthode est une application simple pour évaluer ce type de raisonnement. Les capacités. Donc, dans notre configuration de problème, étant donné les questions, nous devons résoudre cette question et obtenir les réponses numériques. Donc, dans nos jeux de données, nous sommes	notre jeu de données
0	75.52000000000005	0.6829438209533691	également donnés	multi-étapes interprétable en sortie. Nous pensons également que le problème de méthode est une application simple pour évaluer ce type de raisonnement. Les capacités. Donc, dans notre configuration de problème, étant donné les questions, nous devons résoudre cette question et obtenir les réponses numériques. Donc, dans nos jeux de données, nous sommes
0	76.16000000000005	0.5546743869781494	les mathématiques	
0	76.80000000000005	0.5674009323120117	l'expression mathématique.	les mathématiques
0	77.44000000000005	0.3512442111968994		
0	78.08000000000006	0.47783660888671875	conduit à	l'expression mathématique.
0	78.72000000000006	0.49864935874938965		conduit à
0	79.36000000000006	0.5510845184326172	cela.	
0	80.00000000000006	0.6171131134033203	Ce qui conduit à cette particularité	cela.
0	80.64000000000006	0.4838683605194092	réponse particulière.	particularité
0	81.28000000000006	0.45386648178100586	réponse particulière.	
0	81.92000000000006	0.15209007263183594		réponse particulière.
0	82.56000000000006	0.14376592636108398		
0	83.20000000000006	0.5104272365570068	capacités. Donc, dans notre configuration de problème, étant donné les questions, nous devons résoudre cette question et obtenir les réponses numériques. Donc, dans nos jeux de données, nous sommes également donnés l'expression mathématique. Ce qui conduit à cette réponse particulière. Donc certaines hypothèses.	
0	83.84000000000006	0.486630916595459	Donc certaines capacités. Donc, dans notre configuration de problème, étant donné les questions, nous devons résoudre cette question et obtenir les réponses numériques. Donc, dans nos jeux de données, nous sommes également donnés l'expression mathématique. Ce qui conduit à cette réponse particulière. Donc certaines hypothèses	capacités. Donc, dans notre configuration de problème, étant donné les questions, nous devons résoudre cette question et obtenir les réponses numériques. Donc, dans nos jeux de données, nous sommes également donnés l'expression mathématique. Ce qui conduit à cette réponse particulière. Donc certaines hypothèses.
0	84.48000000000006	0.486116886138916	sont également	capacités. Donc, dans notre configuration de problème, étant donné les questions, nous devons résoudre cette question et obtenir les réponses numériques. Donc, dans nos jeux de données, nous sommes également donnés l'expression mathématique. Ce qui conduit à cette réponse particulière. Donc certaines hypothèses
0	85.12000000000006	0.5876896381378174		sont également
0	85.76000000000006	0.7980873584747314	s'appliquent également dans les travaux précédents.	
0	86.40000000000006	0.3835434913635254	comme	dans les travaux précédents.
0	87.04000000000006	0.5247802734375		
0	87.68000000000006	0.6212728023529053	Nous supposons précision de	
0	88.32000000000006	0.823897123336792	quantités n'est pas très importante à faire.	précision de
0	88.96000000000006	0.653289794921875	que la précision des quantités connue.	quantités n'est pas très importante à faire.
0	89.60000000000007	0.6133527755737305	est connue et nous ne faisons que	connue.
0	90.24000000000007	0.6187419891357422		faisons que
0	90.88000000000007	0.5293679237365723	considérons que	
0	91.52000000000007	0.647486686706543	numériques. Donc, dans nos jeux de données, nous sommes également donnés l'expression mathématique. Ce qui conduit à cette réponse particulière. Donc certaines hypothèses s'appliquent également comme dans les travaux précédents. Nous supposons que la précision des quantités est connue et nous ne considérons que des opérateurs de base tels que	
0	92.16000000000007	0.7949798107147217		numériques. Donc, dans nos jeux de données, nous sommes également donnés l'expression mathématique. Ce qui conduit à cette réponse particulière. Donc certaines hypothèses s'appliquent également comme dans les travaux précédents. Nous supposons que la précision des quantités est connue et nous ne considérons que des opérateurs de base tels que
0	92.80000000000007	0.5325415134429932	l'addition,	
0	93.44000000000007	0.7006392478942871	soustraction,	
0	94.08000000000007	0.5944509506225586	la soustraction, la multiplication,	soustraction,
0	94.72000000000007	0.5757122039794922	l'addition, la soustraction, la multiplication, la division,	soustraction, la multiplication,
0	95.36000000000007	0.49895548820495605	et	l'addition, la soustraction, la multiplication, la division,
0	96.00000000000007	0.5603823661804199	l'exponentiation.	
0	96.64000000000007	0.3064305782318115		
0	97.28000000000007	0.14935541152954102		l'exponentiation.
0	97.92000000000007	0.5593709945678711	Donc, dans nos jeux de données, nous sommes également donnés l'expression mathématique. Ce qui conduit à cette réponse particulière. Donc certaines hypothèses s'appliquent également comme dans les travaux précédents. Nous supposons que la précision des quantités est connue et nous ne considérons que des opérateurs de base tels que l'addition, la soustraction, la multiplication, la division, et l'exponentiation. De plus, peut être	
0	98.56000000000007	0.718317985534668	De plus,	Donc, dans nos jeux de données, nous sommes également donnés l'expression mathématique. Ce qui conduit à cette réponse particulière. Donc certaines hypothèses s'appliquent également comme dans les travaux précédents. Nous supposons que la précision des quantités est connue et nous ne considérons que des opérateurs de base tels que l'addition, la soustraction, la multiplication, la division, et l'exponentiation. De plus, peut être
0	99.20000000000007	0.6107385158538818	peuvent être	
0	99.84000000000007	0.8067073822021484	les opérateurs complexes peuvent particulière. Donc certaines hypothèses s'appliquent également comme dans les travaux précédents. Nous supposons que la précision des quantités est connue et nous ne considérons que des opérateurs de base tels que l'addition, la soustraction, la multiplication, la division, et l'exponentiation. De plus, les opérateurs complexes peuvent en fait être différents.	peuvent être
0	100.48000000000008	0.7960903644561768	en fait être décomposés en ceux-ci.	particulière. Donc certaines hypothèses s'appliquent également comme dans les travaux précédents. Nous supposons que la précision des quantités est connue et nous ne considérons que des opérateurs de base tels que l'addition, la soustraction, la multiplication, la division, et l'exponentiation. De plus, les opérateurs complexes peuvent en fait être différents.
0	101.12000000000008	0.7283248901367188	cette réponse particulière. Donc certaines hypothèses s'appliquent également comme dans les travaux précédents. Nous supposons que la précision des quantités est connue et nous ne considérons que des opérateurs de base tels que l'addition, la soustraction, la multiplication, la division, et l'exponentiation. De plus, les opérateurs complexes peuvent en fait être décomposés en ces opérations de base.	ceux-ci.
0	101.76000000000008	0.6260764598846436	ces précédents. Nous supposons que la précision des quantités est connue et nous ne considérons que des opérateurs de base tels que l'addition, la soustraction, la multiplication, la division, et l'exponentiation. De plus, les opérateurs complexes peuvent en fait être décomposés en ces opérateurs de base.	cette réponse particulière. Donc certaines hypothèses s'appliquent également comme dans les travaux précédents. Nous supposons que la précision des quantités est connue et nous ne considérons que des opérateurs de base tels que l'addition, la soustraction, la multiplication, la division, et l'exponentiation. De plus, les opérateurs complexes peuvent en fait être décomposés en ces opérations de base.
0	102.40000000000008	0.34579896926879883		précédents. Nous supposons que la précision des quantités est connue et nous ne considérons que des opérateurs de base tels que l'addition, la soustraction, la multiplication, la division, et l'exponentiation. De plus, les opérateurs complexes peuvent en fait être décomposés en ces opérateurs de base.
0	103.04000000000008	0.4234449863433838	Donc	
0	103.68000000000008	0.6010148525238037		
0	104.32000000000008	0.5774979591369629	les travaux précédents	Donc
0	104.96000000000008	0.5892035961151123		
0	105.60000000000008	0.6149117946624756	sur	
0	106.24000000000008	0.6440210342407227	la résolution de problèmes de méthode	
0	106.88000000000008	0.5280194282531738		
0	107.52000000000008	0.555659294128418	ont en fait pu	
0	108.16000000000008	0.5038149356842041	catégoriser	
0	108.80000000000008	0.5758090019226074		catégoriser
0	109.44000000000008	0.8196566104888916	être catégorisés en séquence à séquence.	
0	110.08000000000008	0.7294023036956787	séquence à	séquence.
0	110.72000000000008	0.706089973449707	et arbre modèles.	à
0	111.36000000000008	0.23644399642944336		
0	112.00000000000009	0.13805127143859863		arbre modèles.
0	112.64000000000009	0.5669231414794922	Donc choix.	
0	113.28000000000009	0.5991742610931396	traditionnellement séquence	choix.
0	113.92000000000009	0.6977095603942871	séquence.	traditionnellement séquence
0	114.56000000000009	0.7195239067077637		séquence.
0	115.20000000000009	0.8199477195739746	les modèles traditionnels séquence à séquence	
0	115.84000000000009	0.6839025020599365	convertissent un	
0	116.48000000000009	0.6990172863006592	l'expression en spécifique.	un
0	117.12000000000009	0.6645081043243408	une séquence séquence et séquence à arbre modèles. Donc les modèles traditionnels séquence à séquence convertissent l'expression en une séquence spécifique pour la génération.	spécifique.
0	117.76000000000009	0.30243754386901855		séquence et séquence à arbre modèles. Donc les modèles traditionnels séquence à séquence convertissent l'expression en une séquence spécifique pour la génération.
0	118.40000000000009	0.5657663345336914		
0	119.04000000000009	0.6356141567230225	Et c'est	
0	119.68000000000009	0.6657896041870117	assez facile à	
0	120.32000000000009	0.5560839176177979		
0	120.9600000000001	0.7311086654663086	division, et l'exponentiation. De plus, les opérateurs complexes peuvent en fait être décomposés en ces opérateurs de base. Donc les travaux précédents sur la résolution de problèmes de méthode ont en fait pu être catégorisés en séquence à séquence et séquence à arbre modèles. Donc les modèles traditionnels séquence à séquence convertissent l'expression en une séquence spécifique pour la génération. Et c'est assez facile à implémenter, et il peut générer	
0	121.6000000000001	0.722527265548706	peuvent en fait être décomposés en ces opérateurs de base. Donc les travaux précédents sur la résolution de problèmes de méthode ont en fait pu être catégorisés en séquence à séquence et séquence à arbre modèles. Donc les modèles traditionnels séquence à séquence convertissent l'expression en une séquence spécifique pour la génération. Et c'est assez facile à implémenter et cela peut généraliser à	division, et l'exponentiation. De plus, les opérateurs complexes peuvent en fait être décomposés en ces opérateurs de base. Donc les travaux précédents sur la résolution de problèmes de méthode ont en fait pu être catégorisés en séquence à séquence et séquence à arbre modèles. Donc les modèles traditionnels séquence à séquence convertissent l'expression en une séquence spécifique pour la génération. Et c'est assez facile à implémenter, et il peut générer
0	122.2400000000001	0.745297908782959		peuvent en fait être décomposés en ces opérateurs de base. Donc les travaux précédents sur la résolution de problèmes de méthode ont en fait pu être catégorisés en séquence à séquence et séquence à arbre modèles. Donc les modèles traditionnels séquence à séquence convertissent l'expression en une séquence spécifique pour la génération. Et c'est assez facile à implémenter et cela peut généraliser à
0	122.8800000000001	0.5623478889465332	m	
0	123.5200000000001	0.524467945098877	beaucoup de différents	
0	124.1600000000001	0.5423069000244141	l'exponentiation. De plus, les opérateurs complexes peuvent en fait être décomposés en ces opérateurs de base. Donc les travaux précédents sur la résolution de problèmes de méthode ont en fait pu être catégorisés en séquence à séquence et séquence à arbre modèles. Donc les modèles traditionnels séquence à séquence convertissent l'expression en une séquence spécifique pour la génération. Et c'est assez facile à implémenter et cela peut généraliser à m beaucoup de différents combinaisons.	
0	124.8000000000001	0.6052556037902832	complexes peuvent en fait être décomposés en ces opérateurs de base. Donc les travaux précédents sur la résolution de problèmes de méthode ont en fait pu être catégorisés en séquence à séquence et séquence à arbre modèles. Donc les modèles traditionnels séquence à séquence convertissent l'expression en une séquence spécifique pour la génération. Et c'est assez facile à implémenter et cela peut généraliser à m beaucoup de différents problèmes compliqués.	l'exponentiation. De plus, les opérateurs complexes peuvent en fait être décomposés en ces opérateurs de base. Donc les travaux précédents sur la résolution de problèmes de méthode ont en fait pu être catégorisés en séquence à séquence et séquence à arbre modèles. Donc les modèles traditionnels séquence à séquence convertissent l'expression en une séquence spécifique pour la génération. Et c'est assez facile à implémenter et cela peut généraliser à m beaucoup de différents combinaisons.
0	125.4400000000001	0.5347716808319092	problèmes l'exponentiation. De plus, les opérateurs complexes peuvent en fait être décomposés en ces opérateurs de base. Donc les travaux précédents sur la résolution de problèmes de méthode ont en fait pu être catégorisés en séquence à séquence et séquence à arbre modèles. Donc les modèles traditionnels séquence à séquence convertissent l'expression en une séquence spécifique pour la génération. Et c'est assez facile à implémenter et cela peut généraliser à m beaucoup de différents problèmes complexes.	complexes peuvent en fait être décomposés en ces opérateurs de base. Donc les travaux précédents sur la résolution de problèmes de méthode ont en fait pu être catégorisés en séquence à séquence et séquence à arbre modèles. Donc les modèles traditionnels séquence à séquence convertissent l'expression en une séquence spécifique pour la génération. Et c'est assez facile à implémenter et cela peut généraliser à m beaucoup de différents problèmes compliqués.
0	126.0800000000001	0.7289106845855713	quantités est connue et nous ne considérons que des opérateurs de base tels que l'addition, la soustraction, la multiplication, la division, et l'exponentiation. De plus, les opérateurs complexes peuvent en fait être décomposés en ces opérateurs de base. Donc les travaux précédents sur la résolution de problèmes de méthode ont en fait pu être catégorisés en séquence à séquence et séquence à arbre modèles. Donc les modèles traditionnels séquence à séquence convertissent l'expression en une séquence spécifique pour la génération. Et c'est assez facile à implémenter et cela peut généraliser à m beaucoup de différents problèmes complexes. Mais les inconvénients de	l'exponentiation. De plus, les opérateurs complexes peuvent en fait être décomposés en ces opérateurs de base. Donc les travaux précédents sur la résolution de problèmes de méthode ont en fait pu être catégorisés en séquence à séquence et séquence à arbre modèles. Donc les modèles traditionnels séquence à séquence convertissent l'expression en une séquence spécifique pour la génération. Et c'est assez facile à implémenter et cela peut généraliser à m beaucoup de différents problèmes complexes.
0	126.7200000000001	0.7243623733520508	Mais les inconvénients est connue et nous ne considérons que des opérateurs de base tels que l'addition, la soustraction, la multiplication, la division, et l'exponentiation. De plus, les opérateurs complexes peuvent en fait être décomposés en ces opérateurs de base. Donc les travaux précédents sur la résolution de problèmes de méthode ont en fait pu être catégorisés en séquence à séquence et séquence à arbre modèles. Donc les modèles traditionnels séquence à séquence convertissent l'expression en une séquence spécifique pour la génération. Et c'est assez facile à implémenter et cela peut généraliser à m beaucoup de différents problèmes complexes. Mais les inconvénients sont les performances	quantités est connue et nous ne considérons que des opérateurs de base tels que l'addition, la soustraction, la multiplication, la division, et l'exponentiation. De plus, les opérateurs complexes peuvent en fait être décomposés en ces opérateurs de base. Donc les travaux précédents sur la résolution de problèmes de méthode ont en fait pu être catégorisés en séquence à séquence et séquence à arbre modèles. Donc les modèles traditionnels séquence à séquence convertissent l'expression en une séquence spécifique pour la génération. Et c'est assez facile à implémenter et cela peut généraliser à m beaucoup de différents problèmes complexes. Mais les inconvénients de
0	127.3600000000001	0.6273882389068604	l'exponentiation. De plus, les opérateurs complexes peuvent en fait être décomposés en ces opérateurs de base. Donc les travaux précédents sur la résolution de problèmes de méthode ont en fait pu être catégorisés en séquence à séquence et séquence à arbre modèles. Donc les modèles traditionnels séquence à séquence convertissent l'expression en une séquence spécifique pour la génération. Et c'est assez facile à implémenter et cela peut généraliser à m beaucoup de différents problèmes complexes. Mais les inconvénients de la performance sont en fait	est connue et nous ne considérons que des opérateurs de base tels que l'addition, la soustraction, la multiplication, la division, et l'exponentiation. De plus, les opérateurs complexes peuvent en fait être décomposés en ces opérateurs de base. Donc les travaux précédents sur la résolution de problèmes de méthode ont en fait pu être catégorisés en séquence à séquence et séquence à arbre modèles. Donc les modèles traditionnels séquence à séquence convertissent l'expression en une séquence spécifique pour la génération. Et c'est assez facile à implémenter et cela peut généraliser à m beaucoup de différents problèmes complexes. Mais les inconvénients sont les performances
0	128.00000000000009	0.6750361919403076		l'exponentiation. De plus, les opérateurs complexes peuvent en fait être décomposés en ces opérateurs de base. Donc les travaux précédents sur la résolution de problèmes de méthode ont en fait pu être catégorisés en séquence à séquence et séquence à arbre modèles. Donc les modèles traditionnels séquence à séquence convertissent l'expression en une séquence spécifique pour la génération. Et c'est assez facile à implémenter et cela peut généraliser à m beaucoup de différents problèmes complexes. Mais les inconvénients de la performance sont en fait
0	128.64000000000007	0.4575963020324707		
0	129.28000000000006	0.5866949558258057	généralement en ces opérateurs de base. Donc les travaux précédents sur la résolution de problèmes de méthode ont en fait pu être catégorisés en séquence à séquence et séquence à arbre modèles. Donc les modèles traditionnels séquence à séquence convertissent l'expression en une séquence spécifique pour la génération. Et c'est assez facile à implémenter et cela peut généraliser à m beaucoup de différents problèmes complexes. Mais les inconvénients de la performance sont en fait généralement pas meilleurs que.	
0	129.92000000000004	0.6405630111694336	pas meilleurs en ces opérateurs de base. Donc les travaux précédents sur la résolution de problèmes de méthode ont en fait pu être catégorisés en séquence à séquence et séquence à arbre modèles. Donc les modèles traditionnels séquence à séquence convertissent l'expression en une séquence spécifique pour la génération. Et c'est assez facile à implémenter et cela peut généraliser à m beaucoup de différents problèmes complexes. Mais les inconvénients de la performance sont en fait généralement pas meilleurs que la structure.	en ces opérateurs de base. Donc les travaux précédents sur la résolution de problèmes de méthode ont en fait pu être catégorisés en séquence à séquence et séquence à arbre modèles. Donc les modèles traditionnels séquence à séquence convertissent l'expression en une séquence spécifique pour la génération. Et c'est assez facile à implémenter et cela peut généraliser à m beaucoup de différents problèmes complexes. Mais les inconvénients de la performance sont en fait généralement pas meilleurs que.
0	130.56000000000003	0.6692008972167969	que modèles. Donc les modèles traditionnels séquence à séquence convertissent l'expression en une séquence spécifique pour la génération. Et c'est assez facile à implémenter et cela peut généraliser à m beaucoup de différents problèmes complexes. Mais les inconvénients de la performance sont en fait généralement pas meilleurs que les modèles structurels.	en ces opérateurs de base. Donc les travaux précédents sur la résolution de problèmes de méthode ont en fait pu être catégorisés en séquence à séquence et séquence à arbre modèles. Donc les modèles traditionnels séquence à séquence convertissent l'expression en une séquence spécifique pour la génération. Et c'est assez facile à implémenter et cela peut généraliser à m beaucoup de différents problèmes complexes. Mais les inconvénients de la performance sont en fait généralement pas meilleurs que la structure.
0	131.20000000000002	0.7669939994812012	les modèles	modèles. Donc les modèles traditionnels séquence à séquence convertissent l'expression en une séquence spécifique pour la génération. Et c'est assez facile à implémenter et cela peut généraliser à m beaucoup de différents problèmes complexes. Mais les inconvénients de la performance sont en fait généralement pas meilleurs que les modèles structurels.
0	131.84	0.6321203708648682	et nous ne considérons que des opérateurs de base tels que l'addition, la soustraction, la multiplication, la division, et l'exponentiation. De plus, les opérateurs complexes peuvent en fait être décomposés en ces opérateurs de base. Donc les travaux précédents sur la résolution de problèmes de méthode ont en fait pu être catégorisés en séquence à séquence et séquence à arbre modèles. Donc les modèles traditionnels séquence à séquence convertissent l'expression en une séquence spécifique pour la génération. Et c'est assez facile à implémenter et cela peut généraliser à m beaucoup de différents problèmes complexes. Mais les inconvénients de la performance sont en fait généralement pas meilleurs que les modèles structurels et il manque de	
0	132.48	0.7981312274932861	structurels et il manque	et nous ne considérons que des opérateurs de base tels que l'addition, la soustraction, la multiplication, la division, et l'exponentiation. De plus, les opérateurs complexes peuvent en fait être décomposés en ces opérateurs de base. Donc les travaux précédents sur la résolution de problèmes de méthode ont en fait pu être catégorisés en séquence à séquence et séquence à arbre modèles. Donc les modèles traditionnels séquence à séquence convertissent l'expression en une séquence spécifique pour la génération. Et c'est assez facile à implémenter et cela peut généraliser à m beaucoup de différents problèmes complexes. Mais les inconvénients de la performance sont en fait généralement pas meilleurs que les modèles structurels et il manque de
0	133.11999999999998	0.6877317428588867	pour la génération. Et c'est assez facile à implémenter et cela peut généraliser à m beaucoup de différents problèmes complexes. Mais les inconvénients de la performance sont en fait généralement pas meilleurs que les modèles structurels et il manque l'interprétabilité pour.	
0	133.75999999999996	0.7827038764953613	l'interprétabilité pour la génération. Et c'est assez facile à implémenter et cela peut généraliser à m beaucoup de différents problèmes complexes. Mais les inconvénients de la performance sont en fait généralement pas meilleurs que les modèles structurels et il manque l'interprétabilité pour la prédiction.	pour la génération. Et c'est assez facile à implémenter et cela peut généraliser à m beaucoup de différents problèmes complexes. Mais les inconvénients de la performance sont en fait généralement pas meilleurs que les modèles structurels et il manque l'interprétabilité pour.
0	134.39999999999995	0.3147885799407959		génération. Et c'est assez facile à implémenter et cela peut généraliser à m beaucoup de différents problèmes complexes. Mais les inconvénients de la performance sont en fait généralement pas meilleurs que les modèles structurels et il manque l'interprétabilité pour la prédiction.
0	135.03999999999994	0.14286398887634277		
0	135.67999999999992	0.6007957458496094		
0	136.3199999999999	0.7760798931121826	Mais en	
0	136.9599999999999	0.7430136203765869	fait, cette direction est fait pu être catégorisés en séquence à séquence et séquence à arbre modèles. Donc les modèles traditionnels séquence à séquence convertissent l'expression en une séquence spécifique pour la génération. Et c'est assez facile à implémenter et cela peut généraliser à m beaucoup de différents problèmes complexes. Mais les inconvénients de la performance sont en fait généralement pas meilleurs que les modèles structurels et il manque l'interprétabilité pour la prédiction. Mais en fait, cette direction est encore assez populaire.	
0	137.59999999999988	0.5978250503540039	encore assez	fait pu être catégorisés en séquence à séquence et séquence à arbre modèles. Donc les modèles traditionnels séquence à séquence convertissent l'expression en une séquence spécifique pour la génération. Et c'est assez facile à implémenter et cela peut généraliser à m beaucoup de différents problèmes complexes. Mais les inconvénients de la performance sont en fait généralement pas meilleurs que les modèles structurels et il manque l'interprétabilité pour la prédiction. Mais en fait, cette direction est encore assez populaire.
0	138.23999999999987	0.5346779823303223	populaire parce que	
0	138.87999999999985	0.5355331897735596		
0	139.51999999999984	0.6125032901763916	du modèles. Donc les modèles traditionnels séquence à séquence convertissent l'expression en une séquence spécifique pour la génération. Et c'est assez facile à implémenter et cela peut généraliser à m beaucoup de différents problèmes complexes. Mais les inconvénients de la performance sont en fait généralement pas meilleurs que les modèles structurels et il manque l'interprétabilité pour la prédiction. Mais en fait, cette direction est encore assez populaire parce que du modèle transformateur.	
0	140.15999999999983	0.2788279056549072		modèles. Donc les modèles traditionnels séquence à séquence convertissent l'expression en une séquence spécifique pour la génération. Et c'est assez facile à implémenter et cela peut généraliser à m beaucoup de différents problèmes complexes. Mais les inconvénients de la performance sont en fait généralement pas meilleurs que les modèles structurels et il manque l'interprétabilité pour la prédiction. Mais en fait, cette direction est encore assez populaire parce que du modèle transformateur.
0	140.7999999999998	0.15078091621398926		
0	141.4399999999998	0.14838457107543945		
0	142.07999999999979	0.5018424987792969		
0	142.71999999999977	0.5009634494781494	Donc dans	
0	143.35999999999976	0.701556921005249	arbre modèles. Donc les modèles traditionnels séquence à séquence convertissent l'expression en une séquence spécifique pour la génération. Et c'est assez facile à implémenter et cela peut généraliser à m beaucoup de différents problèmes complexes. Mais les inconvénients de la performance sont en fait généralement pas meilleurs que les modèles structurels et il manque l'interprétabilité pour la prédiction. Mais en fait, cette direction est encore assez populaire parce que du modèle transformateur. Donc dans les modèles basés sur les arbres.	
0	143.99999999999974	0.8248946666717529	les modèles basés sur modèles. Donc les modèles traditionnels séquence à séquence convertissent l'expression en une séquence spécifique pour la génération. Et c'est assez facile à implémenter et cela peut généraliser à m beaucoup de différents problèmes complexes. Mais les inconvénients de la performance sont en fait généralement pas meilleurs que les modèles structurels et il manque l'interprétabilité pour la prédiction. Mais en fait, cette direction est encore assez populaire parce que du modèle transformateur. Donc dans les modèles basés sur des arbres, nous ajoutons	arbre modèles. Donc les modèles traditionnels séquence à séquence convertissent l'expression en une séquence spécifique pour la génération. Et c'est assez facile à implémenter et cela peut généraliser à m beaucoup de différents problèmes complexes. Mais les inconvénients de la performance sont en fait généralement pas meilleurs que les modèles structurels et il manque l'interprétabilité pour la prédiction. Mais en fait, cette direction est encore assez populaire parce que du modèle transformateur. Donc dans les modèles basés sur les arbres.
0	144.63999999999973	0.754091739654541	des arbres, nous	modèles. Donc les modèles traditionnels séquence à séquence convertissent l'expression en une séquence spécifique pour la génération. Et c'est assez facile à implémenter et cela peut généraliser à m beaucoup de différents problèmes complexes. Mais les inconvénients de la performance sont en fait généralement pas meilleurs que les modèles structurels et il manque l'interprétabilité pour la prédiction. Mais en fait, cette direction est encore assez populaire parce que du modèle transformateur. Donc dans les modèles basés sur des arbres, nous ajoutons
0	145.27999999999972	0.6639952659606934	l'expression en une séquence spécifique pour la génération. Et c'est assez facile à implémenter et cela peut généraliser à m beaucoup de différents problèmes complexes. Mais les inconvénients de la performance sont en fait généralement pas meilleurs que les modèles structurels et il manque l'interprétabilité pour la prédiction. Mais en fait, cette direction est encore assez populaire parce que du modèle transformateur. Donc dans les modèles basés sur des arbres, nous structurons en fait cette expression.	
0	145.9199999999997	0.7059762477874756	structurons en fait ces descriptions de raisonnement. Et aussi de faire une prédiction correcte ici. Il est donc bon d'avoir un raisonnement multi-étapes interprétable en sortie. Nous pensons également que le problème de méthode est une application simple pour évaluer ce type de raisonnement. Les capacités. Donc, dans notre configuration de problème, étant donné les questions, nous devons résoudre cette question et obtenir les réponses numériques. Donc, dans nos jeux de données, nous sommes également donnés l'expression mathématique. Ce qui conduit à cette réponse particulière. Donc certaines hypothèses s'appliquent également comme dans les travaux précédents. Nous supposons que la précision des quantités est connue et nous ne considérons que des opérateurs de base tels que l'addition, la soustraction, la multiplication, la division, et l'exponentiation. De plus, les opérateurs complexes peuvent en fait être décomposés en ces opérateurs de base. Donc les travaux précédents sur la résolution de problèmes de méthode ont en fait pu être catégorisés en séquence à séquence et séquence à arbre modèles. Donc les modèles traditionnels séquence à séquence convertissent l'expression en une séquence spécifique pour la génération. Et c'est assez facile à implémenter et cela peut généraliser à m beaucoup de différents problèmes complexes. Mais les inconvénients de la performance sont en fait généralement pas meilleurs que les modèles structurels et il manque l'interprétabilité pour la prédiction. Mais en fait, cette direction est encore assez populaire parce que du modèle transformateur. Donc dans les modèles basés sur des arbres, nous structurons en fait ces expressions en un	l'expression en une séquence spécifique pour la génération. Et c'est assez facile à implémenter et cela peut généraliser à m beaucoup de différents problèmes complexes. Mais les inconvénients de la performance sont en fait généralement pas meilleurs que les modèles structurels et il manque l'interprétabilité pour la prédiction. Mais en fait, cette direction est encore assez populaire parce que du modèle transformateur. Donc dans les modèles basés sur des arbres, nous structurons en fait cette expression.
0	146.5599999999997	0.595684289932251		descriptions de raisonnement. Et aussi de faire une prédiction correcte ici. Il est donc bon d'avoir un raisonnement multi-étapes interprétable en sortie. Nous pensons également que le problème de méthode est une application simple pour évaluer ce type de raisonnement. Les capacités. Donc, dans notre configuration de problème, étant donné les questions, nous devons résoudre cette question et obtenir les réponses numériques. Donc, dans nos jeux de données, nous sommes également donnés l'expression mathématique. Ce qui conduit à cette réponse particulière. Donc certaines hypothèses s'appliquent également comme dans les travaux précédents. Nous supposons que la précision des quantités est connue et nous ne considérons que des opérateurs de base tels que l'addition, la soustraction, la multiplication, la division, et l'exponentiation. De plus, les opérateurs complexes peuvent en fait être décomposés en ces opérateurs de base. Donc les travaux précédents sur la résolution de problèmes de méthode ont en fait pu être catégorisés en séquence à séquence et séquence à arbre modèles. Donc les modèles traditionnels séquence à séquence convertissent l'expression en une séquence spécifique pour la génération. Et c'est assez facile à implémenter et cela peut généraliser à m beaucoup de différents problèmes complexes. Mais les inconvénients de la performance sont en fait généralement pas meilleurs que les modèles structurels et il manque l'interprétabilité pour la prédiction. Mais en fait, cette direction est encore assez populaire parce que du modèle transformateur. Donc dans les modèles basés sur des arbres, nous structurons en fait ces expressions en un
0	147.19999999999968	0.6024425029754639		
0	147.83999999999966	0.7286648750305176	format d'arbre et un raisonnement multi-étapes interprétable en sortie. Nous pensons également que le problème de méthode est une application simple pour évaluer ce type de raisonnement. Les capacités. Donc, dans notre configuration de problème, étant donné les questions, nous devons résoudre cette question et obtenir les réponses numériques. Donc, dans nos jeux de données, nous sommes également donnés l'expression mathématique. Ce qui conduit à cette réponse particulière. Donc certaines hypothèses s'appliquent également comme dans les travaux précédents. Nous supposons que la précision des quantités est connue et nous ne considérons que des opérateurs de base tels que l'addition, la soustraction, la multiplication, la division, et l'exponentiation. De plus, les opérateurs complexes peuvent en fait être décomposés en ces opérateurs de base. Donc les travaux précédents sur la résolution de problèmes de méthode ont en fait pu être catégorisés en séquence à séquence et séquence à arbre modèles. Donc les modèles traditionnels séquence à séquence convertissent l'expression en une séquence spécifique pour la génération. Et c'est assez facile à implémenter et cela peut généraliser à m beaucoup de différents problèmes complexes. Mais les inconvénients de la performance sont en fait généralement pas meilleurs que les modèles structurels et il manque l'interprétabilité pour la prédiction. Mais en fait, cette direction est encore assez populaire parce que du modèle transformateur. Donc dans les modèles basés sur des arbres, nous structurons en fait ces expressions en un format d'arbre et suivons un pré	
0	148.47999999999965	0.7009813785552979	suivons un prédiction correcte ici. Il est donc bon d'avoir un raisonnement multi-étapes interprétable en sortie. Nous pensons également que le problème de méthode est une application simple pour évaluer ce type de raisonnement. Les capacités. Donc, dans notre configuration de problème, étant donné les questions, nous devons résoudre cette question et obtenir les réponses numériques. Donc, dans nos jeux de données, nous sommes également donnés l'expression mathématique. Ce qui conduit à cette réponse particulière. Donc certaines hypothèses s'appliquent également comme dans les travaux précédents. Nous supposons que la précision des quantités est connue et nous ne considérons que des opérateurs de base tels que l'addition, la soustraction, la multiplication, la division, et l'exponentiation. De plus, les opérateurs complexes peuvent en fait être décomposés en ces opérateurs de base. Donc les travaux précédents sur la résolution de problèmes de méthode ont en fait pu être catégorisés en séquence à séquence et séquence à arbre modèles. Donc les modèles traditionnels séquence à séquence convertissent l'expression en une séquence spécifique pour la génération. Et c'est assez facile à implémenter et cela peut généraliser à m beaucoup de différents problèmes complexes. Mais les inconvénients de la performance sont en fait généralement pas meilleurs que les modèles structurels et il manque l'interprétabilité pour la prédiction. Mais en fait, cette direction est encore assez populaire parce que du modèle transformateur. Donc dans les modèles basés sur des arbres, nous structurons en fait ces expressions en un format d'arbre et suivons un ordre préfixe.	un raisonnement multi-étapes interprétable en sortie. Nous pensons également que le problème de méthode est une application simple pour évaluer ce type de raisonnement. Les capacités. Donc, dans notre configuration de problème, étant donné les questions, nous devons résoudre cette question et obtenir les réponses numériques. Donc, dans nos jeux de données, nous sommes également donnés l'expression mathématique. Ce qui conduit à cette réponse particulière. Donc certaines hypothèses s'appliquent également comme dans les travaux précédents. Nous supposons que la précision des quantités est connue et nous ne considérons que des opérateurs de base tels que l'addition, la soustraction, la multiplication, la division, et l'exponentiation. De plus, les opérateurs complexes peuvent en fait être décomposés en ces opérateurs de base. Donc les travaux précédents sur la résolution de problèmes de méthode ont en fait pu être catégorisés en séquence à séquence et séquence à arbre modèles. Donc les modèles traditionnels séquence à séquence convertissent l'expression en une séquence spécifique pour la génération. Et c'est assez facile à implémenter et cela peut généraliser à m beaucoup de différents problèmes complexes. Mais les inconvénients de la performance sont en fait généralement pas meilleurs que les modèles structurels et il manque l'interprétabilité pour la prédiction. Mais en fait, cette direction est encore assez populaire parce que du modèle transformateur. Donc dans les modèles basés sur des arbres, nous structurons en fait ces expressions en un format d'arbre et suivons un pré
0	149.11999999999964	0.6871542930603027		prédiction correcte ici. Il est donc bon d'avoir un raisonnement multi-étapes interprétable en sortie. Nous pensons également que le problème de méthode est une application simple pour évaluer ce type de raisonnement. Les capacités. Donc, dans notre configuration de problème, étant donné les questions, nous devons résoudre cette question et obtenir les réponses numériques. Donc, dans nos jeux de données, nous sommes également donnés l'expression mathématique. Ce qui conduit à cette réponse particulière. Donc certaines hypothèses s'appliquent également comme dans les travaux précédents. Nous supposons que la précision des quantités est connue et nous ne considérons que des opérateurs de base tels que l'addition, la soustraction, la multiplication, la division, et l'exponentiation. De plus, les opérateurs complexes peuvent en fait être décomposés en ces opérateurs de base. Donc les travaux précédents sur la résolution de problèmes de méthode ont en fait pu être catégorisés en séquence à séquence et séquence à arbre modèles. Donc les modèles traditionnels séquence à séquence convertissent l'expression en une séquence spécifique pour la génération. Et c'est assez facile à implémenter et cela peut généraliser à m beaucoup de différents problèmes complexes. Mais les inconvénients de la performance sont en fait généralement pas meilleurs que les modèles structurels et il manque l'interprétabilité pour la prédiction. Mais en fait, cette direction est encore assez populaire parce que du modèle transformateur. Donc dans les modèles basés sur des arbres, nous structurons en fait ces expressions en un format d'arbre et suivons un ordre préfixe.
0	149.75999999999962	0.8788084983825684	parcours en ordre arbre modèles. Donc les modèles traditionnels séquence à séquence convertissent l'expression en une séquence spécifique pour la génération. Et c'est assez facile à implémenter et cela peut généraliser à m beaucoup de différents problèmes complexes. Mais les inconvénients de la performance sont en fait généralement pas meilleurs que les modèles structurels et il manque l'interprétabilité pour la prédiction. Mais en fait, cette direction est encore assez populaire parce que du modèle transformateur. Donc dans les modèles basés sur des arbres, nous structurons en fait ces expressions en un format d'arbre et suivons un parcours en ordre préfixe dans la génération d'arbre.	
0	150.3999999999996	0.8055126667022705	préfixe dans génération. Et c'est assez facile à implémenter et cela peut généraliser à m beaucoup de différents problèmes complexes. Mais les inconvénients de la performance sont en fait généralement pas meilleurs que les modèles structurels et il manque l'interprétabilité pour la prédiction. Mais en fait, cette direction est encore assez populaire parce que du modèle transformateur. Donc dans les modèles basés sur des arbres, nous structurons en fait ces expressions en un format d'arbre et suivons un parcours en ordre préfixe dans les générations d'arbres.	arbre modèles. Donc les modèles traditionnels séquence à séquence convertissent l'expression en une séquence spécifique pour la génération. Et c'est assez facile à implémenter et cela peut généraliser à m beaucoup de différents problèmes complexes. Mais les inconvénients de la performance sont en fait généralement pas meilleurs que les modèles structurels et il manque l'interprétabilité pour la prédiction. Mais en fait, cette direction est encore assez populaire parce que du modèle transformateur. Donc dans les modèles basés sur des arbres, nous structurons en fait ces expressions en un format d'arbre et suivons un parcours en ordre préfixe dans la génération d'arbre.
0	151.0399999999996	0.7881429195404053		génération. Et c'est assez facile à implémenter et cela peut généraliser à m beaucoup de différents problèmes complexes. Mais les inconvénients de la performance sont en fait généralement pas meilleurs que les modèles structurels et il manque l'interprétabilité pour la prédiction. Mais en fait, cette direction est encore assez populaire parce que du modèle transformateur. Donc dans les modèles basés sur des arbres, nous structurons en fait ces expressions en un format d'arbre et suivons un parcours en ordre préfixe dans les générations d'arbres.
0	151.67999999999958	0.7358675003051758	Donc	
0	152.31999999999957	0.8311145305633545	ici, nous continuons à générer la génération. Et c'est assez facile à implémenter et cela peut généraliser à m beaucoup de différents problèmes complexes. Mais les inconvénients de la performance sont en fait généralement pas meilleurs que les modèles structurels et il manque l'interprétabilité pour la prédiction. Mais en fait, cette direction est encore assez populaire parce que du modèle transformateur. Donc dans les modèles basés sur des arbres, nous structurons en fait ces expressions en un format d'arbre et suivons un parcours en ordre préfixe dans les générations d'arbres. Donc ici, nous continuons à générer les opérations.	
0	152.95999999999955	0.623218297958374	les	la génération. Et c'est assez facile à implémenter et cela peut généraliser à m beaucoup de différents problèmes complexes. Mais les inconvénients de la performance sont en fait généralement pas meilleurs que les modèles structurels et il manque l'interprétabilité pour la prédiction. Mais en fait, cette direction est encore assez populaire parce que du modèle transformateur. Donc dans les modèles basés sur des arbres, nous structurons en fait ces expressions en un format d'arbre et suivons un parcours en ordre préfixe dans les générations d'arbres. Donc ici, nous continuons à générer les opérations.
0	153.59999999999954	0.8533265590667725		
0	154.23999999999953	0.9062600135803223	opérateurs jusqu'à ce que nous atteignions	
0	154.8799999999995	0.7065823078155518	les feuilles qui	
0	155.5199999999995	0.6081767082214355	sont les quantités.	
0	156.15999999999948	0.5295641422271729		
0	156.79999999999947	0.6057562828063965	Donc	
0	157.43999999999946	0.680717945098877	ici, le bon	
0	158.07999999999944	0.5371301174163818	point est que	
0	158.71999999999943	0.6058933734893799		
0	159.35999999999942	0.7983732223510742	cela nous donne en fait	
0	159.9999999999994	0.614501953125		
0	160.6399999999994	0.7113182544708252		
0	161.27999999999938	0.7488429546356201	cette structure d'arbre	
0	161.91999999999936	0.6193432807922363	binaire et	
0	162.55999999999935	0.5475912094116211	c'est	
0	163.19999999999933	0.6167833805084229		
0	163.83999999999932	0.7264881134033203	mais mais mais en fait	
0	164.4799999999993	0.713519811630249	c'est	
0	165.1199999999993	0.6956241130828857	assez	
0	165.75999999999928	0.6546995639801025	contre-intuitif parce que	
0	166.39999999999927	0.5135743618011475		
0	167.03999999999925	0.6803555488586426	nous	
0	167.67999999999924	0.8337364196777344	générons l'opérateur	
0	168.31999999999923	0.6026103496551514		
0	168.9599999999992	0.8451817035675049	d'abord	
0	169.5999999999992	0.7760224342346191	uh et ensuite à la fin nous générons	
0	170.23999999999918	0.6148648262023926		
0	170.87999999999917	0.6086654663085938		
0	171.51999999999916	0.30779480934143066	les uh quantités.	
0	172.15999999999914	0.5049755573272705		
0	172.79999999999913	0.6551148891448975	Et	
0	173.43999999999912	0.6696507930755615	la deuxième chose est que	
0	174.0799999999991	0.5349979400634766	cela	
0	174.7199999999991	0.6296918392181396	contient	
0	175.35999999999908	0.6719996929168701		
0	175.99999999999906	0.6714165210723877	également	
0	176.63999999999905	0.3504183292388916	certains calculs répétitifs.	
0	177.27999999999903	0.7015907764434814		
0	177.91999999999902	0.7782869338989258	Donc ici, si nous regardons	
0	178.559999999999	0.6077861785888672	cette	
0	179.199999999999	0.642894983291626	expression,	
0	179.83999999999898	0.6584506034851074	a fois trois plus	
0	180.47999999999897	0.6509027481079102		
0	181.11999999999895	0.7323520183563232	trois, c'est en fait	
0	181.75999999999894	0.6134030818939209	généré	
0	182.39999999999893	0.6047224998474121	deux	
0	183.0399999999989	0.6031830310821533		
0	183.6799999999989	1.011714220046997	fois. Mais uh	
0	184.31999999999888	0.7270433902740479	en	
0	184.95999999999887	0.7626214027404785	fait nous devrions	
0	185.59999999999886	0.2836039066314697	utiliser les résultats.	
0	186.23999999999884	0.15423250198364258		
0	186.87999999999883	0.15202879905700684		
0	187.51999999999882	0.14703583717346191		
0	188.1599999999988	0.5420820713043213		
0	188.7999999999988	0.6776447296142578	Donc dans notre	
0	189.43999999999878	0.6786148548126221		
0	190.07999999999876	0.7269842624664307	approche proposée, nous voulons résoudre	
0	190.71999999999875	0.1865086555480957	uh	
0	191.35999999999873	0.5099694728851318		
0	191.99999999999872	0.5920577049255371	ces problèmes	
0	192.6399999999987	0.589853048324585		
0	193.2799999999987	0.5771796703338623	étape par étape.	
0	193.91999999999868	0.4464402198791504		
0	194.55999999999867	0.45774292945861816		
0	195.19999999999865	0.14739370346069336		
0	195.83999999999864	0.7765977382659912		
0	196.47999999999863	0.8965270519256592	Et de manière interprétable. Donc par exemple	
0	197.1199999999986	0.6733043193817139	ici dans	
0	197.7599999999986	0.6438305377960205	la deuxième	
0	198.39999999999858	0.6498734951019287	étape, uh	
0	199.03999999999857	0.6352498531341553	nous pouvons	
0	199.67999999999856	0.6152262687683105	obtenir	
0	200.31999999999854	0.5786688327789307		
0	200.95999999999853	0.692101001739502	cette uh diviseurs	
0	201.59999999999852	0.6165332794189453	qui est uh	
0	202.2399999999985	0.6088244915008545		
0	202.8799999999985	0.6170661449432373		
0	203.51999999999848	0.7916593551635742		
0	204.15999999999846	0.7783787250518799		
0	204.79999999999845	0.9782826900482178		
0	205.43999999999843	0.8505387306213379		
0	206.07999999999842	0.959658145904541	vingt sept. Et nous pouvons également faire référence aux questions originales	
0	206.7199999999984	0.6067302227020264	pour trouver	
0	207.3599999999984	0.645256757736206		
0	207.99999999999838	0.6168863773345947		
0	208.63999999999837	0.8321921825408936	les contenus	
0	209.27999999999835	0.715864896774292	pertinents uh. Et dans	
0	209.91999999999834	0.6779100894927979	ces étapes	
0	210.55999999999833	0.6836521625518799	uh nous obtenons	
0	211.1999999999983	0.5877728462219238		
0	211.8399999999983	0.2829880714416504	les diviseurs.	
0	212.47999999999828	0.1493980884552002		
0	213.11999999999827	0.4825420379638672		
0	213.75999999999826	0.14788079261779785		
0	214.39999999999824	0.7140798568725586		
0	215.03999999999823	0.7628617286682129	Donc uh et	
0	215.67999999999822	0.8352508544921875	puis à cette troisième	
0	216.3199999999982	0.7368135452270508		
0	216.9599999999982	0.4156773090362549	étape nous obtenons en fait le quotient	
0	217.59999999999818	0.5599410533905029		
0	218.23999999999816	0.6580374240875244		
0	218.87999999999815	0.6983704566955566	d'accord, et	
0	219.51999999999813	0.6445643901824951	après	
0	220.15999999999812	0.6381509304046631	ces trois	
0	220.7999999999981	0.6936442852020264	étapes nous pouvons	
0	221.4399999999981	0.6920526027679443	en fait réutiliser	
0	222.07999999999808	0.5552248954772949	les	
0	222.71999999999807	0.6761612892150879	résultats de	
0	223.35999999999805	0.6133854389190674	la deuxième étape et	
0	223.99999999999804	0.5476288795471191	puis	
0	224.63999999999803	0.5458462238311768	uh obtenir	
0	225.279999999998	0.5200326442718506		
0	225.919999999998	0.6204168796539307		
0	226.55999999999798	0.5814290046691895		
0	227.19999999999797	0.710228443145752	les uh résultats de	
0	227.83999999999796	0.296220064163208	la quatrième étape.	
0	228.47999999999794	0.5730075836181641		
0	229.11999999999793	0.7038135528564453	Et puis enfin	
0	229.75999999999792	0.5825300216674805	nous pouvons	
0	230.3999999999979	0.5863714218139648	obtenir	
0	231.0399999999979	0.6317727565765381		
0	231.67999999999788	0.3169093132019043	le uh dividende.	
0	232.31999999999786	0.14597749710083008		
0	232.95999999999785	0.49487733840942383		
0	233.59999999999783	0.5790295600891113	Donc	
0	234.23999999999782	0.6709756851196289	ici nous	
0	234.8799999999978	0.6344959735870361	générons en fait	
0	235.5199999999978	0.599052906036377		
0	236.15999999999778	0.6797959804534912	toute l'expression	
0	236.79999999999777	0.5360724925994873		
0	237.43999999999775	0.6876077651977539	directement plutôt	
0	238.07999999999774	0.6698658466339111	que de générer	
0	238.71999999999773	0.22887444496154785	un seul	
0	239.3599999999977	0.5640683174133301		
0	239.9999999999977	0.6449952125549316		
0	240.63999999999768	0.7353515625	opérateur ou	
0	241.27999999999767	0.7990767955780029	des quantités. Donc	
0	241.91999999999766	0.6405210494995117	cela rend le	
0	242.55999999999764	0.6047914028167725	processus plus	
0	243.19999999999763	0.2153148651123047	précis.	
0	243.83999999999762	0.15581202507019043		
0	244.4799999999976	0.14887189865112305		
0	245.1199999999976	0.6125304698944092		
0	245.75999999999758	0.7377779483795166	Donc dans	
0	246.39999999999756	0.8599545955657959	notre système déductif,	
0	247.03999999999755	0.7481908798217773	nous	
0	247.67999999999753	0.7845873832702637	commençons d'abord par	
0	248.31999999999752	0.6485879421234131		
0	248.9599999999975	0.7061607837677002	un tas de quantités	
0	249.5999999999975	0.6757018566131592	présentées	
0	250.23999999999748	0.6097524166107178	dans	
0	250.87999999999747	0.680649995803833	les questions et	
0	251.51999999999745	0.6325197219848633		
0	252.15999999999744	0.7363665103912354	également incluant certaines constantes	
0	252.79999999999742	0.673180341720581	comme nos	
0	253.4399999999974	0.613088846206665		
0	254.0799999999974	0.8167479038238525		
0	254.71999999999738	0.616020917892456		
0	255.35999999999737	0.6520025730133057	état initial initial.	
0	255.99999999999736	0.6401517391204834	Donc	
0	256.63999999999737	0.6978023052215576	l'expression est	
0	257.27999999999736	0.691481351852417	représentée par	
0	257.91999999999734	0.6679880619049072		
0	258.55999999999733	0.31025242805480957	Eij O P.	
0	259.1999999999973	0.5610034465789795		
0	259.8399999999973	0.6398341655731201		
0	260.4799999999973	0.7445671558380127	Où nous effectuons un	
0	261.1199999999973	0.676262378692627	opérateur	
0	261.75999999999726	0.6106460094451904		
0	262.39999999999725	0.6998586654663086	de	
0	263.03999999999724	0.736492395401001		
0	263.6799999999972	0.7989771366119385	QI à	
0	264.3199999999972	0.8447220325469971		
0	264.9599999999972	0.8720250129699707	QJ, et telle expression est en fait	
0	265.5999999999972	0.6170358657836914	dirigée.	
0	266.23999999999717	0.6210651397705078	Donc	
0	266.87999999999715	0.7061002254486084	nous avons également	
0	267.51999999999714	0.6482648849487305	la	
0	268.1599999999971	0.6533703804016113	soustraction	
0	268.7999999999971	0.6989514827728271		
0	269.4399999999971	0.8565919399261475	avec vers ici pour représenter	
0	270.0799999999971	0.6603395938873291		
0	270.71999999999707	0.7211565971374512	la direction opposée.	
0	271.35999999999706	0.6738002300262451	C'est	
0	271.99999999999704	0.6616401672363281	assez similaire à	
0	272.63999999999703	0.6846213340759277		
0	273.279999999997	0.7121632099151611		
0	273.919999999997	0.849912166595459	uh l'extraction de relations.	
0	274.559999999997	0.6680459976196289	Donc dans	
0	275.199999999997	0.7506413459777832		
0	275.83999999999696	0.8032262325286865	un système déductif formel,	
0	276.47999999999695	0.5878543853759766	à	
0	277.11999999999694	0.7192201614379883		
0	277.7599999999969	0.7583649158477783	l'étape temporelle	
0	278.3999999999969	0.7817902565002441	T uh	
0	279.0399999999969	0.7529704570770264	nous appliquons	
0	279.6799999999969	0.6771235466003418	l'opérateur	
0	280.31999999999687	0.6180870532989502	entre	
0	280.95999999999685	0.7590351104736328		
0	281.59999999999684	0.7396340370178223		
0	282.2399999999968	0.9270215034484863	la paire uh qi et	
0	282.8799999999968	0.7820749282836914		
0	283.5199999999968	0.8529880046844482	QJ et puis nous obtenons	
0	284.1599999999968	0.2938675880432129	cette nouvelle expression.	
0	284.79999999999677	0.5967376232147217		
0	285.43999999999676	0.8186564445495605	Nous	
0	286.07999999999674	0.7469940185546875		
0	286.71999999999673	0.9566569328308105		
0	287.3599999999967	0.9689931869506836	l'ajoutons à l'uh	
0	287.9999999999967	0.7815790176391602	au prochain état pour devenir	
0	288.6399999999967	0.6091296672821045	une nouvelle quantité.	
0	289.2799999999967	0.14892315864562988		
0	289.91999999999666	0.5647971630096436		
0	290.55999999999665	0.7171158790588379	Donc	
0	291.19999999999663	0.6490621566772461		
0	291.8399999999966	0.7114672660827637	cette tranche	
0	292.4799999999966	0.7596652507781982	visualise en fait	
0	293.1199999999966	0.7281479835510254		
0	293.7599999999966	0.739060640335083	l'évolution des états.	
0	294.39999999999657	0.47950124740600586		
0	295.03999999999655	0.681725263595581		
0	295.67999999999654	0.7949836254119873	Où nous continuons à ajouter	
0	296.3199999999965	0.7077963352203369	des	
0	296.9599999999965	0.731726884841919	expressions	
0	297.5999999999965	0.3619394302368164	aux états actuels.	
0	298.2399999999965	0.15666890144348145		
0	298.87999999999647	0.1544666290283203		
0	299.51999999999646	0.7887823581695557		
0	300.15999999999644	0.7896685600280762	Donc dans	
0	300.79999999999643	0.9528942108154297	nos implémentations de	
0	301.4399999999964	1.0249154567718506	modèle, nous utilisons d'abord un	
0	302.0799999999964	0.8156301975250244		
0	302.7199999999964	0.8424558639526367	modèle de langage pré-entraîné qui peut	
0	303.3599999999964	0.6542906761169434	être	
0	303.99999999999636	0.7057225704193115	birds ou	
0	304.63999999999635	0.7460737228393555		
0	305.27999999999633	0.8267264366149902		
0	305.9199999999963	0.8703217506408691	robot heads, et puis nous codons une phrase	
0	306.5599999999963	0.6636900901794434	et	
0	307.1999999999963	0.749823808670044	puis nous obtenons	
0	307.8399999999963	0.664496898651123		
0	308.47999999999627	0.7164180278778076		
0	309.11999999999625	0.391315221786499	ces représentations de quantités.	
0	309.75999999999624	0.6291711330413818		
0	310.3999999999962	0.9071247577667236	Donc une fois que	
0	311.0399999999962	0.44408130645751953	nous avons obtenu la représentation de la quantité,	
0	311.6799999999962	0.5251405239105225		
0	312.3199999999962	0.6641066074371338	uh	
0	312.95999999999617	0.8684241771697998	nous pouvons commencer à	
0	313.59999999999616	0.872581958770752	faire l'inférence.	
0	314.23999999999614	0.757943868637085	Ici nous montrons	
0	314.87999999999613	0.7377817630767822	un	
0	315.5199999999961	0.3186194896697998	exemple de Q1.	
0	316.1599999999961	0.5980727672576904		
0	316.7999999999961	0.6821281909942627	Pour obtenir	
0	317.4399999999961	0.8422322273254395	la représentation	
0	318.07999999999606	0.7148997783660889	pour Q1	
0	318.71999999999605	0.7363314628601074	divisé par	
0	319.35999999999603	0.7564361095428467	Q2 et	
0	319.999999999996	0.7386744022369385		
0	320.639999999996	0.7146553993225098	puis fois	
0	321.279999999996	0.2581164836883545	Q3.	
0	321.919999999996	0.7577626705169678		
0	322.55999999999597	0.8061189651489258	D'abord nous obtenons	
0	323.19999999999595	0.7163715362548828		
0	323.83999999999594	0.6887013912200928		
0	324.4799999999959	0.8652153015136719		
0	325.1199999999959	0.9019589424133301	la	
0	325.7599999999959	0.9686493873596191	uh paire représentation, qui est en fait juste la	
0	326.3999999999959	0.6464121341705322	concaténation	
0	327.03999999999587	0.6943631172180176	uh	
0	327.67999999999586	0.7549130916595459	entre	
0	328.31999999999584	0.8213627338409424		
0	328.95999999999583	0.9306254386901855	q un et q	
0	329.5999999999958	0.9367172718048096	deux, et puis nous appliquons un	
0	330.2399999999958	0.6900794506072998		
0	330.8799999999958	0.7610409259796143	réseau feedforward, qui	
0	331.5199999999958	0.7243614196777344	est pr	
0	332.15999999999576	0.6964848041534424		
0	332.79999999999575	0.854611873626709	paramétré par	
0	333.43999999999573	0.3275740146636963	l'opérateur.	
0	334.0799999999957	0.6340901851654053		
0	334.7199999999957	0.731074333190918	Et puis enfin	
0	335.3599999999957	0.7211973667144775	nous obtenons	
0	335.9999999999957	0.8253674507141113		
0	336.63999999999567	0.8643012046813965	la représentation de l'expression	
0	337.27999999999565	0.8041422367095947	Q1 divisé	
0	337.91999999999564	0.2971515655517578	par Q2.	
0	338.5599999999956	0.5884952545166016		
0	339.1999999999956	0.6377978324890137	Mais	
0	339.8399999999956	0.7651185989379883	uh	
0	340.4799999999956	0.7107803821563721		
0	341.11999999999557	0.8784773349761963	en fait uh en pratique	
0	341.75999999999556	0.8650741577148438	dans	
0	342.39999999999554	0.9398770332336426	l'étape d'inférence nous	
0	343.03999999999553	0.6684024333953857	pourrions	
0	343.6799999999955	0.6037559509277344		
0	344.3199999999955	0.9329864978790283	en fait	
0	344.9599999999955	0.8625180721282959	être en mesure d'obtenir	
0	345.5999999999955	0.6957287788391113	la représentation incorrecte	
0	346.23999999999546	0.5769553184509277		
0	346.87999999999545	0.7001214027404785		
0	347.51999999999543	0.7407705783843994	uh expression incorrecte	
0	348.1599999999954	0.22757887840270996	également.	
0	348.7999999999954	0.5653285980224609		
0	349.4399999999954	0.6021623611450195	Donc	
0	350.0799999999954	0.6625339984893799	ici	
0	350.71999999999537	0.6927230358123779	toutes les	
0	351.35999999999535	0.6301143169403076		
0	351.99999999999534	0.2567098140716553	possibles expression uh	
0	352.6399999999953	0.6674232482910156		
0	353.2799999999953	0.6840202808380127	est	
0	353.9199999999953	0.7243924140930176	égal à trois	
0	354.5599999999953	0.8119311332702637	fois le nombre	
0	355.19999999999527	0.3747897148132324	d'opérateurs.	
0	355.83999999999526	0.5664124488830566		
0	356.47999999999524	0.9219546318054199	Donc	
0	357.11999999999523	0.7029664516448975		
0	357.7599999999952	0.7313351631164551	le bon point ici est	
0	358.3999999999952	0.6455624103546143	que	
0	359.0399999999952	0.6642065048217773	nous pouvons	
0	359.6799999999952	0.6921160221099854	facilement ajouter	
0	360.31999999999516	0.7064080238342285	des	
0	360.95999999999515	0.7472310066223145	contraintes pour	
0	361.59999999999513	0.6663265228271484	contrôler	
0	362.2399999999951	0.7560017108917236	cette recherche cette	
0	362.8799999999951	0.658278226852417		
0	363.5199999999951	0.7579193115234375	espace de recherche.	
0	364.1599999999951	0.7254531383514404	Par	
0	364.79999999999507	0.78407883644104	exemple, si cette expression	
0	365.43999999999505	0.7186279296875	n'est pas	
0	366.07999999999504	0.748297929763794		
0	366.719999999995	0.8259475231170654	autorisée, nous pouvons simplement	
0	367.359999999995	0.696652889251709	supprimer	
0	367.999999999995	0.6601135730743408	cette uh	
0	368.639999999995	0.7610700130462646	expression dans	
0	369.27999999999497	0.7181665897369385		
0	369.91999999999496	0.8204653263092041	in notre espace de recherche.	
0	370.55999999999494	0.7335610389709473	Donc dans	
0	371.19999999999493	0.7286014556884766	la deuxième	
0	371.8399999999949	0.8049113750457764		
0	372.4799999999949	0.9680416584014893	étape, nous faisons la même	
0	373.1199999999949	0.8342671394348145	chose, mais la seule	
0	373.7599999999949	0.6738588809967041	différence est	
0	374.39999999999486	0.632373571395874	que uh	
0	375.03999999999485	0.6982481479644775	nous	
0	375.67999999999483	0.7338519096374512	le le seule différence	
0	376.3199999999948	0.6774489879608154	est un	
0	376.9599999999948	0.22565340995788574	plus uh	
0	377.5999999999948	0.6339662075042725		
0	378.2399999999948	0.7315976619720459	quantités.	
0	378.87999999999477	0.6984806060791016	Donc cette quantité	
0	379.51999999999475	0.7354617118835449	vient	
0	380.15999999999474	0.6482617855072021	du précédent	
0	380.7999999999947	0.6824140548706055		
0	381.4399999999947	0.71915602684021	calculé	
0	382.0799999999947	0.2766757011413574	uh expression.	
0	382.7199999999947	0.5882818698883057		
0	383.35999999999467	0.7039198875427246	Donc	
0	383.99999999999466	0.704383373260498	enfin nous	
0	384.63999999999464	0.6759941577911377	pouvons obtenir	
0	385.27999999999463	0.6703689098358154		
0	385.9199999999946	0.7531256675720215	cette expression	
0	386.5599999999946	0.7396728992462158	finale	
0	387.1999999999946	0.7362265586853027		
0	387.8399999999946	0.7539472579956055		
0	388.47999999999456	0.7434654235839844		
0	389.11999999999455	1.0482659339904785	q3 fois	
0	389.75999999999453	0.9011240005493164	Q four. Et nous pouvons également voir	
0	390.3999999999945	0.6901829242706299	le	
0	391.0399999999945	0.792327880859375		
0	391.6799999999945	0.8190209865570068	nombre de	
0	392.3199999999945	0.7913951873779297	tous les	
0	392.95999999999447	0.8062412738800049	possibles	
0	393.59999999999445	1.0021779537200928		
0	394.23999999999444	1.0005426406860352	exp uh expressions est différent de l'étape précédente.	
0	394.8799999999944	0.6418490409851074	Donc	
0	395.5199999999944	0.6868495941162109		
0	396.1599999999944	0.8176701068878174	tel	
0	396.7999999999944	0.7890055179595947	différence le rend	
0	397.43999999999437	0.7138378620147705	difficile à	
0	398.07999999999436	0.8301525115966797		
0	398.71999999999434	0.7712020874023438	appliquer	
0	399.35999999999433	0.9033098220825195	beam search parce que	
0	399.9999999999943	0.7811260223388672	la distribution de	
0	400.6399999999943	0.7511088848114014	probabilité entre	
0	401.2799999999943	0.6770479679107666	ces deux	
0	401.9199999999943	0.7366790771484375	étapes	
0	402.55999999999426	0.8242044448852539	uh est	
0	403.19999999999425	0.3243880271911621	déséquilibrée.	
0	403.83999999999423	0.16452836990356445		
0	404.4799999999942	0.16414141654968262		
0	405.1199999999942	0.6062853336334229		
0	405.7599999999942	0.808854341506958	Donc	
0	406.3999999999942	0.8409957885742188	la procédure	
0	407.03999999999417	1.025254726409912	d'entraînement est similaire à	
0	407.67999999999415	0.9717638492584229	l'entraînement	
0	408.31999999999414	0.8710319995880127	d'un modèle séquence à séquence.	
0	408.9599999999941	0.6861889362335205		
0	409.5999999999941	0.807227373123169	Où nous	
0	410.2399999999941	0.8573923110961914	optimisons	
0	410.8799999999941	0.8834843635559082	la perte à chaque	
0	411.51999999999407	0.32581615447998047	étape temporelle.	
0	412.15999999999406	0.7786266803741455		
0	412.79999999999404	0.8871476650238037	Et ici nous utilisons également	
0	413.43999999999403	0.6827752590179443	ce	
0	414.079999999994	0.7079734802246094		
0	414.719999999994	0.7462234497070312	tau pour représenter	
0	415.359999999994	0.6536300182342529	uh	
0	415.999999999994	0.7418200969696045		
0	416.63999999999396	0.8265085220336914	quand nous devrions	
0	417.27999999999395	0.6763739585876465		
0	417.91999999999393	0.7505438327789307	terminer	
0	418.5599999999939	0.8057985305786133		
0	419.1999999999939	0.35199522972106934	ce uh processus de génération.	
0	419.8399999999939	0.15322184562683105		
0	420.4799999999939	0.7775194644927979		
0	421.11999999999387	0.7716763019561768	Et ici	
0	421.75999999999385	0.7751836776733398	l'espace est	
0	422.39999999999384	0.7170877456665039	différent de	
0	423.0399999999938	0.7759582996368408	séquence	
0	423.6799999999938	0.769728422164917	à séquence.	
0	424.3199999999938	0.7123732566833496		
0	424.9599999999938	0.8359136581420898	Uh parce que	
0	425.59999999999377	0.813035249710083	l'espace est différent	
0	426.23999999999376	0.8291916847229004	à chaque	
0	426.87999999999374	0.8616468906402588	étape temporelle	
0	427.51999999999373	0.9421324729919434	tandis que dans	
0	428.1599999999937	0.8409850597381592	le	
0	428.7999999999937	0.8801441192626953	modèle traditionnel séquence à	
0	429.4399999999937	0.8456647396087646		
0	430.0799999999937	0.9543893337249756	séquence uh c'est le nombre de	
0	430.71999999999366	0.2552673816680908	vocabulaire.	
0	431.35999999999365	0.15728044509887695		
0	431.99999999999363	0.6100113391876221		
0	432.6399999999936	0.7017824649810791	Et	
0	433.2799999999936	0.8292911052703857	cela permet également	
0	433.9199999999936	0.7287445068359375		
0	434.5599999999936	0.8013565540313721	d'imposer certaines	
0	435.19999999999357	0.721228837966919		
0	435.83999999999355	0.7641506195068359	contraintes	
0	436.47999999999354	0.9042294025421143		
0	437.1199999999935	0.4469146728515625	de la part de la connaissance antérieure.	
0	437.7599999999935	0.6652665138244629		
0	438.3999999999935	0.6770210266113281	Donc nous	
0	439.0399999999935	0.7432165145874023		
0	439.67999999999347	0.8125302791595459	menons des expériences sur	
0	440.31999999999346	0.7155139446258545		
0	440.95999999999344	0.7825024127960205	les	
0	441.59999999999343	0.8716263771057129		
0	442.2399999999934	0.9714295864105225		
0	442.8799999999934	1.0628583431243896	jeux de données de problèmes de méthode couramment	
0	443.5199999999934	0.8122785091400146	utilisés,	
0	444.1599999999934	0.9116830825805664		
0	444.79999999999336	1.0053775310516357	MAWPS,	
0	445.43999999999335	0.839439868927002	Math23K,	
0	446.07999999999333	0.798954963684082	MathQA,	
0	446.7199999999933	0.2944784164428711	et SWEM.	
0	447.3599999999933	0.17638254165649414		
0	447.9999999999933	0.18034911155700684		
0	448.6399999999933	0.8091526031494141		
0	449.27999999999327	1.0279128551483154	Et ici nous	
0	449.91999999999325	0.8615069389343262	montrons brièvement	
0	450.55999999999324	0.7135100364685059	les	
0	451.1999999999932	0.8503091335296631	résultats comparés	
0	451.8399999999932	0.778939962387085	avec	
0	452.4799999999932	0.8436377048492432		
0	453.1199999999932	0.926682710647583	les meilleures approches précédentes.	
0	453.75999999999317	0.749971866607666	Donc notre meilleur	
0	454.39999999999316	0.7569255828857422		
0	455.03999999999314	0.8557641506195068	arme performante est uh	
0	455.67999999999313	0.727022647857666		
0	456.3199999999931	0.8014836311340332	Roberta	
0	456.9599999999931	0.7494626045227051	Deductive	
0	457.5999999999931	0.8712310791015625		
0	458.2399999999931	0.9609808921813965		
0	458.87999999999306	1.0502245426177979	Reasoner et uh en fait nous	
0	459.51999999999305	0.8881127834320068	n'utilisons pas beam search	
0	460.15999999999303	0.6895656585693359	en	
0	460.799999999993	0.8246316909790039	contraste uh	
0	461.439999999993	0.725106954574585	approches	
0	462.079999999993	0.7273843288421631	évidentes	
0	462.719999999993	0.7540154457092285	uh utilisant	
0	463.35999999999297	0.2750887870788574	beam search.	
0	463.99999999999295	0.16954660415649414		
0	464.63999999999294	0.7155592441558838		
0	465.2799999999929	0.7690410614013672	D'accord.	
0	465.9199999999929	0.7269790172576904	Donc	
0	466.5599999999929	0.7870283126831055	uh	
0	467.1999999999929	0.787949800491333	les meilleures	
0	467.83999999999287	0.8543481826782227	approches sont souvent	
0	468.47999999999286	0.8539743423461914	uh	
0	469.11999999999284	0.8010396957397461	modèles basés sur des	
0	469.75999999999283	0.5665683746337891		
0	470.3999999999928	0.521956205368042		
0	471.0399999999928	0.19568300247192383	arbres	
0	471.6799999999928	0.16132712364196777		
0	472.3199999999928	0.6846518516540527		
0	472.95999999999276	0.8514876365661621	. Donc	
0	473.59999999999275	0.7994720935821533		
0	474.23999999999273	0.8661372661590576	globalement notre raisonneur est	
0	474.8799999999927	0.7253248691558838	capable de	
0	475.5199999999927	0.7016968727111816	uh sélectionner	
0	476.1599999999927	0.6723415851593018	uh	
0	476.7999999999927	0.6995012760162354	s	
0	477.43999999999266	0.713613748550415	significativement	
0	478.07999999999265	0.8242697715759277	surpasser	
0	478.71999999999264	0.8221313953399658	ce modèle	
0	479.3599999999926	0.8524994850158691	basé sur des	
0	479.9999999999926	0.8776934146881104	arbres, mais nous pouvons	
0	480.6399999999926	0.7812731266021729	voir	
0	481.2799999999926	0.7823669910430908	le nombre	
0	481.91999999999257	0.7270171642303467	absolu uh	
0	482.55999999999256	0.7617597579956055	sur	
0	483.19999999999254	0.7849106788635254		
0	483.83999999999253	0.8974621295928955		
0	484.4799999999925	1.0034987926483154	MathQA ou SWAM ne sont pas	
0	485.1199999999925	0.8207159042358398	vraiment élevés.	
0	485.7599999999925	0.8418419361114502	Donc nous	
0	486.3999999999925	0.8396086692810059	investiguons davantage	
0	487.03999999999246	0.8317840099334717	les résultats	
0	487.67999999999245	0.3052084445953369	sur SWAM.	
0	488.31999999999243	0.7644054889678955		
0	488.9599999999924	0.8522741794586182	Et	
0	489.5999999999924	0.8865137100219727	cet ensemble de données est	
0	490.2399999999924	0.8792028427124023	difficile parce que	
0	490.8799999999924	0.8934464454650879	l'auteur a essayé	
0	491.51999999999236	0.7439546585083008	de	
0	492.15999999999235	0.766028642654419	uh	
0	492.79999999999234	0.7652034759521484	manuellement re	
0	493.4399999999923	0.8048865795135498	uh	
0	494.0799999999923	0.8685111999511719	ajouter quelque	
0	494.7199999999923	0.9381072521209717	chose pour	
0	495.3599999999923	0.9146389961242676	confondre le	
0	495.99999999999227	0.8610572814941406	modèle NLP comme tel	
0	496.63999999999226	0.7335836887359619		
0	497.27999999999224	0.939380407333374		
0	497.9199999999922	1.0092597007751465	en ajoutant des informations	
0	498.5599999999922	0.9734556674957275	inutiles et	
0	499.1999999999922	0.3660461902618408	des quantités supplémentaires.	
0	499.8399999999922	0.6597819328308105		
0	500.4799999999922	0.7435171604156494	Donc	
0	501.11999999999216	0.8063077926635742	dans	
0	501.75999999999215	0.8225975036621094	notre	
0	502.39999999999213	0.9525656700134277	prédiction nous trouvons	
0	503.0399999999921	0.8731033802032471	certaines	
0	503.6799999999921	0.8889169692993164	des valeurs	
0	504.3199999999921	0.938115119934082	intermédiaires sont en fait	
0	504.9599999999921	0.26430583000183105	négatives.	
0	505.59999999999206	0.7110753059387207		
0	506.23999999999205	0.2243661880493164	Par exemple	
0	506.87999999999204	0.7407941818237305		
0	507.519999999992	0.7991178035736084	uh dans	
0	508.159999999992	0.7462117671966553	cette	
0	508.799999999992	0.863685131072998		
0	509.439999999992	0.8887605667114258		
0	510.07999999999197	0.9766860008239746	question nous demandons combien de pommes	
0	510.71999999999196	0.8582329750061035		
0	511.35999999999194	0.8648920059204102	Jake a, mais nous avons	
0	511.9999999999919	0.7464475631713867		
0	512.6399999999919	0.8403208255767822		
0	513.2799999999919	1.1044576168060303	certaines informations supplémentaires comme	
0	513.9199999999919	0.8632924556732178		
0	514.5599999999919	0.8491520881652832		
0	515.1999999999919	0.9642941951751709		
0	515.8399999999918	1.0255646705627441	dix-sept moins de pitches et Steven	
0	516.4799999999918	0.8707475662231445	a huit	
0	517.1199999999918	0.8493947982788086	pitches,	
0	517.7599999999918	0.902184009552002	ce qui est totalement	
0	518.3999999999918	0.8095951080322266	irrélévant.	
0	519.0399999999918	0.7305207252502441	Donc	
0	519.6799999999918	0.7752740383148193	notre	
0	520.3199999999918	0.8694453239440918	modèle fait	
0	520.9599999999917	0.8628411293029785	certaines uh	
0	521.5999999999917	0.9016180038452148	prédiction comme	
0	522.2399999999917	0.806035041809082		
0	522.8799999999917	1.0106990337371826		
0	523.5199999999917	1.0861129760742188	ceci, qui est uh pr produisant	
0	524.1599999999917	0.34793806076049805	des valeurs négatives.	
0	524.7999999999917	0.7093017101287842		
0	525.4399999999916	0.8318541049957275	Et nous	
0	526.0799999999916	0.76759934425354	observons	
0	526.7199999999916	0.7661683559417725	ces deux	
0	527.3599999999916	0.8341383934020996	représentent uh	
0	527.9999999999916	0.7809529304504395	ces deux	
0	528.6399999999916	0.7766315937042236		
0	529.2799999999916	0.9231629371643066		
0	529.9199999999915	0.9534025192260742	expressions ont en fait des scores similaires.	
0	530.5599999999915	0.6989893913269043	Donc	
0	531.1999999999915	0.7663216590881348	nous	
0	531.8399999999915	0.7621655464172363	pouvons en fait	
0	532.4799999999915	0.7506444454193115	limiter	
0	533.1199999999915	0.7705769538879395		
0	533.7599999999915	0.899522066116333	cet espace de recherche	
0	534.3999999999915	0.7730967998504639	en supprimant	
0	535.0399999999914	0.7710685729980469	comme	
0	535.6799999999914	0.8302350044250488	ceux	
0	536.3199999999914	0.8252923488616943	résultats sont négatifs.	
0	536.9599999999914	0.7684438228607178		
0	537.5999999999914	0.8330893516540527	Donc que nous pouvons	
0	538.2399999999914	0.7357945442199707	faire le	
0	538.8799999999914	0.7195258140563965	uh	
0	539.5199999999913	0.8525137901306152		
0	540.1599999999913	0.3545048236846924	rendre la réponse correcte.	
0	540.7999999999913	0.16725516319274902		
0	541.4399999999913	0.16788506507873535		
0	542.0799999999913	0.1711416244506836		
0	542.7199999999913	0.667506217956543		
0	543.3599999999913	0.6900041103363037	Donc	
0	543.9999999999912	0.6901578903198242	uh	
0	544.6399999999912	0.8074502944946289	nous	
0	545.2799999999912	0.8893015384674072	trouvons également tel	
0	545.9199999999912	0.8537893295288086	contrainte	
0	546.5599999999912	0.7784538269042969	améliore en fait	
0	547.1999999999912	0.6319525241851807		
0	547.8399999999912	0.740931510925293		
0	548.4799999999912	0.7806375026702881		
0	549.1199999999911	0.8839168548583984	assez beaucoup pour pour	
0	549.7599999999911	0.8600502014160156	certains	
0	550.3999999999911	0.8990156650543213	modèles. Par exemple pour	
0	551.0399999999911	0.8492968082427979		
0	551.6799999999911	0.8698074817657471		
0	552.3199999999911	0.9066143035888672	birds nous améliorons sept	
0	552.959999999991	0.8015091419219971	point et puis	
0	553.599999999991	0.8299336433410645	pour le	
0	554.239999999991	0.8677511215209961		
0	554.879999999991	1.0646779537200928	modèle basé sur Roberta nous	
0	555.519999999991	0.8981144428253174	avons en fait amélioré	
0	556.159999999991	0.7782647609710693	deux uh	
0	556.799999999991	0.7625095844268799	points.	
0	557.439999999991	0.7907402515411377	Donc	
0	558.079999999991	0.9065930843353271		
0	558.7199999999909	1.0232863426208496	un meilleur modèle de langage a	
0	559.3599999999909	0.9448051452636719	une meilleure	
0	559.9999999999909	0.889746904373169	capacité de compréhension du	
0	560.6399999999909	0.8057675361633301	langage donc que	
0	561.2799999999909	0.7054028511047363	le	
0	561.9199999999909	0.736602783203125	lumber	
0	562.5599999999909	0.8105840682983398	uh ici	
0	563.1999999999908	0.7955062389373779	est uh	
0	563.8399999999908	0.8280344009399414	plus élevé pour	
0	564.4799999999908	0.7823712825775146	Roberta et	
0	565.1199999999908	0.8673100471496582	plus	
0	565.7599999999908	1.0024135112762451	bas pour pour birds.	
0	566.3999999999908	0.9985604286193848	Et nous essayons également	
0	567.0399999999908	0.8955104351043701		
0	567.6799999999907	0.9299616813659668	d'analyser la	
0	568.3199999999907	0.8118224143981934	difficulté derrière	
0	568.9599999999907	0.8514523506164551		
0	569.5999999999907	0.9702308177947998		
0	570.2399999999907	0.4512753486633301	ce uh derrière tout cet ensemble de données.	
0	570.8799999999907	0.8351433277130127		
0	571.5199999999907	0.9054968357086182	Nous supposons le	
0	572.1599999999906	0.855086088180542	nombre de	
0	572.7999999999906	0.8852252960205078	quantité	
0	573.4399999999906	0.909229040145874	inutilisée peut être considéré	
0	574.0799999999906	0.9134340286254883	comme	
0	574.7199999999906	0.9198410511016846	des informations	
0	575.3599999999906	0.8966162204742432	inutiles ici.	
0	575.9999999999906	0.176896333694458		
0	576.6399999999906	0.9039559364318848		
0	577.2799999999905	0.9116683006286621	Donc uh ici nous pouvons voir	
0	577.9199999999905	0.7402114868164062	que	
0	578.5599999999905	0.8453655242919922	uh	
0	579.1999999999905	0.8056020736694336	nous	
0	579.8399999999905	0.8497920036315918	avons le	
0	580.4799999999905	0.8418245315551758		
0	581.1199999999905	1.1245872974395752	num le	
0	581.7599999999904	1.0438687801361084	pourcentage d'échantillons	
0	582.3999999999904	0.9408645629882812		
0	583.0399999999904	1.0924291610717773		
0	583.6799999999904	1.126784324645996		
0	584.3199999999904	1.2301111221313477	nous quantités inutilisées et le	
0	584.9599999999904	1.0086455345153809	jeu de données swamp a	
0	585.5999999999904	0.8927276134490967	la plus grande portion.	
0	586.2399999999903	0.9386463165283203	Et	
0	586.8799999999903	0.9572691917419434	ici nous montrons également	
0	587.5199999999903	0.8126187324523926		
0	588.1599999999903	0.29492926597595215	la performance globale.	
0	588.7999999999903	0.17237544059753418		
0	589.4399999999903	0.16872906684875488		
0	590.0799999999903	0.8697264194488525		
0	590.7199999999903	0.7903025150299072	Pour	
0	591.3599999999902	1.0446841716766357	ceux	
0	591.9999999999902	0.47075867652893066	échantillons sans quantités inutilisées.	
0	592.6399999999902	0.8233134746551514		
0	593.2799999999902	0.8440225124359131	Donc la performance globale	
0	593.9199999999902	0.9217751026153564	est	
0	594.5599999999902	0.9013903141021729	en fait plus élevée	
0	595.1999999999902	0.8215923309326172	que uh	
0	595.8399999999901	0.8486809730529785		
0	596.4799999999901	1.0236427783966064	la	
0	597.1199999999901	1.049687385559082	performance est en fait plus élevée	
0	597.7599999999901	0.8594663143157959	que la performance	
0	598.3999999999901	0.9388811588287354	globale.	
0	599.0399999999901	0.9238951206207275	Mais avec ceux échantillons	
0	599.6799999999901	0.7830438613891602	que	
0	600.31999999999	0.8844389915466309	avec	
0	600.95999999999	0.8141038417816162		
0	601.59999999999	0.8889732360839844	quantité inutilisée est	
0	602.23999999999	0.8406960964202881	en fait	
0	602.87999999999	0.822723388671875	beaucoup pire que	
0	603.51999999999	0.7529253959655762	le	
0	604.15999999999	0.8019766807556152		
0	604.79999999999	0.9283170700073242		
0	605.4399999999899	0.41791772842407227	com uh beaucoup pire que le uh	
0	606.0799999999899	0.883836030960083		
0	606.7199999999899	0.3080132007598877	la performance globale.	
0	607.3599999999899	0.1678938865661621		
0	607.9999999999899	0.8805429935455322		
0	608.6399999999899	0.9168167114257812	Pour MAWPS nous ne	
0	609.2799999999899	0.882333517074585	nous	
0	609.9199999999898	0.9146819114685059	ne nous avons	
0	610.5599999999898	0.9922354221343994	pas	
0	611.1999999999898	1.0763626098632812		
0	611.8399999999898	1.0992083549499512	uh trop de cas de bureau. Donc je	
0	612.4799999999898	0.786456823348999		
0	613.1199999999898	0.8837287425994873	juste uh ignore	
0	613.7599999999898	0.2759723663330078	cette partie.	
0	614.3999999999897	0.17343997955322266		
0	615.0399999999897	0.17145466804504395		
0	615.6799999999897	0.7410223484039307		
0	616.3199999999897	0.8413445949554443	Donc	
0	616.9599999999897	0.8921635150909424	uh enfin	
0	617.5999999999897	0.9513394832611084	nous voulons montrer	
0	618.2399999999897	0.8853054046630859		
0	618.8799999999896	1.0193090438842773		
0	619.5199999999896	1.1201553344726562	l'interprétabilité à travers un	
0	620.1599999999896	0.8209414482116699	crash et	
0	620.7999999999896	0.7914493083953857	participation	
0	621.4399999999896	0.8469216823577881	exemple.	
0	622.0799999999896	0.7872350215911865	Donc ici	
0	622.7199999999896	0.8280842304229736	notre	
0	623.3599999999896	0.8702611923217773	modèle	
0	623.9999999999895	0.8196885585784912	fait en fait	
0	624.6399999999895	0.8529148101806641	une	
0	625.2799999999895	0.8210406303405762		
0	625.9199999999895	0.8856823444366455	mauvaise	
0	626.5599999999895	0.9931926727294922	prédiction	
0	627.1999999999895	0.39754724502563477	à la at la première étape.	
0	627.8399999999895	0.7967061996459961		
0	628.4799999999894	0.8510246276855469	Donc nous pouvons	
0	629.1199999999894	0.7931478023529053	en fait	
0	629.7599999999894	0.7881402969360352	uh	
0	630.3999999999894	0.818317174911499		
0	631.0399999999894	0.9475686550140381	corrélater	
0	631.6799999999894	0.9597995281219482	la cette expression avec	
0	632.3199999999894	0.8248317241668701		
0	632.9599999999893	0.963855504989624	la phrase	
0	633.5999999999893	1.006432294845581		
0	634.2399999999893	1.1478197574615479	ici.	
0	634.8799999999893	1.0889344215393066	D'accord ? Donc nous pensons que cette phrase	
0	635.5199999999893	0.8986527919769287	pourrait	
0	636.1599999999893	0.9555494785308838	être	
0	636.7999999999893	0.9226529598236084	trompeuse pour le	
0	637.4399999999893	0.8159372806549072	modèle à	
0	638.0799999999892	0.8389525413513184	uh	
0	638.7199999999892	0.9100518226623535		
0	639.3599999999892	1.0035459995269775	une prédiction incorrecte.	
0	639.9999999999892	0.8587002754211426	Donc ici	
0	640.6399999999892	0.860783576965332	plantant	
0	641.2799999999892	0.8603725433349609	un autre	
0	641.9199999999892	0.7616069316864014		
0	642.5599999999891	0.9020273685455322		
0	643.1999999999891	0.9787592887878418		
0	643.8399999999891	1.1044256687164307	trente cinq fait le modèle fait le modèle	
0	644.4799999999891	0.897977352142334	penser qu'il	
0	645.1199999999891	0.8946607112884521	devrait être	
0	645.7599999999891	1.0028812885284424		
0	646.3999999999891	0.45172691345214844	un opérateur d'addition.	
0	647.039999999989	0.9355847835540771		
0	647.679999999989	1.0654399394989014	Donc nous essayons de	
0	648.319999999989	1.0030431747436523	réviser la	
0	648.959999999989	1.017404317855835	phrase pour être	
0	649.599999999989	1.1560947895050049	quelque chose comme le	
0	650.239999999989	0.9319875240325928	nombre de paires	
0	650.879999999989	1.0523319244384766		
0	651.519999999989	1.0908141136169434	d'arbres sont	
0	652.1599999999889	1.0469772815704346		
0	652.7999999999889	1.049989938735962	trente cinq moins que les arbres de pommes.	
0	653.4399999999889	0.8431413173675537	Donc	
0	654.0799999999889	0.8933813571929932	uh	
0	654.7199999999889	0.9626038074493408	nous le faisons	
0	655.3599999999889	1.0576136112213135	pour venir beaucoup plus	
0	655.9999999999889	0.9301018714904785		
0	656.6399999999888	1.234652042388916	de sens	
0	657.2799999999888	0.9998764991760254	précis tel que le modèle est	
0	657.9199999999888	0.888845682144165		
0	658.5599999999888	0.9385883808135986	is capable de faire le	
0	659.1999999999888	0.8827154636383057		
0	659.8399999999888	0.9197642803192139	um	
0	660.4799999999888	0.9477896690368652	prédiction correct.	
0	661.1199999999887	0.837726354598999	Donc ce	
0	661.7599999999887	0.8078343868255615		
0	662.3999999999887	0.8260564804077148	étude montre	
0	663.0399999999887	0.9331765174865723	comment	
0	663.6799999999887	0.33669471740722656	l'interprétable	
0	664.3199999999887	0.8292591571807861		
0	664.9599999999887	0.8897128105163574		
0	665.5999999999887	0.9439818859100342	prédiction nous aide	
0	666.2399999999886	0.8938295841217041	à comprendre	
0	666.8799999999886	0.8978786468505859	le	
0	667.5199999999886	0.3064401149749756	comportement du modèle.	
0	668.1599999999886	0.17626523971557617		
0	668.7999999999886	0.1674654483795166		
0	669.4399999999886	0.7617933750152588		
0	670.0799999999886	0.8925743103027344	Donc	
0	670.7199999999885	0.9500718116760254	pour conclure	
0	671.3599999999885	1.0324833393096924	notre travail,	
0	671.9999999999885	1.0303881168365479	donc d'abord	
0	672.6399999999885	1.0460379123687744	notre modèle est en fait	
0	673.2799999999885	0.8724608421325684		
0	673.9199999999885	0.9618773460388184		
0	674.5599999999885	1.002807378768921	assez efficace et nous sommes en mesure	
0	675.1999999999884	0.854128360748291	de	
0	675.8399999999884	0.921320915222168	uh fournir	
0	676.4799999999884	0.8713822364807129	interprétable	
0	677.1199999999884	0.8058149814605713	uh	
0	677.7599999999884	0.8746802806854248		
0	678.3999999999884	0.8591010570526123		
0	679.0399999999884	0.9607090950012207		
0	679.6799999999884	1.0749576091766357	procédures de résolution et nous pouvons facilement	
0	680.3199999999883	0.9848644733428955	incorporer	
0	680.9599999999883	1.021024465560913	certaines connaissances	
0	681.5999999999883	0.9757328033447266	antérieures comme	
0	682.2399999999883	1.0892188549041748	contrainte qui peut	
0	682.8799999999883	1.0076675415039062		
0	683.5199999999883	0.43201446533203125	aider à améliorer la performance.	
0	684.1599999999883	0.8108351230621338		
0	684.7999999999882	0.9055874347686768	Et	
0	685.4399999999882	0.9523065090179443	uh	
0	686.0799999999882	0.9602627754211426	la dernière chose est que	
0	686.7199999999882	0.9717938899993896	le	
0	687.3599999999882	0.9864625930786133		
0	687.9999999999882	1.1492102146148682	mécanisme sous-jacent	
0	688.6399999999882	1.011018991470337	ne s'applique pas seulement à	
0	689.2799999999881	0.9264602661132812	uh	
0	689.9199999999881	1.0227673053741455		
0	690.5599999999881	1.0331780910491943	mapwork problèmes de résolution de	
0	691.1999999999881	0.95188307762146	tâches mais aussi	
0	691.8399999999881	1.0151398181915283	d'autres tâches	
0	692.4799999999881	0.9850797653198242	qui impliquent	
0	693.1199999999881	1.0101268291473389		
0	693.759999999988	0.44219374656677246	le raisonnement multi-étapes.	
0	694.399999999988	0.8865156173706055		
0	695.039999999988	0.9762260913848877	Mais nous avons également	
0	695.679999999988	0.27565622329711914	certaines limites.	
0	696.319999999988	0.8048970699310303		
0	696.959999999988	0.9640839099884033		
0	697.599999999988	1.177551507949829	Uh, si nous avons un	
0	698.239999999988	1.103229284286499	grand nombre	
0	698.879999999988	1.0486748218536377	d'opérateurs ou de	
0	699.5199999999879	0.9086389541625977		
0	700.1599999999879	1.037304401397705	concurrents ou de	
0	700.7999999999879	0.960533618927002	constantes, la	
0	701.4399999999879	0.8779268264770508	consommation de mémoire	
0	702.0799999999879	0.7788271903991699		
0	702.7199999999879	0.9248983860015869	pourrait	
0	703.3599999999878	0.3036205768585205	être très élevée.	
0	703.9999999999878	0.8567659854888916		
0	704.6399999999878	0.942190408706665	Et la deuxième	
0	705.2799999999878	0.8897209167480469	chose est que	
0	705.9199999999878	0.8790707588195801		
0	706.5599999999878	0.9734418392181396	comme	
0	707.1999999999878	1.078784465789795	mentionné, parce que	
0	707.8399999999878	0.9674758911132812	la	
0	708.4799999999877	1.082453727722168	distribution de probabilité est	
0	709.1199999999877	0.9777412414550781		
0	709.7599999999877	1.0460727214813232	déséquilibrée entre	
0	710.3999999999877	1.0940818786621094	uh à it à	
0	711.0399999999877	0.41692590713500977	différentes étapes temporelles.	
0	711.6799999999877	0.892756462097168		
0	712.3199999999877	0.9400694370269775	Donc c'est	
0	712.9599999999876	0.9423842430114746	aussi assez difficile	
0	713.5999999999876	0.9994192123413086		
0	714.2399999999876	0.9175338745117188		
0	714.8799999999876	0.9842381477355957	à appliquer beam	
0	715.5199999999876	0.9633848667144775	search s uh s	
0	716.1599999999876	0.9140934944152832		
0	716.7999999999876	0.3443889617919922	stratégie de beam search.	
0	717.4399999999875	0.18564438819885254		
0	718.0799999999875	0.8513715267181396		
0	718.7199999999875	0.9683012962341309	Donc c'est	
0	719.3599999999875	0.9135968685150146	la fin	
0	719.9999999999875	0.9231493473052979		
0	720.6399999999875	1.0419957637786865	de la	
0	721.2799999999875	1.1032452583312988		
0	721.9199999999875	0.5325403213500977	présentation et uh les questions sont bienvenues. Merci.	
0	722.5599999999874	0.8432979583740234		
0	723.0229374999874	0.2955965995788574		
1	0.64	0.00010561943054199219		
1	1.28	0.2802751064300537	Bonjour, Monsieur.	
1	1.92	0.03838682174682617		
1	2.56	0.42434263229370117	Bonjour, je m'appelle Antoine.	Monsieur.
1	3.2	0.518770694732666	je m'appelle m'appelle Antoine et je viens de Ma	Bonjour, je m'appelle Antoine.
1	3.8400000000000003	0.5976736545562744	Antoine et je viens de l'Université de Maastricht.	m'appelle Antoine et je viens de Ma
1	4.48	0.41718268394470215		
1	5.12	0.24509644508361816	Je vais être	l'Université de Maastricht.
1	5.76	0.2773020267486572	présenter mon	être
1	6.3999999999999995	0.3748302459716797	John Work.	
1	7.039999999999999	0.3441643714904785	travail sur John travail sur John avec Jerry.	John Work.
1	7.679999999999999	0.3559565544128418	avec Jerry, qui porte sur	travail sur John avec Jerry.
1	8.319999999999999	0.5570433139801025	nouveaux ensembles de données.	
1	8.959999999999999	0.5236554145812988	un nouveau jeu de données pour le droit statutaire.	nouveaux ensembles de données.
1	9.6	0.5181798934936523	articles statutaires.	le droit statutaire.
1	10.24	0.4574756622314453	récupération d'articles statutaires.	articles statutaires.
1	10.88	0.45893216133117676	la	récupération d'articles statutaires.
1	11.520000000000001	0.1602494716644287		
1	12.160000000000002	0.14446115493774414		
1	12.800000000000002	0.3550751209259033	questions juridiques sont un	
1	13.440000000000003	0.469249963760376	Les questions juridiques partie intégrante.	questions juridiques sont un
1	14.080000000000004	0.44417810440063477	constituent une partie partie intégrante de nombreuses.	partie intégrante.
1	14.720000000000004	0.46831703186035156	intégrante de juridiques constituent une partie intégrante de la vie de nombreuses personnes.	partie intégrante de nombreuses.
1	15.360000000000005	0.37232017517089844	vie de nombreuses personnes.	juridiques constituent une partie intégrante de la vie de nombreuses personnes.
1	16.000000000000004	0.17784595489501953	Les questions juridiques constituent une partie intégrante de la vie de nombreuses personnes.	vie de nombreuses personnes.
1	16.640000000000004	0.41447877883911133	de la vie de nombreuses personnes. Cependant, la majorité des citoyens	Les questions juridiques constituent une partie intégrante de la vie de nombreuses personnes.
1	17.280000000000005	0.41733741760253906	ont	de la vie de nombreuses personnes. Cependant, la majorité des citoyens
1	17.920000000000005	0.37921595573425293	peu ou rien à	
1	18.560000000000006	0.5062904357910156	très peu ou connaissances à ce sujet.	peu ou rien à
1	19.200000000000006	0.40653252601623535	pas de connaissances connaissances sur leurs droits.	connaissances à ce sujet.
1	19.840000000000007	0.3130629062652588	sur leurs connaissances sur leurs droits et	connaissances sur leurs droits.
1	20.480000000000008	0.42311811447143555	fondamentales.	connaissances sur leurs droits et
1	21.120000000000008	0.40292930603027344	juridiques constituent une partie intégrante de la vie de nombreuses personnes. Cependant, la majorité des citoyens ont très peu ou pas de connaissances sur leurs droits et les problèmes juridiques fondamentaux.	fondamentales.
1	21.76000000000001	0.40491819381713867	les connaissances sur leurs droits et les processus juridiques fondamentaux.	juridiques constituent une partie intégrante de la vie de nombreuses personnes. Cependant, la majorité des citoyens ont très peu ou pas de connaissances sur leurs droits et les problèmes juridiques fondamentaux.
1	22.40000000000001	0.3153228759765625		connaissances sur leurs droits et les processus juridiques fondamentaux.
1	23.04000000000001	0.29341626167297363	En conséquence,	
1	23.68000000000001	0.34485936164855957	beaucoup de	
1	24.32000000000001	0.7736787796020508	citoyens ont très peu ou pas de connaissances sur leurs droits et les processus juridiques fondamentaux. En conséquence, il est devenu très important de s'occuper de nombreux citoyens vulnérables.	beaucoup de
1	24.96000000000001	0.47132062911987305	qui peuvent	citoyens ont très peu ou pas de connaissances sur leurs droits et les processus juridiques fondamentaux. En conséquence, il est devenu très important de s'occuper de nombreux citoyens vulnérables.
1	25.600000000000012	0.6079697608947754	de nombreux citoyens vulnérables qui peuvent pas se permettre	qui peuvent
1	26.240000000000013	0.4317481517791748	ne les coûts	peuvent pas se permettre
1	26.880000000000013	0.38115978240966797	l'aide coûteuse de	les coûts
1	27.520000000000014	0.5229485034942627	d'un expert juridique.	l'aide coûteuse de
1	28.160000000000014	0.49847888946533203	juridiques fondamentaux. En conséquence, de nombreux citoyens vulnérables qui ne peuvent pas se permettre l'aide coûteuse d'un expert juridique	d'un expert juridique.
1	28.800000000000015	0.8064029216766357	vulnérables qui ne peuvent pas se permettre l'aide coûteuse d'un expert juridique sont laissés sans possibilité d'y accéder.	juridiques fondamentaux. En conséquence, de nombreux citoyens vulnérables qui ne peuvent pas se permettre l'aide coûteuse d'un expert juridique
1	29.440000000000015	0.4038681983947754	sont laissés sans protection.	vulnérables qui ne peuvent pas se permettre l'aide coûteuse d'un expert juridique sont laissés sans possibilité d'y accéder.
1	30.080000000000016	0.3784067630767822	pire.	protection.
1	30.720000000000017	0.4742443561553955	pire, exploités.	pire.
1	31.360000000000017	0.4085562229156494	protection ou,	pire, exploités.
1	32.000000000000014	0.15187883377075195		
1	32.640000000000015	0.26705288887023926	Ou travail	
1	33.280000000000015	0.3714616298675537		
1	33.920000000000016	0.4775702953338623	vise intégrante de la vie de nombreuses personnes. Cependant, la majorité des citoyens ont très peu ou pas de connaissances sur leurs droits et les processus juridiques fondamentaux. En conséquence, de nombreux citoyens vulnérables qui ne peuvent pas se permettre l'aide coûteuse d'un expert juridique sont laissés sans protection ou, pire, exploités. Ou travail vise à combler le fossé.	Ou travail
1	34.56000000000002	1.0283308029174805	à combler	intégrante de la vie de nombreuses personnes. Cependant, la majorité des citoyens ont très peu ou pas de connaissances sur leurs droits et les processus juridiques fondamentaux. En conséquence, de nombreux citoyens vulnérables qui ne peuvent pas se permettre l'aide coûteuse d'un expert juridique sont laissés sans protection ou, pire, exploités. Ou travail vise à combler le fossé.
1	35.20000000000002	0.4175081253051758	vise à combler le fossé entre les personnes et	
1	35.84000000000002	0.5518138408660889	le fossé entre les la loi.	vise à combler le fossé entre les personnes et
1	36.48000000000002	0.44671154022216797	gens et la loi en développant	la loi.
1	37.12000000000002	0.4570918083190918	efficaces.	
1	37.76000000000002	0.3653690814971924	récupération efficace.	efficaces.
1	38.40000000000002	0.4589192867279053	systèmes de récupération efficaces pour	récupération efficace.
1	39.04000000000002	0.6776573657989502	des	systèmes de récupération efficaces pour
1	39.68000000000002	0.36603283882141113	les pour les articles statutaires.	
1	40.32000000000002	0.27750182151794434		pour les articles statutaires.
1	40.96000000000002	0.29681849479675293	système	
1	41.60000000000002	0.36797475814819336	Un tel pourrait fournir	système
1	42.24000000000002	0.3786137104034424	gratuit	
1	42.880000000000024	0.3815746307373047	un professionnel gratuit.	gratuit
1	43.520000000000024	0.28383898735046387	service	professionnel gratuit.
1	44.160000000000025	0.20352578163146973	gratuit.	
1	44.800000000000026	0.21462416648864746	service professionnel gratuit.	gratuit.
1	45.440000000000026	0.21034455299377441	gratuit.	service professionnel gratuit.
1	46.08000000000003	0.7531328201293945	inexpérimentés.	gratuit.
1	46.72000000000003	0.5878770351409912	gratuit d'aide juridique professionnelle pour les humains	inexpérimentés.
1	47.36000000000003	0.13628935813903809		
1	48.00000000000003	0.39531683921813965	Avant de plonger dans le	
1	48.64000000000003	0.5261008739471436	contribution principale,	le
1	49.28000000000003	0.4447746276855469	la contribution contribution principale de ce travail.	contribution principale,
1	49.92000000000003	0.37810230255126953	principale de ce travail,	contribution principale de ce travail.
1	50.56000000000003	0.5155024528503418	décrivons d'abord.	
1	51.20000000000003	0.4318399429321289	le	d'abord.
1	51.84000000000003	0.497969388961792	d'abord problème d'étude.	le
1	52.48000000000003	0.3979487419128418	articles statutaires. Un tel système pourrait fournir un service gratuit d'aide juridique professionnelle pour les humains inexpérimentés. Avant de plonger dans la contribution principale de ce travail, décrivons d'abord le problème des articles statutaires.	d'étude.
1	53.12000000000003	0.5295734405517578	récupération efficaces pour les articles statutaires. Un tel système pourrait fournir un service gratuit d'aide juridique professionnelle pour les humains inexpérimentés. Avant de plonger dans la contribution principale de ce travail, décrivons d'abord le problème de la récupération d'articles statutaires.	articles statutaires. Un tel système pourrait fournir un service gratuit d'aide juridique professionnelle pour les humains inexpérimentés. Avant de plonger dans la contribution principale de ce travail, décrivons d'abord le problème des articles statutaires.
1	53.76000000000003	0.4768049716949463		récupération efficaces pour les articles statutaires. Un tel système pourrait fournir un service gratuit d'aide juridique professionnelle pour les humains inexpérimentés. Avant de plonger dans la contribution principale de ce travail, décrivons d'abord le problème de la récupération d'articles statutaires.
1	54.400000000000034	0.3600807189941406	donné un	
1	55.040000000000035	0.4675436019897461	Étant donné question simple,	donné un
1	55.680000000000035	0.39185595512390137	une question question simple sur un	question simple,
1	56.320000000000036	0.40940380096435547	juridique professionnelle pour les humains inexpérimentés. Avant de plonger dans la contribution principale de ce travail, décrivons d'abord le problème de la récupération d'articles statutaires. Étant donné une question simple sur un sujet juridique.	question simple sur un
1	56.960000000000036	0.40718746185302734	sujet telle que	juridique professionnelle pour les humains inexpérimentés. Avant de plonger dans la contribution principale de ce travail, décrivons d'abord le problème de la récupération d'articles statutaires. Étant donné une question simple sur un sujet juridique.
1	57.60000000000004	0.4445018768310547	juridique, que savoir si	telle que
1	58.24000000000004	0.45947909355163574	que dois-je faire »	que savoir si
1	58.88000000000004	0.6271896362304688	« risquerais-je si je »	que dois-je faire »
1	59.52000000000004	0.6478171348571777	Que risquerais-je si je viole »	risquerais-je si je »
1	60.16000000000004	0.4481322765350342	professionnellement »	»
1	60.80000000000004	0.416029691696167	secret professionnel ? »	professionnellement »
1	61.44000000000004	0.3206450939178467	le	secret professionnel ? »
1	62.08000000000004	0.14443302154541016		
1	62.72000000000004	0.4034442901611328	un modèle est requis.	
1	63.36000000000004	0.5448887348175049	récupération d'articles statutaires. Étant donné une question simple sur un sujet juridique, telle que « Que risquerais-je si je viole le secret professionnel ? » Un modèle est requis pour récupérer le modèle.	un modèle est requis.
1	64.00000000000004	0.480684757232666	Un modèle est requis pour récupérer tous	récupération d'articles statutaires. Étant donné une question simple sur un sujet juridique, telle que « Que risquerais-je si je viole le secret professionnel ? » Un modèle est requis pour récupérer le modèle.
1	64.64000000000004	0.4297516345977783	pertinentes.	tous
1	65.28000000000004	0.5216126441955566	d'articles statutaires. Étant donné une question simple sur un sujet juridique, telle que « Que risquerais-je si je viole le secret professionnel ? » Un modèle est requis pour récupérer tous les arguments statutaires pertinents.	pertinentes.
1	65.92000000000004	0.6601784229278564	tous les articles statutaires pertinents à partir d'un	d'articles statutaires. Étant donné une question simple sur un sujet juridique, telle que « Que risquerais-je si je viole le secret professionnel ? » Un modèle est requis pour récupérer tous les arguments statutaires pertinents.
1	66.56000000000004	0.6592323780059814	grand corpus.	
1	67.20000000000005	0.49399709701538086	de la récupération d'articles statutaires. Étant donné une question simple sur un sujet juridique, telle que « Que risquerais-je si je viole le secret professionnel ? » Un modèle est requis pour récupérer tous les articles statutaires pertinents à partir d'un grand corpus législatif.	corpus.
1	67.84000000000005	0.39145803451538086	corpus législation.	de la récupération d'articles statutaires. Étant donné une question simple sur un sujet juridique, telle que « Que risquerais-je si je viole le secret professionnel ? » Un modèle est requis pour récupérer tous les articles statutaires pertinents à partir d'un grand corpus législatif.
1	68.48000000000005	0.2572660446166992	de	législation.
1	69.12000000000005	0.14553332328796387		
1	69.76000000000005	0.4164578914642334	Cette information de récupération	
1	70.40000000000005	0.5629374980926514	tâche de récupération d'informations vient	information de récupération
1	71.04000000000005	0.698479175567627	ses	d'informations vient
1	71.68000000000005	0.5309407711029053	d'information propre ensemble.	ses
1	72.32000000000005	0.504366397857666	comporte son propre d'information comporte son propre ensemble de défis.	propre ensemble.
1	72.96000000000005	0.2871284484863281		d'information comporte son propre ensemble de défis.
1	73.60000000000005	0.1456606388092041		
1	74.24000000000005	0.406665563583374	Premièrement,	
1	74.88000000000005	0.6241583824157715	elle traite de	Premièrement,
1	75.52000000000005	0.6614439487457275	D'abord, deux types de	elle traite de
1	76.16000000000005	0.4898676872253418	langage.	
1	76.80000000000005	0.2198798656463623		
1	77.44000000000005	0.33577919006347656		langage.
1	78.08000000000006	0.451094388961792	naturel courant	
1	78.72000000000006	0.5987436771392822	Le langage pour la question.	naturel courant
1	79.36000000000006	0.46416425704956055	questions et	la question.
1	80.00000000000006	0.5711004734039307	les questions, et le langage complexe	questions et
1	80.64000000000006	0.5963058471679688	complexe.	complexe
1	81.28000000000006	0.4375877380371094	juridique pour	complexe.
1	81.92000000000006	0.5353453159332275	complexe les articles statutaires pertinents à partir d'un grand corpus de législation. Cette tâche de récupération d'information comporte son propre ensemble de défis. D'abord, elle traite de deux types de langage. Le langage naturel courant pour les questions, et le langage juridique complexe pour les statuts.	pour
1	82.56000000000006	0.47187018394470215	les articles statutaires pertinents à partir d'un grand corpus de législation. Cette tâche de récupération d'information comporte son propre ensemble de défis. D'abord, elle traite de deux types de langage. Le langage naturel courant pour les questions, et le langage juridique complexe pour les statuts.	articles statutaires pertinents à partir d'un grand corpus de législation. Cette tâche de récupération d'information comporte son propre ensemble de défis. D'abord, elle traite de deux types de langage. Le langage naturel courant pour les questions, et le langage juridique complexe pour les statuts.
1	83.20000000000006	0.15545034408569336		les articles statutaires pertinents à partir d'un grand corpus de législation. Cette tâche de récupération d'information comporte son propre ensemble de défis. D'abord, elle traite de deux types de langage. Le langage naturel courant pour les questions, et le langage juridique complexe pour les statuts.
1	83.84000000000006	0.41676831245422363	Cette différence	
1	84.48000000000006	0.46564674377441406	dans la contribution principale de ce travail, décrivons d'abord le problème de la récupération d'articles statutaires. Étant donné une question simple sur un sujet juridique, telle que « Que risquerais-je si je viole le secret professionnel ? » Un modèle est requis pour récupérer tous les articles statutaires pertinents à partir d'un grand corpus de législation. Cette tâche de récupération d'information comporte son propre ensemble de défis. D'abord, elle traite de deux types de langage. Le langage naturel courant pour les questions, et le langage juridique complexe pour les statuts. Cette différence de langage	
1	85.12000000000006	0.49857306480407715	distribution du langage	dans la contribution principale de ce travail, décrivons d'abord le problème de la récupération d'articles statutaires. Étant donné une question simple sur un sujet juridique, telle que « Que risquerais-je si je viole le secret professionnel ? » Un modèle est requis pour récupérer tous les articles statutaires pertinents à partir d'un grand corpus de législation. Cette tâche de récupération d'information comporte son propre ensemble de défis. D'abord, elle traite de deux types de langage. Le langage naturel courant pour les questions, et le langage juridique complexe pour les statuts. Cette différence de langage
1	85.76000000000006	0.5765368938446045	dans pertinents à partir d'un grand corpus de législation. Cette tâche de récupération d'information comporte son propre ensemble de défis. D'abord, elle traite de deux types de langage. Le langage naturel courant pour les questions, et le langage juridique complexe pour les statuts. Cette différence dans les distributions linguistiques rend cela	distribution du langage
1	86.40000000000006	0.6392838954925537	difficile pour	pertinents à partir d'un grand corpus de législation. Cette tâche de récupération d'information comporte son propre ensemble de défis. D'abord, elle traite de deux types de langage. Le langage naturel courant pour les questions, et le langage juridique complexe pour les statuts. Cette différence dans les distributions linguistiques rend cela
1	87.04000000000006	0.5041108131408691	plus système	difficile pour
1	87.68000000000006	0.14949464797973633		système
1	88.32000000000006	0.6287791728973389	un sujet juridique, telle que « Que risquerais-je si je viole le secret professionnel ? » Un modèle est requis pour récupérer tous les articles statutaires pertinents à partir d'un grand corpus de législation. Cette tâche de récupération d'information comporte son propre ensemble de défis. D'abord, elle traite de deux types de langage. Le langage naturel courant pour les questions, et le langage juridique complexe pour les statuts. Cette différence dans les distributions linguistiques rend cela plus difficile pour un système de récupérer des résultats pertinents.	
1	88.96000000000006	0.6862165927886963	système de récupérer des candidats pertinents.	sujet juridique, telle que « Que risquerais-je si je viole le secret professionnel ? » Un modèle est requis pour récupérer tous les articles statutaires pertinents à partir d'un grand corpus de législation. Cette tâche de récupération d'information comporte son propre ensemble de défis. D'abord, elle traite de deux types de langage. Le langage naturel courant pour les questions, et le langage juridique complexe pour les statuts. Cette différence dans les distributions linguistiques rend cela plus difficile pour un système de récupérer des résultats pertinents.
1	89.60000000000007	0.29183506965637207		
1	90.24000000000007	0.5492544174194336	il fonctionne indépendamment.	candidats pertinents.
1	90.88000000000007	0.48802709579467773	car indirectement	il fonctionne indépendamment.
1	91.52000000000007	0.5476679801940918	cela nécessite indirectement un	indirectement
1	92.16000000000007	0.6093728542327881	une compréhension inhérente	un
1	92.80000000000007	0.611659049987793	inhérente.	compréhension inhérente
1	93.44000000000007	0.3501698970794678	interprétation	inhérente.
1	94.08000000000007	0.422595739364624	système et	
1	94.72000000000007	0.4788053035736084	traite de deux types de langage. Le langage naturel courant pour les questions, et le langage juridique complexe pour les statuts. Cette différence dans les distributions linguistiques rend cela plus difficile pour un système de récupérer des candidats pertinents. car cela nécessite indirectement une interprétation inhérente. système capable de mener	et
1	95.36000000000007	0.4800996780395508	capable de traduire	traite de deux types de langage. Le langage naturel courant pour les questions, et le langage juridique complexe pour les statuts. Cette différence dans les distributions linguistiques rend cela plus difficile pour un système de récupérer des candidats pertinents. car cela nécessite indirectement une interprétation inhérente. système capable de mener
1	96.00000000000007	0.5140271186828613	naturel	
1	96.64000000000007	0.45467281341552734	question naturelle	naturel
1	97.28000000000007	0.5004532337188721	une	question naturelle
1	97.92000000000007	0.4834427833557129	en juridique.	
1	98.56000000000007	0.4821152687072754	question juridique qui	juridique.
1	99.20000000000007	0.7096843719482422	une d'un grand corpus de législation. Cette tâche de récupération d'information comporte son propre ensemble de défis. D'abord, elle traite de deux types de langage. Le langage naturel courant pour les questions, et le langage juridique complexe pour les statuts. Cette différence dans les distributions linguistiques rend cela plus difficile pour un système de récupérer des candidats pertinents. car cela nécessite indirectement une interprétation inhérente. système capable de traduire une question naturelle en une question juridique qui correspond aux termes de.	question juridique qui
1	99.84000000000007	0.6424179077148438	correspond statuts. Cette différence dans les distributions linguistiques rend cela plus difficile pour un système de récupérer des candidats pertinents. car cela nécessite indirectement une interprétation inhérente. système capable de traduire une question naturelle en une question juridique qui correspond à la terminologie du statut.	d'un grand corpus de législation. Cette tâche de récupération d'information comporte son propre ensemble de défis. D'abord, elle traite de deux types de langage. Le langage naturel courant pour les questions, et le langage juridique complexe pour les statuts. Cette différence dans les distributions linguistiques rend cela plus difficile pour un système de récupérer des candidats pertinents. car cela nécessite indirectement une interprétation inhérente. système capable de traduire une question naturelle en une question juridique qui correspond aux termes de.
1	100.48000000000008	0.6276164054870605	à la terminologie statuts. Cette différence dans les distributions linguistiques rend cela plus difficile pour un système de récupérer des candidats pertinents. car cela nécessite indirectement une interprétation inhérente. système capable de traduire une question naturelle en une question juridique qui correspond à la terminologie des statuts.	statuts. Cette différence dans les distributions linguistiques rend cela plus difficile pour un système de récupérer des candidats pertinents. car cela nécessite indirectement une interprétation inhérente. système capable de traduire une question naturelle en une question juridique qui correspond à la terminologie du statut.
1	101.12000000000008	0.28406834602355957		statuts. Cette différence dans les distributions linguistiques rend cela plus difficile pour un système de récupérer des candidats pertinents. car cela nécessite indirectement une interprétation inhérente. système capable de traduire une question naturelle en une question juridique qui correspond à la terminologie des statuts.
1	101.76000000000008	0.14986109733581543		
1	102.40000000000008	0.143998384475708		
1	103.04000000000008	0.6570370197296143	plus, le droit statutaire est	
1	103.68000000000008	0.7958052158355713	De plus, le droit statutaire pas une pile de	plus, le droit statutaire est
1	104.32000000000008	0.7708117961883545	n'est pas une pile	pas une pile de
1	104.96000000000008	0.576848030090332	indépendants.	
1	105.60000000000008	0.685936689376831	d'articles indépendants qui peuvent être.	indépendants.
1	106.24000000000008	0.6485850811004639	être traités comme	être.
1	106.88000000000008	0.6629917621612549	complet.	
1	107.52000000000008	0.6109805107116699	un système de récupérer des candidats pertinents. car cela nécessite indirectement une interprétation inhérente. système capable de traduire une question naturelle en une question juridique qui correspond à la terminologie des statuts. De plus, le droit statutaire n'est pas une pile d'articles indépendants qui peuvent être traités comme une source d'information complète.	complet.
1	108.16000000000008	0.7639927864074707	une source d'information comporte son propre ensemble de défis. D'abord, elle traite de deux types de langage. Le langage naturel courant pour les questions, et le langage juridique complexe pour les statuts. Cette différence dans les distributions linguistiques rend cela plus difficile pour un système de récupérer des candidats pertinents. car cela nécessite indirectement une interprétation inhérente. système capable de traduire une question naturelle en une question juridique qui correspond à la terminologie des statuts. De plus, le droit statutaire n'est pas une pile d'articles indépendants qui peuvent être traités comme une source complète d'informations sur le pétrole.	un système de récupérer des candidats pertinents. car cela nécessite indirectement une interprétation inhérente. système capable de traduire une question naturelle en une question juridique qui correspond à la terminologie des statuts. De plus, le droit statutaire n'est pas une pile d'articles indépendants qui peuvent être traités comme une source d'information complète.
1	108.80000000000008	0.6705005168914795	complète eux-mêmes.	d'information comporte son propre ensemble de défis. D'abord, elle traite de deux types de langage. Le langage naturel courant pour les questions, et le langage juridique complexe pour les statuts. Cette différence dans les distributions linguistiques rend cela plus difficile pour un système de récupérer des candidats pertinents. car cela nécessite indirectement une interprétation inhérente. système capable de traduire une question naturelle en une question juridique qui correspond à la terminologie des statuts. De plus, le droit statutaire n'est pas une pile d'articles indépendants qui peuvent être traités comme une source complète d'informations sur le pétrole.
1	109.44000000000008	0.42165279388427734	d'information en	eux-mêmes.
1	110.08000000000008	0.6416599750518799	candidats pertinents. car cela nécessite indirectement une interprétation inhérente. système capable de traduire une question naturelle en une question juridique qui correspond à la terminologie des statuts. De plus, le droit statutaire n'est pas une pile d'articles indépendants qui peuvent être traités comme une source complète d'information en eux-mêmes. contrairement aux nouvelles ou aux recettes.	
1	110.72000000000008	0.6862916946411133	candidats pertinents. car cela nécessite indirectement une interprétation inhérente. système capable de traduire une question naturelle en une question juridique qui correspond à la terminologie des statuts. De plus, le droit statutaire n'est pas une pile d'articles indépendants qui peuvent être traités comme une source complète d'information en eux-mêmes. comme les nouvelles ou les recettes par exemple.	candidats pertinents. car cela nécessite indirectement une interprétation inhérente. système capable de traduire une question naturelle en une question juridique qui correspond à la terminologie des statuts. De plus, le droit statutaire n'est pas une pile d'articles indépendants qui peuvent être traités comme une source complète d'information en eux-mêmes. contrairement aux nouvelles ou aux recettes.
1	111.36000000000008	0.7238867282867432	comme les nouvelles ou les pertinents. car cela nécessite indirectement une interprétation inhérente. système capable de traduire une question naturelle en une question juridique qui correspond à la terminologie des statuts. De plus, le droit statutaire n'est pas une pile d'articles indépendants qui peuvent être traités comme une source complète d'information en eux-mêmes. comme les nouvelles ou les recettes, par exemple.	candidats pertinents. car cela nécessite indirectement une interprétation inhérente. système capable de traduire une question naturelle en une question juridique qui correspond à la terminologie des statuts. De plus, le droit statutaire n'est pas une pile d'articles indépendants qui peuvent être traités comme une source complète d'information en eux-mêmes. comme les nouvelles ou les recettes par exemple.
1	112.00000000000009	0.5972447395324707	place,	pertinents. car cela nécessite indirectement une interprétation inhérente. système capable de traduire une question naturelle en une question juridique qui correspond à la terminologie des statuts. De plus, le droit statutaire n'est pas une pile d'articles indépendants qui peuvent être traités comme une source complète d'information en eux-mêmes. comme les nouvelles ou les recettes, par exemple.
1	112.64000000000009	0.8034780025482178	exemples. À la une interprétation inhérente. système capable de traduire une question naturelle en une question juridique qui correspond à la terminologie des statuts. De plus, le droit statutaire n'est pas une pile d'articles indépendants qui peuvent être traités comme une source complète d'information en eux-mêmes. comme les nouvelles ou les exemples. À la place, c'est un magasin de	place,
1	113.28000000000009	0.6305446624755859	c'est inhérente. système capable de traduire une question naturelle en une question juridique qui correspond à la terminologie des statuts. De plus, le droit statutaire n'est pas une pile d'articles indépendants qui peuvent être traités comme une source complète d'information en eux-mêmes. comme les nouvelles ou les exemples. À la place, c'est une structure collectée.	une interprétation inhérente. système capable de traduire une question naturelle en une question juridique qui correspond à la terminologie des statuts. De plus, le droit statutaire n'est pas une pile d'articles indépendants qui peuvent être traités comme une source complète d'information en eux-mêmes. comme les nouvelles ou les exemples. À la place, c'est un magasin de
1	113.92000000000009	0.557243824005127	une récupérer des candidats pertinents. car cela nécessite indirectement une interprétation inhérente. système capable de traduire une question naturelle en une question juridique qui correspond à la terminologie des statuts. De plus, le droit statutaire n'est pas une pile d'articles indépendants qui peuvent être traités comme une source complète d'information en eux-mêmes. comme les nouvelles ou les exemples. À la place, c'est une collection structurée de	inhérente. système capable de traduire une question naturelle en une question juridique qui correspond à la terminologie des statuts. De plus, le droit statutaire n'est pas une pile d'articles indépendants qui peuvent être traités comme une source complète d'information en eux-mêmes. comme les nouvelles ou les exemples. À la place, c'est une structure collectée.
1	114.56000000000009	0.6423804759979248	juridique complexe pour les statuts. Cette différence dans les distributions linguistiques rend cela plus difficile pour un système de récupérer des candidats pertinents. car cela nécessite indirectement une interprétation inhérente. système capable de traduire une question naturelle en une question juridique qui correspond à la terminologie des statuts. De plus, le droit statutaire n'est pas une pile d'articles indépendants qui peuvent être traités comme une source complète d'information en eux-mêmes. comme les nouvelles ou les exemples. À la place, c'est une collection structurée de dispositions juridiques.	récupérer des candidats pertinents. car cela nécessite indirectement une interprétation inhérente. système capable de traduire une question naturelle en une question juridique qui correspond à la terminologie des statuts. De plus, le droit statutaire n'est pas une pile d'articles indépendants qui peuvent être traités comme une source complète d'information en eux-mêmes. comme les nouvelles ou les exemples. À la place, c'est une collection structurée de
1	115.20000000000009	0.5548386573791504	dispositions ont	juridique complexe pour les statuts. Cette différence dans les distributions linguistiques rend cela plus difficile pour un système de récupérer des candidats pertinents. car cela nécessite indirectement une interprétation inhérente. système capable de traduire une question naturelle en une question juridique qui correspond à la terminologie des statuts. De plus, le droit statutaire n'est pas une pile d'articles indépendants qui peuvent être traités comme une source complète d'information en eux-mêmes. comme les nouvelles ou les exemples. À la place, c'est une collection structurée de dispositions juridiques.
1	115.84000000000009	0.629239559173584	juridiques qui une question naturelle en une question juridique qui correspond à la terminologie des statuts. De plus, le droit statutaire n'est pas une pile d'articles indépendants qui peuvent être traités comme une source complète d'information en eux-mêmes. comme les nouvelles ou les exemples. À la place, c'est une collection structurée de dispositions juridiques qui ont un sens global.	ont
1	116.48000000000009	0.5362157821655273	un sens correspond à la terminologie des statuts. De plus, le droit statutaire n'est pas une pile d'articles indépendants qui peuvent être traités comme une source complète d'information en eux-mêmes. comme les nouvelles ou les exemples. À la place, c'est une collection structurée de dispositions juridiques qui ont un sens complet seulement	une question naturelle en une question juridique qui correspond à la terminologie des statuts. De plus, le droit statutaire n'est pas une pile d'articles indépendants qui peuvent être traités comme une source complète d'information en eux-mêmes. comme les nouvelles ou les exemples. À la place, c'est une collection structurée de dispositions juridiques qui ont un sens global.
1	117.12000000000009	0.7180063724517822	ensemble.	correspond à la terminologie des statuts. De plus, le droit statutaire n'est pas une pile d'articles indépendants qui peuvent être traités comme une source complète d'information en eux-mêmes. comme les nouvelles ou les exemples. À la place, c'est une collection structurée de dispositions juridiques qui ont un sens complet seulement
1	117.76000000000009	0.7535769939422607	lorsqu'elles sont considérées en une question juridique qui correspond à la terminologie des statuts. De plus, le droit statutaire n'est pas une pile d'articles indépendants qui peuvent être traités comme une source complète d'information en eux-mêmes. comme les nouvelles ou les exemples. À la place, c'est une collection structurée de dispositions juridiques qui ont un sens complet seulement lorsqu'elles sont considérées dans l'ensemble.	ensemble.
1	118.40000000000009	0.5637471675872803	dans contexte global.	en une question juridique qui correspond à la terminologie des statuts. De plus, le droit statutaire n'est pas une pile d'articles indépendants qui peuvent être traités comme une source complète d'information en eux-mêmes. comme les nouvelles ou les exemples. À la place, c'est une collection structurée de dispositions juridiques qui ont un sens complet seulement lorsqu'elles sont considérées dans l'ensemble.
1	119.04000000000009	0.29314637184143066	leur	contexte global.
1	119.68000000000009	0.6410999298095703	ensemble	
1	120.32000000000009	0.7970073223114014	avec les compléments.	ensemble
1	120.9600000000001	0.8238191604614258	C'est-à-dire, avec les complémentaires.	avec les compléments.
1	121.6000000000001	0.5827867984771729	informations	complémentaires.
1	122.2400000000001	0.7235734462738037	l'objet voisin.	
1	122.8800000000001	0.6361875534057617	supplémentaires provenant terminologie des statuts. De plus, le droit statutaire n'est pas une pile d'articles indépendants qui peuvent être traités comme une source complète d'information en eux-mêmes. comme les nouvelles ou les exemples. À la place, c'est une collection structurée de dispositions juridiques qui ont un sens complet seulement lorsqu'elles sont considérées dans leur contexte global. C'est-à-dire, avec les informations supplémentaires provenant des articles voisins,	l'objet voisin.
1	123.5200000000001	0.652808427810669	le droit statutaire n'est pas une pile d'articles indépendants qui peuvent être traités comme une source complète d'information en eux-mêmes. comme les nouvelles ou les exemples. À la place, c'est une collection structurée de dispositions juridiques qui ont un sens complet seulement lorsqu'elles sont considérées dans leur contexte global. C'est-à-dire, avec les informations supplémentaires provenant des articles voisins, le domaine.	terminologie des statuts. De plus, le droit statutaire n'est pas une pile d'articles indépendants qui peuvent être traités comme une source complète d'information en eux-mêmes. comme les nouvelles ou les exemples. À la place, c'est une collection structurée de dispositions juridiques qui ont un sens complet seulement lorsqu'elles sont considérées dans leur contexte global. C'est-à-dire, avec les informations supplémentaires provenant des articles voisins,
1	124.1600000000001	0.6547677516937256	d'articles indépendants qui peuvent être traités comme une source complète d'information en eux-mêmes. comme les nouvelles ou les exemples. À la place, c'est une collection structurée de dispositions juridiques qui ont un sens complet seulement lorsqu'elles sont considérées dans leur contexte global. C'est-à-dire, avec les informations supplémentaires provenant des articles voisins, des champs et sous-champs.	le droit statutaire n'est pas une pile d'articles indépendants qui peuvent être traités comme une source complète d'information en eux-mêmes. comme les nouvelles ou les exemples. À la place, c'est une collection structurée de dispositions juridiques qui ont un sens complet seulement lorsqu'elles sont considérées dans leur contexte global. C'est-à-dire, avec les informations supplémentaires provenant des articles voisins, le domaine.
1	124.8000000000001	0.8528132438659668	des champs et indépendants qui peuvent être traités comme une source complète d'information en eux-mêmes. comme les nouvelles ou les exemples. À la place, c'est une collection structurée de dispositions juridiques qui ont un sens complet seulement lorsqu'elles sont considérées dans leur contexte global. C'est-à-dire, avec les informations supplémentaires provenant des articles voisins, des champs et sous-champs auxquels elles appartiennent.	d'articles indépendants qui peuvent être traités comme une source complète d'information en eux-mêmes. comme les nouvelles ou les exemples. À la place, c'est une collection structurée de dispositions juridiques qui ont un sens complet seulement lorsqu'elles sont considérées dans leur contexte global. C'est-à-dire, avec les informations supplémentaires provenant des articles voisins, des champs et sous-champs.
1	125.4400000000001	0.72232985496521	sous-champs auxquels elles d'articles indépendants qui peuvent être traités comme une source complète d'information en eux-mêmes. comme les nouvelles ou les exemples. À la place, c'est une collection structurée de dispositions juridiques qui ont un sens complet seulement lorsqu'elles sont considérées dans leur contexte global. C'est-à-dire, avec les informations supplémentaires provenant des articles voisins, des champs et sous-champs auxquels elles appartiennent,	indépendants qui peuvent être traités comme une source complète d'information en eux-mêmes. comme les nouvelles ou les exemples. À la place, c'est une collection structurée de dispositions juridiques qui ont un sens complet seulement lorsqu'elles sont considérées dans leur contexte global. C'est-à-dire, avec les informations supplémentaires provenant des articles voisins, des champs et sous-champs auxquels elles appartiennent.
1	126.0800000000001	0.29013705253601074		d'articles indépendants qui peuvent être traités comme une source complète d'information en eux-mêmes. comme les nouvelles ou les exemples. À la place, c'est une collection structurée de dispositions juridiques qui ont un sens complet seulement lorsqu'elles sont considérées dans leur contexte global. C'est-à-dire, avec les informations supplémentaires provenant des articles voisins, des champs et sous-champs auxquels elles appartiennent,
1	126.7200000000001	0.7594776153564453	d'articles indépendants qui peuvent être traités comme une source complète d'information en eux-mêmes. comme les nouvelles ou les exemples. À la place, c'est une collection structurée de dispositions juridiques qui ont un sens complet seulement lorsqu'elles sont considérées dans leur contexte global. C'est-à-dire, avec les informations supplémentaires provenant des articles voisins, des champs et sous-champs auxquels elles appartiennent, et de leur place dans le	
1	127.3600000000001	0.8263123035430908	appartiennent, et de leur place dans structure de	d'articles indépendants qui peuvent être traités comme une source complète d'information en eux-mêmes. comme les nouvelles ou les exemples. À la place, c'est une collection structurée de dispositions juridiques qui ont un sens complet seulement lorsqu'elles sont considérées dans leur contexte global. C'est-à-dire, avec les informations supplémentaires provenant des articles voisins, des champs et sous-champs auxquels elles appartiennent, et de leur place dans le
1	128.00000000000009	0.601508378982544	la structure structure du droit.	structure de
1	128.64000000000007	0.23816895484924316		structure du droit.
1	129.28000000000006	0.4786109924316406	Enfin,	
1	129.92000000000004	0.6422905921936035		
1	130.56000000000003	0.6039364337921143	statutaire n'est pas une pile d'articles indépendants qui peuvent être traités comme une source complète d'information en eux-mêmes. comme les nouvelles ou les exemples. À la place, c'est une collection structurée de dispositions juridiques qui ont un sens complet seulement lorsqu'elles sont considérées dans leur contexte global. C'est-à-dire, avec les informations supplémentaires provenant des articles voisins, des champs et sous-champs auxquels elles appartiennent, et de leur place dans la structure du droit. Enfin, les articles statutaires sont	Enfin,
1	131.20000000000002	0.7365586757659912	les articles statutaires n'est pas une pile d'articles indépendants qui peuvent être traités comme une source complète d'information en eux-mêmes. comme les nouvelles ou les exemples. À la place, c'est une collection structurée de dispositions juridiques qui ont un sens complet seulement lorsqu'elles sont considérées dans leur contexte global. C'est-à-dire, avec les informations supplémentaires provenant des articles voisins, des champs et sous-champs auxquels elles appartiennent, et de leur place dans la structure du droit. Enfin, les articles statutaires ne sont pas petits.	statutaire n'est pas une pile d'articles indépendants qui peuvent être traités comme une source complète d'information en eux-mêmes. comme les nouvelles ou les exemples. À la place, c'est une collection structurée de dispositions juridiques qui ont un sens complet seulement lorsqu'elles sont considérées dans leur contexte global. C'est-à-dire, avec les informations supplémentaires provenant des articles voisins, des champs et sous-champs auxquels elles appartiennent, et de leur place dans la structure du droit. Enfin, les articles statutaires sont
1	131.84	0.6518802642822266	une collection structurée de dispositions juridiques qui ont un sens complet seulement lorsqu'elles sont considérées dans leur contexte global. C'est-à-dire, avec les informations supplémentaires provenant des articles voisins, des champs et sous-champs auxquels elles appartiennent, et de leur place dans la structure du droit. Enfin, les articles statutaires sont un petit paragraphe.	n'est pas une pile d'articles indépendants qui peuvent être traités comme une source complète d'information en eux-mêmes. comme les nouvelles ou les exemples. À la place, c'est une collection structurée de dispositions juridiques qui ont un sens complet seulement lorsqu'elles sont considérées dans leur contexte global. C'est-à-dire, avec les informations supplémentaires provenant des articles voisins, des champs et sous-champs auxquels elles appartiennent, et de leur place dans la structure du droit. Enfin, les articles statutaires ne sont pas petits.
1	132.48	0.6726877689361572	sont un petit	une collection structurée de dispositions juridiques qui ont un sens complet seulement lorsqu'elles sont considérées dans leur contexte global. C'est-à-dire, avec les informations supplémentaires provenant des articles voisins, des champs et sous-champs auxquels elles appartiennent, et de leur place dans la structure du droit. Enfin, les articles statutaires sont un petit paragraphe.
1	133.11999999999998	0.6571707725524902	paragraphe, qui les articles statutaires sont un petit paragraphe, qui est généralement le	
1	133.75999999999996	0.5831382274627686		les articles statutaires sont un petit paragraphe, qui est généralement le
1	134.39999999999995	0.6726820468902588		
1	135.03999999999994	0.8080692291259766	unité de récupération	
1	135.67999999999992	0.7770097255706787	typique dans la plupart des	
1	136.3199999999999	0.30351829528808594	travaux de récupération.	
1	136.9599999999999	0.4969217777252197	Enfin, les articles statutaires sont un petit paragraphe, qui est généralement le unité de récupération typique dans la plupart des travaux de récupération. Ici,	
1	137.59999999999988	0.5827276706695557	les articles statutaires sont un petit paragraphe, qui est généralement le unité de récupération typique dans la plupart des travaux de récupération. Ici, ils sont	Enfin, les articles statutaires sont un petit paragraphe, qui est généralement le unité de récupération typique dans la plupart des travaux de récupération. Ici,
1	138.23999999999987	0.6450989246368408	exemples. À la place, c'est une collection structurée de dispositions juridiques qui ont un sens complet seulement lorsqu'elles sont considérées dans leur contexte global. C'est-à-dire, avec les informations supplémentaires provenant des articles voisins, des champs et sous-champs auxquels elles appartiennent, et de leur place dans la structure du droit. Enfin, les articles statutaires sont un petit paragraphe, qui est généralement le unité de récupération typique dans la plupart des travaux de récupération. Ici, ils sont de longs chiens.	les articles statutaires sont un petit paragraphe, qui est généralement le unité de récupération typique dans la plupart des travaux de récupération. Ici, ils sont
1	138.87999999999985	0.5596108436584473	de longs	exemples. À la place, c'est une collection structurée de dispositions juridiques qui ont un sens complet seulement lorsqu'elles sont considérées dans leur contexte global. C'est-à-dire, avec les informations supplémentaires provenant des articles voisins, des champs et sous-champs auxquels elles appartiennent, et de leur place dans la structure du droit. Enfin, les articles statutaires sont un petit paragraphe, qui est généralement le unité de récupération typique dans la plupart des travaux de récupération. Ici, ils sont de longs chiens.
1	139.51999999999984	0.5403034687042236	qui ont un sens complet seulement lorsqu'elles sont considérées dans leur contexte global. C'est-à-dire, avec les informations supplémentaires provenant des articles voisins, des champs et sous-champs auxquels elles appartiennent, et de leur place dans la structure du droit. Enfin, les articles statutaires sont un petit paragraphe, qui est généralement le unité de récupération typique dans la plupart des travaux de récupération. Ici, ils sont de longs documents pouvant atteindre	
1	140.15999999999983	0.5898020267486572		qui ont un sens complet seulement lorsqu'elles sont considérées dans leur contexte global. C'est-à-dire, avec les informations supplémentaires provenant des articles voisins, des champs et sous-champs auxquels elles appartiennent, et de leur place dans la structure du droit. Enfin, les articles statutaires sont un petit paragraphe, qui est généralement le unité de récupération typique dans la plupart des travaux de récupération. Ici, ils sont de longs documents pouvant atteindre
1	140.7999999999998	0.6188623905181885	seulement lorsqu'elles sont considérées dans leur contexte global. C'est-à-dire, avec les informations supplémentaires provenant des articles voisins, des champs et sous-champs auxquels elles appartiennent, et de leur place dans la structure du droit. Enfin, les articles statutaires sont un petit paragraphe, qui est généralement le unité de récupération typique dans la plupart des travaux de récupération. Ici, ils sont de longs documents pouvant atteindre jusqu'à six mille mots.	
1	141.4399999999998	0.3468472957611084		seulement lorsqu'elles sont considérées dans leur contexte global. C'est-à-dire, avec les informations supplémentaires provenant des articles voisins, des champs et sous-champs auxquels elles appartiennent, et de leur place dans la structure du droit. Enfin, les articles statutaires sont un petit paragraphe, qui est généralement le unité de récupération typique dans la plupart des travaux de récupération. Ici, ils sont de longs documents pouvant atteindre jusqu'à six mille mots.
1	142.07999999999979	0.15078115463256836		
1	142.71999999999977	0.13879036903381348		
1	143.35999999999976	0.5744154453277588		
1	143.99999999999974	0.6848559379577637	Les récents progrès	
1	144.63999999999973	0.6669063568115234	en TALN ont	
1	145.27999999999972	0.6799843311309814		
1	145.9199999999997	0.8315682411193848	suscité un immense contexte global. C'est-à-dire, avec les informations supplémentaires provenant des articles voisins, des champs et sous-champs auxquels elles appartiennent, et de leur place dans la structure du droit. Enfin, les articles statutaires sont un petit paragraphe, qui est généralement le unité de récupération typique dans la plupart des travaux de récupération. Ici, ils sont de longs documents pouvant atteindre jusqu'à six mille mots. Les récents progrès en TALN ont suscité un immense intérêt dans de nombreuses littératures.	
1	146.5599999999997	0.7396905422210693	intérêt dans de nombreuses juridiques qui ont un sens complet seulement lorsqu'elles sont considérées dans leur contexte global. C'est-à-dire, avec les informations supplémentaires provenant des articles voisins, des champs et sous-champs auxquels elles appartiennent, et de leur place dans la structure du droit. Enfin, les articles statutaires sont un petit paragraphe, qui est généralement le unité de récupération typique dans la plupart des travaux de récupération. Ici, ils sont de longs documents pouvant atteindre jusqu'à six mille mots. Les récents progrès en TALN ont suscité un immense intérêt dans de nombreuses tâches juridiques, telles que	contexte global. C'est-à-dire, avec les informations supplémentaires provenant des articles voisins, des champs et sous-champs auxquels elles appartiennent, et de leur place dans la structure du droit. Enfin, les articles statutaires sont un petit paragraphe, qui est généralement le unité de récupération typique dans la plupart des travaux de récupération. Ici, ils sont de longs documents pouvant atteindre jusqu'à six mille mots. Les récents progrès en TALN ont suscité un immense intérêt dans de nombreuses littératures.
1	147.19999999999968	0.5767333507537842	tâches tâche de récupération d'information comporte son propre ensemble de défis. D'abord, elle traite de deux types de langage. Le langage naturel courant pour les questions, et le langage juridique complexe pour les statuts. Cette différence dans les distributions linguistiques rend cela plus difficile pour un système de récupérer des candidats pertinents. car cela nécessite indirectement une interprétation inhérente. système capable de traduire une question naturelle en une question juridique qui correspond à la terminologie des statuts. De plus, le droit statutaire n'est pas une pile d'articles indépendants qui peuvent être traités comme une source complète d'information en eux-mêmes. comme les nouvelles ou les exemples. À la place, c'est une collection structurée de dispositions juridiques qui ont un sens complet seulement lorsqu'elles sont considérées dans leur contexte global. C'est-à-dire, avec les informations supplémentaires provenant des articles voisins, des champs et sous-champs auxquels elles appartiennent, et de leur place dans la structure du droit. Enfin, les articles statutaires sont un petit paragraphe, qui est généralement le unité de récupération typique dans la plupart des travaux de récupération. Ici, ils sont de longs documents pouvant atteindre jusqu'à six mille mots. Les récents progrès en TALN ont suscité un immense intérêt dans de nombreuses tâches juridiques telles que	juridiques qui ont un sens complet seulement lorsqu'elles sont considérées dans leur contexte global. C'est-à-dire, avec les informations supplémentaires provenant des articles voisins, des champs et sous-champs auxquels elles appartiennent, et de leur place dans la structure du droit. Enfin, les articles statutaires sont un petit paragraphe, qui est généralement le unité de récupération typique dans la plupart des travaux de récupération. Ici, ils sont de longs documents pouvant atteindre jusqu'à six mille mots. Les récents progrès en TALN ont suscité un immense intérêt dans de nombreuses tâches juridiques, telles que
1	147.83999999999966	0.7200393676757812		tâche de récupération d'information comporte son propre ensemble de défis. D'abord, elle traite de deux types de langage. Le langage naturel courant pour les questions, et le langage juridique complexe pour les statuts. Cette différence dans les distributions linguistiques rend cela plus difficile pour un système de récupérer des candidats pertinents. car cela nécessite indirectement une interprétation inhérente. système capable de traduire une question naturelle en une question juridique qui correspond à la terminologie des statuts. De plus, le droit statutaire n'est pas une pile d'articles indépendants qui peuvent être traités comme une source complète d'information en eux-mêmes. comme les nouvelles ou les exemples. À la place, c'est une collection structurée de dispositions juridiques qui ont un sens complet seulement lorsqu'elles sont considérées dans leur contexte global. C'est-à-dire, avec les informations supplémentaires provenant des articles voisins, des champs et sous-champs auxquels elles appartiennent, et de leur place dans la structure du droit. Enfin, les articles statutaires sont un petit paragraphe, qui est généralement le unité de récupération typique dans la plupart des travaux de récupération. Ici, ils sont de longs documents pouvant atteindre jusqu'à six mille mots. Les récents progrès en TALN ont suscité un immense intérêt dans de nombreuses tâches juridiques telles que
1	148.47999999999965	0.6980946063995361		
1	149.11999999999964	0.7832584381103516	la prédiction des jugements ou les exemples. À la place, c'est une collection structurée de dispositions juridiques qui ont un sens complet seulement lorsqu'elles sont considérées dans leur contexte global. C'est-à-dire, avec les informations supplémentaires provenant des articles voisins, des champs et sous-champs auxquels elles appartiennent, et de leur place dans la structure du droit. Enfin, les articles statutaires sont un petit paragraphe, qui est généralement le unité de récupération typique dans la plupart des travaux de récupération. Ici, ils sont de longs documents pouvant atteindre jusqu'à six mille mots. Les récents progrès en TALN ont suscité un immense intérêt dans de nombreuses tâches juridiques telles que la prédiction des jugements juridiques ou automatique.	
1	149.75999999999962	0.6498894691467285	juridiques ou	ou les exemples. À la place, c'est une collection structurée de dispositions juridiques qui ont un sens complet seulement lorsqu'elles sont considérées dans leur contexte global. C'est-à-dire, avec les informations supplémentaires provenant des articles voisins, des champs et sous-champs auxquels elles appartiennent, et de leur place dans la structure du droit. Enfin, les articles statutaires sont un petit paragraphe, qui est généralement le unité de récupération typique dans la plupart des travaux de récupération. Ici, ils sont de longs documents pouvant atteindre jusqu'à six mille mots. Les récents progrès en TALN ont suscité un immense intérêt dans de nombreuses tâches juridiques telles que la prédiction des jugements juridiques ou automatique.
1	150.3999999999996	0.6506528854370117	droit. Enfin, les articles statutaires sont un petit paragraphe, qui est généralement le unité de récupération typique dans la plupart des travaux de récupération. Ici, ils sont de longs documents pouvant atteindre jusqu'à six mille mots. Les récents progrès en TALN ont suscité un immense intérêt dans de nombreuses tâches juridiques telles que la prédiction des jugements juridiques ou la rédaction automatique de contrats.	
1	151.0399999999996	0.6873011589050293	la secret professionnel ? » Un modèle est requis pour récupérer tous les articles statutaires pertinents à partir d'un grand corpus de législation. Cette tâche de récupération d'information comporte son propre ensemble de défis. D'abord, elle traite de deux types de langage. Le langage naturel courant pour les questions, et le langage juridique complexe pour les statuts. Cette différence dans les distributions linguistiques rend cela plus difficile pour un système de récupérer des candidats pertinents. car cela nécessite indirectement une interprétation inhérente. système capable de traduire une question naturelle en une question juridique qui correspond à la terminologie des statuts. De plus, le droit statutaire n'est pas une pile d'articles indépendants qui peuvent être traités comme une source complète d'information en eux-mêmes. comme les nouvelles ou les exemples. À la place, c'est une collection structurée de dispositions juridiques qui ont un sens complet seulement lorsqu'elles sont considérées dans leur contexte global. C'est-à-dire, avec les informations supplémentaires provenant des articles voisins, des champs et sous-champs auxquels elles appartiennent, et de leur place dans la structure du droit. Enfin, les articles statutaires sont un petit paragraphe, qui est généralement le unité de récupération typique dans la plupart des travaux de récupération. Ici, ils sont de longs documents pouvant atteindre jusqu'à six mille mots. Les récents progrès en TALN ont suscité un immense intérêt dans de nombreuses tâches juridiques telles que la prédiction des jugements juridiques ou la révision automatique des contrats.	droit. Enfin, les articles statutaires sont un petit paragraphe, qui est généralement le unité de récupération typique dans la plupart des travaux de récupération. Ici, ils sont de longs documents pouvant atteindre jusqu'à six mille mots. Les récents progrès en TALN ont suscité un immense intérêt dans de nombreuses tâches juridiques telles que la prédiction des jugements juridiques ou la rédaction automatique de contrats.
1	151.67999999999958	0.3048994541168213		secret professionnel ? » Un modèle est requis pour récupérer tous les articles statutaires pertinents à partir d'un grand corpus de législation. Cette tâche de récupération d'information comporte son propre ensemble de défis. D'abord, elle traite de deux types de langage. Le langage naturel courant pour les questions, et le langage juridique complexe pour les statuts. Cette différence dans les distributions linguistiques rend cela plus difficile pour un système de récupérer des candidats pertinents. car cela nécessite indirectement une interprétation inhérente. système capable de traduire une question naturelle en une question juridique qui correspond à la terminologie des statuts. De plus, le droit statutaire n'est pas une pile d'articles indépendants qui peuvent être traités comme une source complète d'information en eux-mêmes. comme les nouvelles ou les exemples. À la place, c'est une collection structurée de dispositions juridiques qui ont un sens complet seulement lorsqu'elles sont considérées dans leur contexte global. C'est-à-dire, avec les informations supplémentaires provenant des articles voisins, des champs et sous-champs auxquels elles appartiennent, et de leur place dans la structure du droit. Enfin, les articles statutaires sont un petit paragraphe, qui est généralement le unité de récupération typique dans la plupart des travaux de récupération. Ici, ils sont de longs documents pouvant atteindre jusqu'à six mille mots. Les récents progrès en TALN ont suscité un immense intérêt dans de nombreuses tâches juridiques telles que la prédiction des jugements juridiques ou la révision automatique des contrats.
1	152.31999999999957	0.14252138137817383		
1	152.95999999999955	0.5921857357025146		
1	153.59999999999954	0.7587316036224365		
1	154.23999999999953	0.8167047500610352	Mais la récupération d'articles	
1	154.8799999999995	0.6395869255065918	statutaires est restée	
1	155.5199999999995	0.6198673248291016	principalement droit. Enfin, les articles statutaires sont un petit paragraphe, qui est généralement le unité de récupération typique dans la plupart des travaux de récupération. Ici, ils sont de longs documents pouvant atteindre jusqu'à six mille mots. Les récents progrès en TALN ont suscité un immense intérêt dans de nombreuses tâches juridiques telles que la prédiction des jugements juridiques ou la révision automatique des contrats. Mais la récupération d'articles statutaires est restée principalement inchangée.	
1	156.15999999999948	0.15071725845336914		droit. Enfin, les articles statutaires sont un petit paragraphe, qui est généralement le unité de récupération typique dans la plupart des travaux de récupération. Ici, ils sont de longs documents pouvant atteindre jusqu'à six mille mots. Les récents progrès en TALN ont suscité un immense intérêt dans de nombreuses tâches juridiques telles que la prédiction des jugements juridiques ou la révision automatique des contrats. Mais la récupération d'articles statutaires est restée principalement inchangée.
1	156.79999999999947	0.7483623027801514		
1	157.43999999999946	0.8900103569030762	inchangée en raison du manque de grands	
1	158.07999999999944	0.628002405166626		
1	158.71999999999943	0.7813353538513184		
1	159.35999999999942	0.4773139953613281	jeux de données étiquetés de haute qualité.	
1	159.9999999999994	0.15877795219421387		
1	160.6399999999994	0.6073760986328125		
1	161.27999999999938	0.7376313209533691	Dans ce travail, nous	
1	161.91999999999936	0.5672438144683838	présentons un nouveau	
1	162.55999999999935	0.569911003112793		
1	163.19999999999933	0.6301381587982178		
1	163.83999999999932	0.808748722076416		
1	164.4799999999993	0.9242813587188721		
1	165.1199999999993	0.9004652500152588	jeu de données centré sur les citoyens natifs	
1	165.75999999999928	0.6677916049957275	francophones pour	
1	166.39999999999927	0.727555513381958	étudier si	
1	167.03999999999925	0.6431589126586914		
1	167.67999999999924	0.7350237369537354		
1	168.31999999999923	0.8420014381408691	un modèle de récupération peut	
1	168.9599999999992	0.6400759220123291	approximer	
1	169.5999999999992	0.7367043495178223	l'efficacité et	
1	170.23999999999918	0.5790133476257324	la fiabilité	
1	170.87999999999917	0.1810779571533203	de	
1	171.51999999999916	0.5809695720672607		
1	172.15999999999914	0.6009507179260254		
1	172.79999999999913	0.7115726470947266	un expert juridique pour	
1	173.43999999999912	0.7353568077087402	la tâche de	
1	174.0799999999991	0.7288148403167725	récupération	
1	174.7199999999991	0.34706664085388184	d'articles statutaires.	
1	175.35999999999908	0.14672017097473145		
1	175.99999999999906	0.6444189548492432		
1	176.63999999999905	0.1477506160736084		
1	177.27999999999903	0.8442833423614502		
1	177.91999999999902	0.9399058818817139	Ou	
1	178.559999999999	0.5980386734008789	jeu de données belge de récupération d'articles statutaires.	
1	179.199999999999	0.1454460620880127		
1	179.83999999999898	0.14455413818359375		
1	180.47999999999897	0.6042952537536621		
1	181.11999999999895	0.7420907020568848		
1	181.75999999999894	0.7564272880554199		
1	182.39999999999893	0.817551851272583	comprend plus de	
1	183.0399999999989	0.801217794418335	1 100 questions	
1	183.6799999999989	0.6985204219818115	juridiques	
1	184.31999999999888	0.7328557968139648	posées par des	
1	184.95999999999887	0.2730381488800049	citoyens belges.	
1	185.59999999999886	0.5271468162536621		
1	186.23999999999884	0.6308283805847168	Ces questions	
1	186.87999999999883	0.7256608009338379	couvrent	
1	187.51999999999882	0.6794178485870361	un large	
1	188.1599999999988	0.6800327301025391	éventail de	
1	188.7999999999988	0.664635419845581		
1	189.43999999999878	0.7323641777038574		
1	190.07999999999876	0.9104702472686768	sujets allant de la	
1	190.71999999999875	0.9549689292907715	famille, au logement, à	
1	191.35999999999873	0.8712375164031982		
1	191.99999999999872	0.8976521492004395	l'argent jusqu'au travail et	
1	192.6399999999987	0.3170173168182373	à la sécurité sociale.	
1	193.2799999999987	0.15168261528015137		
1	193.91999999999868	0.685856819152832		
1	194.55999999999867	0.872471809387207	Chacune d'elles a	
1	195.19999999999865	0.8080408573150635	été	
1	195.83999999999864	0.8214294910430908	étiquetée par	
1	196.47999999999863	0.34356021881103516	des juristes expérimentés.	
1	197.1199999999986	0.5206050872802734		
1	197.7599999999986	0.6026029586791992	avec	
1	198.39999999999858	0.67547607421875	des références	
1	199.03999999999857	0.694502592086792	aux articles	
1	199.67999999999856	0.7010726928710938	pertinents d'un	
1	200.31999999999854	0.6017804145812988	corpus de	
1	200.95999999999853	0.7743010520935059	plus de	
1	201.59999999999852	0.6788368225097656		
1	202.2399999999985	0.6929354667663574		
1	202.8799999999985	0.7395622730255127		
1	203.51999999999848	0.7276051044464111	vingt-deux mille six cents articles juridiques.	
1	204.15999999999846	0.4385721683502197		
1	204.79999999999845	0.4378621578216553		
1	205.43999999999843	0.15517497062683105		
1	206.07999999999842	0.6187608242034912		
1	206.7199999999984	0.9243319034576416	articles juridiques provenant des codes	
1	207.3599999999984	1.073049545288086		
1	207.99999999999838	1.1578881740570068	belges de la loi. Parlons maintenant de la	
1	208.63999999999837	0.8302266597747803	manière dont nous avons	
1	209.27999999999835	0.37140560150146484	collecté ce jeu de données.	
1	209.91999999999834	0.6732220649719238		
1	210.55999999999833	0.7373697757720947	D'abord, nous	
1	211.1999999999983	0.60817551612854	avons commencé par	
1	211.8399999999983	0.5992898941040039	compiler un	
1	212.47999999999828	0.5474696159362793	grand	
1	213.11999999999827	0.6691324710845947	corpus	
1	213.75999999999826	0.315366268157959	d'articles juridiques.	
1	214.39999999999824	0.5360443592071533		
1	215.03999999999823	0.6416420936584473	Nous avons considéré	
1	215.67999999999822	0.6016311645507812	32	
1	216.3199999999982	0.5953531265258789		
1	216.9599999999982	0.7538552284240723		
1	217.59999999999818	0.7906248569488525	codes belges	
1	218.23999999999816	0.6875457763671875		
1	218.87999999999815	0.7968695163726807		
1	219.51999999999813	0.7907159328460693	disponibles publiquement et extrait tous leurs	
1	220.15999999999812	0.7040932178497314	articles	
1	220.7999999999981	0.6110997200012207	ainsi que	
1	221.4399999999981	0.6919982433319092	les	
1	222.07999999999808	0.3455216884613037	titres de sections correspondants.	
1	222.71999999999807	0.14693665504455566		
1	223.35999999999805	0.507666826248169		
1	223.99999999999804	0.6242485046386719		
1	224.63999999999803	0.828944206237793	Ensuite, nous avons	
1	225.279999999998	0.3866093158721924	recueilli des questions juridiques.	
1	225.919999999998	0.5531487464904785		
1	226.55999999999798	0.6884810924530029		
1	227.19999999999797	0.7831645011901855	questions avec des références	
1	227.83999999999796	0.3499269485473633	aux statuts pertinents.	
1	228.47999999999794	0.15802502632141113		
1	229.11999999999793	0.6162924766540527		
1	229.75999999999792	0.7682106494903564	Pour ce faire, nous	
1	230.3999999999979	0.6692228317260742	avons collaboré avec le	
1	231.0399999999979	0.6135845184326172		
1	231.67999999999788	0.6817047595977783	cabinet d'avocats belge	
1	232.31999999999786	0.6321854591369629	qui reçoit	
1	232.95999999999785	0.5561256408691406	chaque	
1	233.59999999999783	0.701392650604248	année environ	
1	234.23999999999782	0.6418931484222412	quatre mille	
1	234.8799999999978	0.19562768936157227		
1	235.5199999999978	0.6466586589813232		
1	236.15999999999778	0.6832435131072998	e-mails de citoyens belges	
1	236.79999999999777	0.6671874523162842	qui	
1	237.43999999999775	0.6902828216552734	demandent des	
1	238.07999999999774	0.6896486282348633	conseils sur	
1	238.71999999999773	0.3169670104980469	une question juridique personnelle.	
1	239.3599999999977	0.15605401992797852		
1	239.9999999999977	0.6689724922180176		
1	240.63999999999768	0.7767472267150879	Nous avons eu la chance	
1	241.27999999999767	0.7275412082672119	d'accéder à	
1	241.91999999999766	0.607048511505127		
1	242.55999999999764	0.6386470794677734	leurs sites	
1	243.19999999999763	0.21860742568969727		
1	243.83999999999762	0.7640290260314941		
1	244.4799999999976	0.8714704513549805	web où leur équipe	
1	245.1199999999976	0.7683205604553223	de juristes expérimentés	
1	245.75999999999758	0.7731328010559082		
1	246.39999999999756	0.8473327159881592		
1	247.03999999999755	0.5026867389678955	traite les problèmes juridiques les plus courants en Belgique.	
1	247.67999999999753	0.15740394592285156		
1	248.31999999999752	0.6235959529876709		
1	248.9599999999975	0.7036874294281006	Nous avons	
1	249.5999999999975	0.7454173564910889	recueilli des milliers	
1	250.23999999999748	0.46799516677856445		
1	250.87999999999747	0.7747955322265625		
1	251.51999999999745	0.7716953754425049	de questions, annotées avec	
1	252.15999999999744	0.21793270111083984		
1	252.79999999999742	0.8072140216827393		
1	253.4399999999974	0.8217132091522217	des	
1	254.0799999999974	0.8745651245117188	catégories, des sous-catégories et des	
1	254.71999999999738	0.7480349540710449	références juridiques	
1	255.35999999999737	0.6971287727355957	aux statuts pertinents.	
1	255.99999999999736	0.23033738136291504		
1	256.63999999999737	0.15610051155090332		
1	257.27999999999736	0.5456697940826416		
1	257.91999999999734	0.6520912647247314	Enfin,	
1	258.55999999999733	0.7087273597717285	nous avons transmis	
1	259.1999999999973	0.6590464115142822		
1	259.8399999999973	0.6275403499603271	les références	
1	260.4799999999973	0.6381978988647461	juridiques et	
1	261.1199999999973	0.5751094818115234		
1	261.75999999999726	0.6416530609130859	filtré les	
1	262.39999999999725	0.5747542381286621		
1	263.03999999999724	0.6447134017944336	questions dont les	
1	263.6799999999972	0.6374425888061523		
1	264.3199999999972	0.7303497791290283	références n'étaient pas	
1	264.9599999999972	0.6620659828186035	des	
1	265.5999999999972	0.776141881942749	articles dans	
1	266.23999999999717	0.772552490234375	l'un des codes	
1	266.87999999999715	0.7483842372894287	de	
1	267.51999999999714	0.38811707496643066	loi que nous avons considérés.	
1	268.1599999999971	0.5543951988220215		
1	268.7999999999971	0.1515040397644043		
1	269.4399999999971	0.6187901496887207		
1	270.0799999999971	0.15479326248168945		
1	270.71999999999707	0.8064537048339844		
1	271.35999999999706	0.1524181365966797		
1	271.99999999999704	0.14893746376037598		
1	272.63999999999703	0.9821410179138184		
1	273.279999999997	1.1029138565063477	Les références restantes ont été correspondances et converties	
1	273.919999999997	0.8126366138458252	en	
1	274.559999999997	0.9047913551330566	les identifiants d'article correspondants	
1	275.199999999997	0.6861929893493652		
1	275.83999999999696	0.3557116985321045	d'Orcorpus.	
1	276.47999999999695	0.15414786338806152		
1	277.11999999999694	0.15038347244262695		
1	277.7599999999969	0.6879959106445312		
1	278.3999999999969	0.8294124603271484	Nous sommes finalement arrivés à	
1	279.0399999999969	0.7522528171539307		
1	279.6799999999969	0.7059054374694824		
1	280.31999999999687	0.7135088443756104		
1	280.95999999999685	0.7400233745574951		
1	281.59999999999684	0.970346212387085	1108	
1	282.2399999999968	0.9157230854034424	questions, chacune soigneusement	
1	282.8799999999968	0.8218188285827637	étiquetée avec	
1	283.5199999999968	0.7877602577209473	les identifiants	
1	284.1599999999968	0.6888203620910645	des articles	
1	284.79999999999677	0.7215614318847656	pertinents de	
1	285.43999999999676	0.6373319625854492	notre grand	
1	286.07999999999674	0.6821558475494385	corpus de	
1	286.71999999999673	0.6862466335296631		
1	287.3599999999967	0.7897121906280518	vingt-deux mille	
1	287.9999999999967	0.7189066410064697	six	
1	288.6399999999967	0.7526745796203613	cent	
1	289.2799999999967	0.7625553607940674	trente-trois	
1	289.91999999999666	0.2962534427642822	articles statutaires.	
1	290.55999999999665	0.16504240036010742		
1	291.19999999999663	0.597545862197876		
1	291.8399999999966	0.6174125671386719	En outre,	
1	292.4799999999966	0.5811233520507812	chaque	
1	293.1199999999966	0.726313591003418	question	
1	293.7599999999966	0.7605535984039307	est accompagnée d'une	
1	294.39999999999657	0.751194953918457	catégorie	
1	295.03999999999655	0.7511162757873535	principale et d'une	
1	295.67999999999654	0.6766462326049805		
1	296.3199999999965	0.8154089450836182	concaténation de	
1	296.9599999999965	0.31992244720458984	sous-catégories.	
1	297.5999999999965	0.5880365371704102		
1	298.2399999999965	0.7183301448822021	et chaque article	
1	298.87999999999647	0.8269834518432617	est accompagné	
1	299.51999999999646	0.5596566200256348	d'une	
1	300.15999999999644	0.7174615859985352		
1	300.79999999999643	0.7819147109985352	concaténation de leurs	
1	301.4399999999964	0.7464485168457031	titres de sous-section	
1	302.0799999999964	0.6919147968292236	dans la	
1	302.7199999999964	0.3011739253997803	structure du droit.	
1	303.3599999999964	0.1568458080291748		
1	303.99999999999636	0.6234097480773926		
1	304.63999999999635	0.7532060146331787	Cette information	
1	305.27999999999633	0.7552366256713867	supplémentaire n'est pas	
1	305.9199999999963	0.7310769557952881	utilisée dans	
1	306.5599999999963	0.8093898296356201	le présent travail mais pourrait	
1	307.1999999999963	0.761676549911499	être	
1	307.8399999999963	1.1635916233062744	intéressante pour	
1	308.47999999999627	0.751732587814331		
1	309.11999999999625	0.8016445636749268	les recherches futures sur	
1	309.75999999999624	0.7791862487792969		
1	310.3999999999962	0.8232624530792236	la récupération d'informations juridiques ou	
1	311.0399999999962	0.6912708282470703		
1	311.6799999999962	0.6496152877807617	la classification	
1	312.3199999999962	0.6245772838592529		
1	312.95999999999617	0.2891688346862793	de texte juridique.	
1	313.59999999999616	0.6178109645843506		
1	314.23999999999614	0.7668800354003906	Regardons maintenant	
1	314.87999999999613	0.7168622016906738		
1	315.5199999999961	0.791679859161377	certaines caractéristiques de notre	
1	316.1599999999961	0.29091978073120117	jeu de données.	
1	316.7999999999961	0.6251637935638428		
1	317.4399999999961	0.8203380107879639	Les questions sont	
1	318.07999999999606	0.8237638473510742	comprises entre 5 et	
1	318.71999999999605	0.722306489944458	44	
1	319.35999999999603	0.7856707572937012	mots de	
1	319.999999999996	0.9068374633789062	long, avec une médiane de	
1	320.639999999996	0.32587718963623047	40 mots.	
1	321.279999999996	0.5180294513702393		
1	321.919999999996	0.6280031204223633		
1	322.55999999999597	0.73773193359375	Les articles sont	
1	323.19999999999595	0.7735981941223145	beaucoup plus	
1	323.83999999999594	0.8578944206237793	longs, avec une médiane	
1	324.4799999999959	0.790346622467041	de	
1	325.1199999999959	0.9166018962860107	longueur de	
1	325.7599999999959	0.6985981464385986		
1	326.3999999999959	0.9029834270477295		
1	327.03999999999587	0.8719227313995361		
1	327.67999999999586	1.0680556297302246		
1	328.31999999999584	1.2319309711456299	soixante-dix-sept mots, avec cent quarante-deux	
1	328.95999999999583	0.8030211925506592	d'entre eux	
1	329.5999999999958	0.7182800769805908	dépassant	
1	330.2399999999958	0.2591392993927002	mille mots.	
1	330.8799999999958	0.15095853805541992		
1	331.5199999999958	0.7260138988494873		
1	332.15999999999576	0.6638503074645996		
1	332.79999999999575	0.6954915523529053	la longueur	
1	333.43999999999573	0.8148055076599121	étant jusqu'à	
1	334.0799999999957	0.7214534282684326		
1	334.7199999999957	0.720134973526001		
1	335.3599999999957	0.929938554763794	cinq mille sept cent	
1	335.9999999999957	0.5509536266326904	quatre-vingt-neuf mots.	
1	336.63999999999567	0.14784502983093262		
1	337.27999999999565	0.15060663223266602		
1	337.91999999999564	0.6978216171264648		
1	338.5599999999956	0.758922815322876	Comme mentionné	
1	339.1999999999956	0.6922366619110107	précédemment,	
1	339.8399999999956	0.7858221530914307	les questions	
1	340.4799999999956	0.7976441383361816	couvrent un	
1	341.11999999999557	0.722149133682251	large éventail de	
1	341.75999999999556	0.6643187999725342	sujets,	
1	342.39999999999554	0.7732081413269043	avec environ	
1	343.03999999999553	0.8467535972595215		
1	343.6799999999955	0.8445894718170166		
1	344.3199999999955	0.9391026496887207		
1	344.9599999999955	0.9602925777435303		
1	345.5999999999955	1.075732707977295	85 % d'entre elles concernant soit la famille,	
1	346.23999999999546	0.753570556640625	le logement,	
1	346.87999999999545	0.7171380519866943		
1	347.51999999999543	0.8126235008239746	l'argent ou	
1	348.1599999999954	0.754929780960083	la justice,	
1	348.7999999999954	0.7149498462677002	tandis que	
1	349.4399999999954	0.8685414791107178	les	
1	350.0799999999954	0.7761387825012207		
1	350.71999999999537	0.8318865299224854	quinze restantes concernent	
1	351.35999999999535	0.6909749507904053	soit la sécurité sociale.	
1	351.99999999999534	0.5897393226623535		
1	352.6399999999953	0.5461845397949219		
1	353.2799999999953	0.5249474048614502		
1	353.9199999999953	0.570643424987793		
1	354.5599999999953	0.46912193298339844	sécurité sociale, les étrangers ou le travail.	
1	355.19999999999527	0.1613941192626953		
1	355.83999999999526	0.15441441535949707		
1	356.47999999999524	0.761176586151123		
1	357.11999999999523	0.8030188083648682	Les articles sont également très	
1	357.7599999999952	0.7380833625793457		
1	358.3999999999952	0.7897112369537354	diversifiés car ils proviennent	
1	359.0399999999952	0.695559024810791	de	
1	359.6799999999952	0.8249363899230957	trente-deux	
1	360.31999999999516	0.6890361309051514		
1	360.95999999999515	0.8126144409179688	codes belges	
1	361.59999999999513	0.9157857894897461	différents qui couvrent	
1	362.2399999999951	0.6635427474975586	un grand nombre de	
1	362.8799999999951	0.7297558784484863		
1	363.5199999999951	0.3461902141571045	sujets illégaux.	
1	364.1599999999951	0.6917150020599365		
1	364.79999999999507	0.8180313110351562	Voici le nombre	
1	365.43999999999505	0.8312990665435791	total	
1	366.07999999999504	0.8680391311645508	d'articles collectés à partir de	
1	366.719999999995	0.7486279010772705		
1	367.359999999995	0.7717633247375488	chacun de ces codes belges.	
1	367.999999999995	0.16129755973815918		
1	368.639999999995	0.16286134719848633		
1	369.27999999999497	0.15706634521484375		
1	369.91999999999496	0.7457876205444336		
1	370.55999999999494	0.8756871223449707	Sur les	
1	371.19999999999493	0.7808578014373779	22	
1	371.8399999999949	0.7429115772247314	633	
1	372.4799999999949	0.6356146335601807		
1	373.1199999999949	0.8264412879943848	articles,	
1	373.7599999999949	0.769500732421875		
1	374.39999999999486	0.7876400947570801		
1	375.03999999999485	0.7665908336639404	seuls	
1	375.67999999999483	0.86549973487854		
1	376.3199999999948	0.9321894645690918		
1	376.9599999999948	0.9546973705291748	mille six cent douze sont	
1	377.5999999999948	0.7596607208251953	désignés comme	
1	378.2399999999948	0.7922344207763672	pertinents	
1	378.87999999999477	0.8410780429840088	pour au moins	
1	379.51999999999475	0.7924895286560059	une question dans le	
1	380.15999999999474	0.2827615737915039	jeu de données.	
1	380.7999999999947	0.15712189674377441		
1	381.4399999999947	0.7682085037231445		
1	382.0799999999947	0.8687806129455566	Et environ 80 %	
1	382.7199999999947	0.6884787082672119	de	
1	383.35999999999467	0.6904850006103516	ces	
1	383.99999999999466	0.7869722843170166	articles	
1	384.63999999999464	0.8274075984954834	cités proviennent	
1	385.27999999999463	0.3223085403442383	soit du Code civil.	
1	385.9199999999946	0.6293411254882812		
1	386.5599999999946	0.7712202072143555	Code judiciaire,	
1	387.1999999999946	0.6979341506958008		
1	387.8399999999946	0.8098676204681396		
1	388.47999999999456	0.936237096786499	Code d'instruction criminelle, ou	
1	389.11999999999455	0.6983115673065186		
1	389.75999999999453	0.318143367767334	Codes pénaux.	
1	390.3999999999945	0.6915316581726074		
1	391.0399999999945	0.8274378776550293		
1	391.6799999999945	0.8006696701049805	Parallèlement, dix-huit	
1	392.3199999999945	0.7065556049346924	sur	
1	392.95999999999447	0.7691473960876465	32 codes	
1	393.59999999999445	0.6748294830322266	ont	
1	394.23999999999444	0.7094700336456299	moins de cinq	
1	394.8799999999944	0.6716170310974121		
1	395.5199999999944	0.7650165557861328	articles mentionnés comme	
1	396.1599999999944	0.761085033416748		
1	396.7999999999944	0.7900371551513672	pertinents pour	
1	397.43999999999437	0.6963121891021729	au moins	
1	398.07999999999436	0.25745415687561035	une question.	
1	398.71999999999434	0.8044037818908691		
1	399.35999999999433	0.9500088691711426	ce qui peut	
1	399.9999999999943	0.8981711864471436	s'expliquer par le fait que	
1	400.6399999999943	0.7384669780731201	ces codes	
1	401.2799999999943	0.7067122459411621	se concentrent moins	
1	401.9199999999943	0.6695456504821777	sur	
1	402.55999999999426	0.770378589630127	les	
1	403.19999999999425	0.7223327159881592	individus et leurs	
1	403.83999999999423	0.2598552703857422	préoccupations.	
1	404.4799999999942	0.16777610778808594		
1	405.1199999999942	0.6419413089752197		
1	405.7599999999942	0.15490245819091797		
1	406.3999999999942	0.8518929481506348		
1	407.03999999999417	0.8620898723602295	Globalement, la médiane du nombre de	
1	407.67999999999415	0.6321802139282227	citations	
1	408.31999999999414	0.7147972583770752	pour ces	
1	408.9599999999941	0.7519242763519287		
1	409.5999999999941	0.7760651111602783	articles cités	
1	410.2399999999941	0.7115650177001953	est	
1	410.8799999999941	0.9413726329803467		
1	411.51999999999407	0.8948101997375488		
1	412.15999999999406	1.117405891418457		
1	412.79999999999404	1.1254563331604004		
1	413.43999999999403	1.2100551128387451		
1	414.079999999994	1.2984869480133057	de 2, et moins de 25 % d'entre eux sont cités	
1	414.719999999994	0.31984567642211914	plus de cinq fois.	
1	415.359999999994	0.15580439567565918		
1	415.999999999994	0.15987491607666016		
1	416.63999999999396	0.1625204086303711		
1	417.27999999999395	0.7982325553894043		
1	417.91999999999393	0.8502819538116455	En utilisant	
1	418.5599999999939	0.896914005279541	nos jeux de données, nous	
1	419.1999999999939	0.780667781829834		
1	419.8399999999939	0.9118750095367432	avons	
1	420.4799999999939	0.9414422512054443	évalué plusieurs	
1	421.11999999999387	0.9501047134399414	approches de récupération, y compris	
1	421.75999999999385	0.7708876132965088		
1	422.39999999999384	0.8501007556915283	lexicales et	
1	423.0399999999938	0.31955695152282715	d'architecture dense.	
1	423.6799999999938	0.6675510406494141		
1	424.3199999999938	0.8818864822387695	Étant donné	
1	424.9599999999938	0.817450761795044	une requête et	
1	425.59999999999377	0.7467978000640869	un article,	
1	426.23999999999376	0.721881628036499		
1	426.87999999999374	0.8630349636077881	un modèle lexical	
1	427.51999999999373	0.7463481426239014	attribue un	
1	428.1599999999937	0.8253159523010254	score à	
1	428.7999999999937	0.7797882556915283	la	
1	429.4399999999937	0.815971851348877	paire	
1	430.0799999999937	0.8852047920227051	requête-article en	
1	430.71999999999366	0.7593622207641602	calculant la	
1	431.35999999999365	0.9124588966369629	somme sur	
1	431.99999999999363	0.8266253471374512		
1	432.6399999999936	0.8947250843048096	les termes de la requête	
1	433.2799999999936	0.74991774559021	des poids de	
1	433.9199999999936	0.8297524452209473	chacun	
1	434.5599999999936	0.8050379753112793	de ces termes dans	
1	435.19999999999357	0.26427412033081055	cet article.	
1	435.83999999999355	0.18218493461608887		
1	436.47999999999354	0.7391176223754883		
1	437.1199999999935	0.8540632724761963	Nous expérimentons avec le	
1	437.7599999999935	0.8080947399139404		
1	438.3999999999935	0.903954267501831	TF-IDF standard et	
1	439.0399999999935	0.7772817611694336		
1	439.67999999999347	0.8573160171508789		
1	440.31999999999346	0.8320009708404541	les fonctions de classement BM25.	
1	440.95999999999344	0.6829500198364258		
1	441.59999999999343	0.7965939044952393	Le principal problème	
1	442.2399999999934	0.7207012176513672	avec ces	
1	442.8799999999934	0.7245466709136963	approches	
1	443.5199999999934	0.799835205078125	est	
1	444.1599999999934	0.890423059463501		
1	444.79999999999336	0.9323639869689941	qu'ils ne peuvent récupérer que	
1	445.43999999999335	0.8150844573974609	les articles	
1	446.07999999999333	0.8190195560455322	contenant des mots-clés	
1	446.7199999999933	0.7683165073394775		
1	447.3599999999933	0.3569316864013672	présents dans la requête.	
1	447.9999999999933	0.16918301582336426		
1	448.6399999999933	0.7966949939727783		
1	449.27999999999327	0.8123354911804199	Pour surmonter	
1	449.91999999999325	0.7830660343170166	cette limitation,	
1	450.55999999999324	0.7409873008728027	nous	
1	451.1999999999932	0.974480390548706	expérimentons avec	
1	451.8399999999932	0.9175424575805664	une	
1	452.4799999999932	0.876915454864502	architecture basée sur des réseaux	
1	453.1199999999932	0.8356084823608398		
1	453.75999999999317	0.9089329242706299	de neurones qui peut capturer	
1	454.39999999999316	0.8095400333404541		
1	455.03999999999314	0.9517416954040527	les relations	
1	455.67999999999313	0.9806990623474121	sémantiques entre les	
1	456.3199999999931	0.7787275314331055	requêtes et les articles.	
1	456.9599999999931	0.16270041465759277		
1	457.5999999999931	0.7877953052520752		
1	458.2399999999931	0.8620777130126953	Nous utilisons un	
1	458.87999999999306	0.8302063941955566	modèle	
1	459.51999999999305	0.9269604682922363	be-encoder qui mappe	
1	460.15999999999303	0.8092424869537354	les	
1	460.799999999993	0.7812438011169434	requêtes et les	
1	461.439999999993	0.8530936241149902	articles vers	
1	462.079999999993	0.8697254657745361	des	
1	462.719999999993	0.4191598892211914	représentations vectorielles denses.	
1	463.35999999999297	0.16683006286621094		
1	463.99999999999295	0.6990938186645508		
1	464.63999999999294	0.9305000305175781	et calcule	
1	465.2799999999929	0.8530018329620361	un score de	
1	465.9199999999929	0.8482072353363037	pertinence entre	
1	466.5599999999929	0.7762467861175537	une	
1	467.1999999999929	0.7508752346038818	paire requête-article	
1	467.83999999999287	0.821058988571167	par	
1	468.47999999999286	0.8337852954864502	la similarité	
1	469.11999999999284	0.7092616558074951	de	
1	469.75999999999283	0.2684907913208008	leurs embeddings.	
1	470.3999999999928	0.16742992401123047		
1	471.0399999999928	0.728222131729126		
1	471.6799999999928	0.795198917388916	Ces embeddings	
1	472.3199999999928	0.8540637493133545		
1	472.95999999999276	0.8815412521362305	résultent	
1	473.59999999999275	0.8571350574493408		
1	474.23999999999273	0.9832065105438232		
1	474.8799999999927	1.077650547027588	généralement d'une opération de pooling sur la sortie d'un	
1	475.5199999999927	0.8115289211273193		
1	476.1599999999927	0.40288639068603516	modèle d'embedding de mots.	
1	476.7999999999927	0.16124725341796875		
1	477.43999999999266	0.6763758659362793		
1	478.07999999999265	0.8670976161956787		
1	478.71999999999264	0.9467496871948242	D'abord, nous étudions	
1	479.3599999999926	0.8226742744445801	l'efficacité	
1	479.9999999999926	0.7933917045593262		
1	480.6399999999926	0.8744544982910156		
1	481.2799999999926	0.9601442813873291	des encodeurs siamois	
1	481.91999999999257	0.8240845203399658	dans une évaluation	
1	482.55999999999256	0.7429711818695068		
1	483.19999999999254	0.8847267627716064		
1	483.83999999999253	1.0007588863372803	en zéro-shot, ce qui signifie que	
1	484.4799999999925	0.8848686218261719		
1	485.1199999999925	1.016460657119751	les	
1	485.7599999999925	1.0755178928375244	modèles d'embedding de mots pré-entraînés sont	
1	486.3999999999925	0.6924304962158203	appliqués	
1	487.03999999999246	0.7071523666381836	hors	
1	487.67999999999245	0.6802644729614258	boîte	
1	488.31999999999243	0.7441310882568359	sans aucune	
1	488.9599999999924	0.8435814380645752		
1	489.5999999999924	0.35910868644714355	rétro-entraînement supplémentaire.	
1	490.2399999999924	0.7625596523284912		
1	490.8799999999924	0.835951566696167	Nous expérimentons avec	
1	491.51999999999236	0.6923224925994873		
1	492.15999999999235	0.8437795639038086		
1	492.79999999999234	0.8385188579559326		
1	493.4399999999923	0.9300518035888672		
1	494.0799999999923	0.4820079803466797	un encodeur de texte indépendant du contexte.	
1	494.7199999999923	0.7212119102478027		
1	495.3599999999923	0.8437716960906982	à savoir	
1	495.99999999999227	0.8299822807312012		
1	496.63999999999226	0.8978421688079834	Word2Vec et	
1	497.27999999999224	0.9012584686279297		
1	497.9199999999922	0.8956999778747559		
1	498.5599999999922	0.9911267757415771	fast text, et	
1	499.1999999999922	0.992340087890625		
1	499.8399999999922	1.0338268280029297	des modèles d'embedding dépendants du	
1	500.4799999999922	0.8631117343902588	contexte, à savoir	
1	501.11999999999216	0.9001560211181641		
1	501.75999999999215	0.9572939872741699	Robota et plus	
1	502.39999999999213	0.9556624889373779	spécifiquement	
1	503.0399999999921	0.9666101932525635	Camembert, qui est un	
1	503.6799999999921	0.765679121017456		
1	504.3199999999921	0.295698881149292	modèle français Roberta.	
1	504.9599999999921	0.697791337966919		
1	505.59999999999206	0.8557705879211426	De	
1	506.23999999999205	0.9385457038879395	plus, nous	
1	506.87999999999204	0.9222228527069092	formons	
1	507.519999999992	0.9651036262512207		
1	508.159999999992	0.9584109783172607		
1	508.799999999992	0.48324036598205566	notre propre modèle basé sur Camembert.	
1	509.439999999992	0.735851526260376		
1	510.07999999999197	0.831254243850708		
1	510.71999999999196	0.9542708396911621	encodeurs siamois sur notre	
1	511.35999999999194	0.750436544418335	jeu de données.	
1	511.9999999999919	0.16434216499328613		
1	512.6399999999919	0.8788900375366211		
1	513.2799999999919	0.9809346199035645	Notez que pour l'entraînement,	
1	513.9199999999919	0.8642148971557617	nous expérimentons	
1	514.5599999999919	0.8219335079193115	avec les	
1	515.1999999999919	0.9112803936004639	deux	
1	515.8399999999918	0.9530479907989502	saveurs	
1	516.4799999999918	0.8786041736602783	de l'architecture	
1	517.1199999999918	0.782494306564331		
1	517.7599999999918	0.8973472118377686	Beyond Coder.	
1	518.3999999999918	0.8465301990509033		
1	519.0399999999918	0.8907151222229004	Siamois, qui	
1	519.6799999999918	0.928734302520752	utilise un	
1	520.3199999999918	0.7618107795715332		
1	520.9599999999917	0.8893260955810547		
1	521.5999999999917	0.9437594413757324	modèle d'embedding de	
1	522.2399999999917	0.9204270839691162	mots unique qui mappe	
1	522.8799999999917	0.8877758979797363	la requête et	
1	523.5199999999917	0.7584500312805176		
1	524.1599999999917	0.7880430221557617	l'article	
1	524.7999999999917	0.8814840316772461	ensemble dans un	
1	525.4399999999916	0.8194124698638916		
1	526.0799999999916	0.3636963367462158	espace vectoriel dense partagé.	
1	526.7199999999916	0.1708071231842041		
1	527.3599999999916	0.8552336692810059		
1	527.9999999999916	0.8657422065734863	Et	
1	528.6399999999916	0.9804487228393555	à Tour, qui utilise deux	
1	529.2799999999916	0.9058535099029541		
1	529.9199999999915	0.9124939441680908	modèles d'embedding de mots	
1	530.5599999999915	0.842818021774292		
1	531.1999999999915	1.0696043968200684	indépendants qui	
1	531.8399999999915	1.0147972106933594	encodent la requête et	
1	532.4799999999915	0.33965253829956055	l'article séparément.	
1	533.1199999999915	0.8355770111083984		
1	533.7599999999915	0.9077365398406982	dans des	
1	534.3999999999915	0.3809778690338135	espaces d'embedding différents.	
1	535.0399999999914	0.16946625709533691		
1	535.6799999999914	0.7403514385223389		
1	536.3199999999914	0.8130717277526855	Nous expérimentons	
1	536.9599999999914	0.9540648460388184	avec la	
1	537.5999999999914	0.961050271987915	moyenne, le maximum et	
1	538.2399999999914	0.8579671382904053	le pooling	
1	538.8799999999914	0.9488396644592285	CLS ainsi	
1	539.5199999999913	0.9429194927215576	que le produit	
1	540.1599999999913	0.9734129905700684	scalaire et	
1	540.7999999999913	0.8678784370422363	le cosinus pour le	
1	541.4399999999913	0.8428573608398438		
1	542.0799999999913	0.34516143798828125	calcul des similarités.	
1	542.7199999999913	0.16796040534973145		
1	543.3599999999913	0.16927504539489746		
1	543.9999999999912	0.16753172874450684		
1	544.6399999999912	0.7917308807373047		
1	545.2799999999912	0.924072265625	Voici les	
1	545.9199999999912	1.0062367916107178	résultats de notre	
1	546.5599999999912	0.9949727058410645	ligne de base sur	
1	547.1999999999912	1.0088019371032715	l'ensemble de test avec	
1	547.8399999999912	0.9287211894989014		
1	548.4799999999912	1.0045957565307617	les méthodes lexicales	
1	549.1199999999911	1.0446479320526123	ci-dessus, le	
1	549.7599999999911	0.9308853149414062	Siamois	
1	550.3999999999911	0.9550330638885498	Beyond Coders	
1	551.0399999999911	0.8975238800048828	évalué dans	
1	551.6799999999911	0.9353539943695068	un ensemble	
1	552.3199999999911	0.412813663482666	de zéro-shot au milieu.	
1	552.959999999991	0.7348380088806152		
1	553.599999999991	0.9600813388824463	et	
1	554.239999999991	0.9263730049133301	les Beyond Coders	
1	554.879999999991	0.3386056423187256	affinés en dessous.	
1	555.519999999991	0.18382835388183594		
1	556.159999999991	0.8528258800506592		
1	556.799999999991	0.9787788391113281	Globalement, les	
1	557.439999999991	0.817345142364502	Beyond Coders	
1	558.079999999991	0.8433148860931396	affinés	
1	558.7199999999909	0.9352188110351562	surpassent significativement	
1	559.3599999999909	0.8817286491394043	toutes les autres	
1	559.9999999999909	0.8733255863189697	lignes de base.	
1	560.6399999999909	0.8821253776550293		
1	561.2799999999909	0.9623723030090332	Le modèle Two-Tower améliore	
1	561.9199999999909	0.8004398345947266		
1	562.5599999999909	0.856964111328125		
1	563.1999999999908	0.9307546615600586	sa variante	
1	563.8399999999908	1.0467607975006104	Siamois sur le	
1	564.4799999999908	0.41416311264038086	rappel à 100.	
1	565.1199999999908	0.9307398796081543		
1	565.7599999999908	1.0910828113555908	mais performe de manière	
1	566.3999999999908	0.9091763496398926	similaire sur les autres	
1	567.0399999999908	0.2744252681732178	métriques.	
1	567.6799999999907	0.16610074043273926		
1	568.3199999999907	0.851668119430542		
1	568.9599999999907	1.0267934799194336	Bien que BM25	
1	569.5999999999907	1.0197277069091797		
1	570.2399999999907	1.0470678806304932	sous-performe le	
1	570.8799999999907	0.9812111854553223		
1	571.5199999999907	0.4704008102416992	Beyond Coders entraîné de manière significative.	
1	572.1599999999906	0.8017969131469727		
1	572.7999999999906	0.8534774780273438		
1	573.4399999999906	0.9643518924713135	ses performances indiquent	
1	574.0799999999906	1.0230371952056885	qu'il	
1	574.7199999999906	1.0104925632476807	reste une ligne de base	
1	575.3599999999906	0.9578125476837158	solide pour	
1	575.9999999999906	0.923774003982544	la	
1	576.6399999999906	0.3766930103302002	récupération spécifique au domaine.	
1	577.2799999999905	0.18369483947753906		
1	577.9199999999905	0.8488008975982666		
1	578.5599999999905	1.0790162086486816	Concernant	
1	579.1999999999905	1.043534517288208	l'évaluation en	
1	579.8399999999905	1.0556728839874268	zéro-shot	
1	580.4799999999905	0.9279913902282715	du Siamois	
1	581.1199999999905	0.9477050304412842		
1	581.7599999999904	1.0120007991790771	Biancoder, nous trouvons	
1	582.3999999999904	0.8806073665618896	que l'utilisation directe	
1	583.0399999999904	0.8482537269592285	des embeddings	
1	583.6799999999904	0.9833493232727051	d'un	
1	584.3199999999904	1.0338428020477295		
1	584.9599999999904	1.0079371929168701	modèle Camembert	
1	585.5999999999904	0.9576935768127441	pré-entraîné sans	
1	586.2399999999903	0.9308843612670898	optimisation	
1	586.8799999999903	0.9636931419372559	pour	
1	587.5199999999903	0.9763047695159912		
1	588.1599999999903	0.9884135723114014	la tâche de récupération	
1	588.7999999999903	0.9549894332885742	d'information donne	
1	589.4399999999903	0.3018684387207031	de mauvais résultats.	
1	590.0799999999903	0.8210899829864502		
1	590.7199999999903	1.1059939861297607	Ce qui est	
1	591.3599999999902	1.0055851936340332	cohérent avec	
1	591.9999999999902	0.3284292221069336	des conclusions précédentes.	
1	592.6399999999902	0.1671431064605713		
1	593.2799999999902	0.9136447906494141		
1	593.9199999999902	0.9126605987548828	De plus, nous	
1	594.5599999999902	0.8877146244049072	observons que	
1	595.1999999999902	0.8593542575836182	le	
1	595.8399999999901	0.7477555274963379		
1	596.4799999999901	0.9521825313568115		
1	597.1199999999901	0.9861748218536377	Beyond Coders basé sur	
1	597.7599999999901	0.7780120372772217		
1	598.3999999999901	0.9407060146331787	Word2Vec	
1	599.0399999999901	0.9438672065734863		
1	599.6799999999901	0.9986639022827148		
1	600.31999999999	1.049706220626831		
1	600.95999999999	1.1080431938171387	surpassent significativement	
1	601.59999999999	0.9931106567382812	le modèle Fastex et	
1	602.23999999999	0.9228284358978271		
1	602.87999999999	1.0520877838134766	bird, suggérant que peut-être	
1	603.51999999999	1.0026030540466309		
1	604.15999999999	1.0210089683532715	les	
1	604.79999999999	1.1289761066436768	embeddings de	
1	605.4399999999899	1.0880534648895264	niveau mot pré-entraînés sont	
1	606.0799999999899	0.8760144710540771	plus	
1	606.7199999999899	0.8870530128479004	appropriés pour	
1	607.3599999999899	0.9203999042510986	la tâche que	
1	607.9999999999899	0.8471701145172119		
1	608.6399999999899	0.8682172298431396		
1	609.2799999999899	1.0008063316345215	le niveau	
1	609.9199999999898	0.3732743263244629	caractère ou sous-mot.	
1	610.5599999999898	0.7615311145782471		
1	611.1999999999898	0.23227477073669434	embeddings.	
1	611.8399999999898	0.8860483169555664		
1	612.4799999999898	0.918848991394043	lorsqu'ils sont utilisés	
1	613.1199999999898	0.2672092914581299	hors boîte.	
1	613.7599999999898	0.18364262580871582		
1	614.3999999999897	0.7508058547973633		
1	615.0399999999897	0.8429656028747559	Bien que	
1	615.6799999999897	0.8910162448883057		
1	616.3199999999897	0.954068660736084	prometteurs, ces résultats	
1	616.9599999999897	0.953942060470581	suggèrent	
1	617.5999999999897	0.9473526477813721	de	
1	618.2399999999897	0.39412355422973633	grandes possibilités d'amélioration.	
1	618.8799999999896	0.7806360721588135		
1	619.5199999999896	0.9177861213684082	comparé à	
1	620.1599999999896	0.8516907691955566	un	
1	620.7999999999896	0.9124605655670166	expert	
1	621.4399999999896	0.8986916542053223	qualifié qui peut	
1	622.0799999999896	0.7724649906158447	enfin	
1	622.7199999999896	0.9011673927307129	récupérer	
1	623.3599999999896	0.8858575820922852	tous les articles	
1	623.9999999999895	0.893817663192749	pertinents	
1	624.6399999999895	0.8286235332489014	pour toute	
1	625.2799999999895	0.937694787979126	question et	
1	625.9199999999895	0.9344367980957031	ainsi	
1	626.5599999999895	0.3818330764770508	obtenir des notes parfaites.	
1	627.1999999999895	0.16963839530944824		
1	627.8399999999895	0.1748642921447754		
1	628.4799999999894	0.804682731628418		
1	629.1199999999894	1.060378074645996	Concluons	
1	629.7599999999894	0.914715051651001	en discutant de	
1	630.3999999999894	0.8903136253356934	deux	
1	631.0399999999894	0.9246821403503418	limites de nos	
1	631.6799999999894	0.31250834465026855	jeux de données.	
1	632.3199999999894	0.8643026351928711		
1	632.9599999999893	0.92384934425354	D'abord, le	
1	633.5999999999893	0.8864669799804688	corpus	
1	634.2399999999893	0.8707127571105957	d'articles est	
1	634.8799999999893	0.8676180839538574	limité à	
1	635.5199999999893	0.9526686668395996	ceux collectés	
1	636.1599999999893	0.9742436408996582		
1	636.7999999999893	1.0868284702301025	à partir des 32	
1	637.4399999999893	0.8906774520874023		
1	638.0799999999892	0.9456920623779297	codes belges	
1	638.7199999999892	0.9827587604522705	considérés,	
1	639.3599999999892	0.8961381912231445	ce qui ne couvre	
1	639.9999999999892	0.8325948715209961	pas tout	
1	640.6399999999892	0.823328971862793	le	
1	641.2799999999892	0.8897910118103027	droit belge	
1	641.9199999999892	0.937598705291748	car les articles	
1	642.5599999999891	0.9105920791625977		
1	643.1999999999891	0.987433910369873	provenant des décrets,	
1	643.8399999999891	0.92275071144104	directives et	
1	644.4799999999891	0.9463253021240234		
1	645.1199999999891	0.40680360794067383	ordonnances sont manquants.	
1	645.7599999999891	0.7231965065002441		
1	646.3999999999891	0.9672796726226807	Pendant	
1	647.039999999989	0.9320969581604004	la construction du jeu de données,	
1	647.679999999989	0.8316354751586914		
1	648.319999999989	0.9149010181427002	toutes les références	
1	648.959999999989	0.966205358505249	à ces	
1	649.599999999989	0.16623783111572266		
1	650.239999999989	0.9889397621154785		
1	650.879999999989	1.1746912002563477	articles non collectés sont	
1	651.519999999989	1.030116081237793	ignorées, ce qui	
1	652.1599999999889	0.8644564151763916	cause certaines	
1	652.7999999999889	0.973564863204956	questions à	
1	653.4399999999889	1.0807485580444336	se retrouver avec seulement	
1	654.0799999999889	0.9803380966186523	une fraction de	
1	654.7199999999889	0.9335451126098633		
1	655.3599999999889	0.9934871196746826		
1	655.9999999999889	0.44329357147216797	nombre initial d'articles pertinents.	
1	656.6399999999888	0.17528748512268066		
1	657.2799999999888	0.17666244506835938		
1	657.9199999999888	0.9107451438903809		
1	658.5599999999888	0.9620091915130615	Cette	
1	659.1999999999888	0.9731719493865967		
1	659.8399999999888	1.032486915588379	information implique que la réponse contenue	
1	660.4799999999888	0.8348758220672607	dans le	
1	661.1199999999887	0.8934409618377686	reste	
1	661.7599999999887	0.883073091506958	des articles	
1	662.3999999999887	0.9201908111572266		
1	663.0399999999887	0.9783139228820801	pertinents pourrait être	
1	663.6799999999887	0.2801663875579834	incomplète.	
1	664.3199999999887	0.971900224685669		
1	664.9599999999887	1.016890048980713	bien qu'elle soit toujours	
1	665.5999999999887	0.3111231327056885	complètement appropriée.	
1	666.2399999999886	0.17449617385864258		
1	666.8799999999886	0.8581631183624268		
1	667.5199999999886	0.8002755641937256		
1	668.1599999999886	1.182401180267334		
1	668.7999999999886	1.0682096481323242	Deuxièmement, nous	
1	669.4399999999886	1.0248684883117676	devons noter que	
1	670.0799999999886	1.0356879234313965		
1	670.7199999999885	1.1250958442687988	toutes les questions juridiques ne peuvent pas	
1	671.3599999999885	0.9893028736114502	être répondues	
1	671.9999999999885	0.9210457801818848		
1	672.6399999999885	0.36259913444519043	uniquement avec des statuts.	
1	673.2799999999885	0.9056446552276611		
1	673.9199999999885	0.9936106204986572	Par exemple, la question	
1	674.5599999999885	0.959162712097168	puis-je	
1	675.1999999999884	0.9876382350921631	expulser	
1	675.8399999999884	0.9269187450408936	mes locataires	
1	676.4799999999884	0.9625647068023682	s'ils font	
1	677.1199999999884	0.30830907821655273	trop de bruit ?	
1	677.7599999999884	0.9341707229614258		
1	678.3999999999884	1.032055139541626	peut ne pas avoir une	
1	679.0399999999884	1.0304679870605469	réponse	
1	679.6799999999884	0.9986038208007812	détaillée	
1	680.3199999999883	0.9515302181243896		
1	680.9599999999883	1.057013988494873	dans le droit	
1	681.5999999999883	1.0640301704406738	statutaire qui	
1	682.2399999999883	0.8364379405975342	quantifie	
1	682.8799999999883	0.9334275722503662	un	
1	683.5199999999883	1.0799999237060547	seuil	
1	684.1599999999883	1.0543251037597656	de bruit spécifique	
1	684.7999999999882	1.1651716232299805		
1	685.4399999999882	0.6088993549346924	au-delà duquel l'expulsion est autorisée.	
1	686.0799999999882	0.18326091766357422		
1	686.7199999999882	0.19116783142089844		
1	687.3599999999882	1.1224398612976074		
1	687.9999999999882	1.2595250606536865	À la place, le propriétaire devrait probablement s'appuyer	
1	688.6399999999882	0.9800615310668945	davantage sur	
1	689.2799999999881	1.0477547645568848	la jurisprudence et	
1	689.9199999999881	0.9710001945495605	trouver des précédents	
1	690.5599999999881	0.9731905460357666	similaires	
1	691.1999999999881	0.33945512771606445	à sa situation actuelle.	
1	691.8399999999881	0.1786355972290039		
1	692.4799999999881	0.9643833637237549		
1	693.1199999999881	1.0370500087738037	Par exemple, le	
1	693.759999999988	1.0009403228759766	locataire fait	
1	694.399999999988	1.017157793045044	deux parties par	
1	695.039999999988	1.0402090549468994	semaine jusqu'à	
1	695.679999999988	0.3831048011779785	2 heures du matin.	
1	696.319999999988	0.18863177299499512		
1	696.959999999988	0.9164249897003174		
1	697.599999999988	1.003312349319458	Donc, certaines	
1	698.239999999988	0.9030365943908691	questions sont	
1	698.879999999988	0.9515345096588135	mieux adaptées que	
1	699.5199999999879	1.0750188827514648	d'autres à	
1	700.1599999999879	0.9730103015899658		
1	700.7999999999879	1.110537052154541		
1	701.4399999999879	1.1747512817382812	la tâche de récupération d'articles	
1	702.0799999999879	1.1023824214935303	statutaires, et le	
1	702.7199999999879	0.944934606552124	domaine	
1	703.3599999999878	1.0116982460021973	de	
1	703.9999999999878	0.9561195373535156	celles	
1	704.6399999999878	0.9492685794830322	moins adaptées reste à	
1	705.2799999999878	0.24750638008117676	déterminer.	
1	705.9199999999878	0.18716192245483398		
1	706.5599999999878	0.18172788619995117		
1	707.1999999999878	1.2585196495056152		
1	707.8399999999878	1.010331153869629	Nous espérons que	
1	708.4799999999877	1.1659307479858398	tout travail	
1	709.1199999999877	1.1749770641326904	suscite l'intérêt de	
1	709.7599999999877	0.8820254802703857	développer	
1	710.3999999999877	0.9353358745574951	des	
1	711.0399999999877	0.4209575653076172		
1	711.6799999999877	0.9743812084197998		
1	712.3199999999877	1.1288642883300781		
1	712.9599999999876	1.2087886333465576		
1	713.5999999999876	0.6421322822570801	modèles pratiques et fiables de récupération d'articles statutaires.	
1	714.2399999999876	0.881507396697998		
1	714.8799999999876	0.9547877311706543	qui peuvent	
1	715.5199999999876	0.9671339988708496	aider à	
1	716.1599999999876	1.0297362804412842	améliorer	
1	716.7999999999876	1.0454959869384766	l'accès à la	
1	717.4399999999875	0.5590617656707764		
1	718.0799999999875	0.9774599075317383	Justice pour Tous.	
1	718.7199999999875	0.9596583843231201	Vous pouvez	
1	719.3599999999875	0.3088362216949463	consulter notre papier.	
1	719.9999999999875	1.0395174026489258		
1	720.6399999999875	1.0988788604736328		
1	721.2799999999875	1.1064453125	données, jeu de données et code aux liens suivants.	
1	721.9199999999875	0.8141574859619141		
1	722.0012499999874	0.38356661796569824	Merci.	
2	0.64	0.00012183189392089844		
2	1.28	0.22236847877502441	Bonjour,	
2	1.92	0.295574426651001	Bonjour. Nous avons	Bonjour,
2	2.56	0.48621368408203125	Bonjour, nous avons le plaisir de vous présenter.	Bonjour. Nous avons
2	3.2	0.46933627128601074	notre travail.	avons le plaisir de vous présenter.
2	3.8400000000000003	0.3741281032562256	sommes heureux de présenter notre travail sur	notre travail.
2	4.48	0.349078893661499	voyelles.	
2	5.12	0.3231079578399658	les a.	voyelles.
2	5.76	0.3267323970794678	voyelles, une tâche	a.
2	6.3999999999999995	0.4027862548828125	indépendante.	
2	7.039999999999999	0.23055291175842285	indépendante basée	indépendante.
2	7.679999999999999	0.29403066635131836	référence.	basée
2	8.319999999999999	0.39410996437072754	benchmark.	référence.
2	8.959999999999999	0.3988621234893799	destinée à l'évaluation.	benchmark.
2	9.6	0.32315850257873535	évaluer la vision.	l'évaluation.
2	10.24	0.4333066940307617	vision et le langage.	vision.
2	10.88	0.450974702835083	modèles de vision et de langage sur	vision et le langage.
2	11.520000000000001	0.4857962131500244	performance des modèles de vision et de langage avec	modèles de vision et de langage sur
2	12.160000000000002	0.3262178897857666	spécifiques.	avec
2	12.800000000000002	0.340939998626709	lien spécifique.	spécifiques.
2	13.440000000000003	0.4608745574951172	linguistiques spécifiques.	lien spécifique.
2	14.080000000000004	0.43680548667907715	face à des phénomènes	linguistiques spécifiques.
2	14.720000000000004	0.14151263236999512		
2	15.360000000000005	0.2436199188232422	Pourquoi ?	
2	16.000000000000004	0.4235687255859375	les voyelles, une tâche indépendante destinée à évaluer la performance des modèles de vision et de langage face à des phénomènes linguistiques spécifiques. Pourquoi avons-nous choisi cette tâche ?	?
2	16.640000000000004	0.4909226894378662	avons-nous ?	les voyelles, une tâche indépendante destinée à évaluer la performance des modèles de vision et de langage face à des phénomènes linguistiques spécifiques. Pourquoi avons-nous choisi cette tâche ?
2	17.280000000000005	0.45658421516418457	pris la peine de mettre en place ?	?
2	17.920000000000005	0.3861672878265381	ce benchmark ?	mettre en place ?
2	18.560000000000006	0.3330495357513428	mettre en place	ce benchmark ?
2	19.200000000000006	0.13106560707092285		
2	19.840000000000007	0.13948965072631836		
2	20.480000000000008	0.4249303340911865	bien, au cours de la dernière	
2	21.120000000000008	0.5352723598480225	Eh bien, au cours de l'année dernière.	bien, au cours de la dernière
2	21.76000000000001	0.34404730796813965	années, nous	l'année dernière.
2	22.40000000000001	0.46685791015625	ces dernières avons constaté un	années, nous
2	23.04000000000001	0.3691236972808838	une explosion.	un
2	23.68000000000001	0.324552059173584	explosion de	explosion.
2	24.32000000000001	0.306565523147583	de transformations.	
2	24.96000000000001	0.43674349784851074	avons-nous pris la peine de mettre en place ce benchmark ? Eh bien, au cours de ces dernières années, nous avons constaté une explosion de modèles basés sur les transformeurs.	de transformations.
2	25.600000000000012	0.5041615962982178	modèles transformeurs.	avons-nous pris la peine de mettre en place ce benchmark ? Eh bien, au cours de ces dernières années, nous avons constaté une explosion de modèles basés sur les transformeurs.
2	26.240000000000013	0.5863742828369141	de vision transformeurs.	transformeurs.
2	26.880000000000013	0.5156416893005371	et de langage basés sur les modèles de vision et de langage basés sur les transformeurs.	transformeurs.
2	27.520000000000014	0.1401209831237793		modèles de vision et de langage basés sur les transformeurs.
2	28.160000000000014	0.3805058002471924	Pré-entraînés sur	
2	28.800000000000015	0.5141415596008301	sur les transformeurs. Pré-entraînés sur de grandes quantités	
2	29.440000000000015	0.48497581481933594	de de modèles de vision et de langage basés sur les transformeurs. Pré-entraînés sur de vastes quantités d'images.	sur les transformeurs. Pré-entraînés sur de grandes quantités
2	30.080000000000016	0.5583267211914062	vastes quantités d'images et de texte.	de modèles de vision et de langage basés sur les transformeurs. Pré-entraînés sur de vastes quantités d'images.
2	30.720000000000017	0.525181770324707	paires d'images et de texte.	d'images et de texte.
2	31.360000000000017	0.4757816791534424	de	paires d'images et de texte.
2	32.000000000000014	0.3847005367279053	modèles de vision et de langage basés sur les transformeurs. Pré-entraînés sur de vastes quantités de paires d'images et de texte. Chaque l'un de ces modèles	
2	32.640000000000015	0.35563111305236816		modèles de vision et de langage basés sur les transformeurs. Pré-entraînés sur de vastes quantités de paires d'images et de texte. Chaque l'un de ces modèles
2	33.280000000000015	0.15268278121948242		
2	33.920000000000016	0.526421070098877	basés sur les transformeurs. Pré-entraînés sur de vastes quantités de paires d'images et de texte. Chaque l'un de ces modèles pousse l'état de l'art.	
2	34.56000000000002	0.5320191383361816	pousse l'état de Pré-entraînés sur de vastes quantités de paires d'images et de texte. Chaque l'un de ces modèles pousse l'état de l'art sur	basés sur les transformeurs. Pré-entraînés sur de vastes quantités de paires d'images et de texte. Chaque l'un de ces modèles pousse l'état de l'art.
2	35.20000000000002	0.49744319915771484	l'art	Pré-entraînés sur de vastes quantités de paires d'images et de texte. Chaque l'un de ces modèles pousse l'état de l'art sur
2	35.84000000000002	0.5238544940948486	langage.	
2	36.48000000000002	0.49729490280151367	dans tâches de vision et de langage.	langage.
2	37.12000000000002	0.5794587135314941	les tâches de vision et de quantités de paires d'images et de texte. Chaque l'un de ces modèles pousse l'état de l'art dans les tâches de vision et de langage, telles que.	tâches de vision et de langage.
2	37.76000000000002	0.4470643997192383	d'images et de texte. Chaque l'un de ces modèles pousse l'état de l'art dans les tâches de vision et de langage telles que la reconnaissance visuelle.	quantités de paires d'images et de texte. Chaque l'un de ces modèles pousse l'état de l'art dans les tâches de vision et de langage, telles que.
2	38.40000000000002	0.5104994773864746	quantités de paires d'images et de texte. Chaque l'un de ces modèles pousse l'état de l'art dans les tâches de vision et de langage, telles que les questions visuelles.	d'images et de texte. Chaque l'un de ces modèles pousse l'état de l'art dans les tâches de vision et de langage telles que la reconnaissance visuelle.
2	39.04000000000002	0.5387115478515625	quantités de paires d'images et de texte. Chaque l'un de ces modèles pousse l'état de l'art dans les tâches de vision et de langage telles que la réponse aux questions visuelles.	quantités de paires d'images et de texte. Chaque l'un de ces modèles pousse l'état de l'art dans les tâches de vision et de langage, telles que les questions visuelles.
2	39.68000000000002	0.6913971900939941	langage telles que la réponse aux questions visuelles, les commentaires visuels et	quantités de paires d'images et de texte. Chaque l'un de ces modèles pousse l'état de l'art dans les tâches de vision et de langage telles que la réponse aux questions visuelles.
2	40.32000000000002	0.6037249565124512	visuel,	les commentaires visuels et
2	40.96000000000002	0.5294632911682129	le raisonnement commun sensuel visuel.	visuel,
2	41.60000000000002	0.5353853702545166	d'images et de texte. Chaque l'un de ces modèles pousse l'état de l'art dans les tâches de vision et de langage telles que la réponse aux questions visuelles, le raisonnement commun sensuel visuel et la récupération d'images.	visuel.
2	42.24000000000002	0.5919606685638428	formulation.	d'images et de texte. Chaque l'un de ces modèles pousse l'état de l'art dans les tâches de vision et de langage telles que la réponse aux questions visuelles, le raisonnement commun sensuel visuel et la récupération d'images.
2	42.880000000000024	0.8139381408691406	visuel, la phrases.	formulation.
2	43.520000000000024	0.581329345703125	récupération d'images et l'ancrage de	phrases.
2	44.160000000000025	0.37572813034057617	Donc, nous avons obtenu	
2	44.800000000000026	0.45249462127685547	un message.	Donc, nous avons obtenu
2	45.440000000000026	0.3752775192260742	Nous avons donc reçu	un message.
2	46.08000000000003	0.31882524490356445	l'état de l'art dans les tâches de vision et de langage telles que la réponse aux questions visuelles, le raisonnement commun sensuel visuel, la récupération d'images et l'ancrage de phrases. Nous avons donc reçu un message. Les précisions	
2	46.72000000000003	0.3872220516204834	sur ces	l'état de l'art dans les tâches de vision et de langage telles que la réponse aux questions visuelles, le raisonnement commun sensuel visuel, la récupération d'images et l'ancrage de phrases. Nous avons donc reçu un message. Les précisions
2	47.36000000000003	0.3865213394165039	tâches spécifiques.	
2	48.00000000000003	0.44426751136779785	phrases. Nous avons donc reçu un message. Les précisions sur ces benchmarks spécifiques à la tâche.	tâches spécifiques.
2	48.64000000000003	0.4520578384399414	benchmarks spécifiques à la phrases. Nous avons donc reçu un message. Les précisions sur ces benchmarks spécifiques à la tâche sont.	phrases. Nous avons donc reçu un message. Les précisions sur ces benchmarks spécifiques à la tâche.
2	49.28000000000003	0.38929080963134766	tâche sont augmentées.	phrases. Nous avons donc reçu un message. Les précisions sur ces benchmarks spécifiques à la tâche sont.
2	49.92000000000003	0.35274744033813477	régulièrement.	sont augmentées.
2	50.56000000000003	0.27178454399108887	augmentent	régulièrement.
2	51.20000000000003	0.14219331741333008		
2	51.84000000000003	0.39345407485961914	Mais est-ce que nous	
2	52.48000000000003	0.4050610065460205	savons-nous ?	est-ce que nous
2	53.12000000000003	0.5467245578765869	savons-nous ce que fait le modèle ?	?
2	53.76000000000003	0.4477715492248535	ce que modèles ont réellement ?	savons-nous ce que fait le modèle ?
2	54.400000000000034	0.4086899757385254	les modèles ont réellement réellement appris ?	modèles ont réellement ?
2	55.040000000000035	0.21070456504821777		réellement appris ?
2	55.680000000000035	0.13917803764343262		
2	56.320000000000036	0.1326735019683838		
2	56.960000000000036	0.13214755058288574		
2	57.60000000000004	0.3363759517669678	Qu'est-ce qui	
2	58.24000000000004	0.6284530162811279	qu'un modèle de vision et de langage a	qui
2	58.88000000000004	0.6506257057189941	phrases. Nous avons donc reçu un message. Les précisions sur ces benchmarks spécifiques à la tâche augmentent régulièrement. Mais savons-nous ce que les modèles ont réellement appris ? Qu'est-ce qu'apprennent les transformeurs de vision et de langage ?	qu'un modèle de vision et de langage a
2	59.52000000000004	0.6811671257019043	transformeur de vision et de langage apprend en réalité ?	phrases. Nous avons donc reçu un message. Les précisions sur ces benchmarks spécifiques à la tâche augmentent régulièrement. Mais savons-nous ce que les modèles ont réellement appris ? Qu'est-ce qu'apprennent les transformeurs de vision et de langage ?
2	60.16000000000004	0.6435554027557373	qu'un transformeur de vision et de langage compris ?	transformeur de vision et de langage apprend en réalité ?
2	60.80000000000004	0.39226269721984863	comprend quand il comprend ?	compris ?
2	61.44000000000004	0.43886613845825195	lorsqu'il est assigné ?	quand il comprend ?
2	62.08000000000004	0.424851655960083	une plus	est assigné ?
2	62.72000000000004	0.4445068836212158	attribue une note élevée ?	une plus
2	63.36000000000004	0.4070613384246826	note élevée pour cela ?	?
2	64.00000000000004	0.34544944763183594	cette image ?	note élevée pour cela ?
2	64.64000000000004	0.4548630714416504	à cette image image et à cela ?	cette image ?
2	65.28000000000004	0.43101978302001953	et à ?	image et à cela ?
2	65.92000000000004	0.497006893157959	cette phrase ?	?
2	66.56000000000004	0.3331286907196045	pour les faire correspondre	?
2	67.20000000000005	0.16147756576538086		
2	67.84000000000005	0.4019901752471924	note élevée à cette image et à cette phrase pour les faire correspondre ? Et une note basse.	
2	68.48000000000005	0.5206465721130371	Et une note cette image et à cette phrase pour les faire correspondre ? Et une note faible pour celle-ci.	note élevée à cette image et à cette phrase pour les faire correspondre ? Et une note basse.
2	69.12000000000005	0.4317147731781006	faible celle-ci.	cette image et à cette phrase pour les faire correspondre ? Et une note faible pour celle-ci.
2	69.76000000000005	0.2821331024169922	à	celle-ci.
2	70.40000000000005	0.14499688148498535		
2	71.04000000000005	0.4065518379211426		
2	71.68000000000005	0.5599079132080078	et le langage correspondent-ils ?	
2	72.32000000000005	0.6056172847747803		et le langage correspondent-ils ?
2	72.96000000000005	0.6742358207702637	concentrent les modèles de vision et de langage ?	
2	73.60000000000005	0.7979776859283447	la tâche augmentent régulièrement. Mais savons-nous ce que les modèles ont réellement appris ? Qu'est-ce qu'un transformeur de vision et de langage comprend lorsqu'il attribue une note élevée à cette image et à cette phrase pour les faire correspondre ? Et une note faible à celle-ci. Les modèles de vision et de langage se concentrent-ils sur les bonnes choses ?	concentrent les modèles de vision et de langage ?
2	74.24000000000005	0.6958374977111816		la tâche augmentent régulièrement. Mais savons-nous ce que les modèles ont réellement appris ? Qu'est-ce qu'un transformeur de vision et de langage comprend lorsqu'il attribue une note élevée à cette image et à cette phrase pour les faire correspondre ? Et une note faible à celle-ci. Les modèles de vision et de langage se concentrent-ils sur les bonnes choses ?
2	74.88000000000005	0.34523463249206543	les modèles ont réellement appris ? Qu'est-ce qu'un transformeur de vision et de langage comprend lorsqu'il attribue une note élevée à cette image et à cette phrase pour les faire correspondre ? Et une note faible à celle-ci. Les modèles de vision et de langage se concentrent-ils sur les bonnes choses ? Ou pas ?	
2	75.52000000000005	0.49497079849243164	Ou concentrent-ils ?	les modèles ont réellement appris ? Qu'est-ce qu'un transformeur de vision et de langage comprend lorsqu'il attribue une note élevée à cette image et à cette phrase pour les faire correspondre ? Et une note faible à celle-ci. Les modèles de vision et de langage se concentrent-ils sur les bonnes choses ? Ou pas ?
2	76.16000000000005	0.5504541397094727	se concentrent-ils ? Qu'est-ce qu'un transformeur de vision et de langage comprend lorsqu'il attribue une note élevée à cette image et à cette phrase pour les faire correspondre ? Et une note faible à celle-ci. Les modèles de vision et de langage se concentrent-ils sur les bonnes choses ? Ou se concentrent-ils sur des biais ?	concentrent-ils ?
2	76.80000000000005	0.3889920711517334	biais ?	? Qu'est-ce qu'un transformeur de vision et de langage comprend lorsqu'il attribue une note élevée à cette image et à cette phrase pour les faire correspondre ? Et une note faible à celle-ci. Les modèles de vision et de langage se concentrent-ils sur les bonnes choses ? Ou se concentrent-ils sur des biais ?
2	77.44000000000005	0.289168119430542	? Qu'est-ce qu'un transformeur de vision et de langage comprend lorsqu'il attribue une note élevée à cette image et à cette phrase pour les faire correspondre ? Et une note faible à celle-ci. Les modèles de vision et de langage se concentrent-ils sur les bonnes choses ? Ou se concentrent-ils sur des biais ?	biais ?
2	78.08000000000006	0.5877130031585693	? Et une note faible à celle-ci. Les modèles de vision et de langage se concentrent-ils sur les bonnes choses ? Ou se concentrent-ils sur des biais ? Comme l'ont montré les précédents.	? Qu'est-ce qu'un transformeur de vision et de langage comprend lorsqu'il attribue une note élevée à cette image et à cette phrase pour les faire correspondre ? Et une note faible à celle-ci. Les modèles de vision et de langage se concentrent-ils sur les bonnes choses ? Ou se concentrent-ils sur des biais ?
2	78.72000000000006	0.6119623184204102	Comme l'ont montré les ? Comme l'ont montré les travaux précédents.	? Et une note faible à celle-ci. Les modèles de vision et de langage se concentrent-ils sur les bonnes choses ? Ou se concentrent-ils sur des biais ? Comme l'ont montré les précédents.
2	79.36000000000006	0.2789421081542969		? Comme l'ont montré les travaux précédents.
2	80.00000000000006	0.14428234100341797		
2	80.64000000000006	0.3835718631744385	Pour jeter plus	
2	81.28000000000006	0.5627248287200928	lumière sur cela.	
2	81.92000000000006	0.48016357421875	de lumière sur cette phrase pour les faire correspondre ? Et une note faible à celle-ci. Les modèles de vision et de langage se concentrent-ils sur les bonnes choses ? Ou se concentrent-ils sur des biais ? Comme l'ont montré les travaux précédents. Pour jeter plus de lumière sur cet aspect,	lumière sur cela.
2	82.56000000000006	0.3962986469268799		cette phrase pour les faire correspondre ? Et une note faible à celle-ci. Les modèles de vision et de langage se concentrent-ils sur les bonnes choses ? Ou se concentrent-ils sur des biais ? Comme l'ont montré les travaux précédents. Pour jeter plus de lumière sur cet aspect,
2	83.20000000000006	0.414355993270874	nous proposons un	
2	83.84000000000006	0.46598052978515625	plus	un
2	84.48000000000006	0.45589160919189453	une tâche augmentent régulièrement. Mais savons-nous ce que les modèles ont réellement appris ? Qu'est-ce qu'un transformeur de vision et de langage comprend lorsqu'il attribue une note élevée à cette image et à cette phrase pour les faire correspondre ? Et une note faible à celle-ci. Les modèles de vision et de langage se concentrent-ils sur les bonnes choses ? Ou se concentrent-ils sur des biais ? Comme l'ont montré les travaux précédents. Pour jeter plus de lumière sur cet aspect, nous proposons une tâche plus	plus
2	85.12000000000006	0.7050900459289551		tâche augmentent régulièrement. Mais savons-nous ce que les modèles ont réellement appris ? Qu'est-ce qu'un transformeur de vision et de langage comprend lorsqu'il attribue une note élevée à cette image et à cette phrase pour les faire correspondre ? Et une note faible à celle-ci. Les modèles de vision et de langage se concentrent-ils sur les bonnes choses ? Ou se concentrent-ils sur des biais ? Comme l'ont montré les travaux précédents. Pour jeter plus de lumière sur cet aspect, nous proposons une tâche plus
2	85.76000000000006	0.6943893432617188	approche plus agnostique par rapport à la tâche. élevée à cette image et à cette phrase pour les faire correspondre ? Et une note faible à celle-ci. Les modèles de vision et de langage se concentrent-ils sur les bonnes choses ? Ou se concentrent-ils sur des biais ? Comme l'ont montré les travaux précédents. Pour jeter plus de lumière sur cet aspect, nous proposons une approche plus agnostique par rapport à la tâche.	
2	86.40000000000006	0.16529560089111328		élevée à cette image et à cette phrase pour les faire correspondre ? Et une note faible à celle-ci. Les modèles de vision et de langage se concentrent-ils sur les bonnes choses ? Ou se concentrent-ils sur des biais ? Comme l'ont montré les travaux précédents. Pour jeter plus de lumière sur cet aspect, nous proposons une approche plus agnostique par rapport à la tâche.
2	87.04000000000006	0.4912130832672119	et à cette phrase pour les faire correspondre ? Et une note faible à celle-ci. Les modèles de vision et de langage se concentrent-ils sur les bonnes choses ? Ou se concentrent-ils sur des biais ? Comme l'ont montré les travaux précédents. Pour jeter plus de lumière sur cet aspect, nous proposons une approche plus agnostique par rapport à la tâche. Et nous introduisons.	
2	87.68000000000006	0.4675593376159668	Et nous	et à cette phrase pour les faire correspondre ? Et une note faible à celle-ci. Les modèles de vision et de langage se concentrent-ils sur les bonnes choses ? Ou se concentrent-ils sur des biais ? Comme l'ont montré les travaux précédents. Pour jeter plus de lumière sur cet aspect, nous proposons une approche plus agnostique par rapport à la tâche. Et nous introduisons.
2	88.32000000000006	0.5469541549682617	introduisons valves qui.	
2	88.96000000000006	0.5540165901184082	des valves les	valves qui.
2	89.60000000000007	0.5958998203277588	qui testent approche plus agnostique par rapport à la tâche. Et nous introduisons des valves qui testent la sensibilité.	les
2	90.24000000000007	0.5415768623352051	la approche plus agnostique par rapport à la tâche. Et nous introduisons des valves qui testent la sensibilité de.	approche plus agnostique par rapport à la tâche. Et nous introduisons des valves qui testent la sensibilité.
2	90.88000000000007	0.5687308311462402	sensibilité évaluer la performance des modèles de vision et de langage face à des phénomènes linguistiques spécifiques. Pourquoi avons-nous pris la peine de mettre en place ce benchmark ? Eh bien, au cours de ces dernières années, nous avons constaté une explosion de modèles de vision et de langage basés sur les transformeurs. Pré-entraînés sur de vastes quantités de paires d'images et de texte. Chaque l'un de ces modèles pousse l'état de l'art dans les tâches de vision et de langage telles que la réponse aux questions visuelles, le raisonnement commun sensuel visuel, la récupération d'images et l'ancrage de phrases. Nous avons donc reçu un message. Les précisions sur ces benchmarks spécifiques à la tâche augmentent régulièrement. Mais savons-nous ce que les modèles ont réellement appris ? Qu'est-ce qu'un transformeur de vision et de langage comprend lorsqu'il attribue une note élevée à cette image et à cette phrase pour les faire correspondre ? Et une note faible à celle-ci. Les modèles de vision et de langage se concentrent-ils sur les bonnes choses ? Ou se concentrent-ils sur des biais ? Comme l'ont montré les travaux précédents. Pour jeter plus de lumière sur cet aspect, nous proposons une approche plus agnostique par rapport à la tâche. Et nous introduisons des valves qui testent la sensibilité de la vision et de	approche plus agnostique par rapport à la tâche. Et nous introduisons des valves qui testent la sensibilité de.
2	91.52000000000007	0.6212930679321289	langage.	évaluer la performance des modèles de vision et de langage face à des phénomènes linguistiques spécifiques. Pourquoi avons-nous pris la peine de mettre en place ce benchmark ? Eh bien, au cours de ces dernières années, nous avons constaté une explosion de modèles de vision et de langage basés sur les transformeurs. Pré-entraînés sur de vastes quantités de paires d'images et de texte. Chaque l'un de ces modèles pousse l'état de l'art dans les tâches de vision et de langage telles que la réponse aux questions visuelles, le raisonnement commun sensuel visuel, la récupération d'images et l'ancrage de phrases. Nous avons donc reçu un message. Les précisions sur ces benchmarks spécifiques à la tâche augmentent régulièrement. Mais savons-nous ce que les modèles ont réellement appris ? Qu'est-ce qu'un transformeur de vision et de langage comprend lorsqu'il attribue une note élevée à cette image et à cette phrase pour les faire correspondre ? Et une note faible à celle-ci. Les modèles de vision et de langage se concentrent-ils sur les bonnes choses ? Ou se concentrent-ils sur des biais ? Comme l'ont montré les travaux précédents. Pour jeter plus de lumière sur cet aspect, nous proposons une approche plus agnostique par rapport à la tâche. Et nous introduisons des valves qui testent la sensibilité de la vision et de
2	92.16000000000007	0.41540050506591797	des modèles de vision et de	langage.
2	92.80000000000007	0.44069552421569824	à celle-ci. Les modèles de vision et de langage se concentrent-ils sur les bonnes choses ? Ou se concentrent-ils sur des biais ? Comme l'ont montré les travaux précédents. Pour jeter plus de lumière sur cet aspect, nous proposons une approche plus agnostique par rapport à la tâche. Et nous introduisons des valves qui testent la sensibilité des modèles de vision et de langage. À parler.	
2	93.44000000000007	0.5437183380126953	À spécificités.	à celle-ci. Les modèles de vision et de langage se concentrent-ils sur les bonnes choses ? Ou se concentrent-ils sur des biais ? Comme l'ont montré les travaux précédents. Pour jeter plus de lumière sur cet aspect, nous proposons une approche plus agnostique par rapport à la tâche. Et nous introduisons des valves qui testent la sensibilité des modèles de vision et de langage. À parler.
2	94.08000000000007	0.598393440246582	des spécifiques.	spécificités.
2	94.72000000000007	0.5548973083496094	phénomènes linguistiques spécifiques.	spécifiques.
2	95.36000000000007	0.34400224685668945		
2	96.00000000000007	0.53885817527771	affectent les deux.	spécifiques.
2	96.64000000000007	0.674365758895874	Qui affectent Les modèles de vision et de langage se concentrent-ils sur les bonnes choses ? Ou se concentrent-ils sur des biais ? Comme l'ont montré les travaux précédents. Pour jeter plus de lumière sur cet aspect, nous proposons une approche plus agnostique par rapport à la tâche. Et nous introduisons des valves qui testent la sensibilité des modèles de vision et de langage. À des phénomènes linguistiques spécifiques. Qui affectent à la fois le linguistique.	affectent les deux.
2	97.28000000000007	0.580697774887085	à la fois le linguistique et	Les modèles de vision et de langage se concentrent-ils sur les bonnes choses ? Ou se concentrent-ils sur des biais ? Comme l'ont montré les travaux précédents. Pour jeter plus de lumière sur cet aspect, nous proposons une approche plus agnostique par rapport à la tâche. Et nous introduisons des valves qui testent la sensibilité des modèles de vision et de langage. À des phénomènes linguistiques spécifiques. Qui affectent à la fois le linguistique.
2	97.92000000000007	0.5081076622009277	vision et de langage se concentrent-ils sur les bonnes choses ? Ou se concentrent-ils sur des biais ? Comme l'ont montré les travaux précédents. Pour jeter plus de lumière sur cet aspect, nous proposons une approche plus agnostique par rapport à la tâche. Et nous introduisons des valves qui testent la sensibilité des modèles de vision et de langage. À des phénomènes linguistiques spécifiques. Qui affectent à la fois le langage et la vision.	linguistique et
2	98.56000000000007	0.6400785446166992	modèles de vision et de langage se concentrent-ils sur les bonnes choses ? Ou se concentrent-ils sur des biais ? Comme l'ont montré les travaux précédents. Pour jeter plus de lumière sur cet aspect, nous proposons une approche plus agnostique par rapport à la tâche. Et nous introduisons des valves qui testent la sensibilité des modèles de vision et de langage. À des phénomènes linguistiques spécifiques. Qui affectent à la fois le modèle linguistique et le modèle visuel.	vision et de langage se concentrent-ils sur les bonnes choses ? Ou se concentrent-ils sur des biais ? Comme l'ont montré les travaux précédents. Pour jeter plus de lumière sur cet aspect, nous proposons une approche plus agnostique par rapport à la tâche. Et nous introduisons des valves qui testent la sensibilité des modèles de vision et de langage. À des phénomènes linguistiques spécifiques. Qui affectent à la fois le langage et la vision.
2	99.20000000000007	0.6776232719421387	choses ? Ou se concentrent-ils sur des biais ? Comme l'ont montré les travaux précédents. Pour jeter plus de lumière sur cet aspect, nous proposons une approche plus agnostique par rapport à la tâche. Et nous introduisons des valves qui testent la sensibilité des modèles de vision et de langage. À des phénomènes linguistiques spécifiques. Qui affectent à la fois le modalité linguistique et le modalité visuelle.	modèles de vision et de langage se concentrent-ils sur les bonnes choses ? Ou se concentrent-ils sur des biais ? Comme l'ont montré les travaux précédents. Pour jeter plus de lumière sur cet aspect, nous proposons une approche plus agnostique par rapport à la tâche. Et nous introduisons des valves qui testent la sensibilité des modèles de vision et de langage. À des phénomènes linguistiques spécifiques. Qui affectent à la fois le modèle linguistique et le modèle visuel.
2	99.84000000000007	0.4702761173248291		choses ? Ou se concentrent-ils sur des biais ? Comme l'ont montré les travaux précédents. Pour jeter plus de lumière sur cet aspect, nous proposons une approche plus agnostique par rapport à la tâche. Et nous introduisons des valves qui testent la sensibilité des modèles de vision et de langage. À des phénomènes linguistiques spécifiques. Qui affectent à la fois le modalité linguistique et le modalité visuelle.
2	100.48000000000008	0.1519763469696045		
2	101.12000000000008	0.6203813552856445	l'existence.	
2	101.76000000000008	0.4341757297515869	Nous ciblons	l'existence.
2	102.40000000000008	0.5145628452301025	sensibilité des modèles de vision et de langage. À des phénomènes linguistiques spécifiques. Qui affectent à la fois le modalité linguistique et le modalité visuelle. Nous ciblons l'existence. La pluriel.	
2	103.04000000000008	0.6552956104278564	La sensibilité des modèles de vision et de langage. À des phénomènes linguistiques spécifiques. Qui affectent à la fois le modalité linguistique et le modalité visuelle. Nous ciblons l'existence. La pluriel, le comptage,	sensibilité des modèles de vision et de langage. À des phénomènes linguistiques spécifiques. Qui affectent à la fois le modalité linguistique et le modalité visuelle. Nous ciblons l'existence. La pluriel.
2	103.68000000000008	0.7688453197479248	l'espace.	sensibilité des modèles de vision et de langage. À des phénomènes linguistiques spécifiques. Qui affectent à la fois le modalité linguistique et le modalité visuelle. Nous ciblons l'existence. La pluriel, le comptage,
2	104.32000000000008	0.5206203460693359	relations spatiales.	l'espace.
2	104.96000000000008	0.6409106254577637	les relations l'action.	relations spatiales.
2	105.60000000000008	0.6790051460266113	spatiales, et le modalité visuelle. Nous ciblons l'existence. La pluriel, le comptage, les relations spatiales, les actions et l'énergie.	l'action.
2	106.24000000000008	0.704566240310669	les actions et correction d'entités.	et le modalité visuelle. Nous ciblons l'existence. La pluriel, le comptage, les relations spatiales, les actions et l'énergie.
2	106.88000000000008	0.6402449607849121		correction d'entités.
2	107.52000000000008	0.4194142818450928	l'anaphore d'entités.	
2	108.16000000000008	0.6188967227935791	comment procédons-nous ?	
2	108.80000000000008	0.6749475002288818	Mais comment procédons-nous nous proposons une approche plus agnostique par rapport à la tâche. Et nous introduisons des valves qui testent la sensibilité des modèles de vision et de langage. À des phénomènes linguistiques spécifiques. Qui affectent à la fois le modalité linguistique et le modalité visuelle. Nous ciblons l'existence. La pluriel, le comptage, les relations spatiales, les actions et l'anaphore d'entités. Mais comment procédons-nous pour tester ?	comment procédons-nous ?
2	109.44000000000008	0.4687185287475586	pour tester l'existence. La pluriel, le comptage, les relations spatiales, les actions et l'anaphore d'entités. Mais comment procédons-nous pour tester si	nous proposons une approche plus agnostique par rapport à la tâche. Et nous introduisons des valves qui testent la sensibilité des modèles de vision et de langage. À des phénomènes linguistiques spécifiques. Qui affectent à la fois le modalité linguistique et le modalité visuelle. Nous ciblons l'existence. La pluriel, le comptage, les relations spatiales, les actions et l'anaphore d'entités. Mais comment procédons-nous pour tester ?
2	110.08000000000008	0.563485860824585	langage	l'existence. La pluriel, le comptage, les relations spatiales, les actions et l'anaphore d'entités. Mais comment procédons-nous pour tester si
2	110.72000000000008	0.622133731842041	ont	langage
2	111.36000000000008	0.6993916034698486	les modèles de vision et de langage capturé	ont
2	112.00000000000009	0.5037176609039307	cet aspect, nous proposons une approche plus agnostique par rapport à la tâche. Et nous introduisons des valves qui testent la sensibilité des modèles de vision et de langage. À des phénomènes linguistiques spécifiques. Qui affectent à la fois le modalité linguistique et le modalité visuelle. Nous ciblons l'existence. La pluriel, le comptage, les relations spatiales, les actions et l'anaphore d'entités. Mais comment procédons-nous pour tester si les modèles de vision et de langage ont capturé cela ?	
2	112.64000000000009	0.4808776378631592	cet aspect, nous proposons une approche plus agnostique par rapport à la tâche. Et nous introduisons des valves qui testent la sensibilité des modèles de vision et de langage. À des phénomènes linguistiques spécifiques. Qui affectent à la fois le modalité linguistique et le modalité visuelle. Nous ciblons l'existence. La pluriel, le comptage, les relations spatiales, les actions et l'anaphore d'entités. Mais comment procédons-nous pour tester si les modèles de vision et de langage ont capturé ce phénomène ?	cet aspect, nous proposons une approche plus agnostique par rapport à la tâche. Et nous introduisons des valves qui testent la sensibilité des modèles de vision et de langage. À des phénomènes linguistiques spécifiques. Qui affectent à la fois le modalité linguistique et le modalité visuelle. Nous ciblons l'existence. La pluriel, le comptage, les relations spatiales, les actions et l'anaphore d'entités. Mais comment procédons-nous pour tester si les modèles de vision et de langage ont capturé cela ?
2	113.28000000000009	0.5068559646606445	?	cet aspect, nous proposons une approche plus agnostique par rapport à la tâche. Et nous introduisons des valves qui testent la sensibilité des modèles de vision et de langage. À des phénomènes linguistiques spécifiques. Qui affectent à la fois le modalité linguistique et le modalité visuelle. Nous ciblons l'existence. La pluriel, le comptage, les relations spatiales, les actions et l'anaphore d'entités. Mais comment procédons-nous pour tester si les modèles de vision et de langage ont capturé ce phénomène ?
2	113.92000000000009	0.28340673446655273	ces phénomènes	?
2	114.56000000000009	0.40122199058532715		
2	115.20000000000009	0.5533862113952637	FOILant.	
2	115.84000000000009	0.6688873767852783	une approche plus agnostique par rapport à la tâche. Et nous introduisons des valves qui testent la sensibilité des modèles de vision et de langage. À des phénomènes linguistiques spécifiques. Qui affectent à la fois le modalité linguistique et le modalité visuelle. Nous ciblons l'existence. La pluriel, le comptage, les relations spatiales, les actions et l'anaphore d'entités. Mais comment procédons-nous pour tester si les modèles de vision et de langage ont capturé ces phénomènes ? Par FOILing, une méthode.	FOILant.
2	116.48000000000009	0.7724263668060303	méthode précédemment appliquée.	une approche plus agnostique par rapport à la tâche. Et nous introduisons des valves qui testent la sensibilité des modèles de vision et de langage. À des phénomènes linguistiques spécifiques. Qui affectent à la fois le modalité linguistique et le modalité visuelle. Nous ciblons l'existence. La pluriel, le comptage, les relations spatiales, les actions et l'anaphore d'entités. Mais comment procédons-nous pour tester si les modèles de vision et de langage ont capturé ces phénomènes ? Par FOILing, une méthode.
2	117.12000000000009	0.813054084777832	En FOILant, une méthode précédemment pour.	méthode précédemment appliquée.
2	117.76000000000009	0.6931595802307129	appliquée et de langage se concentrent-ils sur les bonnes choses ? Ou se concentrent-ils sur des biais ? Comme l'ont montré les travaux précédents. Pour jeter plus de lumière sur cet aspect, nous proposons une approche plus agnostique par rapport à la tâche. Et nous introduisons des valves qui testent la sensibilité des modèles de vision et de langage. À des phénomènes linguistiques spécifiques. Qui affectent à la fois le modalité linguistique et le modalité visuelle. Nous ciblons l'existence. La pluriel, le comptage, les relations spatiales, les actions et l'anaphore d'entités. Mais comment procédons-nous pour tester si les modèles de vision et de langage ont capturé ces phénomènes ? En FOILant, une méthode précédemment appliquée pour la vision et le langage.	pour.
2	118.40000000000009	0.665900468826294	langage.	et de langage se concentrent-ils sur les bonnes choses ? Ou se concentrent-ils sur des biais ? Comme l'ont montré les travaux précédents. Pour jeter plus de lumière sur cet aspect, nous proposons une approche plus agnostique par rapport à la tâche. Et nous introduisons des valves qui testent la sensibilité des modèles de vision et de langage. À des phénomènes linguistiques spécifiques. Qui affectent à la fois le modalité linguistique et le modalité visuelle. Nous ciblons l'existence. La pluriel, le comptage, les relations spatiales, les actions et l'anaphore d'entités. Mais comment procédons-nous pour tester si les modèles de vision et de langage ont capturé ces phénomènes ? En FOILant, une méthode précédemment appliquée pour la vision et le langage.
2	119.04000000000009	0.411393404006958	aux modèles de vision et de	langage.
2	119.68000000000009	0.5473301410675049	pour non-	
2	120.32000000000009	0.68930983543396	Seulement pour phrase pour les faire correspondre ? Et une note faible à celle-ci. Les modèles de vision et de langage se concentrent-ils sur les bonnes choses ? Ou se concentrent-ils sur des biais ? Comme l'ont montré les travaux précédents. Pour jeter plus de lumière sur cet aspect, nous proposons une approche plus agnostique par rapport à la tâche. Et nous introduisons des valves qui testent la sensibilité des modèles de vision et de langage. À des phénomènes linguistiques spécifiques. Qui affectent à la fois le modalité linguistique et le modalité visuelle. Nous ciblons l'existence. La pluriel, le comptage, les relations spatiales, les actions et l'anaphore d'entités. Mais comment procédons-nous pour tester si les modèles de vision et de langage ont capturé ces phénomènes ? En FOILant, une méthode précédemment appliquée aux modèles de vision et de langage. Seulement pour les groupes nominaux.	pour non-
2	120.9600000000001	0.7148244380950928	les groupes introduisons des valves qui testent la sensibilité des modèles de vision et de langage. À des phénomènes linguistiques spécifiques. Qui affectent à la fois le modalité linguistique et le modalité visuelle. Nous ciblons l'existence. La pluriel, le comptage, les relations spatiales, les actions et l'anaphore d'entités. Mais comment procédons-nous pour tester si les modèles de vision et de langage ont capturé ces phénomènes ? En FOILant, une méthode précédemment appliquée aux modèles de vision et de langage. Seulement pour les groupes nominaux par Ravish.	phrase pour les faire correspondre ? Et une note faible à celle-ci. Les modèles de vision et de langage se concentrent-ils sur les bonnes choses ? Ou se concentrent-ils sur des biais ? Comme l'ont montré les travaux précédents. Pour jeter plus de lumière sur cet aspect, nous proposons une approche plus agnostique par rapport à la tâche. Et nous introduisons des valves qui testent la sensibilité des modèles de vision et de langage. À des phénomènes linguistiques spécifiques. Qui affectent à la fois le modalité linguistique et le modalité visuelle. Nous ciblons l'existence. La pluriel, le comptage, les relations spatiales, les actions et l'anaphore d'entités. Mais comment procédons-nous pour tester si les modèles de vision et de langage ont capturé ces phénomènes ? En FOILant, une méthode précédemment appliquée aux modèles de vision et de langage. Seulement pour les groupes nominaux.
2	121.6000000000001	0.766345739364624	nominaux par Ravi Shekhar.	introduisons des valves qui testent la sensibilité des modèles de vision et de langage. À des phénomènes linguistiques spécifiques. Qui affectent à la fois le modalité linguistique et le modalité visuelle. Nous ciblons l'existence. La pluriel, le comptage, les relations spatiales, les actions et l'anaphore d'entités. Mais comment procédons-nous pour tester si les modèles de vision et de langage ont capturé ces phénomènes ? En FOILant, une méthode précédemment appliquée aux modèles de vision et de langage. Seulement pour les groupes nominaux par Ravish.
2	122.2400000000001	0.697498083114624	et de langage. À des phénomènes linguistiques spécifiques. Qui affectent à la fois le modalité linguistique et le modalité visuelle. Nous ciblons l'existence. La pluriel, le comptage, les relations spatiales, les actions et l'anaphore d'entités. Mais comment procédons-nous pour tester si les modèles de vision et de langage ont capturé ces phénomènes ? En FOILant, une méthode précédemment appliquée aux modèles de vision et de langage. Seulement pour les groupes nominaux par Ravi Shekhar et ses collaborateurs.	Shekhar.
2	122.8800000000001	0.6380369663238525	collaborateurs.	et de langage. À des phénomènes linguistiques spécifiques. Qui affectent à la fois le modalité linguistique et le modalité visuelle. Nous ciblons l'existence. La pluriel, le comptage, les relations spatiales, les actions et l'anaphore d'entités. Mais comment procédons-nous pour tester si les modèles de vision et de langage ont capturé ces phénomènes ? En FOILant, une méthode précédemment appliquée aux modèles de vision et de langage. Seulement pour les groupes nominaux par Ravi Shekhar et ses collaborateurs.
2	123.5200000000001	0.5866529941558838	Et en couvrant	
2	124.1600000000001	0.5957050323486328	Et affectent à la fois le modalité linguistique et le modalité visuelle. Nous ciblons l'existence. La pluriel, le comptage, les relations spatiales, les actions et l'anaphore d'entités. Mais comment procédons-nous pour tester si les modèles de vision et de langage ont capturé ces phénomènes ? En FOILant, une méthode précédemment appliquée aux modèles de vision et de langage. Seulement pour les groupes nominaux par Ravi Shekhar et ses collaborateurs. Et pour le comptage par	collaborateurs. Et en couvrant
2	124.8000000000001	0.6721541881561279	Asin.	affectent à la fois le modalité linguistique et le modalité visuelle. Nous ciblons l'existence. La pluriel, le comptage, les relations spatiales, les actions et l'anaphore d'entités. Mais comment procédons-nous pour tester si les modèles de vision et de langage ont capturé ces phénomènes ? En FOILant, une méthode précédemment appliquée aux modèles de vision et de langage. Seulement pour les groupes nominaux par Ravi Shekhar et ses collaborateurs. Et pour le comptage par
2	125.4400000000001	0.6719050407409668	précédents. Pour jeter plus de lumière sur cet aspect, nous proposons une approche plus agnostique par rapport à la tâche. Et nous introduisons des valves qui testent la sensibilité des modèles de vision et de langage. À des phénomènes linguistiques spécifiques. Qui affectent à la fois le modalité linguistique et le modalité visuelle. Nous ciblons l'existence. La pluriel, le comptage, les relations spatiales, les actions et l'anaphore d'entités. Mais comment procédons-nous pour tester si les modèles de vision et de langage ont capturé ces phénomènes ? En FOILant, une méthode précédemment appliquée aux modèles de vision et de langage. Seulement pour les groupes nominaux par Ravi Shekhar et ses collaborateurs. Et pour le comptage par nous-même dans des semaines précédentes.	Asin.
2	126.0800000000001	0.7029917240142822	nous-même dans travaux précédents. Pour jeter plus de lumière sur cet aspect, nous proposons une approche plus agnostique par rapport à la tâche. Et nous introduisons des valves qui testent la sensibilité des modèles de vision et de langage. À des phénomènes linguistiques spécifiques. Qui affectent à la fois le modalité linguistique et le modalité visuelle. Nous ciblons l'existence. La pluriel, le comptage, les relations spatiales, les actions et l'anaphore d'entités. Mais comment procédons-nous pour tester si les modèles de vision et de langage ont capturé ces phénomènes ? En FOILant, une méthode précédemment appliquée aux modèles de vision et de langage. Seulement pour les groupes nominaux par Ravi Shekhar et ses collaborateurs. Et pour le comptage par nous-même dans nos travaux précédents.	précédents. Pour jeter plus de lumière sur cet aspect, nous proposons une approche plus agnostique par rapport à la tâche. Et nous introduisons des valves qui testent la sensibilité des modèles de vision et de langage. À des phénomènes linguistiques spécifiques. Qui affectent à la fois le modalité linguistique et le modalité visuelle. Nous ciblons l'existence. La pluriel, le comptage, les relations spatiales, les actions et l'anaphore d'entités. Mais comment procédons-nous pour tester si les modèles de vision et de langage ont capturé ces phénomènes ? En FOILant, une méthode précédemment appliquée aux modèles de vision et de langage. Seulement pour les groupes nominaux par Ravi Shekhar et ses collaborateurs. Et pour le comptage par nous-même dans des semaines précédentes.
2	126.7200000000001	0.3128018379211426		travaux précédents. Pour jeter plus de lumière sur cet aspect, nous proposons une approche plus agnostique par rapport à la tâche. Et nous introduisons des valves qui testent la sensibilité des modèles de vision et de langage. À des phénomènes linguistiques spécifiques. Qui affectent à la fois le modalité linguistique et le modalité visuelle. Nous ciblons l'existence. La pluriel, le comptage, les relations spatiales, les actions et l'anaphore d'entités. Mais comment procédons-nous pour tester si les modèles de vision et de langage ont capturé ces phénomènes ? En FOILant, une méthode précédemment appliquée aux modèles de vision et de langage. Seulement pour les groupes nominaux par Ravi Shekhar et ses collaborateurs. Et pour le comptage par nous-même dans nos travaux précédents.
2	127.3600000000001	0.5771281719207764	base	
2	128.00000000000009	0.6672184467315674	FOILer fondamentalement.	base
2	128.64000000000007	0.627037763595581	signifie nous.	fondamentalement.
2	129.28000000000006	0.6007075309753418	essentiellement que	nous.
2	129.92000000000004	0.6537661552429199	nous prenons légende.	
2	130.56000000000003	0.667304515838623	la d'une image.	légende.
2	131.20000000000002	0.6059770584106445	légende d'une image et	d'une image.
2	131.84	0.5946903228759766	affectent à la fois le modalité linguistique et le modalité visuelle. Nous ciblons l'existence. La pluriel, le comptage, les relations spatiales, les actions et l'anaphore d'entités. Mais comment procédons-nous pour tester si les modèles de vision et de langage ont capturé ces phénomènes ? En FOILant, une méthode précédemment appliquée aux modèles de vision et de langage. Seulement pour les groupes nominaux par Ravi Shekhar et ses collaborateurs. Et pour le comptage par nous-même dans nos travaux précédents. FOILer signifie essentiellement que nous prenons la légende d'une image et produisons un	
2	132.48	0.5989160537719727	visuelle. Nous ciblons l'existence. La pluriel, le comptage, les relations spatiales, les actions et l'anaphore d'entités. Mais comment procédons-nous pour tester si les modèles de vision et de langage ont capturé ces phénomènes ? En FOILant, une méthode précédemment appliquée aux modèles de vision et de langage. Seulement pour les groupes nominaux par Ravi Shekhar et ses collaborateurs. Et pour le comptage par nous-même dans nos travaux précédents. FOILer signifie essentiellement que nous prenons la légende d'une image et produisons un foil.	affectent à la fois le modalité linguistique et le modalité visuelle. Nous ciblons l'existence. La pluriel, le comptage, les relations spatiales, les actions et l'anaphore d'entités. Mais comment procédons-nous pour tester si les modèles de vision et de langage ont capturé ces phénomènes ? En FOILant, une méthode précédemment appliquée aux modèles de vision et de langage. Seulement pour les groupes nominaux par Ravi Shekhar et ses collaborateurs. Et pour le comptage par nous-même dans nos travaux précédents. FOILer signifie essentiellement que nous prenons la légende d'une image et produisons un
2	133.11999999999998	0.4810056686401367	foil par	visuelle. Nous ciblons l'existence. La pluriel, le comptage, les relations spatiales, les actions et l'anaphore d'entités. Mais comment procédons-nous pour tester si les modèles de vision et de langage ont capturé ces phénomènes ? En FOILant, une méthode précédemment appliquée aux modèles de vision et de langage. Seulement pour les groupes nominaux par Ravi Shekhar et ses collaborateurs. Et pour le comptage par nous-même dans nos travaux précédents. FOILer signifie essentiellement que nous prenons la légende d'une image et produisons un foil.
2	133.75999999999996	0.5822873115539551		par
2	134.39999999999995	0.6558883190155029	en	
2	135.03999999999994	0.34589338302612305	modifiant la légende.	
2	135.67999999999992	0.4222395420074463		
2	136.3199999999999	0.4127514362335205		
2	136.9599999999999	0.5974447727203369		
2	137.59999999999988	0.6693449020385742	De sorte qu'elle ne	
2	138.23999999999987	0.5752956867218018	décrit les relations spatiales, les actions et l'anaphore d'entités. Mais comment procédons-nous pour tester si les modèles de vision et de langage ont capturé ces phénomènes ? En FOILant, une méthode précédemment appliquée aux modèles de vision et de langage. Seulement pour les groupes nominaux par Ravi Shekhar et ses collaborateurs. Et pour le comptage par nous-même dans nos travaux précédents. FOILer signifie essentiellement que nous prenons la légende d'une image et produisons un foil en modifiant la légende. De sorte qu'elle ne décrit pas l'image.	
2	138.87999999999985	0.5577096939086914	le comptage, les relations spatiales, les actions et l'anaphore d'entités. Mais comment procédons-nous pour tester si les modèles de vision et de langage ont capturé ces phénomènes ? En FOILant, une méthode précédemment appliquée aux modèles de vision et de langage. Seulement pour les groupes nominaux par Ravi Shekhar et ses collaborateurs. Et pour le comptage par nous-même dans nos travaux précédents. FOILer signifie essentiellement que nous prenons la légende d'une image et produisons un foil en modifiant la légende. De sorte qu'elle ne décrit plus l'image.	les relations spatiales, les actions et l'anaphore d'entités. Mais comment procédons-nous pour tester si les modèles de vision et de langage ont capturé ces phénomènes ? En FOILant, une méthode précédemment appliquée aux modèles de vision et de langage. Seulement pour les groupes nominaux par Ravi Shekhar et ses collaborateurs. Et pour le comptage par nous-même dans nos travaux précédents. FOILer signifie essentiellement que nous prenons la légende d'une image et produisons un foil en modifiant la légende. De sorte qu'elle ne décrit pas l'image.
2	139.51999999999984	0.2771718502044678		le comptage, les relations spatiales, les actions et l'anaphore d'entités. Mais comment procédons-nous pour tester si les modèles de vision et de langage ont capturé ces phénomènes ? En FOILant, une méthode précédemment appliquée aux modèles de vision et de langage. Seulement pour les groupes nominaux par Ravi Shekhar et ses collaborateurs. Et pour le comptage par nous-même dans nos travaux précédents. FOILer signifie essentiellement que nous prenons la légende d'une image et produisons un foil en modifiant la légende. De sorte qu'elle ne décrit plus l'image.
2	140.15999999999983	0.5646946430206299	Et nous introduisons des valves qui testent la sensibilité des modèles de vision et de langage. À des phénomènes linguistiques spécifiques. Qui affectent à la fois le modalité linguistique et le modalité visuelle. Nous ciblons l'existence. La pluriel, le comptage, les relations spatiales, les actions et l'anaphore d'entités. Mais comment procédons-nous pour tester si les modèles de vision et de langage ont capturé ces phénomènes ? En FOILant, une méthode précédemment appliquée aux modèles de vision et de langage. Seulement pour les groupes nominaux par Ravi Shekhar et ses collaborateurs. Et pour le comptage par nous-même dans nos travaux précédents. FOILer signifie essentiellement que nous prenons la légende d'une image et produisons un foil en modifiant la légende. De sorte qu'elle ne décrit plus l'image. Et nous faisons cela.	
2	140.7999999999998	0.6533689498901367	phrases. Nous avons donc reçu un message. Les précisions sur ces benchmarks spécifiques à la tâche augmentent régulièrement. Mais savons-nous ce que les modèles ont réellement appris ? Qu'est-ce qu'un transformeur de vision et de langage comprend lorsqu'il attribue une note élevée à cette image et à cette phrase pour les faire correspondre ? Et une note faible à celle-ci. Les modèles de vision et de langage se concentrent-ils sur les bonnes choses ? Ou se concentrent-ils sur des biais ? Comme l'ont montré les travaux précédents. Pour jeter plus de lumière sur cet aspect, nous proposons une approche plus agnostique par rapport à la tâche. Et nous introduisons des valves qui testent la sensibilité des modèles de vision et de langage. À des phénomènes linguistiques spécifiques. Qui affectent à la fois le modalité linguistique et le modalité visuelle. Nous ciblons l'existence. La pluriel, le comptage, les relations spatiales, les actions et l'anaphore d'entités. Mais comment procédons-nous pour tester si les modèles de vision et de langage ont capturé ces phénomènes ? En FOILant, une méthode précédemment appliquée aux modèles de vision et de langage. Seulement pour les groupes nominaux par Ravi Shekhar et ses collaborateurs. Et pour le comptage par nous-même dans nos travaux précédents. FOILer signifie essentiellement que nous prenons la légende d'une image et produisons un foil en modifiant la légende. De sorte qu'elle ne décrit plus l'image. Et nous effectuons ces phrases.	introduisons des valves qui testent la sensibilité des modèles de vision et de langage. À des phénomènes linguistiques spécifiques. Qui affectent à la fois le modalité linguistique et le modalité visuelle. Nous ciblons l'existence. La pluriel, le comptage, les relations spatiales, les actions et l'anaphore d'entités. Mais comment procédons-nous pour tester si les modèles de vision et de langage ont capturé ces phénomènes ? En FOILant, une méthode précédemment appliquée aux modèles de vision et de langage. Seulement pour les groupes nominaux par Ravi Shekhar et ses collaborateurs. Et pour le comptage par nous-même dans nos travaux précédents. FOILer signifie essentiellement que nous prenons la légende d'une image et produisons un foil en modifiant la légende. De sorte qu'elle ne décrit plus l'image. Et nous faisons cela.
2	141.4399999999998	0.6837024688720703	effectuons ces spatiales, les actions et l'anaphore d'entités. Mais comment procédons-nous pour tester si les modèles de vision et de langage ont capturé ces phénomènes ? En FOILant, une méthode précédemment appliquée aux modèles de vision et de langage. Seulement pour les groupes nominaux par Ravi Shekhar et ses collaborateurs. Et pour le comptage par nous-même dans nos travaux précédents. FOILer signifie essentiellement que nous prenons la légende d'une image et produisons un foil en modifiant la légende. De sorte qu'elle ne décrit plus l'image. Et nous effectuons ces altérations de phrases.	phrases. Nous avons donc reçu un message. Les précisions sur ces benchmarks spécifiques à la tâche augmentent régulièrement. Mais savons-nous ce que les modèles ont réellement appris ? Qu'est-ce qu'un transformeur de vision et de langage comprend lorsqu'il attribue une note élevée à cette image et à cette phrase pour les faire correspondre ? Et une note faible à celle-ci. Les modèles de vision et de langage se concentrent-ils sur les bonnes choses ? Ou se concentrent-ils sur des biais ? Comme l'ont montré les travaux précédents. Pour jeter plus de lumière sur cet aspect, nous proposons une approche plus agnostique par rapport à la tâche. Et nous introduisons des valves qui testent la sensibilité des modèles de vision et de langage. À des phénomènes linguistiques spécifiques. Qui affectent à la fois le modalité linguistique et le modalité visuelle. Nous ciblons l'existence. La pluriel, le comptage, les relations spatiales, les actions et l'anaphore d'entités. Mais comment procédons-nous pour tester si les modèles de vision et de langage ont capturé ces phénomènes ? En FOILant, une méthode précédemment appliquée aux modèles de vision et de langage. Seulement pour les groupes nominaux par Ravi Shekhar et ses collaborateurs. Et pour le comptage par nous-même dans nos travaux précédents. FOILer signifie essentiellement que nous prenons la légende d'une image et produisons un foil en modifiant la légende. De sorte qu'elle ne décrit plus l'image. Et nous effectuons ces phrases.
2	142.07999999999979	0.72171950340271	comptage, les relations spatiales, les actions et l'anaphore d'entités. Mais comment procédons-nous pour tester si les modèles de vision et de langage ont capturé ces phénomènes ? En FOILant, une méthode précédemment appliquée aux modèles de vision et de langage. Seulement pour les groupes nominaux par Ravi Shekhar et ses collaborateurs. Et pour le comptage par nous-même dans nos travaux précédents. FOILer signifie essentiellement que nous prenons la légende d'une image et produisons un foil en modifiant la légende. De sorte qu'elle ne décrit plus l'image. Et nous effectuons ces modifications de phrases en nous concentrant.	spatiales, les actions et l'anaphore d'entités. Mais comment procédons-nous pour tester si les modèles de vision et de langage ont capturé ces phénomènes ? En FOILant, une méthode précédemment appliquée aux modèles de vision et de langage. Seulement pour les groupes nominaux par Ravi Shekhar et ses collaborateurs. Et pour le comptage par nous-même dans nos travaux précédents. FOILer signifie essentiellement que nous prenons la légende d'une image et produisons un foil en modifiant la légende. De sorte qu'elle ne décrit plus l'image. Et nous effectuons ces altérations de phrases.
2	142.71999999999977	0.757333517074585	modifications de	comptage, les relations spatiales, les actions et l'anaphore d'entités. Mais comment procédons-nous pour tester si les modèles de vision et de langage ont capturé ces phénomènes ? En FOILant, une méthode précédemment appliquée aux modèles de vision et de langage. Seulement pour les groupes nominaux par Ravi Shekhar et ses collaborateurs. Et pour le comptage par nous-même dans nos travaux précédents. FOILer signifie essentiellement que nous prenons la légende d'une image et produisons un foil en modifiant la légende. De sorte qu'elle ne décrit plus l'image. Et nous effectuons ces modifications de phrases en nous concentrant.
2	143.35999999999976	0.7617957592010498	spécifiques. Qui affectent à la fois le modalité linguistique et le modalité visuelle. Nous ciblons l'existence. La pluriel, le comptage, les relations spatiales, les actions et l'anaphore d'entités. Mais comment procédons-nous pour tester si les modèles de vision et de langage ont capturé ces phénomènes ? En FOILant, une méthode précédemment appliquée aux modèles de vision et de langage. Seulement pour les groupes nominaux par Ravi Shekhar et ses collaborateurs. Et pour le comptage par nous-même dans nos travaux précédents. FOILer signifie essentiellement que nous prenons la légende d'une image et produisons un foil en modifiant la légende. De sorte qu'elle ne décrit plus l'image. Et nous effectuons ces modifications de phrases en nous concentrant sur six aspects spécifiques.	
2	143.99999999999974	0.7450685501098633	spécifiques. Qui affectent à la fois le modalité linguistique et le modalité visuelle. Nous ciblons l'existence. La pluriel, le comptage, les relations spatiales, les actions et l'anaphore d'entités. Mais comment procédons-nous pour tester si les modèles de vision et de langage ont capturé ces phénomènes ? En FOILant, une méthode précédemment appliquée aux modèles de vision et de langage. Seulement pour les groupes nominaux par Ravi Shekhar et ses collaborateurs. Et pour le comptage par nous-même dans nos travaux précédents. FOILer signifie essentiellement que nous prenons la légende d'une image et produisons un foil en modifiant la légende. De sorte qu'elle ne décrit plus l'image. Et nous effectuons ces modifications de phrase en nous concentrant sur six éléments spécifiques.	spécifiques. Qui affectent à la fois le modalité linguistique et le modalité visuelle. Nous ciblons l'existence. La pluriel, le comptage, les relations spatiales, les actions et l'anaphore d'entités. Mais comment procédons-nous pour tester si les modèles de vision et de langage ont capturé ces phénomènes ? En FOILant, une méthode précédemment appliquée aux modèles de vision et de langage. Seulement pour les groupes nominaux par Ravi Shekhar et ses collaborateurs. Et pour le comptage par nous-même dans nos travaux précédents. FOILer signifie essentiellement que nous prenons la légende d'une image et produisons un foil en modifiant la légende. De sorte qu'elle ne décrit plus l'image. Et nous effectuons ces modifications de phrases en nous concentrant sur six aspects spécifiques.
2	144.63999999999973	0.4743835926055908		spécifiques. Qui affectent à la fois le modalité linguistique et le modalité visuelle. Nous ciblons l'existence. La pluriel, le comptage, les relations spatiales, les actions et l'anaphore d'entités. Mais comment procédons-nous pour tester si les modèles de vision et de langage ont capturé ces phénomènes ? En FOILant, une méthode précédemment appliquée aux modèles de vision et de langage. Seulement pour les groupes nominaux par Ravi Shekhar et ses collaborateurs. Et pour le comptage par nous-même dans nos travaux précédents. FOILer signifie essentiellement que nous prenons la légende d'une image et produisons un foil en modifiant la légende. De sorte qu'elle ne décrit plus l'image. Et nous effectuons ces modifications de phrase en nous concentrant sur six éléments spécifiques.
2	145.27999999999972	0.5622961521148682		
2	145.9199999999997	0.6364316940307617	Tel que l'existence. La pluriel, le comptage, les relations spatiales, les actions et l'anaphore d'entités. Mais comment procédons-nous pour tester si les modèles de vision et de langage ont capturé ces phénomènes ? En FOILant, une méthode précédemment appliquée aux modèles de vision et de langage. Seulement pour les groupes nominaux par Ravi Shekhar et ses collaborateurs. Et pour le comptage par nous-même dans nos travaux précédents. FOILer signifie essentiellement que nous prenons la légende d'une image et produisons un foil en modifiant la légende. De sorte qu'elle ne décrit plus l'image. Et nous effectuons ces modifications de phrase en nous concentrant sur six éléments spécifiques. Tel que l'existence.	
2	146.5599999999997	0.7396273612976074	sensibilité des modèles de vision et de langage. À des phénomènes linguistiques spécifiques. Qui affectent à la fois le modalité linguistique et le modalité visuelle. Nous ciblons l'existence. La pluriel, le comptage, les relations spatiales, les actions et l'anaphore d'entités. Mais comment procédons-nous pour tester si les modèles de vision et de langage ont capturé ces phénomènes ? En FOILant, une méthode précédemment appliquée aux modèles de vision et de langage. Seulement pour les groupes nominaux par Ravi Shekhar et ses collaborateurs. Et pour le comptage par nous-même dans nos travaux précédents. FOILer signifie essentiellement que nous prenons la légende d'une image et produisons un foil en modifiant la légende. De sorte qu'elle ne décrit plus l'image. Et nous effectuons ces modifications de phrase en nous concentrant sur six éléments spécifiques. Tel que l'existence, le pluriel.	l'existence. La pluriel, le comptage, les relations spatiales, les actions et l'anaphore d'entités. Mais comment procédons-nous pour tester si les modèles de vision et de langage ont capturé ces phénomènes ? En FOILant, une méthode précédemment appliquée aux modèles de vision et de langage. Seulement pour les groupes nominaux par Ravi Shekhar et ses collaborateurs. Et pour le comptage par nous-même dans nos travaux précédents. FOILer signifie essentiellement que nous prenons la légende d'une image et produisons un foil en modifiant la légende. De sorte qu'elle ne décrit plus l'image. Et nous effectuons ces modifications de phrase en nous concentrant sur six éléments spécifiques. Tel que l'existence.
2	147.19999999999968	0.8257465362548828	l'existence, le sensibilité des modèles de vision et de langage. À des phénomènes linguistiques spécifiques. Qui affectent à la fois le modalité linguistique et le modalité visuelle. Nous ciblons l'existence. La pluriel, le comptage, les relations spatiales, les actions et l'anaphore d'entités. Mais comment procédons-nous pour tester si les modèles de vision et de langage ont capturé ces phénomènes ? En FOILant, une méthode précédemment appliquée aux modèles de vision et de langage. Seulement pour les groupes nominaux par Ravi Shekhar et ses collaborateurs. Et pour le comptage par nous-même dans nos travaux précédents. FOILer signifie essentiellement que nous prenons la légende d'une image et produisons un foil en modifiant la légende. De sorte qu'elle ne décrit plus l'image. Et nous effectuons ces modifications de phrase en nous concentrant sur six éléments spécifiques. Tel que l'existence, le pluriel, le conseil.	sensibilité des modèles de vision et de langage. À des phénomènes linguistiques spécifiques. Qui affectent à la fois le modalité linguistique et le modalité visuelle. Nous ciblons l'existence. La pluriel, le comptage, les relations spatiales, les actions et l'anaphore d'entités. Mais comment procédons-nous pour tester si les modèles de vision et de langage ont capturé ces phénomènes ? En FOILant, une méthode précédemment appliquée aux modèles de vision et de langage. Seulement pour les groupes nominaux par Ravi Shekhar et ses collaborateurs. Et pour le comptage par nous-même dans nos travaux précédents. FOILer signifie essentiellement que nous prenons la légende d'une image et produisons un foil en modifiant la légende. De sorte qu'elle ne décrit plus l'image. Et nous effectuons ces modifications de phrase en nous concentrant sur six éléments spécifiques. Tel que l'existence, le pluriel.
2	147.83999999999966	0.7183122634887695	pluriel, le comptage, les relations spatiales, les actions et l'anaphore d'entités. Mais comment procédons-nous pour tester si les modèles de vision et de langage ont capturé ces phénomènes ? En FOILant, une méthode précédemment appliquée aux modèles de vision et de langage. Seulement pour les groupes nominaux par Ravi Shekhar et ses collaborateurs. Et pour le comptage par nous-même dans nos travaux précédents. FOILer signifie essentiellement que nous prenons la légende d'une image et produisons un foil en modifiant la légende. De sorte qu'elle ne décrit plus l'image. Et nous effectuons ces modifications de phrase en nous concentrant sur six éléments spécifiques. Tel que l'existence, le pluriel, le comptage.	sensibilité des modèles de vision et de langage. À des phénomènes linguistiques spécifiques. Qui affectent à la fois le modalité linguistique et le modalité visuelle. Nous ciblons l'existence. La pluriel, le comptage, les relations spatiales, les actions et l'anaphore d'entités. Mais comment procédons-nous pour tester si les modèles de vision et de langage ont capturé ces phénomènes ? En FOILant, une méthode précédemment appliquée aux modèles de vision et de langage. Seulement pour les groupes nominaux par Ravi Shekhar et ses collaborateurs. Et pour le comptage par nous-même dans nos travaux précédents. FOILer signifie essentiellement que nous prenons la légende d'une image et produisons un foil en modifiant la légende. De sorte qu'elle ne décrit plus l'image. Et nous effectuons ces modifications de phrase en nous concentrant sur six éléments spécifiques. Tel que l'existence, le pluriel, le conseil.
2	148.47999999999965	0.6900455951690674	relations spatiales, les actions et l'anaphore d'entités. Mais comment procédons-nous pour tester si les modèles de vision et de langage ont capturé ces phénomènes ? En FOILant, une méthode précédemment appliquée aux modèles de vision et de langage. Seulement pour les groupes nominaux par Ravi Shekhar et ses collaborateurs. Et pour le comptage par nous-même dans nos travaux précédents. FOILer signifie essentiellement que nous prenons la légende d'une image et produisons un foil en modifiant la légende. De sorte qu'elle ne décrit plus l'image. Et nous effectuons ces modifications de phrase en nous concentrant sur six éléments spécifiques. Tel que l'existence, le pluriel, le comptage, les relations spatiales.	comptage, les relations spatiales, les actions et l'anaphore d'entités. Mais comment procédons-nous pour tester si les modèles de vision et de langage ont capturé ces phénomènes ? En FOILant, une méthode précédemment appliquée aux modèles de vision et de langage. Seulement pour les groupes nominaux par Ravi Shekhar et ses collaborateurs. Et pour le comptage par nous-même dans nos travaux précédents. FOILer signifie essentiellement que nous prenons la légende d'une image et produisons un foil en modifiant la légende. De sorte qu'elle ne décrit plus l'image. Et nous effectuons ces modifications de phrase en nous concentrant sur six éléments spécifiques. Tel que l'existence, le pluriel, le comptage.
2	149.11999999999964	0.4127483367919922		relations spatiales, les actions et l'anaphore d'entités. Mais comment procédons-nous pour tester si les modèles de vision et de langage ont capturé ces phénomènes ? En FOILant, une méthode précédemment appliquée aux modèles de vision et de langage. Seulement pour les groupes nominaux par Ravi Shekhar et ses collaborateurs. Et pour le comptage par nous-même dans nos travaux précédents. FOILer signifie essentiellement que nous prenons la légende d'une image et produisons un foil en modifiant la légende. De sorte qu'elle ne décrit plus l'image. Et nous effectuons ces modifications de phrase en nous concentrant sur six éléments spécifiques. Tel que l'existence, le pluriel, le comptage, les relations spatiales.
2	149.75999999999962	0.5260803699493408	actions et l'anaphore d'entités. Mais comment procédons-nous pour tester si les modèles de vision et de langage ont capturé ces phénomènes ? En FOILant, une méthode précédemment appliquée aux modèles de vision et de langage. Seulement pour les groupes nominaux par Ravi Shekhar et ses collaborateurs. Et pour le comptage par nous-même dans nos travaux précédents. FOILer signifie essentiellement que nous prenons la légende d'une image et produisons un foil en modifiant la légende. De sorte qu'elle ne décrit plus l'image. Et nous effectuons ces modifications de phrase en nous concentrant sur six éléments spécifiques. Tel que l'existence, le pluriel, le comptage, les relations spatiales. Les actions.	
2	150.3999999999996	0.7003908157348633	Les actions et l'anaphore d'entités. Mais comment procédons-nous pour tester si les modèles de vision et de langage ont capturé ces phénomènes ? En FOILant, une méthode précédemment appliquée aux modèles de vision et de langage. Seulement pour les groupes nominaux par Ravi Shekhar et ses collaborateurs. Et pour le comptage par nous-même dans nos travaux précédents. FOILer signifie essentiellement que nous prenons la légende d'une image et produisons un foil en modifiant la légende. De sorte qu'elle ne décrit plus l'image. Et nous effectuons ces modifications de phrase en nous concentrant sur six éléments spécifiques. Tel que l'existence, le pluriel, le comptage, les relations spatiales. Les actions et l'entité.	actions et l'anaphore d'entités. Mais comment procédons-nous pour tester si les modèles de vision et de langage ont capturé ces phénomènes ? En FOILant, une méthode précédemment appliquée aux modèles de vision et de langage. Seulement pour les groupes nominaux par Ravi Shekhar et ses collaborateurs. Et pour le comptage par nous-même dans nos travaux précédents. FOILer signifie essentiellement que nous prenons la légende d'une image et produisons un foil en modifiant la légende. De sorte qu'elle ne décrit plus l'image. Et nous effectuons ces modifications de phrase en nous concentrant sur six éléments spécifiques. Tel que l'existence, le pluriel, le comptage, les relations spatiales. Les actions.
2	151.0399999999996	0.752593994140625		l'anaphore d'entités. Mais comment procédons-nous pour tester si les modèles de vision et de langage ont capturé ces phénomènes ? En FOILant, une méthode précédemment appliquée aux modèles de vision et de langage. Seulement pour les groupes nominaux par Ravi Shekhar et ses collaborateurs. Et pour le comptage par nous-même dans nos travaux précédents. FOILer signifie essentiellement que nous prenons la légende d'une image et produisons un foil en modifiant la légende. De sorte qu'elle ne décrit plus l'image. Et nous effectuons ces modifications de phrase en nous concentrant sur six éléments spécifiques. Tel que l'existence, le pluriel, le comptage, les relations spatiales. Les actions et l'entité.
2	151.67999999999958	0.6860499382019043	l'anaphore d'entités.	
2	152.31999999999957	0.5425794124603271	nous-même dans nos travaux précédents. FOILer signifie essentiellement que nous prenons la légende d'une image et produisons un foil en modifiant la légende. De sorte qu'elle ne décrit plus l'image. Et nous effectuons ces modifications de phrase en nous concentrant sur six éléments spécifiques. Tel que l'existence, le pluriel, le comptage, les relations spatiales. Les actions et l'anaphore d'entités. Où chaque élément	
2	152.95999999999955	0.6192789077758789		nous-même dans nos travaux précédents. FOILer signifie essentiellement que nous prenons la légende d'une image et produisons un foil en modifiant la légende. De sorte qu'elle ne décrit plus l'image. Et nous effectuons ces modifications de phrase en nous concentrant sur six éléments spécifiques. Tel que l'existence, le pluriel, le comptage, les relations spatiales. Les actions et l'anaphore d'entités. Où chaque élément
2	153.59999999999954	0.5385770797729492	peut	
2	154.23999999999953	0.603785514831543	consister d'une image et produisons un foil en modifiant la légende. De sorte qu'elle ne décrit plus l'image. Et nous effectuons ces modifications de phrase en nous concentrant sur six éléments spécifiques. Tel que l'existence, le pluriel, le comptage, les relations spatiales. Les actions et l'anaphore d'entités. Où chaque élément peut consister en un.	
2	154.8799999999995	0.5605487823486328	en	d'une image et produisons un foil en modifiant la légende. De sorte qu'elle ne décrit plus l'image. Et nous effectuons ces modifications de phrase en nous concentrant sur six éléments spécifiques. Tel que l'existence, le pluriel, le comptage, les relations spatiales. Les actions et l'anaphore d'entités. Où chaque élément peut consister en un.
2	155.5199999999995	0.5937275886535645	un ou	
2	156.15999999999948	0.5260729789733887	plusieurs phénomènes ? En FOILant, une méthode précédemment appliquée aux modèles de vision et de langage. Seulement pour les groupes nominaux par Ravi Shekhar et ses collaborateurs. Et pour le comptage par nous-même dans nos travaux précédents. FOILer signifie essentiellement que nous prenons la légende d'une image et produisons un foil en modifiant la légende. De sorte qu'elle ne décrit plus l'image. Et nous effectuons ces modifications de phrase en nous concentrant sur six éléments spécifiques. Tel que l'existence, le pluriel, le comptage, les relations spatiales. Les actions et l'anaphore d'entités. Où chaque élément peut consister en un ou plusieurs instruments.	
2	156.79999999999947	0.7302331924438477	En FOILant, une méthode précédemment appliquée aux modèles de vision et de langage. Seulement pour les groupes nominaux par Ravi Shekhar et ses collaborateurs. Et pour le comptage par nous-même dans nos travaux précédents. FOILer signifie essentiellement que nous prenons la légende d'une image et produisons un foil en modifiant la légende. De sorte qu'elle ne décrit plus l'image. Et nous effectuons ces modifications de phrase en nous concentrant sur six éléments spécifiques. Tel que l'existence, le pluriel, le comptage, les relations spatiales. Les actions et l'anaphore d'entités. Où chaque élément peut consister en un ou plusieurs instruments. Dans le cas où nous pouvons	phénomènes ? En FOILant, une méthode précédemment appliquée aux modèles de vision et de langage. Seulement pour les groupes nominaux par Ravi Shekhar et ses collaborateurs. Et pour le comptage par nous-même dans nos travaux précédents. FOILer signifie essentiellement que nous prenons la légende d'une image et produisons un foil en modifiant la légende. De sorte qu'elle ne décrit plus l'image. Et nous effectuons ces modifications de phrase en nous concentrant sur six éléments spécifiques. Tel que l'existence, le pluriel, le comptage, les relations spatiales. Les actions et l'anaphore d'entités. Où chaque élément peut consister en un ou plusieurs instruments.
2	157.43999999999946	0.7670104503631592	Dans le cas où nous	En FOILant, une méthode précédemment appliquée aux modèles de vision et de langage. Seulement pour les groupes nominaux par Ravi Shekhar et ses collaborateurs. Et pour le comptage par nous-même dans nos travaux précédents. FOILer signifie essentiellement que nous prenons la légende d'une image et produisons un foil en modifiant la légende. De sorte qu'elle ne décrit plus l'image. Et nous effectuons ces modifications de phrase en nous concentrant sur six éléments spécifiques. Tel que l'existence, le pluriel, le comptage, les relations spatiales. Les actions et l'anaphore d'entités. Où chaque élément peut consister en un ou plusieurs instruments. Dans le cas où nous pouvons
2	158.07999999999944	0.6527035236358643		
2	158.71999999999943	0.3753471374511719	trouvons plus d'un instrument.	
2	159.35999999999942	0.5454387664794922		
2	159.9999999999994	0.43254780769348145		
2	160.6399999999994	0.7074029445648193	pour tester si les modèles de vision et de langage ont capturé ces phénomènes ? En FOILant, une méthode précédemment appliquée aux modèles de vision et de langage. Seulement pour les groupes nominaux par Ravi Shekhar et ses collaborateurs. Et pour le comptage par nous-même dans nos travaux précédents. FOILer signifie essentiellement que nous prenons la légende d'une image et produisons un foil en modifiant la légende. De sorte qu'elle ne décrit plus l'image. Et nous effectuons ces modifications de phrase en nous concentrant sur six éléments spécifiques. Tel que l'existence, le pluriel, le comptage, les relations spatiales. Les actions et l'anaphore d'entités. Où chaque élément peut consister en un ou plusieurs instruments. Dans le cas où nous trouvons plus d'un instrument. Une façon intéressante de créer une référence.	
2	161.27999999999938	0.80963134765625	Une foil en modifiant la légende. De sorte qu'elle ne décrit plus l'image. Et nous effectuons ces modifications de phrase en nous concentrant sur six éléments spécifiques. Tel que l'existence, le pluriel, le comptage, les relations spatiales. Les actions et l'anaphore d'entités. Où chaque élément peut consister en un ou plusieurs instruments. Dans le cas où nous trouvons plus d'un instrument. Une manière intéressante de créer des instruments foils.	pour tester si les modèles de vision et de langage ont capturé ces phénomènes ? En FOILant, une méthode précédemment appliquée aux modèles de vision et de langage. Seulement pour les groupes nominaux par Ravi Shekhar et ses collaborateurs. Et pour le comptage par nous-même dans nos travaux précédents. FOILer signifie essentiellement que nous prenons la légende d'une image et produisons un foil en modifiant la légende. De sorte qu'elle ne décrit plus l'image. Et nous effectuons ces modifications de phrase en nous concentrant sur six éléments spécifiques. Tel que l'existence, le pluriel, le comptage, les relations spatiales. Les actions et l'anaphore d'entités. Où chaque élément peut consister en un ou plusieurs instruments. Dans le cas où nous trouvons plus d'un instrument. Une façon intéressante de créer une référence.
2	161.91999999999936	0.7974021434783936	manière intéressante de créer des	foil en modifiant la légende. De sorte qu'elle ne décrit plus l'image. Et nous effectuons ces modifications de phrase en nous concentrant sur six éléments spécifiques. Tel que l'existence, le pluriel, le comptage, les relations spatiales. Les actions et l'anaphore d'entités. Où chaque élément peut consister en un ou plusieurs instruments. Dans le cas où nous trouvons plus d'un instrument. Une manière intéressante de créer des instruments foils.
2	162.55999999999935	0.3125112056732178	instances de foils.	
2	163.19999999999933	0.15262556076049805		
2	163.83999999999932	0.5535991191864014	FOILant, une méthode précédemment appliquée aux modèles de vision et de langage. Seulement pour les groupes nominaux par Ravi Shekhar et ses collaborateurs. Et pour le comptage par nous-même dans nos travaux précédents. FOILer signifie essentiellement que nous prenons la légende d'une image et produisons un foil en modifiant la légende. De sorte qu'elle ne décrit plus l'image. Et nous effectuons ces modifications de phrase en nous concentrant sur six éléments spécifiques. Tel que l'existence, le pluriel, le comptage, les relations spatiales. Les actions et l'anaphore d'entités. Où chaque élément peut consister en un ou plusieurs instruments. Dans le cas où nous trouvons plus d'un instrument. Une manière intéressante de créer des instances de foils. Par exemple, dans	
2	164.4799999999993	0.645413875579834		FOILant, une méthode précédemment appliquée aux modèles de vision et de langage. Seulement pour les groupes nominaux par Ravi Shekhar et ses collaborateurs. Et pour le comptage par nous-même dans nos travaux précédents. FOILer signifie essentiellement que nous prenons la légende d'une image et produisons un foil en modifiant la légende. De sorte qu'elle ne décrit plus l'image. Et nous effectuons ces modifications de phrase en nous concentrant sur six éléments spécifiques. Tel que l'existence, le pluriel, le comptage, les relations spatiales. Les actions et l'anaphore d'entités. Où chaque élément peut consister en un ou plusieurs instruments. Dans le cas où nous trouvons plus d'un instrument. Une manière intéressante de créer des instances de foils. Par exemple, dans
2	165.1199999999993	0.5425047874450684	le cas	
2	165.75999999999928	0.53253173828125	actions et l'anaphore d'entités. Mais comment procédons-nous pour tester si les modèles de vision et de langage ont capturé ces phénomènes ? En FOILant, une méthode précédemment appliquée aux modèles de vision et de langage. Seulement pour les groupes nominaux par Ravi Shekhar et ses collaborateurs. Et pour le comptage par nous-même dans nos travaux précédents. FOILer signifie essentiellement que nous prenons la légende d'une image et produisons un foil en modifiant la légende. De sorte qu'elle ne décrit plus l'image. Et nous effectuons ces modifications de phrase en nous concentrant sur six éléments spécifiques. Tel que l'existence, le pluriel, le comptage, les relations spatiales. Les actions et l'anaphore d'entités. Où chaque élément peut consister en un ou plusieurs instruments. Dans le cas où nous trouvons plus d'un instrument. Une manière intéressante de créer des instances de foils. Par exemple, dans le cas des actions P	
2	166.39999999999927	0.7310354709625244	FOILant, une méthode précédemment appliquée aux modèles de vision et de langage. Seulement pour les groupes nominaux par Ravi Shekhar et ses collaborateurs. Et pour le comptage par nous-même dans nos travaux précédents. FOILer signifie essentiellement que nous prenons la légende d'une image et produisons un foil en modifiant la légende. De sorte qu'elle ne décrit plus l'image. Et nous effectuons ces modifications de phrase en nous concentrant sur six éléments spécifiques. Tel que l'existence, le pluriel, le comptage, les relations spatiales. Les actions et l'anaphore d'entités. Où chaque élément peut consister en un ou plusieurs instruments. Dans le cas où nous trouvons plus d'un instrument. Une manière intéressante de créer des instances de foils. Par exemple, dans le cas de l'élément actions, nous avons	actions et l'anaphore d'entités. Mais comment procédons-nous pour tester si les modèles de vision et de langage ont capturé ces phénomènes ? En FOILant, une méthode précédemment appliquée aux modèles de vision et de langage. Seulement pour les groupes nominaux par Ravi Shekhar et ses collaborateurs. Et pour le comptage par nous-même dans nos travaux précédents. FOILer signifie essentiellement que nous prenons la légende d'une image et produisons un foil en modifiant la légende. De sorte qu'elle ne décrit plus l'image. Et nous effectuons ces modifications de phrase en nous concentrant sur six éléments spécifiques. Tel que l'existence, le pluriel, le comptage, les relations spatiales. Les actions et l'anaphore d'entités. Où chaque élément peut consister en un ou plusieurs instruments. Dans le cas où nous trouvons plus d'un instrument. Une manière intéressante de créer des instances de foils. Par exemple, dans le cas des actions P
2	167.03999999999925	0.8216657638549805		FOILant, une méthode précédemment appliquée aux modèles de vision et de langage. Seulement pour les groupes nominaux par Ravi Shekhar et ses collaborateurs. Et pour le comptage par nous-même dans nos travaux précédents. FOILer signifie essentiellement que nous prenons la légende d'une image et produisons un foil en modifiant la légende. De sorte qu'elle ne décrit plus l'image. Et nous effectuons ces modifications de phrase en nous concentrant sur six éléments spécifiques. Tel que l'existence, le pluriel, le comptage, les relations spatiales. Les actions et l'anaphore d'entités. Où chaque élément peut consister en un ou plusieurs instruments. Dans le cas où nous trouvons plus d'un instrument. Une manière intéressante de créer des instances de foils. Par exemple, dans le cas de l'élément actions, nous avons
2	167.67999999999924	0.5232822895050049	deux	
2	168.31999999999923	0.6551206111907959		
2	168.9599999999992	0.6930756568908691	instruments, l'un dans lequel	
2	169.5999999999992	0.5381245613098145		
2	170.23999999999918	0.6996662616729736		
2	170.87999999999917	0.7508060932159424	le verbe d'action est	
2	171.51999999999916	0.721146821975708		
2	172.15999999999914	0.7208619117736816	remplacé par un autre action différente. précédents. FOILer signifie essentiellement que nous prenons la légende d'une image et produisons un foil en modifiant la légende. De sorte qu'elle ne décrit plus l'image. Et nous effectuons ces modifications de phrase en nous concentrant sur six éléments spécifiques. Tel que l'existence, le pluriel, le comptage, les relations spatiales. Les actions et l'anaphore d'entités. Où chaque élément peut consister en un ou plusieurs instruments. Dans le cas où nous trouvons plus d'un instrument. Une manière intéressante de créer des instances de foils. Par exemple, dans le cas de l'élément actions, nous avons deux instruments, l'un dans lequel le verbe d'action est remplacé par un autre action différente.	
2	172.79999999999913	0.566756010055542		précédents. FOILer signifie essentiellement que nous prenons la légende d'une image et produisons un foil en modifiant la légende. De sorte qu'elle ne décrit plus l'image. Et nous effectuons ces modifications de phrase en nous concentrant sur six éléments spécifiques. Tel que l'existence, le pluriel, le comptage, les relations spatiales. Les actions et l'anaphore d'entités. Où chaque élément peut consister en un ou plusieurs instruments. Dans le cas où nous trouvons plus d'un instrument. Une manière intéressante de créer des instances de foils. Par exemple, dans le cas de l'élément actions, nous avons deux instruments, l'un dans lequel le verbe d'action est remplacé par un autre action différente.
2	173.43999999999912	0.6674833297729492	Et un	
2	174.0799999999991	0.736128568649292	autre dans lequel	
2	174.7199999999991	0.7200183868408203	les actants légende d'une image et produisons un foil en modifiant la légende. De sorte qu'elle ne décrit plus l'image. Et nous effectuons ces modifications de phrase en nous concentrant sur six éléments spécifiques. Tel que l'existence, le pluriel, le comptage, les relations spatiales. Les actions et l'anaphore d'entités. Où chaque élément peut consister en un ou plusieurs instruments. Dans le cas où nous trouvons plus d'un instrument. Une manière intéressante de créer des instances de foils. Par exemple, dans le cas de l'élément actions, nous avons deux instruments, l'un dans lequel le verbe d'action est remplacé par un autre action différente. Et un autre dans lequel les actants sont échangés.	
2	175.35999999999908	0.308851957321167		légende d'une image et produisons un foil en modifiant la légende. De sorte qu'elle ne décrit plus l'image. Et nous effectuons ces modifications de phrase en nous concentrant sur six éléments spécifiques. Tel que l'existence, le pluriel, le comptage, les relations spatiales. Les actions et l'anaphore d'entités. Où chaque élément peut consister en un ou plusieurs instruments. Dans le cas où nous trouvons plus d'un instrument. Une manière intéressante de créer des instances de foils. Par exemple, dans le cas de l'élément actions, nous avons deux instruments, l'un dans lequel le verbe d'action est remplacé par un autre action différente. Et un autre dans lequel les actants sont échangés.
2	175.99999999999906	0.564068078994751		
2	176.63999999999905	0.7087662220001221	Le comptage et	
2	177.27999999999903	0.5731875896453857	nous-même dans nos travaux précédents. FOILer signifie essentiellement que nous prenons la légende d'une image et produisons un foil en modifiant la légende. De sorte qu'elle ne décrit plus l'image. Et nous effectuons ces modifications de phrase en nous concentrant sur six éléments spécifiques. Tel que l'existence, le pluriel, le comptage, les relations spatiales. Les actions et l'anaphore d'entités. Où chaque élément peut consister en un ou plusieurs instruments. Dans le cas où nous trouvons plus d'un instrument. Une manière intéressante de créer des instances de foils. Par exemple, dans le cas de l'élément actions, nous avons deux instruments, l'un dans lequel le verbe d'action est remplacé par un autre action différente. Et un autre dans lequel les actants sont échangés. Le comptage et l'anaphore aussi	
2	177.91999999999902	0.7264308929443359	l'anaphore	nous-même dans nos travaux précédents. FOILer signifie essentiellement que nous prenons la légende d'une image et produisons un foil en modifiant la légende. De sorte qu'elle ne décrit plus l'image. Et nous effectuons ces modifications de phrase en nous concentrant sur six éléments spécifiques. Tel que l'existence, le pluriel, le comptage, les relations spatiales. Les actions et l'anaphore d'entités. Où chaque élément peut consister en un ou plusieurs instruments. Dans le cas où nous trouvons plus d'un instrument. Une manière intéressante de créer des instances de foils. Par exemple, dans le cas de l'élément actions, nous avons deux instruments, l'un dans lequel le verbe d'action est remplacé par un autre action différente. Et un autre dans lequel les actants sont échangés. Le comptage et l'anaphore aussi
2	178.559999999999	0.7024157047271729	sont également des un foil en modifiant la légende. De sorte qu'elle ne décrit plus l'image. Et nous effectuons ces modifications de phrase en nous concentrant sur six éléments spécifiques. Tel que l'existence, le pluriel, le comptage, les relations spatiales. Les actions et l'anaphore d'entités. Où chaque élément peut consister en un ou plusieurs instruments. Dans le cas où nous trouvons plus d'un instrument. Une manière intéressante de créer des instances de foils. Par exemple, dans le cas de l'élément actions, nous avons deux instruments, l'un dans lequel le verbe d'action est remplacé par un autre action différente. Et un autre dans lequel les actants sont échangés. Le comptage et l'anaphore sont également des éléments qui possèdent.	
2	179.199999999999	0.6951732635498047	éléments qui	un foil en modifiant la légende. De sorte qu'elle ne décrit plus l'image. Et nous effectuons ces modifications de phrase en nous concentrant sur six éléments spécifiques. Tel que l'existence, le pluriel, le comptage, les relations spatiales. Les actions et l'anaphore d'entités. Où chaque élément peut consister en un ou plusieurs instruments. Dans le cas où nous trouvons plus d'un instrument. Une manière intéressante de créer des instances de foils. Par exemple, dans le cas de l'élément actions, nous avons deux instruments, l'un dans lequel le verbe d'action est remplacé par un autre action différente. Et un autre dans lequel les actants sont échangés. Le comptage et l'anaphore sont également des éléments qui possèdent.
2	179.83999999999898	0.678253173828125		
2	180.47999999999897	0.4151005744934082	possèdent plus d'un instrument.	
2	181.11999999999895	0.1456749439239502		
2	181.75999999999894	0.7058231830596924		
2	182.39999999999893	0.7721757888793945	Et nous créons ces	
2	183.0399999999989	0.7083268165588379	foils en	
2	183.6799999999989	0.7804930210113525	nous assurant	
2	184.31999999999888	0.7489509582519531	qu'ils	
2	184.95999999999887	0.7415933609008789	échouent à	
2	185.59999999999886	0.6380362510681152	décrire	
2	186.23999999999884	0.8093950748443604		
2	186.87999999999883	0.8770790100097656		
2	187.51999999999882	0.7920477390289307	l'image, qu'ils sont grammaticaux et	
2	188.1599999999988	0.5754988193511963	autrement	
2	188.7999999999988	0.6118109226226807		
2	189.43999999999878	0.3136615753173828	des phrases valides.	
2	190.07999999999876	0.1438310146331787		
2	190.71999999999875	0.6546838283538818		
2	191.35999999999873	0.6874160766601562	Ce n'est pas	
2	191.99999999999872	0.591029167175293	facile à	
2	192.6399999999987	0.5275821685791016	faire	
2	193.2799999999987	0.6711955070495605	car un	
2	193.91999999999868	0.6579158306121826		
2	194.55999999999867	0.7302703857421875	légende foilée	
2	195.19999999999865	0.6251487731933594	peut	
2	195.83999999999864	0.6022393703460693	être moins	
2	196.47999999999863	0.6777477264404297	probable que la	
2	197.1199999999986	0.586040735244751	légende originale.	
2	197.7599999999986	0.5461468696594238		
2	198.39999999999858	0.2390279769897461	Par exemple,	
2	199.03999999999857	0.590893030166626		
2	199.67999999999856	0.7061557769775391	bien que ce	
2	200.31999999999854	0.3385016918182373	ne soit pas impossible.	
2	200.95999999999853	0.6113650798797607		
2	201.59999999999852	0.6257688999176025	C'est	
2	202.2399999999985	0.5959892272949219		
2	202.8799999999985	0.7038865089416504	statistiquement moins	
2	203.51999999999848	0.5946559906005859	probable	
2	204.15999999999846	0.7195003032684326	que des	
2	204.79999999999845	0.6524307727813721	plantes coupent	
2	205.43999999999843	0.7485158443450928	un	
2	206.07999999999842	0.6439800262451172	homme qu'un homme	
2	206.7199999999984	0.5927674770355225		
2	207.3599999999984	0.5716779232025146	coupe des	
2	207.99999999999838	0.6571211814880371		
2	208.63999999999837	0.888721227645874	plantes. Et les	
2	209.27999999999835	0.7187402248382568	grands modèles de vision et de	
2	209.91999999999834	0.6614489555358887	langage pourraient	
2	210.55999999999833	0.575871467590332	détecter cela.	
2	211.1999999999983	0.15108489990234375		
2	211.8399999999983	0.59010910987854		
2	212.47999999999828	0.7566182613372803	Par conséquent, pour	
2	213.11999999999827	0.6832888126373291	obtenir	
2	213.75999999999826	0.7277681827545166	des foils	
2	214.39999999999824	0.6633994579315186	valides, nous	
2	215.03999999999823	0.24696636199951172	devons agir.	
2	215.67999999999822	0.14728713035583496		
2	216.3199999999982	0.14763426780700684		
2	216.9599999999982	0.6491866111755371		
2	217.59999999999818	0.665252685546875	D'abord, nous	
2	218.23999999999816	0.6336801052093506	utilisons	
2	218.87999999999815	0.681957483291626	des	
2	219.51999999999813	0.7100770473480225	modèles de langage	
2	220.15999999999812	0.7330694198608398	puissants pour	
2	220.7999999999981	0.3147413730621338	proposer des foils.	
2	221.4399999999981	0.5078427791595459		
2	222.07999999999808	0.6080703735351562	Ensuite,	
2	222.71999999999807	0.5465734004974365	nous utilisons	
2	223.35999999999805	0.5407247543334961		
2	223.99999999999804	0.7680642604827881		
2	224.63999999999803	0.7828845977783203	l'inférence linguistique	
2	225.279999999998	0.6750891208648682		
2	225.919999999998	0.6705913543701172	naturelle, ou	
2	226.55999999999798	0.7530624866485596		
2	227.19999999999797	0.8099014759063721	simplement NLI, pour	
2	227.83999999999796	0.7338628768920898	filtrer les	
2	228.47999999999794	0.6343703269958496	foils qui pourraient	
2	229.11999999999793	0.5480115413665771		
2	229.75999999999792	0.649285078048706	encore décrire	
2	230.3999999999979	0.6248347759246826	l'image.	
2	231.0399999999979	0.6602475643157959	Puisque	
2	231.67999999999788	0.7346270084381104	lors de la construction	
2	232.31999999999786	0.6795964241027832	des foils, nous	
2	232.95999999999785	0.5553910732269287	devons	
2	233.59999999999783	0.5847036838531494	nous assurer	
2	234.23999999999782	0.8379814624786377	qu'ils	
2	234.8799999999978	0.7329871654510498	échouent à décrire l'image.	
2	235.5199999999978	0.14496493339538574		
2	236.15999999999778	0.6143231391906738		
2	236.79999999999777	0.6410937309265137	Pour tester cela	
2	237.43999999999775	0.6340599060058594	automatiquement,	
2	238.07999999999774	0.8363277912139893	nous appliquons	
2	238.71999999999773	0.7519838809967041	l'inférence linguistique naturelle.	
2	239.3599999999977	0.4661879539489746		
2	239.9999999999977	0.5555148124694824		
2	240.63999999999768	0.6128966808319092	Avec	
2	241.27999999999767	0.2772493362426758	la raison suivante.	
2	241.91999999999766	0.5817079544067383		
2	242.55999999999764	0.627875804901123	Nous considérons	
2	243.19999999999763	0.17838740348815918		
2	243.83999999999762	0.6627693176269531		
2	244.4799999999976	0.34319615364074707	une image comme prémisse.	
2	245.1199999999976	0.6046426296234131		
2	245.75999999999758	0.6155338287353516	Et sa	
2	246.39999999999756	0.6014864444732666	légende,	
2	247.03999999999755	0.6572091579437256	son	
2	247.67999999999753	0.31760096549987793	hypothèse implicite.	
2	248.31999999999752	0.5344154834747314		
2	248.9599999999975	0.6479425430297852	En	
2	249.5999999999975	0.7584741115570068	outre, nous considérons	
2	250.23999999999748	0.5891423225402832	la	
2	250.87999999999747	0.6858706474304199	légende comme	
2	251.51999999999745	0.6917321681976318		
2	252.15999999999744	0.7408392429351807		
2	252.79999999999742	0.8651292324066162	la prémisse et le foil est son	
2	253.4399999999974	0.25005316734313965	hypothèse.	
2	254.0799999999974	0.499819278717041		
2	254.71999999999738	0.6061909198760986	Si	
2	255.35999999999737	0.6284620761871338	un	
2	255.99999999999736	0.6983239650726318	modèle NLI	
2	256.63999999999737	0.38408422470092773	prédit le	
2	257.27999999999736	0.6921496391296387	FOIL	
2	257.91999999999734	0.67930006980896	pour contredire	
2	258.55999999999733	0.6566605567932129	ou	
2	259.1999999999973	0.6970176696777344	être	
2	259.8399999999973	0.7917189598083496	neutre par	
2	260.4799999999973	0.3507871627807617	rapport à la légende,	
2	261.1199999999973	0.5841970443725586		
2	261.75999999999726	0.5958824157714844	nous prenons	
2	262.39999999999725	0.6617939472198486	cela	
2	263.03999999999724	0.6684548854827881	comme un	
2	263.6799999999972	0.7091116905212402	indicateur	
2	264.3199999999972	0.6839823722839355	d'un	
2	264.9599999999972	0.28031134605407715	FOIL valide.	
2	265.5999999999972	0.14557218551635742		
2	266.23999999999717	0.646808385848999		
2	266.87999999999715	0.8267085552215576	Si un NLI	
2	267.51999999999714	0.6944267749786377	prédit le	
2	268.1599999999971	0.6291399002075195		
2	268.7999999999971	0.790360689163208	foil pour être	
2	269.4399999999971	0.7020294666290283	implicite par la légende,	
2	270.0799999999971	0.5382192134857178		
2	270.71999999999707	0.7089471817016602	il	
2	271.35999999999706	0.7948670387268066	ne peut pas être	
2	271.99999999999704	0.6864461898803711	un bon	
2	272.63999999999703	0.7176997661590576		
2	273.279999999997	0.39623332023620605	foil puisque par transitivité.	
2	273.919999999997	0.5834488868713379		
2	274.559999999997	0.6804749965667725	Il	
2	275.199999999997	0.6611597537994385	donnerait une	
2	275.83999999999696	0.6596384048461914	description	
2	276.47999999999695	0.641463041305542	vraie de	
2	277.11999999999694	0.7444052696228027	l'image et	
2	277.7599999999969	0.7043337821960449	nous	
2	278.3999999999969	0.6699726581573486	filtrons ces foils.	
2	279.0399999999969	0.16231441497802734		
2	279.6799999999969	0.6167161464691162		
2	280.31999999999687	0.7545261383056641	Mais cette	
2	280.95999999999685	0.6845104694366455	procédure n'est pas	
2	281.59999999999684	0.7139031887054443		
2	282.2399999999968	0.7954726219177246	parfaite,	
2	282.8799999999968	0.7612488269805908	c'est juste	
2	283.5199999999968	0.8078262805938721		
2	284.1599999999968	0.4844489097595215	un indicateur pour des foils valides.	
2	284.79999999999677	0.5776619911193848		
2	285.43999999999676	0.6927158832550049		
2	286.07999999999674	0.8398342132568359	Par conséquent, comme	
2	286.71999999999673	0.7325947284698486	une troisième mesure pour	
2	287.3599999999967	0.7368841171264648	générer	
2	287.9999999999967	0.78973388671875	des foils	
2	288.6399999999967	0.8325960636138916	valides, nous employons	
2	289.2799999999967	0.6324565410614014		
2	289.91999999999666	0.73789381980896	des annotateurs humains pour	
2	290.55999999999665	0.5598585605621338		
2	291.19999999999663	0.6835780143737793	valider	
2	291.8399999999966	0.6814963817596436	les données	
2	292.4799999999966	0.641606330871582	utilisées dans	
2	293.1199999999966	0.24685454368591309	les valves.	
2	293.7599999999966	0.5559206008911133		
2	294.39999999999657	0.6811647415161133		
2	295.03999999999655	0.6820194721221924	Donc après le	
2	295.67999999999654	0.758638858795166	filtrage et	
2	296.3199999999965	0.6823484897613525	l'évaluation humaine,	
2	296.9599999999965	0.6521825790405273	nous	
2	297.5999999999965	0.54744553565979	avons	
2	298.2399999999965	0.6967024803161621	autant	
2	298.87999999999647	0.36089611053466797	d'instances de test.	
2	299.51999999999646	0.5864050388336182		
2	300.15999999999644	0.6199538707733154	Comme	
2	300.79999999999643	0.654224157333374	décrit	
2	301.4399999999964	0.2886948585510254	dans ce tableau.	
2	302.0799999999964	0.597388744354248		
2	302.7199999999964	0.7740693092346191	Notez que	
2	303.3599999999964	0.765714168548584	Valse ne	
2	303.99999999999636	0.7194130420684814		
2	304.63999999999635	0.7836506366729736	fournit aucune donnée	
2	305.27999999999633	0.8464822769165039	d'entraînement, mais	
2	305.9199999999963	0.677731990814209	uniquement des	
2	306.5599999999963	0.2872917652130127	données de test.	
2	307.1999999999963	0.5432567596435547		
2	307.8399999999963	0.8359975814819336		
2	308.47999999999627	0.8770492076873779	Puisqu'il s'agit d'un	
2	309.11999999999625	0.6519632339477539		
2	309.75999999999624	0.7263262271881104		
2	310.3999999999962	0.79166579246521	benchmark de test	
2	311.0399999999962	0.3516356945037842	à zéro-shot seulement.	
2	311.6799999999962	0.605388879776001		
2	312.3199999999962	0.6950876712799072	Il est conçu	
2	312.95999999999617	0.6554877758026123	pour exploiter	
2	313.59999999999616	0.21984314918518066	les exist	
2	314.23999999999614	0.5954830646514893		
2	314.87999999999613	0.6603598594665527	antes	
2	315.5199999999961	0.7217960357666016	capacités de	
2	316.1599999999961	0.7383341789245605	vision et de	
2	316.7999999999961	0.6888964176177979	langage	
2	317.4399999999961	0.7233335971832275	des modèles après	
2	318.07999999999606	0.28726673126220703	pré-entraînement.	
2	318.71999999999605	0.15982699394226074		
2	319.35999999999603	0.6875078678131104		
2	319.999999999996	0.7057912349700928		
2	320.639999999996	0.8098928928375244	L'affinement	
2	321.279999999996	0.8255128860473633	permettrait seulement aux	
2	321.919999999996	0.7915117740631104	modèles	
2	322.55999999999597	0.8654670715332031	d'exploiter des	
2	323.19999999999595	0.7273383140563965	artefacts ou des	
2	323.83999999999594	0.6999092102050781	biais	
2	324.4799999999959	0.3254234790802002	statistiques dans les données.	
2	325.1199999999959	0.5903308391571045		
2	325.7599999999959	0.7323119640350342	Et nous	
2	326.3999999999959	0.7661914825439453		
2	327.03999999999587	0.8517379760742188	savons tous que ces modèles aiment	
2	327.67999999999586	0.8058860301971436		
2	328.31999999999584	0.7846429347991943	tricher et prendre des raccourcis.	
2	328.95999999999583	0.5560569763183594		
2	329.5999999999958	0.7839393615722656	Et	
2	330.2399999999958	1.0166332721710205	comme nous l'avons dit, nous	
2	330.8799999999958	0.7208657264709473	sommes intéressés	
2	331.5199999999958	0.6212537288665771	à	
2	332.15999999999576	0.6659915447235107	évaluer	
2	332.79999999999575	0.5478289127349854	quelles	
2	333.43999999999573	0.7967610359191895		
2	334.0799999999957	0.8779449462890625	capacités les	
2	334.7199999999957	0.8084161281585693	modèles de vision et de langage	
2	335.3599999999957	0.7105913162231445		
2	335.9999999999957	0.7902951240539551	possèdent après	
2	336.63999999999567	0.3128342628479004	le pré-entraînement.	
2	337.27999999999565	0.1546320915222168		
2	337.91999999999564	0.6256687641143799		
2	338.5599999999956	0.7487485408782959	Nous expérimentons	
2	339.1999999999956	0.6611537933349609	avec	
2	339.8399999999956	0.7988395690917969	cinq	
2	340.4799999999956	0.8198707103729248	modèles de vision et de	
2	341.11999999999557	0.7128450870513916	langage sur	
2	341.75999999999556	0.7220704555511475		
2	342.39999999999554	0.8424704074859619	les valves, à savoir avec	
2	343.03999999999553	0.7286562919616699		
2	343.6799999999955	0.7332577705383301		
2	344.3199999999955	0.831486701965332	Clip,	
2	344.9599999999955	0.8952372074127197	Alex Murt, Wilbert,	
2	345.5999999999955	0.6979589462280273		
2	346.23999999999546	0.8908779621124268		
2	346.87999999999545	0.8313441276550293		
2	347.51999999999543	0.8580348491668701		
2	348.1599999999954	1.014937400817871	Wilbert121 et	
2	348.7999999999954	0.7704517841339111		
2	349.4399999999954	1.0528597831726074		
2	350.0799999999954	1.0378999710083008		
2	350.71999999999537	1.0368437767028809		
2	351.35999999999535	1.0959925651550293	VisualBirt. Deux de nos métriques d'évaluation les plus importantes sont	
2	351.99999999999534	0.6795511245727539	la précision	
2	352.6399999999953	0.7244973182678223		
2	353.2799999999953	0.7244224548339844	des modèles dans la classification.	
2	353.9199999999953	0.5327696800231934		
2	354.5599999999953	0.856154203414917		
2	355.19999999999527	0.9512462615966797	Des paires d'images et de	
2	355.83999999999526	0.6933605670928955	phrases	
2	356.47999999999524	0.7989816665649414	en	
2	357.11999999999523	0.3848257064819336	légendes et en foils.	
2	357.7599999999952	0.1477203369140625		
2	358.3999999999952	0.6856505870819092		
2	359.0399999999952	0.7979459762573242	Peut-être plus pertinent pour	
2	359.6799999999952	0.7254817485809326	cette	
2	360.31999999999516	0.7525634765625	vidéo, nous allons	
2	360.95999999999515	0.6326115131378174		
2	361.59999999999513	0.7687759399414062	présenter notre plus	
2	362.2399999999951	0.741074800491333		
2	362.8799999999951	0.8127748966217041	permissive	
2	363.5199999999951	0.8372402191162109	métrique, la	
2	364.1599999999951	0.6822426319122314	précision par	
2	364.79999999999507	0.7009913921356201		
2	365.43999999999505	0.6982755661010742	paire, qui	
2	366.07999999999504	0.1951613426208496	mesure	
2	366.719999999995	0.7427213191986084		
2	367.359999999995	0.8872795104980469	si	
2	367.999999999995	0.9223997592926025		
2	368.639999999995	0.8916573524475098	l'alignement de	
2	369.27999999999497	0.7599475383758545	la phrase-image est	
2	369.91999999999496	0.7689187526702881	supérieur pour	
2	370.55999999999494	0.7140588760375977		
2	371.19999999999493	0.8593454360961914	la	
2	371.8399999999949	0.7942855358123779	paire image-texte	
2	372.4799999999949	0.7644815444946289	correcte que pour	
2	373.1199999999949	0.6996099948883057	sa	
2	373.7599999999949	0.39569878578186035	paire foilée.	
2	374.39999999999486	0.7310471534729004		
2	375.03999999999485	0.8281893730163574	Pour plus de	
2	375.67999999999483	0.8163282871246338	métriques et de	
2	376.3199999999948	0.8097281455993652	résultats sur	
2	376.9599999999948	0.7264142036437988	eux,	
2	377.5999999999948	0.29106664657592773	consultez notre papier.	
2	378.2399999999948	0.6339247226715088		
2	378.87999999999477	0.7297365665435791	Les résultats avec	
2	379.51999999999475	0.6603329181671143	la	
2	380.15999999999474	0.7986884117126465	précision par paire	
2	380.7999999999947	0.8621289730072021	sont montrés	
2	381.4399999999947	0.8199045658111572	ici et ils sont	
2	382.0799999999947	0.8465890884399414		
2	382.7199999999947	0.9887862205505371	cohérents avec les	
2	383.35999999999467	0.7919776439666748	résultats que nous avons	
2	383.99999999999466	0.7644531726837158	obtenus des autres	
2	384.63999999999464	0.7324697971343994	métriques.	
2	385.27999999999463	0.6588170528411865		
2	385.9199999999946	0.8536713123321533	Est-ce	
2	386.5599999999946	0.7964558601379395	la meilleure performance à zéro-shot ?	
2	387.1999999999946	0.5408813953399658		
2	387.8399999999946	0.7358236312866211		
2	388.47999999999456	0.9336888790130615	Est atteinte par	
2	389.11999999999455	0.850776195526123	Wilbert 12	
2	389.75999999999453	0.7953064441680908	en	
2	390.3999999999945	0.9392461776733398	1, suivie	
2	391.0399999999945	0.805901288986206		
2	391.6799999999945	0.8858547210693359	par Wilbert	
2	392.3199999999945	0.8519537448883057	Alex	
2	392.95999999999447	0.8220851421356201		
2	393.59999999999445	0.4478416442871094	Murt, Clip et enfin VisualBird.	
2	394.23999999999444	0.16295385360717773		
2	394.8799999999944	0.7956175804138184		
2	395.5199999999944	0.7971405982971191	C'est notable comment	
2	396.1599999999944	0.7622647285461426	les instruments	
2	396.7999999999944	0.7611722946166992	centrés sur	
2	397.43999999999437	0.7019708156585693		
2	398.07999999999436	0.8613429069519043	les objets individuels comme	
2	398.71999999999434	0.6707630157470703		
2	399.35999999999433	0.8821060657501221	l'existence et	
2	399.9999999999943	0.7557940483093262	les groupes	
2	400.6399999999943	0.7102706432342529	nominaux sont	
2	401.2799999999943	0.6725506782531738	presque	
2	401.9199999999943	0.738501787185669		
2	402.55999999999426	0.8541872501373291	résolus par	
2	403.19999999999425	0.8716421127319336	Wilbert	
2	403.83999999999423	0.9280068874359131	12 en	
2	404.4799999999942	0.87447190284729		
2	405.1199999999942	1.006458044052124	1. Mettant en évidence que les modèles	
2	405.7599999999942	0.758793830871582	sont capables	
2	406.3999999999942	0.6763010025024414	d'identifier.	
2	407.03999999999417	0.7288062572479248		
2	407.67999999999415	0.796450138092041	Des objets	
2	408.31999999999414	0.7749340534210205	nommés et	
2	408.9599999999941	0.7536535263061523	leur	
2	409.5999999999941	0.33188891410827637	présence dans les images.	
2	410.2399999999941	0.6228489875793457		
2	410.8799999999941	0.621082067489624	Cependant,	
2	411.51999999999407	0.6665451526641846	aucun	
2	412.15999999999406	0.7237553596496582	des	
2	412.79999999999404	0.822601318359375		
2	413.43999999999403	0.9571316242218018	éléments restants ne peut être	
2	414.079999999994	0.9310145378112793	résolue de manière	
2	414.719999999994	0.8032467365264893	fiable dans notre	
2	415.359999999994	0.8089890480041504		
2	415.999999999994	0.8063709735870361	configuration de foilage adversaire.	
2	416.63999999999396	0.7124669551849365		
2	417.27999999999395	0.9106833934783936	Nous voyons	
2	417.91999999999393	0.8391177654266357	à partir du	
2	418.5599999999939	0.9280340671539307	pluriel	
2	419.1999999999939	0.8066034317016602	et	
2	419.8399999999939	1.005507469177246	des instruments de comptage que	
2	420.4799999999939	0.8317136764526367	les modèles de vision et de langage	
2	421.11999999999387	0.7135846614837646	ont	
2	421.75999999999385	0.7718625068664551		
2	422.39999999999384	0.7714393138885498	du mal à distinguer.	
2	423.0399999999938	0.6773695945739746		
2	423.6799999999938	0.8039689064025879	Les	
2	424.3199999999938	0.8039796352386475	références à un	
2	424.9599999999938	0.7795758247375488	seul versus	
2	425.59999999999377	0.6741738319396973	plusieurs	
2	426.23999999999376	0.770585298538208		
2	426.87999999999374	0.7755615711212158	objets ou	
2	427.51999999999373	0.8010361194610596	à les	
2	428.1599999999937	0.33763861656188965	compter dans une image.	
2	428.7999999999937	0.654022216796875		
2	429.4399999999937	0.7586483955383301		
2	430.0799999999937	0.9083251953125		
2	430.71999999999366	0.9566953182220459	La pièce de relation montre qu'ils	
2	431.35999999999365	0.7856717109680176	ont des	
2	431.99999999999363	0.7468836307525635	difficultés à	
2	432.6399999999936	0.8159518241882324		
2	433.2799999999936	0.9060118198394775	classer correctement	
2	433.9199999999936	0.8148021697998047	une relation spatiale	
2	434.5599999999936	0.7704052925109863	nommée entre	
2	435.19999999999357	0.7673389911651611		
2	435.83999999999355	0.7738156318664551	des objets dans une image.	
2	436.47999999999354	0.436140775680542		
2	437.1199999999935	0.7409024238586426		
2	437.7599999999935	0.8394773006439209	Ils ont	
2	438.3999999999935	0.8698756694793701		
2	439.0399999999935	0.8826189041137695	aussi du mal à distinguer les	
2	439.67999999999347	0.7197866439819336	actions et	
2	440.31999999999346	0.7410621643066406	à identifier	
2	440.95999999999344	0.2617011070251465	leurs participants.	
2	441.59999999999343	0.6411349773406982		
2	442.2399999999934	0.8107202053070068	Même	
2	442.8799999999934	0.7742624282836914	s'ils sont	
2	443.5199999999934	0.8411610126495361	soutenus par	
2	444.1599999999934	0.8271863460540771		
2	444.79999999999336	1.052394151687622	des biais de	
2	445.43999999999335	1.0112903118133545	plausibilité, comme nous le	
2	446.07999999999333	0.8425686359405518	voyons dans	
2	446.7199999999933	0.32973384857177734	la pièce des actions.	
2	447.3599999999933	0.6814548969268799		
2	447.9999999999933	0.8038642406463623		
2	448.6399999999933	1.0546350479125977	À partir de la pièce de	
2	449.27999999999327	0.8774631023406982		
2	449.91999999999325	0.8931722640991211	l'anaphore, nous découvrons	
2	450.55999999999324	0.636850118637085	que	
2	451.1999999999932	0.6122574806213379	tracer	
2	451.8399999999932	0.7806918621063232		
2	452.4799999999932	0.947758674621582	plusieurs références	
2	453.1199999999932	0.8776085376739502	à le même objet dans une	
2	453.75999999999317	0.8007950782775879	image en utilisant	
2	454.39999999999316	0.7096338272094727	des	
2	455.03999999999314	0.7966151237487793		
2	455.67999999999313	0.76949143409729	pronoms est	
2	456.3199999999931	0.8711757659912109	également	
2	456.9599999999931	0.9264628887176514	difficile pour	
2	457.5999999999931	0.43083763122558594	les modèles de vision et de langage.	
2	458.2399999999931	0.6782097816467285		
2	458.87999999999306	0.9589736461639404		
2	459.51999999999305	0.9392073154449463	En tant que vérification de santé,	
2	460.15999999999303	0.8265984058380127	et parce que	
2	460.799999999993	0.8081316947937012	c'est	
2	461.439999999993	0.8157217502593994	une expérience intéressante,	
2	462.079999999993	0.7483947277069092	nous	
2	462.719999999993	0.8943758010864258	avons également mis	
2	463.35999999999297	0.9170913696289062	à l'épreuve deux	
2	463.99999999999295	0.3199310302734375	modèles de texte uniquement.	
2	464.63999999999294	0.7503559589385986		
2	465.2799999999929	0.9556365013122559		
2	465.9199999999929	0.9349246025085449	GPT-1 et	
2	466.5599999999929	0.8918752670288086		
2	467.1999999999929	0.9230718612670898	GPT-2, pour	
2	467.83999999999287	0.7133891582489014	évaluer	
2	468.47999999999286	1.2371327877044678	si	
2	469.11999999999284	0.8529951572418213		
2	469.75999999999283	1.0110445022583008		
2	470.3999999999928	0.9753210544586182	Volse est soluble par ces modèles	
2	471.0399999999928	0.839533805847168	unimodaux	
2	471.6799999999928	0.8420822620391846	en	
2	472.3199999999928	0.7768242359161377	calculant	
2	472.95999999999276	0.8103048801422119	la	
2	473.59999999999275	0.9375486373901367	perplexité de la	
2	474.23999999999273	0.9757630825042725		
2	474.8799999999927	0.9789175987243652	légende correcte et	
2	475.5199999999927	0.9284522533416748	de la légende	
2	476.1599999999927	0.9503326416015625		
2	476.7999999999927	0.9925529956817627		
2	477.43999999999266	1.13531494140625	fausse, sans image ici, et en prédisant	
2	478.07999999999265	0.753511905670166		
2	478.71999999999264	0.9360361099243164	l'entrée avec la	
2	479.3599999999926	0.74692702293396	plus	
2	479.9999999999926	0.299121618270874	basse perplexité.	
2	480.6399999999926	0.713172197341919		
2	481.2799999999926	0.7901055812835693	Si la perplexité	
2	481.91999999999257	0.8381752967834473	est plus	
2	482.55999999999256	0.7892568111419678	élevée pour	
2	483.19999999999254	0.8603019714355469	le foil, nous	
2	483.83999999999253	0.8568398952484131	prenons	
2	484.4799999999925	0.3256988525390625	cela comme une indication.	
2	485.1199999999925	0.6501643657684326		
2	485.7599999999925	0.7915802001953125	Que le	
2	486.3999999999925	0.827932596206665		
2	487.03999999999246	0.8936047554016113	légende foilée	
2	487.67999999999245	0.8689546585083008	peut souffrir	
2	488.31999999999243	0.8873085975646973		
2	488.9599999999924	0.962515115737915		
2	489.5999999999924	1.0648250579833984	de biais de plausibilité ou	
2	490.2399999999924	0.8218767642974854	d'autres biais linguistiques.	
2	490.8799999999924	0.15906405448913574		
2	491.51999999999236	0.7861013412475586		
2	492.15999999999235	0.8577227592468262	Et c'est	
2	492.79999999999234	0.8314793109893799	intéressant de	
2	493.4399999999923	0.8293907642364502	voir	
2	494.0799999999923	0.7856888771057129	que dans certains	
2	494.7199999999923	0.7253866195678711	cas	
2	495.3599999999923	0.844630241394043	le texte	
2	495.99999999999227	0.8254580497741699	seul	
2	496.63999999999226	0.9041898250579834		
2	497.27999999999224	1.0888066291809082	. Les modèles GPT ont capturé	
2	497.9199999999922	0.8558130264282227	la	
2	498.5599999999922	0.8678164482116699	plausibilité du	
2	499.1999999999922	0.7744414806365967	monde	
2	499.8399999999922	0.8928961753845215	mieux que	
2	500.4799999999922	0.8817062377929688		
2	501.11999999999216	0.43328261375427246	les modèles de vision et de langage.	
2	501.75999999999215	0.16632890701293945		
2	502.39999999999213	0.7925012111663818		
2	503.0399999999921	0.8186256885528564		
2	503.6799999999921	0.8287570476531982	Donc, pour	
2	504.3199999999921	0.9534640312194824	résumer,	
2	504.9599999999921	0.8595931529998779		
2	505.59999999999206	0.8623650074005127		
2	506.23999999999205	1.0996379852294922	Valse est un benchmark qui utilise	
2	506.87999999999204	0.8901481628417969	la lentille	
2	507.519999999992	0.7940807342529297		
2	508.159999999992	0.8208174705505371	des constructions linguistiques pour	
2	508.799999999992	0.8317201137542725	aider	
2	509.439999999992	0.8966062068939209	la communauté à	
2	510.07999999999197	0.9344093799591064	améliorer	
2	510.71999999999196	0.41780710220336914	les modèles de vision et de langage.	
2	511.35999999999194	0.6832261085510254		
2	511.9999999999919	0.7917518615722656		
2	512.6399999999919	0.8704638481140137		
2	513.2799999999919	0.9564580917358398	En testant difficilement	
2	513.9199999999919	0.9432265758514404		
2	514.5599999999919	0.4508345127105713	leurs capacités d'ancrage visuel.	
2	515.1999999999919	0.15899276733398438		
2	515.8399999999918	0.16053986549377441		
2	516.4799999999918	0.7555320262908936		
2	517.1199999999918	0.8723876476287842	Nos expériences	
2	517.7599999999918	0.9233548641204834	montrent que	
2	518.3999999999918	0.9162173271179199	les modèles de vision et de langage	
2	519.0399999999918	0.2242717742919922	identifient	
2	519.6799999999918	0.8355147838592529		
2	520.3199999999918	0.9618880748748779	des objets	
2	520.9599999999917	0.9555330276489258	nommés dans leur	
2	521.5999999999917	0.813805341720581	présence dans les	
2	522.2399999999917	0.8265848159790039	images	
2	522.8799999999917	0.9545292854309082	bien, comme	
2	523.5199999999917	0.9249355792999268	le montre	
2	524.1599999999917	0.3979015350341797	la pièce de l'existence.	
2	524.7999999999917	0.7939488887786865		
2	525.4399999999916	0.9146792888641357	Mais ils peinent	
2	526.0799999999916	0.8637669086456299	à ancrer	
2	526.7199999999916	0.8450212478637695	leur	
2	527.3599999999916	0.9721949100494385		
2	527.9999999999916	0.895601749420166	interdépendance et	
2	528.6399999999916	0.9241433143615723	leurs	
2	529.2799999999916	0.9104859828948975	relations dans des scènes	
2	529.9199999999915	0.9895246028900146	visuelles	
2	530.5599999999915	0.9550156593322754	lorsqu'ils sont	
2	531.1999999999915	0.9752936363220215	contraints de respecter	
2	531.8399999999915	0.378598690032959	des indicateurs linguistiques.	
2	532.4799999999915	0.16848993301391602		
2	533.1199999999915	0.7587518692016602		
2	533.7599999999915	0.870877742767334	Nous aimerions vraiment	
2	534.3999999999915	0.7917733192443848		
2	535.0399999999914	0.8612396717071533	encourager la	
2	535.6799999999914	0.9093055725097656	communauté à	
2	536.3199999999914	0.887502908706665	utiliser les voyelles	
2	536.9599999999914	0.8265495300292969	pour	
2	537.5999999999914	0.804938554763794	mesurer	
2	538.2399999999914	0.8709771633148193	la progression vers	
2	538.8799999999914	0.8832201957702637		
2	539.5199999999913	1.001516580581665	l'ancrage	
2	540.1599999999913	0.8888864517211914	linguistique avec	
2	540.7999999999913	0.8809943199157715		
2	541.4399999999913	0.43370914459228516	les modèles de vision et de langage.	
2	542.0799999999913	0.8141007423400879		
2	542.7199999999913	0.893622875213623	Et encore	
2	543.3599999999913	0.8888914585113525	plus, les valves	
2	543.9999999999912	0.8518729209899902		
2	544.6399999999912	0.9936363697052002	pourraient être utilisées comme	
2	545.2799999999912	0.9225931167602539	une évaluation indirecte	
2	545.9199999999912	0.3221464157104492	des jeux de données.	
2	546.5599999999912	0.7822937965393066		
2	547.1999999999912	0.9306735992431641	Puisque les modèles pourraient	
2	547.8399999999912	0.8030152320861816	être	
2	548.4799999999912	0.8298294544219971	évalués	
2	549.1199999999911	0.8655195236206055	avant et	
2	549.7599999999911	0.9404342174530029	après	
2	550.3999999999911	0.892566442489624	l'entraînement ou	
2	551.0399999999911	0.8533647060394287	l'affinement pour	
2	551.6799999999911	0.8299953937530518	voir	
2	552.3199999999911	0.8633520603179932	si un jeu de données	
2	552.959999999991	0.758331298828125		
2	553.599999999991	0.8887622356414795	aide les	
2	554.239999999991	0.8573675155639648	modèles à s'améliorer	
2	554.879999999991	0.7968671321868896	sur	
2	555.519999999991	0.9736390113830566	n'importe quel	
2	556.159999999991	0.7871730327606201	aspect	
2	556.799999999991	0.8155107498168945	testé	
2	557.439999999991	0.7780842781066895	par	
2	558.079999999991	0.912961483001709		
2	558.7199999999909	1.01938796043396	Volves. Si vous êtes intéressé,	
2	559.3599999999909	0.7719087600708008		
2	559.9999999999909	0.8543198108673096	consultez	
2	560.6399999999909	0.859957218170166	les données	
2	561.2799999999909	0.9038734436035156		
2	561.9199999999909	1.00557541847229	VALS sur GitHub et si vous avez	
2	562.5599999999909	0.9689381122589111	des	
2	563.1999999999908	0.8908216953277588	questions, n'hésitez	
2	563.8399999999908	0.8274664878845215	pas à	
2	564.4799999999908	0.27428126335144043	nous contacter.	
2	565.1199999999908	0.1739640235900879		
2	565.7599999999908	0.16922235488891602		
2	566.3999999999908	0.16511082649230957		
2	567.0399999999908	0.3743152618408203		
2	567.6799999999907	0.261063814163208		
2	567.8079999999908	0.2844061851501465		
