docid	audio_s	compute_s	generated	deleted
0	1.04	0.03958868980407715		
0	2.08	0.29248690605163574	Okay.	
0	3.12	0.25948023796081543	Hallo an alle	Okay.
0	4.16	0.3687880039215088	zusammen, heute werde ich	an alle
0	5.2	0.48840808868408203	meine Forschungsarbeit vorstellen.	
0	6.24	0.5213699340820312	"Forschungsarbeit „Reasoning lernen"" vorstellen."	meine Forschungsarbeit vorstellen.
0	7.28	0.5794978141784668	"unsere Forschungsarbeit „Deduktives Lernen"" vorstellen."	"Forschungsarbeit „Reasoning lernen"" vorstellen."
0	8.32	0.7673237323760986	"„Deduktives Lernen zum Problemlösen im Metro-System"" vorstellen."	"Lernen"" vorstellen."
0	9.36	0.7189717292785645	"als komplexe regionale Aufgabe"" vorstellen."	"„Deduktives Lernen zum Problemlösen im Metro-System"" vorstellen."
0	10.399999999999999	1.0300476551055908	"Schlussfolgerungs-Extrahieren"" vorstellen."	"als komplexe regionale Aufgabe"" vorstellen."
0	11.439999999999998	1.0854237079620361	Ich bin Alan von Biden's.	"Schlussfolgerungs-Extrahieren"" vorstellen."
0	12.479999999999997	1.2777752876281738	"Lernen: Metro-Problemlösung als komplexes räumliches Extrahieren"" vorstellen. Ich bin Alan AI-Labor von Biden und dies ist"	Ich bin Alan von Biden's.
0	13.519999999999996	0.7955873012542725	aus dem AI-Labor von Biden, und dies ist eine gemeinsame Arbeit mit zwei weiteren.	AI-Labor von Biden und dies ist
0	14.559999999999995	0.6476004123687744	Thierry von der Universität von	zwei weiteren.
0	15.599999999999994	0.4132561683654785	Texas an	Universität von
0	16.639999999999993	0.38157010078430176	University of Texas Austin und	Texas an
0	17.679999999999993	0.5030820369720459	at Weilu von SUDD.	Austin und
0	18.71999999999999	0.3862619400024414	Weiru von SUDD.	Weilu von SUDD.
0	19.75999999999999	0.5940592288970947	möchte ich über	
0	20.79999999999999	0.5060644149780273	Zuerst unsere Motivation sprechen.	möchte ich über
0	21.83999999999999	0.45618391036987305	Reasoning sprechen.	sprechen.
0	22.87999999999999	0.5686273574829102	für das Hier zeigen wir ein Beispiel.	Reasoning sprechen.
0	23.919999999999987	0.4860868453979492	Beispiel, bei dem mein	Beispiel.
0	24.959999999999987	0.6310250759124756	"Metro-Problemlösung als komplexes räumliches Extrahieren"" vorstellen. Ich bin Alan aus dem AI-Labor von Biden, und dies ist eine gemeinsame Arbeit mit Thierry von der University of Texas at Austin und Weiru von SUDD. Zuerst möchte ich über unsere Motivation für das Reasoning sprechen. Hier zeigen wir ein Beispiel, bei dem mehrstufiges Reasoning erforderlich ist."	mein
0	25.999999999999986	0.502842903137207	mehrstufiges Reasoning hilfreich ist.	"Metro-Problemlösung als komplexes räumliches Extrahieren"" vorstellen. Ich bin Alan aus dem AI-Labor von Biden, und dies ist eine gemeinsame Arbeit mit Thierry von der University of Texas at Austin und Weiru von SUDD. Zuerst möchte ich über unsere Motivation für das Reasoning sprechen. Hier zeigen wir ein Beispiel, bei dem mehrstufiges Reasoning erforderlich ist."
0	27.039999999999985	0.4806368350982666	Diese Abbildung stammt aus	
0	28.079999999999984	0.5966427326202393	dem PELM-Paper.	
0	29.119999999999983	0.6030902862548828	PELM-Paper, wo sie bevorzugen	PELM-Paper.
0	30.159999999999982	0.7080624103546143	durchführen, um zu lösen	wo sie bevorzugen
0	31.19999999999998	0.6214687824249268	in dem sie zur Lösung des Metro-Problems durchführen.	durchführen, um zu lösen
0	32.23999999999998	0.6074991226196289	Prompting zur Lösung des in dem sie Prompting zur Lösung des Method-Problem-Problems durchführen.	zur Lösung des Metro-Problems durchführen.
0	33.27999999999998	0.6503119468688965	Few-Shot-Lernsystemen durchführen.	in dem sie Prompting zur Lösung des Method-Problem-Problems durchführen.
0	34.31999999999998	0.7543141841888428	Method-Problem-Problems in einem Few-Shot-Learning-Szenario durchführen.	Few-Shot-Lernsystemen durchführen.
0	35.35999999999998	0.9557547569274902	Few-Shot-Learning-Szenario durchführen. Auf dem Net Pen.	
0	36.39999999999998	0.4960658550262451	Auf PELM-Paper, in dem sie Prompting zur Lösung des Method-Problem-Problems in einem Few-Shot-Learning-Szenario durchführen. Auf der NetPen-Seite sehen wir	Few-Shot-Learning-Szenario durchführen. Auf dem Net Pen.
0	37.439999999999976	0.571876049041748	der NetPen-Seite sehen	PELM-Paper, in dem sie Prompting zur Lösung des Method-Problem-Problems in einem Few-Shot-Learning-Szenario durchführen. Auf der NetPen-Seite sehen wir
0	38.479999999999976	0.48505187034606934	wir, Beispiele mit	
0	39.519999999999975	0.6009941101074219	ob wir einige Beispiele mit nur Frage und Antwort geben.	Beispiele mit
0	40.559999999999974	0.5180811882019043	nur Frage und Antwort Beispiele mit nur Frage und Antwort geben, möglicherweise nicht	Beispiele mit nur Frage und Antwort geben.
0	41.59999999999997	0.4381120204925537	geben, nicht die	Beispiele mit nur Frage und Antwort geben, möglicherweise nicht
0	42.63999999999997	0.5744278430938721	können wir möglicherweise Method-Problem-Problems in einem Few-Shot-Learning-Szenario durchführen. Auf der NetPen-Seite sehen wir, ob wir einige Beispiele mit nur Frage und Antwort geben, können wir möglicherweise die korrekten Antworten nicht erhalten.	nicht die
0	43.67999999999997	0.5677528381347656	Aber wenn wir einige	Method-Problem-Problems in einem Few-Shot-Learning-Szenario durchführen. Auf der NetPen-Seite sehen wir, ob wir einige Beispiele mit nur Frage und Antwort geben, können wir möglicherweise die korrekten Antworten nicht erhalten.
0	44.71999999999997	0.8341546058654785	keine korrekten Antworten erhalten. Aber wenn wir mehr Reasoning-Diskussion hinzufügen.	Aber wenn wir einige
0	45.75999999999997	0.6098062992095947	Reasoning-Beschreibungen geben, ist das Modell	mehr Reasoning-Diskussion hinzufügen.
0	46.79999999999997	0.6641943454742432	weitere Reasoning-Beschreibungen geben, vorhersagen	Reasoning-Beschreibungen geben, ist das Modell
0	47.83999999999997	0.6550278663635254	kann das Modell Reasoning-Beschreibung vorhersagen.	vorhersagen
0	48.87999999999997	0.5733366012573242	die Reasoning-Beschreibung und auch	Reasoning-Beschreibung vorhersagen.
0	49.919999999999966	0.6506946086883545	vorhersagen Antworten erhalten. Aber wenn wir weitere Reasoning-Beschreibungen geben, kann das Modell die Reasoning-Beschreibung vorhersagen und auch eine korrekte Antwort liefern.	und auch
0	50.959999999999965	0.5568902492523193	hier eine korrekte Vorhersage treffen.	Antworten erhalten. Aber wenn wir weitere Reasoning-Beschreibungen geben, kann das Modell die Reasoning-Beschreibung vorhersagen und auch eine korrekte Antwort liefern.
0	51.999999999999964	0.47779202461242676		
0	53.039999999999964	0.14160799980163574		hier eine korrekte Vorhersage treffen.
0	54.07999999999996	0.4332387447357178	Es ist gut, zu haben	
0	55.11999999999996	0.7519130706787109	Vorhersage treffen. Es ist gut, interpretierbares mehrstufiges Reasoning zu haben.	zu haben
0	56.15999999999996	0.6919960975646973	interpretierbares mehrstufiges Reasoning Reasoning-Beschreibung vorhersagen und auch hier eine korrekte Vorhersage treffen. Es ist gut, interpretierbares mehrstufiges Reasoning als unser zu haben.	Vorhersage treffen. Es ist gut, interpretierbares mehrstufiges Reasoning zu haben.
0	57.19999999999996	0.4138753414154053	als Ausgabe zu haben.	Reasoning-Beschreibung vorhersagen und auch hier eine korrekte Vorhersage treffen. Es ist gut, interpretierbares mehrstufiges Reasoning als unser zu haben.
0	58.23999999999996	0.4956700801849365	Und wir denken auch	
0	59.27999999999996	0.6151742935180664	Method-Problem	auch
0	60.31999999999996	0.5770535469055176	auch, dass das mehrstufiges Reasoning als Ausgabe zu haben. Und wir denken auch, dass das Method-Problem einfach ist.	Method-Problem
0	61.35999999999996	0.4941279888153076	eine korrekte Vorhersage treffen. Es ist gut, interpretierbares mehrstufiges Reasoning als Ausgabe zu haben. Und wir denken auch, dass das Method-Problem eine einfache Anwendung für jedes ist.	mehrstufiges Reasoning als Ausgabe zu haben. Und wir denken auch, dass das Method-Problem einfach ist.
0	62.399999999999956	0.48110270500183105	einfache Anwendung korrekte Vorhersage treffen. Es ist gut, interpretierbares mehrstufiges Reasoning als Ausgabe zu haben. Und wir denken auch, dass das Method-Problem eine einfache Anwendung ist, um einige	korrekte Vorhersage treffen. Es ist gut, interpretierbares mehrstufiges Reasoning als Ausgabe zu haben. Und wir denken auch, dass das Method-Problem eine einfache Anwendung für jedes ist.
0	63.439999999999955	0.6194396018981934	ist, um solches Reasoning zu evaluieren.	korrekte Vorhersage treffen. Es ist gut, interpretierbares mehrstufiges Reasoning als Ausgabe zu haben. Und wir denken auch, dass das Method-Problem eine einfache Anwendung ist, um einige
0	64.47999999999996	0.5361959934234619	haben. Und wir denken auch, dass das Method-Problem eine einfache Anwendung ist, um solche Reasoning-Fähigkeiten zu bewerten.	solches Reasoning zu evaluieren.
0	65.51999999999997	0.5591983795166016	bewerten.	haben. Und wir denken auch, dass das Method-Problem eine einfache Anwendung ist, um solche Reasoning-Fähigkeiten zu bewerten.
0	66.55999999999997	0.42711472511291504	Reasoning-Fähigkeiten zu bewerten. Also hier in unserem	bewerten.
0	67.59999999999998	0.5062427520751953	Problemsetup	Reasoning-Fähigkeiten zu bewerten. Also hier in unserem
0	68.63999999999999	0.4880857467651367	Problemsetup, gegeben die Frage.	Problemsetup
0	69.67999999999999	0.7050642967224121	Fragen, müssen wir das Problem lösen.	Frage.
0	70.72	0.6692736148834229	diese Frage und Optimierung lösen.	das Problem lösen.
0	71.76	0.6443772315979004	numerischen Wert erhalten.	und Optimierung lösen.
0	72.80000000000001	0.5503926277160645	lösen und Reasoning-Fähigkeiten zu bewerten. Also hier in unserem Problemsetup, gegeben die Fragen, müssen wir diese Frage lösen und numerische Antworten erhalten.	numerischen Wert erhalten.
0	73.84000000000002	0.6752209663391113	Also hier in unserem Problemsetup, gegeben die Fragen, müssen wir diese Frage lösen und numerische Antworten erhalten. Also in unseren Daten	Reasoning-Fähigkeiten zu bewerten. Also hier in unserem Problemsetup, gegeben die Fragen, müssen wir diese Frage lösen und numerische Antworten erhalten.
0	74.88000000000002	0.5638430118560791	Problemsetup, gegeben die Fragen, müssen wir diese Frage lösen und numerische Antworten erhalten. In unseren Datensätzen sind wir	Also hier in unserem Problemsetup, gegeben die Fragen, müssen wir diese Frage lösen und numerische Antworten erhalten. Also in unseren Daten
0	75.92000000000003	0.5954504013061523	In unseren Datensätzen auch die	Problemsetup, gegeben die Fragen, müssen wir diese Frage lösen und numerische Antworten erhalten. In unseren Datensätzen sind wir
0	76.96000000000004	0.7272350788116455	werden uns mathematischen Ausdrücke gegeben.	auch die
0	78.00000000000004	0.6920046806335449	die zu	gegeben.
0	79.04000000000005	0.5348849296569824	gegeben, den	die zu
0	80.08000000000006	0.3975682258605957	zu diesem bestimmten	den
0	81.12000000000006	0.5110688209533691	Antwort führen.	zu diesem bestimmten
0	82.16000000000007	0.32512497901916504	dieser bestimmten	Antwort führen.
0	83.20000000000007	0.4566671848297119	Also bestimmte Annahmen	
0	84.24000000000008	0.49686336517333984		
0	85.28000000000009	0.4865124225616455	auch die mathematischen Ausdrücke gegeben, die zu dieser bestimmten Antwort führen. Also bestimmte Annahmen gelten ebenfalls wie im	Also bestimmte Annahmen
0	86.32000000000009	0.5768671035766602	gelten auch die mathematischen Ausdrücke gegeben, die zu dieser bestimmten Antwort führen. Also bestimmte Annahmen gelten auch wie in früheren Arbeiten.	auch die mathematischen Ausdrücke gegeben, die zu dieser bestimmten Antwort führen. Also bestimmte Annahmen gelten ebenfalls wie im
0	87.3600000000001	0.8306665420532227	Wir gehen davon aus, dass das Verfahren	die mathematischen Ausdrücke gegeben, die zu dieser bestimmten Antwort führen. Also bestimmte Annahmen gelten auch wie in früheren Arbeiten.
0	88.4000000000001	0.8361272811889648	Präzision der Größen bekannt ist.	das Verfahren
0	89.44000000000011	0.7043249607086182	die Präzision der Größen bekannt bekannt ist und wir auch	Präzision der Größen bekannt ist.
0	90.48000000000012	0.5626165866851807	ist und wir betrachten nur	bekannt ist und wir auch
0	91.52000000000012	0.6372568607330322	Annahmen gelten auch wie in früheren Arbeiten. Wir gehen davon aus, dass die Präzision der Größen bekannt ist und wir nur grundlegende Operatoren betrachten, wie	betrachten nur
0	92.56000000000013	0.7222578525543213	nur grundlegende Operatoren	Annahmen gelten auch wie in früheren Arbeiten. Wir gehen davon aus, dass die Präzision der Größen bekannt ist und wir nur grundlegende Operatoren betrachten, wie
0	93.60000000000014	0.7778127193450928	wie Addition, Subtraktion, Multiplikation betrachten.	
0	94.64000000000014	0.8271920680999756	Addition, Subtraktion, Multiplikation und Division betrachten.	betrachten.
0	95.68000000000015	0.564687967300415	Addition, Subtraktion, Multiplikation , Division und Exploration betrachten.	Addition, Subtraktion, Multiplikation und Division betrachten.
0	96.72000000000016	0.6506879329681396	, Division und betrachten.	Addition, Subtraktion, Multiplikation , Division und Exploration betrachten.
0	97.76000000000016	0.35085010528564453	Exponentiation	betrachten.
0	98.80000000000017	0.7543759346008301	aus, dass die Präzision der Größen bekannt ist und wir nur grundlegende Operatoren wie Addition, Subtraktion, Multiplikation , Division und Exponentiation betrachten. Darüber hinaus können komplizierte Operatoren dasselbe tun.	
0	99.84000000000017	0.5983049869537354	Darüber hinaus können komplizierte Operatoren tatsächlich	aus, dass die Präzision der Größen bekannt ist und wir nur grundlegende Operatoren wie Addition, Subtraktion, Multiplikation , Division und Exponentiation betrachten. Darüber hinaus können komplizierte Operatoren dasselbe tun.
0	100.88000000000018	0.5711500644683838	diese zerlegt werden.	
0	101.92000000000019	0.7246592044830322	in diese diese grundlegenden Operatoren zerlegt werden.	diese zerlegt werden.
0	102.96000000000019	0.434206485748291		diese grundlegenden Operatoren zerlegt werden.
0	104.0000000000002	0.5816373825073242	Also frühere Arbeiten in der	
0	105.0400000000002	0.8122220039367676	Method-Problem-Lösung	in der
0	106.08000000000021	0.4510977268218994	im Bereich der	Method-Problem-Lösung
0	107.12000000000022	0.43205928802490234	tatsächlich in diese grundlegenden Operatoren zerlegt werden. Also frühere Arbeiten im Bereich der Method-Problem-Lösung können tatsächlich	
0	108.16000000000022	0.5003650188446045	kategorisieren	tatsächlich in diese grundlegenden Operatoren zerlegt werden. Also frühere Arbeiten im Bereich der Method-Problem-Lösung können tatsächlich
0	109.20000000000023	0.6285879611968994	Sequenzen kategorisiert werden.	kategorisieren
0	110.24000000000024	0.8480775356292725	in Sequenz-zu-Sequenz und Sequenz-zu-	Sequenzen kategorisiert werden.
0	111.28000000000024	1.039297342300415	Modelle kategorisiert werden.	Sequenz-zu-Sequenz und Sequenz-zu-
0	112.32000000000025	1.02783203125	sequenz-zu-sequenz und sequenz-zu-baum Also	Modelle kategorisiert werden.
0	113.36000000000026	0.7505073547363281	traditionelle sequenz-zu-sequenz	
0	114.40000000000026	0.8336610794067383	sequenz-zu-baum Modelle kategorisiert werden. Also traditionelle sequenz-zu-sequenz-Modelle.	sequenz-zu-sequenz
0	115.44000000000027	0.8574752807617188	Method-Problem-Lösung können tatsächlich in sequenz-zu-sequenz und sequenz-zu-baum Modelle kategorisiert werden. Also traditionelle sequenz-zu-sequenz Modelle konvertieren den Ausdruck.	sequenz-zu-baum Modelle kategorisiert werden. Also traditionelle sequenz-zu-sequenz-Modelle.
0	116.48000000000027	1.152756690979004	sequenz-zu-sequenz und sequenz-zu-baum Modelle kategorisiert werden. Also traditionelle sequenz-zu-sequenz-Modelle konvertieren den Ausdruck in eine spezifische Sequenz.	Method-Problem-Lösung können tatsächlich in sequenz-zu-sequenz und sequenz-zu-baum Modelle kategorisiert werden. Also traditionelle sequenz-zu-sequenz Modelle konvertieren den Ausdruck.
0	117.52000000000028	1.2887954711914062	sequenz-zu-sequenz-Modelle konvertieren den Ausdruck in eine spezifische sequenz-zu-sequenz und sequenz-zu-baum Modelle kategorisiert werden. Also traditionelle sequenz-zu-sequenz-Modelle konvertieren den Ausdruck in eine spezifische Sequenz für die Generierung.	sequenz-zu-sequenz und sequenz-zu-baum Modelle kategorisiert werden. Also traditionelle sequenz-zu-sequenz-Modelle konvertieren den Ausdruck in eine spezifische Sequenz.
0	118.56000000000029	0.7674846649169922	Sequenz für die und es ist ziemlich	sequenz-zu-sequenz und sequenz-zu-baum Modelle kategorisiert werden. Also traditionelle sequenz-zu-sequenz-Modelle konvertieren den Ausdruck in eine spezifische Sequenz für die Generierung.
0	119.60000000000029	0.7648286819458008	Generierung einfach zu implementieren.	und es ist ziemlich
0	120.6400000000003	0.6581974029541016	implementieren und es kann	implementieren.
0	121.6800000000003	0.7652456760406494	implementieren und es kann verallgemeinern auf	
0	122.72000000000031	0.6973979473114014	viele verschiedene m uh generalisieren.	implementieren und es kann verallgemeinern auf
0	123.76000000000032	0.5768887996673584	sich auf viele verschiedene	viele verschiedene m uh generalisieren.
0	124.80000000000032	0.7129132747650146	werden. Also traditionelle sequenz-zu-sequenz-Modelle konvertieren den Ausdruck in eine spezifische Sequenz für die Generierung und es ist ziemlich einfach zu implementieren und es kann sich auf viele verschiedene komplizierte Probleme verallgemeinern.	
0	125.84000000000033	0.8195374011993408	Probleme verallgemeinern. Aber der Nachteil	werden. Also traditionelle sequenz-zu-sequenz-Modelle konvertieren den Ausdruck in eine spezifische Sequenz für die Generierung und es ist ziemlich einfach zu implementieren und es kann sich auf viele verschiedene komplizierte Probleme verallgemeinern.
0	126.88000000000034	0.6305892467498779	Aber Nachteile sind die Leistung	Probleme verallgemeinern. Aber der Nachteil
0	127.92000000000034	0.6947135925292969	die Nachteile Leistung sind eigentlich gener	Nachteile sind die Leistung
0	128.96000000000035	0.6834192276000977	der Leistung sind eigentlich generell nicht schlecht.	Leistung sind eigentlich gener
0	130.00000000000034	0.807441234588623	besser als die strukturellen Modelle.	schlecht.
0	131.04000000000033	0.7860891819000244	Modelle und es ist	Modelle.
0	132.08000000000033	0.6580581665039062	die Generierung und es ist ziemlich einfach zu implementieren und es kann sich auf viele verschiedene komplizierte Probleme verallgemeinern. Aber die Nachteile der Leistung sind eigentlich generell nicht besser als die strukturellen Modelle und es fehlt an der	ist
0	133.12000000000032	0.6331624984741211	fehlt an Interpretierbarkeit für	die Generierung und es ist ziemlich einfach zu implementieren und es kann sich auf viele verschiedene komplizierte Probleme verallgemeinern. Aber die Nachteile der Leistung sind eigentlich generell nicht besser als die strukturellen Modelle und es fehlt an der
0	134.1600000000003	0.7191581726074219	implementieren und es kann sich auf viele verschiedene komplizierte Probleme verallgemeinern. Aber die Nachteile der Leistung sind eigentlich generell nicht besser als die strukturellen Modelle und es fehlt an Interpretierbarkeit für die Vorhersage.	
0	135.2000000000003	0.6928260326385498	Aber eigentlich	implementieren und es kann sich auf viele verschiedene komplizierte Probleme verallgemeinern. Aber die Nachteile der Leistung sind eigentlich generell nicht besser als die strukturellen Modelle und es fehlt an Interpretierbarkeit für die Vorhersage.
0	136.2400000000003	0.6655025482177734	diese Richtung immer noch	
0	137.28000000000029	0.7194275856018066	ist beliebt, weil	diese Richtung immer noch
0	138.32000000000028	0.6171464920043945	sehr	beliebt, weil
0	139.36000000000027	0.5278143882751465		
0	140.40000000000026	0.6070318222045898	des Modelle und es fehlt an Interpretierbarkeit für die Vorhersage. Aber eigentlich ist diese Richtung immer noch sehr beliebt, weil des Transformer-Modells.	
0	141.44000000000025	0.302170991897583		Modelle und es fehlt an Interpretierbarkeit für die Vorhersage. Aber eigentlich ist diese Richtung immer noch sehr beliebt, weil des Transformer-Modells.
0	142.48000000000025	0.5906534194946289		
0	143.52000000000024	0.7070291042327881	Also in	
0	144.56000000000023	0.8168528079986572	sequenz-zu-sequenz-Modelle konvertieren den Ausdruck in eine spezifische Sequenz für die Generierung und es ist ziemlich einfach zu implementieren und es kann sich auf viele verschiedene komplizierte Probleme verallgemeinern. Aber die Nachteile der Leistung sind eigentlich generell nicht besser als die strukturellen Modelle und es fehlt an Interpretierbarkeit für die Vorhersage. Aber eigentlich ist diese Richtung immer noch sehr beliebt, weil des Transformer-Modells. Also in baum-basierten Modellen strukturieren wir eigentlich	
0	145.60000000000022	0.8697106838226318	eigentlich generell nicht besser als die strukturellen Modelle und es fehlt an Interpretierbarkeit für die Vorhersage. Aber eigentlich ist diese Richtung immer noch sehr beliebt, weil des Transformer-Modells. Also in baumbasierten Modellen strukturieren wir diese Ausdrücke	sequenz-zu-sequenz-Modelle konvertieren den Ausdruck in eine spezifische Sequenz für die Generierung und es ist ziemlich einfach zu implementieren und es kann sich auf viele verschiedene komplizierte Probleme verallgemeinern. Aber die Nachteile der Leistung sind eigentlich generell nicht besser als die strukturellen Modelle und es fehlt an Interpretierbarkeit für die Vorhersage. Aber eigentlich ist diese Richtung immer noch sehr beliebt, weil des Transformer-Modells. Also in baum-basierten Modellen strukturieren wir eigentlich
0	146.6400000000002	1.0470516681671143	sequenz-zu-sequenz-Modelle konvertieren den Ausdruck in eine spezifische Sequenz für die Generierung und es ist ziemlich einfach zu implementieren und es kann sich auf viele verschiedene komplizierte Probleme verallgemeinern. Aber die Nachteile der Leistung sind eigentlich generell nicht besser als die strukturellen Modelle und es fehlt an Interpretierbarkeit für die Vorhersage. Aber eigentlich ist diese Richtung immer noch sehr beliebt, weil des Transformer-Modells. Also in baum-basierten Modellen strukturieren wir diese Ausdrücke tatsächlich in einem Baum.	eigentlich generell nicht besser als die strukturellen Modelle und es fehlt an Interpretierbarkeit für die Vorhersage. Aber eigentlich ist diese Richtung immer noch sehr beliebt, weil des Transformer-Modells. Also in baumbasierten Modellen strukturieren wir diese Ausdrücke
0	147.6800000000002	1.1529464721679688	baum-basierten Modellen strukturieren wir diese Ausdrücke	sequenz-zu-sequenz-Modelle konvertieren den Ausdruck in eine spezifische Sequenz für die Generierung und es ist ziemlich einfach zu implementieren und es kann sich auf viele verschiedene komplizierte Probleme verallgemeinern. Aber die Nachteile der Leistung sind eigentlich generell nicht besser als die strukturellen Modelle und es fehlt an Interpretierbarkeit für die Vorhersage. Aber eigentlich ist diese Richtung immer noch sehr beliebt, weil des Transformer-Modells. Also in baum-basierten Modellen strukturieren wir diese Ausdrücke tatsächlich in einem Baum.
0	148.7200000000002	0.8350791931152344	in einer Baumform und folgen Interpretierbarkeit für die Vorhersage. Aber eigentlich ist diese Richtung immer noch sehr beliebt, weil des Transformer-Modells. Also in baum-basierten Modellen strukturieren wir diese Ausdrücke in einer Baumform und folgen einer vor-Ordnung	
0	149.7600000000002	0.9311599731445312	einer	Interpretierbarkeit für die Vorhersage. Aber eigentlich ist diese Richtung immer noch sehr beliebt, weil des Transformer-Modells. Also in baum-basierten Modellen strukturieren wir diese Ausdrücke in einer Baumform und folgen einer vor-Ordnung
0	150.80000000000018	0.7844958305358887		
0	151.84000000000017	1.0238428115844727	vorortiger Durchlauf in Baumgenerierungen.	
0	152.88000000000017	0.7910683155059814	Also hier	
0	153.92000000000016	0.9660811424255371		
0	154.96000000000015	1.1242523193359375	generieren wir weiterhin die Operatoren, bis wir die	
0	156.00000000000014	0.8291261196136475	Blätter erreichen, die die Größen sind.	
0	157.04000000000013	0.6765387058258057	Also hier	
0	158.08000000000013	0.6300952434539795	ist das Gute, dass	
0	159.12000000000012	0.5704545974731445	es	
0	160.1600000000001	0.7633998394012451	uns tatsächlich diese	
0	161.2000000000001	0.6629078388214111	binäre Baumstruktur	
0	162.2400000000001	0.6239666938781738	gibt und	
0	163.2800000000001	0.6384706497192383	es ist	
0	164.32000000000008	0.7763683795928955	aber aber aber eigentlich	
0	165.36000000000007	0.6978139877319336	ziemlich	
0	166.40000000000006	0.7131102085113525	kontraintuitiv, weil	
0	167.44000000000005	0.5688261985778809	wir	
0	168.48000000000005	0.7573676109313965		
0	169.52000000000004	0.8573329448699951	zuerst den Operator generieren und dann am	
0	170.56000000000003	0.647585391998291	Ende	
0	171.60000000000002	0.329758882522583	die Größen generieren.	
0	172.64000000000001	0.6078565120697021		
0	173.68	0.7717087268829346	Und die zweite Sache	
0	174.72	0.8307595252990723	ist, dass es auch	
0	175.76	0.7383561134338379	einige	
0	176.79999999999998	0.7734889984130859	wiederholte Berechnungen enthält.	
0	177.83999999999997	0.7270333766937256	Also	
0	178.87999999999997	0.8372435569763184	hier, wenn wir	
0	179.91999999999996	0.8104031085968018	diesen Ausdruck ansehen, a mal	
0	180.95999999999995	0.7388017177581787	drei plus drei,	
0	181.99999999999994	0.7080750465393066		
0	183.03999999999994	0.8070163726806641	es wird tatsächlich zweimal generiert.	
0	184.07999999999993	0.6121273040771484	Aber uh	
0	185.11999999999992	0.6500251293182373	eigentlich sollten wir	
0	186.1599999999999	0.29276084899902344	die	
0	187.1999999999999	0.23106622695922852	Ergebnisse.	
0	188.2399999999999	0.5991744995117188		
0	189.2799999999999	0.7425632476806641	Also in	
0	190.31999999999988	0.7534439563751221	unserem vorgeschlagenen Ansatz wollen wir	
0	191.35999999999987	0.5351986885070801		
0	192.39999999999986	0.6409151554107666	diese Probleme	
0	193.43999999999986	0.5549366474151611		
0	194.47999999999985	0.8662316799163818		
0	195.51999999999984	0.7445495128631592		
0	196.55999999999983	1.0972728729248047		
0	197.59999999999982	1.1246013641357422	auf eine schrittweise und interpretierbare Weise lösen. Also zum Beispiel, hier	
0	198.63999999999982	0.7235310077667236	im zweiten Schritt,	
0	199.6799999999998	0.6285507678985596		
0	200.7199999999998	0.797734260559082	können wir	
0	201.7599999999998	1.0028376579284668	diese uh Divisoren erhalten, die	
0	202.79999999999978	0.6820113658905029	uh zweiundzwanzig sieben	
0	203.83999999999978	0.836369514465332	und	
0	204.87999999999977	0.8144721984863281	wir können auch	
0	205.91999999999976	0.8599319458007812		
0	206.95999999999975	0.9061901569366455	zurückverweisen auf die ursprünglichen Fragen, um	
0	207.99999999999974	0.6981198787689209	die relevanten uh	
0	209.03999999999974	0.7677221298217773	Inhalte zu finden.	
0	210.07999999999973	0.6993412971496582	Und in diesen Schritten	
0	211.11999999999972	0.7005226612091064	uh	
0	212.1599999999997	0.3929121494293213	erhalten wir die Divisoren.	
0	213.1999999999997	0.48088741302490234		
0	214.2399999999997	0.6330490112304688		
0	215.2799999999997	0.7797384262084961	Also uh und dann	
0	216.31999999999968	0.8626971244812012	in diesem dritten Schritt	
0	217.35999999999967	0.7528712749481201	erhalten wir tatsächlich den	
0	218.39999999999966	0.7281539440155029		
0	219.43999999999966	0.9115939140319824	Quotienten,	
0	220.47999999999965	0.8576359748840332		
0	221.51999999999964	1.1438918113708496		
0	222.55999999999963	1.1419107913970947	okay, und nach diesen drei Schritten können wir tatsächlich die Ergebnisse	
0	223.59999999999962	0.7493710517883301	vom zweiten Schritt	
0	224.63999999999962	0.6732990741729736	wiederverwenden und dann uh	
0	225.6799999999996	0.6465942859649658		
0	226.7199999999996	0.5778679847717285	die uh Ergebnisse	
0	227.7599999999996	0.7021274566650391	des	
0	228.79999999999959	0.8431820869445801	vierten Schritts	
0	229.83999999999958	0.685175895690918	erhalten und	
0	230.87999999999957	0.8311498165130615	schließlich können wir	
0	231.91999999999956	0.4072608947753906	die	
0	232.95999999999955	0.6526913642883301	Dividenden erhalten.	
0	233.99999999999955	0.6132168769836426		
0	235.03999999999954	0.791109561920166	Also hier	
0	236.07999999999953	0.7101197242736816	generieren wir	
0	237.11999999999952	0.7948970794677734		
0	238.1599999999995	0.7224903106689453	tatsächlich den gesamten Ausdruck	
0	239.1999999999995	0.6543476581573486	direkt statt	
0	240.2399999999995	0.7052898406982422		
0	241.2799999999995	0.8178694248199463	einzelner Operatoren oder Größen.	
0	242.31999999999948	0.6475846767425537		
0	243.35999999999947	0.370225191116333	Das macht den Prozess genauer.	
0	244.39999999999947	0.15225982666015625		
0	245.43999999999946	0.6508288383483887		
0	246.47999999999945	1.0983271598815918	Also in unserem deduktiven	
0	247.51999999999944	0.6153218746185303	System	
0	248.55999999999943	0.7494277954101562	beginnen wir zunächst mit	
0	249.59999999999943	0.8845243453979492	einer Reihe von	
0	250.63999999999942	0.831728458404541	Größen, die in	
0	251.6799999999994	1.0062482357025146	den Fragen präsentiert werden und auch	
0	252.7199999999994	0.7728397846221924	einige Konstanten	
0	253.7599999999994	0.8392972946166992	als	
0	254.7999999999994	0.7696812152862549		
0	255.83999999999938	0.8875672817230225		
0	256.87999999999937	1.0273280143737793	unser initialer	
0	257.9199999999994	0.9603011608123779	Zustand uh initialer Zustand. Der Ausdruck wird durch	
0	258.9599999999994	0.6377944946289062		
0	259.99999999999943	0.8477809429168701	Eij OP	
0	261.03999999999945	0.7354233264923096	dargestellt, wo wir Operatoren	
0	262.0799999999995	0.7284455299377441	von	
0	263.1199999999995	0.8709242343902588		
0	264.1599999999995	1.0061931610107422	QI zu QJ durchführen, und	
0	265.19999999999953	0.7475988864898682		
0	266.23999999999955	0.8699808120727539	solcherart Ausdruck ist	
0	267.2799999999996	0.8840878009796143	eigentlich gerichtet. Also haben wir auch	
0	268.3199999999996	0.6812520027160645		
0	269.3599999999996	1.0009448528289795		
0	270.39999999999964	1.0466837882995605	Subtraktion mit	
0	271.43999999999966	1.096653938293457	Worten hier, um die entgegengesetzte Richtung darzustellen.	
0	272.4799999999997	0.8585436344146729	Das ist ziemlich ähnlich zu	
0	273.5199999999997	0.6953861713409424		
0	274.5599999999997	0.9143264293670654	uh Relationsextraktion.	
0	275.59999999999974	0.8146190643310547	Also in	
0	276.63999999999976	0.8709049224853516	einem formellen deduktiven	
0	277.6799999999998	0.7249789237976074		
0	278.7199999999998	0.8898055553436279	System, zum Zeitpunkt t, uh	
0	279.7599999999998	0.7085418701171875	wenden wir den Operator	
0	280.79999999999984	0.7924599647521973	zwischen	
0	281.83999999999986	0.8876895904541016	dem uh	
0	282.8799999999999	0.91872239112854		
0	283.9199999999999	1.0656960010528564		
0	284.9599999999999	1.2167184352874756		
0	285.99999999999994	1.1599061489105225	QI und QJ	
0	287.03999999999996	1.1762115955352783	an und dann erhalten wir diesen neuen Ausdruck. Wir fügen ihn zum uh	
0	288.08	0.9348311424255371	zum nächsten Zustand	
0	289.12	0.4536600112915039	hinzu, um eine neue Größe zu werden.	
0	290.16	0.5595676898956299		
0	291.20000000000005	0.6268119812011719	Also	
0	292.24000000000007	0.8077812194824219		
0	293.2800000000001	0.9071667194366455	diese Slides visualisieren tatsächlich die	
0	294.3200000000001	0.7379715442657471	Evolution	
0	295.3600000000001	0.7586977481842041		
0	296.40000000000015	0.9355850219726562	des Zustands, wo wir	
0	297.44000000000017	0.84047532081604		
0	298.4800000000002	0.5466985702514648	weiterhin Ausdrücke zu den aktuellen Zuständen hinzufügen.	
0	299.5200000000002	0.7177639007568359		
0	300.56000000000023	0.7947466373443604	Also in	
0	301.60000000000025	0.9692802429199219	unseren Modellimplementierungen verwenden wir	
0	302.64000000000027	0.9058670997619629	zunächst ein vorgefertigtes	
0	303.6800000000003	0.8573923110961914	Sprachmodell, das	
0	304.7200000000003	0.8177447319030762	sein kann birds oder	
0	305.76000000000033	0.923769474029541		
0	306.80000000000035	1.0183370113372803		
0	307.8400000000004	1.1566686630249023		
0	308.8800000000004	1.1648662090301514	robettes, und dann kodieren wir einen Satz und dann erhalten wir diese	
0	309.9200000000004	0.7529785633087158	Größenrepräsentationen.	
0	310.96000000000043	0.8286259174346924	Also sobald wir	
0	312.00000000000045	0.8197166919708252	die	
0	313.0400000000005	0.9457738399505615	Größenrepräsentationen erhalten, uh können wir	
0	314.0800000000005	0.833533525466919	mit Inferenz beginnen.	
0	315.1200000000005	0.7665081024169922	Hier zeigen wir ein	
0	316.16000000000054	0.8425347805023193	Beispiel von	
0	317.20000000000056	1.0297400951385498		
0	318.2400000000006	1.1738028526306152		
0	319.2800000000006	1.3223299980163574	Q1, um die Repräsentation für Q1 geteilt durch	
0	320.3200000000006	0.8233742713928223		
0	321.36000000000064	0.8605408668518066		
0	322.40000000000066	1.0045452117919922	Q2 und dann mal	
0	323.4400000000007	1.0873291492462158		
0	324.4800000000007	1.1590838432312012	Q3 zu erhalten. Zuerst erhalten wir die uh	
0	325.5200000000007	1.0917980670928955	Paar-Repräsentation,	
0	326.56000000000074	0.7790443897247314		
0	327.60000000000076	1.1087641716003418		
0	328.6400000000008	1.1400954723358154		
0	329.6800000000008	1.3922655582427979	die eigentlich nur die	
0	330.7200000000008	1.3658790588378906	Verknüpfung uh zwischen q eins und	
0	331.76000000000084	1.3299667835235596	Q zwei ist, und dann wenden wir ein Feedforward-Netzwerk an, das	
0	332.80000000000086	0.882270336151123		
0	333.8400000000009	0.9262936115264893	pr uh parametrisiert ist durch den Operator.	
0	334.8800000000009	0.7794764041900635	Und dann	
0	335.9200000000009	0.8871009349822998	erhalten wir schließlich die	
0	336.96000000000095	0.926732063293457	Ausdruck-Repräsentation	
0	338.00000000000097	0.8306434154510498		
0	339.040000000001	0.9457786083221436	Q1 geteilt durch	
0	340.080000000001	0.9578697681427002	q2. Aber uh	
0	341.120000000001	0.8138175010681152		
0	342.16000000000105	0.8980493545532227	eigentlich uh in der Praxis in der	
0	343.20000000000107	0.725884199142456	Inferenzphase könnten wir	
0	344.2400000000011	0.7039871215820312	uh	
0	345.2800000000011	0.795121431350708		
0	346.32000000000113	0.8834781646728516	die falsche Repräsentation uh	
0	347.36000000000115	0.7176768779754639		
0	348.40000000000117	0.3552718162536621	falschen Ausdruck auch erhalten.	
0	349.4400000000012	0.6051757335662842		
0	350.4800000000012	0.7629902362823486	Also hier	
0	351.52000000000123	0.6918525695800781	alle möglichen	
0	352.56000000000125	0.6782221794128418	Ausdruck uh	
0	353.6000000000013	0.6648266315460205	ist gleich	
0	354.6400000000013	0.7999551296234131	drei mal	
0	355.6800000000013	0.7918176651000977	die Anzahl der Operatoren.	
0	356.72000000000133	0.6560330390930176	Also	
0	357.76000000000136	0.750938892364502	das Gute hier	
0	358.8000000000014	0.7217261791229248	ist, dass	
0	359.8400000000014	0.7304897308349609	wir leicht	
0	360.8800000000014	0.9254879951477051		
0	361.92000000000144	0.9842157363891602	Einschränkungen hinzufügen können, um	
0	362.96000000000146	0.8208503723144531	diese Suche diese	
0	364.0000000000015	0.9041366577148438	Suchraum zu	
0	365.0400000000015	0.8754990100860596	kontrollieren. Zum Beispiel, wenn	
0	366.0800000000015	0.8288578987121582	dieser Ausdruck nicht	
0	367.12000000000154	0.7781133651733398	erlaubt ist, können wir einfach	
0	368.16000000000156	0.7129671573638916	diesen	
0	369.2000000000016	0.7975738048553467		
0	370.2400000000016	0.9510900974273682	uh Ausdruck in unserem Suchraum entfernen.	
0	371.2800000000016	0.8512527942657471	Also in	
0	372.32000000000164	0.8989458084106445	dem zweiten	
0	373.36000000000166	0.9919826984405518	Schritt machen wir dasselbe, aber	
0	374.4000000000017	0.8057212829589844	der einzige Unterschied ist, dass	
0	375.4400000000017	0.7526769638061523	uh wir	
0	376.4800000000017	0.8218846321105957	die der einzige Unterschied ist	
0	377.52000000000174	0.7433781623840332		
0	378.56000000000176	0.8512959480285645	eine mehr uh Größen.	
0	379.6000000000018	0.9186954498291016	Also diese	
0	380.6400000000018	0.9035229682922363	Größe kommt von der	
0	381.6800000000018	0.39004969596862793	vorher berechneten uh Ausdruck.	
0	382.72000000000185	0.5605871677398682		
0	383.76000000000187	0.6819069385528564	Also	
0	384.8000000000019	0.698249340057373	schließlich können wir	
0	385.8400000000019	0.830988883972168		
0	386.8800000000019	0.9638922214508057	diesen uh finalen Ausdruck	
0	387.92000000000195	0.38051748275756836	Q3 mal Q4 erhalten.	
0	388.96000000000197	0.6978886127471924		
0	390.000000000002	0.7640161514282227	Und wir können auch	
0	391.040000000002	0.818385124206543	die Anzahl	
0	392.08000000000203	0.8118152618408203	aller möglichen	
0	393.12000000000205	1.003777027130127		
0	394.16000000000207	1.0158934593200684		
0	395.2000000000021	1.0580263137817383		
0	396.2400000000021	1.20308256149292	Ausdrücke ist unterschiedlich vom vorherigen Schritt sehen. Also solcherart	
0	397.28000000000213	0.7880756855010986	Unterschied macht es	
0	398.32000000000215	0.8462810516357422		
0	399.3600000000022	1.082047462463379	schwierig, Beam Search anzuwenden, weil	
0	400.4000000000022	0.8529624938964844	die Wahrscheinlichkeitsverteilung	
0	401.4400000000022	0.7115921974182129	zwischen diesen	
0	402.48000000000224	0.841850996017456	beiden Schritten	
0	403.52000000000226	0.453937292098999		
0	404.5600000000023	0.3445627689361572	unbalanciert ist.	
0	405.6000000000023	0.6871960163116455		
0	406.6400000000023	0.8584449291229248	Also das	
0	407.68000000000234	1.1148710250854492	Trainingsverfahren ist ähnlich zum	
0	408.72000000000236	0.991915225982666	Training eines	
0	409.7600000000024	1.087977409362793	sequenz-zu-sequenz-Modells, wo	
0	410.8000000000024	0.8343207836151123	wir den Verlust	
0	411.8400000000024	0.8459079265594482	an jedem Zeitpunkt	
0	412.88000000000244	0.8701786994934082	optimieren, und hier	
0	413.92000000000246	0.8413817882537842	verwenden wir auch	
0	414.9600000000025	0.7397029399871826	dieses tau, um	
0	416.0000000000025	0.7800486087799072		
0	417.0400000000025	0.8915679454803467	darzustellen, wann wir	
0	418.08000000000254	0.8435091972351074	diese	
0	419.12000000000256	0.8264620304107666	uh	
0	420.1600000000026	0.8858432769775391	Generierungsprozess beenden sollten.	
0	421.2000000000026	0.7527225017547607	Und hier	
0	422.2400000000026	0.8506207466125488	ist der Raum	
0	423.28000000000264	0.9468050003051758		
0	424.32000000000266	1.038935661315918	unterschiedlich von	
0	425.3600000000027	1.1649532318115234		
0	426.4000000000027	1.2345318794250488	sequenz-zu-sequenz, uh, weil der Raum ist unterschiedlich an jedem	
0	427.4400000000027	0.9860584735870361	Zeitpunkt während	
0	428.48000000000275	0.9949464797973633	in	
0	429.52000000000277	1.0842723846435547	traditionellen sequenz-zu-sequenz-Modell uh	
0	430.5600000000028	0.9063942432403564	ist die Anzahl	
0	431.6000000000028	0.3943440914154053	des Vokabulars.	
0	432.64000000000283	0.7119970321655273		
0	433.68000000000285	0.7431759834289551	Und es	
0	434.72000000000287	0.9438133239746094	erlaubt	
0	435.7600000000029	1.057316541671753	auch gewisse Einschränkungen	
0	436.8000000000029	0.9039888381958008	von Prior von Prior	
0	437.84000000000293	0.8834097385406494	Wissen aufzuerlegen.	
0	438.88000000000295	0.8309409618377686	Also können wir	
0	439.920000000003	0.7363767623901367		
0	440.960000000003	0.8393805027008057	Experimente auf	
0	442.000000000003	1.0278246402740479	den häufig verwendeten	
0	443.04000000000303	1.0176310539245605	uh	
0	444.08000000000305	0.9563424587249756		
0	445.1200000000031	1.1901507377624512	Method-Problem-Daten MAWPS,	
0	446.1600000000031	1.0283167362213135	Math23K,	
0	447.2000000000031	0.8474934101104736	MathQA, und	
0	448.24000000000314	0.5714111328125		
0	449.28000000000316	0.9158260822296143	SWAM durchführen.	
0	450.3200000000032	0.8710107803344727	Und hier zeigen wir kurz	
0	451.3600000000032	0.8107964992523193	die Ergebnisse im Vergleich	
0	452.4000000000032	0.8153624534606934	zu den vorher	
0	453.44000000000324	0.85196852684021	besten Ansätzen.	
0	454.48000000000326	0.8008890151977539	Also	
0	455.5200000000033	0.8556015491485596	unser best performing weapon ist uh	
0	456.5600000000033	0.7931489944458008	Roberta	
0	457.6000000000033	0.9251315593719482	Deductive	
0	458.64000000000334	0.8980019092559814		
0	459.68000000000336	1.0167720317840576	Reasoner und uh eigentlich verwenden wir	
0	460.7200000000034	0.8263413906097412	kein Beam Search im	
0	461.7600000000034	0.8474812507629395	Gegensatz uh	
0	462.8000000000034	0.9174497127532959	offensichtliche Ansätze uh	
0	463.84000000000344	0.739495038986206	mit	
0	464.88000000000346	0.783066987991333		
0	465.9200000000035	0.8830785751342773	Beam Search. Okay.	
0	466.9600000000035	0.882246732711792	Also uh	
0	468.0000000000035	0.9016826152801514	die besten Ansätze sind	
0	469.04000000000354	0.8387477397918701	oft uh	
0	470.08000000000357	0.7500650882720947	baumbasierte	
0	471.1200000000036	0.6242287158966064	Modelle	
0	472.1600000000036	0.6403019428253174		
0	473.2000000000036	0.7516865730285645	. Also	
0	474.24000000000365	0.8913137912750244	insgesamt	
0	475.28000000000367	0.9415879249572754	ist unser Reasoner in der	
0	476.3200000000037	0.850170373916626	Lage zu uh selephone	
0	477.3600000000037	0.8025624752044678	uh	
0	478.40000000000373	1.104947566986084	s signifikant	
0	479.44000000000375	1.0396759510040283		
0	480.48000000000377	1.1358623504638672		
0	481.5200000000038	1.076174259185791	über diesen baumbasierten Modell, aber wir können die absolute	
0	482.5600000000038	0.7398824691772461	Zahl uh	
0	483.60000000000383	0.8008830547332764	auf	
0	484.64000000000385	0.8650639057159424	Math	
0	485.6800000000039	0.9690372943878174	oder SWAM sind nicht wirklich hoch.	
0	486.7200000000039	0.9613778591156006	Also	
0	487.7600000000039	0.9149563312530518	untersuchen wir weiter die Ergebnisse auf	
0	488.80000000000393	0.8054838180541992	SWAM und	
0	489.84000000000395	0.9418418407440186		
0	490.880000000004	0.9806203842163086		
0	491.920000000004	1.1297802925109863	dieser Datensatz ist herausfordernd, weil der Autor versucht	
0	492.960000000004	0.8378465175628662	hat, uh manuell	
0	494.00000000000404	1.0089190006256104		
0	495.04000000000406	1.2455589771270752		
0	496.0800000000041	1.3997771739959717	re uh etwas hinzuzufügen, um das NLP-Modell zu	
0	497.1200000000041	1.0881454944610596		
0	498.1600000000041	1.2201337814331055		
0	499.20000000000414	1.2735135555267334	verwirren, wie solche wie das Hinzufügen irrelevanter Informationen und	
0	500.24000000000416	0.7642440795898438	zusätzliche Größen.	
0	501.2800000000042	0.8305082321166992	Also	
0	502.3200000000042	0.9186558723449707	in unserer Vorhersage	
0	503.3600000000042	0.9689795970916748	finden wir einige der	
0	504.40000000000424	0.8383500576019287	Zwischenwerte	
0	505.44000000000426	0.29979705810546875	sind eigentlich negativ.	
0	506.4800000000043	0.7790951728820801		
0	507.5200000000043	0.8924269676208496	Zum Beispiel, um	
0	508.5600000000043	0.8174047470092773	in dieser	
0	509.60000000000434	1.0603516101837158		
0	510.64000000000436	1.0990684032440186		
0	511.6800000000044	1.2025206089019775	Frage fragen wir, wie viele Äpfel hat Jake, aber wir	
0	512.7200000000043	0.8492879867553711	haben einige	
0	513.7600000000043	0.934128999710083	zusätzliche Informationen wie	
0	514.8000000000043	0.8069090843200684		
0	515.8400000000042	1.0024988651275635		
0	516.8800000000042	1.0670092105865479	siebzehn weniger Pitch und Steven hat acht	
0	517.9200000000042	0.8753671646118164	Pitch, was	
0	518.9600000000041	0.8358869552612305	völlig irrelevant ist.	
0	520.0000000000041	0.8407993316650391	Also unser	
0	521.040000000004	0.9424524307250977	Modell macht einige uh	
0	522.080000000004	0.9161102771759033	Vorhersage wie	
0	523.120000000004	0.9007513523101807	diese, die uh	
0	524.160000000004	0.8161458969116211	pr produziert	
0	525.2000000000039	0.8217711448669434	negative	
0	526.2400000000039	0.8463175296783447	Werte, und wir beobachten	
0	527.2800000000038	0.9335193634033203	diese zwei	
0	528.3200000000038	0.9421758651733398	repräsentieren uh diese	
0	529.3600000000038	0.8451547622680664	zwei Ausdruck	
0	530.4000000000037	0.8263781070709229	eigentlich haben ähnliche Scores.	
0	531.4400000000037	0.7519698143005371	Also	
0	532.4800000000037	0.9022362232208252	können wir	
0	533.5200000000036	0.9889745712280273	tatsächlich	
0	534.5600000000036	0.955951452255249	diesen Suchraum begrenzen, indem wir	
0	535.6000000000035	0.8754332065582275	wie diese	
0	536.6400000000035	0.881812334060669	Ergebnisse sind negativ entfernen.	
0	537.6800000000035	0.7424271106719971	Also	
0	538.7200000000034	0.7878379821777344	dass wir die	
0	539.7600000000034	0.8921902179718018	uh uh	
0	540.8000000000034	0.3603219985961914	die Antwort korrekt machen können.	
0	541.8400000000033	0.17256736755371094		
0	542.8800000000033	0.6552314758300781		
0	543.9200000000033	0.7784163951873779		
0	544.9600000000032	0.9541494846343994	Also um wir	
0	546.0000000000032	0.8357558250427246		
0	547.0400000000031	0.8896591663360596		
0	548.0800000000031	0.9554996490478516		
0	549.1200000000031	1.094482660293579		
0	550.160000000003	1.3157479763031006	finden weiter solche Einschränkung tatsächlich verbessert uh ziemlich viel für für für einige	
0	551.200000000003	1.0300593376159668	Modell. Zum Beispiel, für	
0	552.240000000003	0.8727598190307617		
0	553.2800000000029	1.043243169784546		
0	554.3200000000029	1.135695457458496		
0	555.3600000000029	1.2611470222473145	birds verbesserten sieben Punkt und dann für die Roberta basierte Modell	
0	556.4000000000028	0.8932793140411377	haben wir tatsächlich verbessert zwei uh	
0	557.4400000000028	0.8403856754302979	Punkte.	
0	558.4800000000027	1.005964756011963	Also bessere Sprachmodell	
0	559.5200000000027	0.865070104598999	hat	
0	560.5600000000027	0.9751296043395996	eine bessere Sprachverständnis	
0	561.6000000000026	0.8814420700073242	Fähigkeit, so dass	
0	562.6400000000026	0.8323280811309814		
0	563.6800000000026	0.952061653137207	die lumber uh hier ist uh	
0	564.7200000000025	0.9354331493377686	höher für Roberta	
0	565.7600000000025	1.0477838516235352	und niedriger für für	
0	566.8000000000025	1.0707614421844482	birds. Und wir versuchen	
0	567.8400000000024	0.9998941421508789	auch, die	
0	568.8800000000024	0.9646589756011963	Schwierigkeit	
0	569.9200000000023	1.0820658206939697	hinter diesem uh b hinter	
0	570.9600000000023	1.1708142757415771	allen diesen Datensatz zu analysieren.	
0	572.0000000000023	1.1081514358520508	Wir gehen davon aus, dass die Anzahl	
0	573.0400000000022	0.9238324165344238	der ungenutzten	
0	574.0800000000022	0.9113976955413818	Größe kann als	
0	575.1200000000022	0.8235583305358887	irrelevant Information	
0	576.1600000000021	0.8355998992919922	hier betrachtet werden.	
0	577.2000000000021	0.879835844039917	Also	
0	578.240000000002	0.9099166393280029	hier können wir sehen,	
0	579.280000000002	0.7534992694854736	dass wir	
0	580.320000000002	0.9048705101013184	die	
0	581.360000000002	1.145106554031372	num die der Prozentsatz	
0	582.4000000000019	0.9938979148864746	der Proben	
0	583.4400000000019	1.0653014183044434		
0	584.4800000000018	1.191612720489502	wir ungenutzte Größen und der swamp Datensatz hat	
0	585.5200000000018	0.786998987197876		
0	586.5600000000018	1.0313851833343506	den größten Anteil.	
0	587.6000000000017	0.926668643951416	Und hier zeigen wir auch die	
0	588.6400000000017	0.2608170509338379	allgemeine Leistung.	
0	589.6800000000017	0.17670989036560059		
0	590.7200000000016	0.8451156616210938		
0	591.7600000000016	1.0243253707885742	Für	
0	592.8000000000015	1.200779676437378	diese Proben ohne ungenutzte Größen.	
0	593.8400000000015	0.963975191116333	Also die allgemeine	
0	594.8800000000015	0.8835601806640625	Leistung ist eigentlich	
0	595.9200000000014	0.9564914703369141	höher als uh	
0	596.9600000000014	0.96343994140625	die die Leistung ist	
0	598.0000000000014	0.9178378582000732	eigentlich höher als die allgemeine	
0	599.0400000000013	0.9711737632751465	Leistung.	
0	600.0800000000013	1.0258841514587402	Aber mit diesen Proben,	
0	601.1200000000013	0.9432127475738525	die mit	
0	602.1600000000012	1.0415053367614746	ungenutzter Menge ist	
0	603.2000000000012	0.9435269832611084	eigentlich viel	
0	604.2400000000011	0.9704608917236328	schlechter als der	
0	605.2800000000011	0.9476783275604248	com uh viel schlechter	
0	606.3200000000011	0.9104177951812744	als der uh	
0	607.360000000001	0.9241712093353271	die allgemeine Leistung.	
0	608.400000000001	0.9531810283660889	Für	
0	609.440000000001	1.0853841304779053	MAWPS	
0	610.4800000000009	1.1469712257385254	haben wir nicht wir wir haben nicht wirklich uh	
0	611.5200000000009	0.953845739364624	zu viele	
0	612.5600000000009	1.0319533348083496	Desk Cases. Also ich	
0	613.6000000000008	0.9584169387817383	nur uh ignoriere	
0	614.6400000000008	0.7753701210021973	diesen	
0	615.6800000000007	0.8033444881439209		
0	616.7200000000007	0.891545295715332		
0	617.7600000000007	1.1125733852386475		
0	618.8000000000006	1.1199779510498047	Teil. Also uh schließlich wollen wir die	
0	619.8400000000006	0.9754438400268555	Interpretierbarkeit durch	
0	620.8800000000006	0.921907901763916	einen Crash und Teilnahme	
0	621.9200000000005	0.9294760227203369	Beispiel zeigen.	
0	622.9600000000005	0.886702299118042	Also hier	
0	624.0000000000005	0.8516950607299805	unser Modell eigentlich	
0	625.0400000000004	0.950462818145752	macht eine	
0	626.0800000000004	1.0169494152069092	falsche	
0	627.1200000000003	1.0128297805786133	Vorhersage	
0	628.1600000000003	1.0532855987548828	an der at der ersten Schritt.	
0	629.2000000000003	0.8690605163574219	Also	
0	630.2400000000002	1.0060646533966064	können wir eigentlich uh	
0	631.2800000000002	0.9773311614990234	korrelieren die	
0	632.3200000000002	0.9176054000854492	this Ausdruck mit	
0	633.3600000000001	0.9442176818847656	dem Satz hier.	
0	634.4000000000001	0.9812071323394775	Okay. Also	
0	635.44	0.9832096099853516	denken wir, dieser Satz könnte	
0	636.48	0.8505618572235107		
0	637.52	0.952448844909668	das Modell	
0	638.56	1.141977071762085		
0	639.5999999999999	1.191270112991333	irreführend zu uh eine falsche Vorhersage.	
0	640.6399999999999	0.9738104343414307	Also hier	
0	641.6799999999998	0.9335038661956787	pflanzen noch	
0	642.7199999999998	0.9346075057983398	35	
0	643.7599999999998	0.9506399631500244	macht das Modell	
0	644.7999999999997	0.9108328819274902		
0	645.8399999999997	0.9624302387237549	denkt es sollte	
0	646.8799999999997	0.9538066387176514	ein Addition Operatoren.	
0	647.9199999999996	1.021040678024292	Also versuchen	
0	648.9599999999996	1.1330738067626953	wir, den Satz zu	
0	649.9999999999995	1.1756975650787354	überarbeiten, um etwas wie	
0	651.0399999999995	1.1097428798675537	die Anzahl der Paarpalmen	
0	652.0799999999995	1.052973985671997	sind	
0	653.1199999999994	1.0353870391845703		
0	654.1599999999994	1.170466661453247		
0	655.1999999999994	1.3367564678192139		
0	656.2399999999993	1.5777161121368408		
0	657.2799999999993	1.793238878250122		
0	658.3199999999993	1.8487648963928223	fünfzig weniger als die Apfelbäume. Also uh machen wir es, um mehr genaue Semantik zu vermitteln, so dass das Modell in der Lage ist,	
0	659.3599999999992	0.8711097240447998	die	
0	660.3999999999992	0.9884665012359619	um Vorhersage	
0	661.4399999999991	0.9284698963165283	korrekt. Also	
0	662.4799999999991	0.8674929141998291	diese Studie	
0	663.5199999999991	0.9840283393859863	zeigt, wie	
0	664.559999999999	1.0115916728973389	die interpretierbare	
0	665.599999999999	0.9227874279022217		
0	666.639999999999	1.1341300010681152		
0	667.6799999999989	0.7823362350463867		
0	668.7199999999989	0.5689651966094971	Vorhersagen uns helfen, das Modellverhalten zu verstehen.	
0	669.7599999999989	0.7682898044586182		
0	670.7999999999988	0.8876566886901855	Also	
0	671.8399999999988	1.0522570610046387	um unsere Arbeit zu	
0	672.8799999999987	1.111243724822998	schließen, also zuerst unser Modell ist	
0	673.9199999999987	1.0919344425201416	eigentlich ziemlich	
0	674.9599999999987	1.089062213897705	effizient und wir sind in der Lage	
0	675.9999999999986	0.9018995761871338	zu uh	
0	677.0399999999986	0.9057497978210449	interpretierbare	
0	678.0799999999986	1.0083751678466797	uh	
0	679.1199999999985	1.014066219329834	Lösungsvorgang	
0	680.1599999999985	1.1269259452819824	und wir können leicht	
0	681.1999999999985	1.0552446842193604	einige	
0	682.2399999999984	1.0952916145324707		
0	683.2799999999984	1.1980726718902588		
0	684.3199999999983	1.2292180061340332	Prior Wissen als Einschränkung, die helfen können, die Leistung zu	
0	685.3599999999983	0.9885227680206299	verbessern und	
0	686.3999999999983	1.124201774597168	uh	
0	687.4399999999982	1.3442199230194092	die letzte Sache ist, dass die die	
0	688.4799999999982	1.1157629489898682	zugrundeliegende Mechanismus	
0	689.5199999999982	1.2062163352966309	nicht nur auf uh	
0	690.5599999999981	1.0901169776916504	mapwork Problemlösung	
0	691.5999999999981	1.1174557209014893	Aufgaben, sondern auch	
0	692.639999999998	1.196868896484375	andere Aufgaben, die	
0	693.679999999998	0.4928908348083496	mehrstufiges Reasoning beinhalten.	
0	694.719999999998	0.8820512294769287		
0	695.759999999998	1.0163822174072266	Aber wir haben auch gewisse	
0	696.7999999999979	0.9529492855072021	Limitationen.	
0	697.8399999999979	1.0444388389587402		
0	698.8799999999978	1.0915629863739014	Wenn wir eine große Anzahl von	
0	699.9199999999978	1.1193580627441406	Operatoren oder	
0	700.9599999999978	0.9973807334899902		
0	701.9999999999977	1.027217149734497	Konstanten, der Speicherverbrauch	
0	703.0399999999977	0.9796206951141357	könnte	
0	704.0799999999977	1.024958610534668	o könnte ziemlich hoch sein.	
0	705.1199999999976	0.9620113372802734	Und die zweite	
0	706.1599999999976	0.9737446308135986	Sache ist, dass	
0	707.1999999999975	1.2067325115203857	uh wie	
0	708.2399999999975	1.2467284202575684	erwähnt, weil die	
0	709.2799999999975	1.2107408046722412	Wahrscheinlichkeitsverteilung	
0	710.3199999999974	1.309316635131836	ist unbalanciert zwischen uh	
0	711.3599999999974	1.077601671218872	at it	
0	712.3999999999974	1.280803918838501	an verschiedenen Zeitpunkten, so ist es	
0	713.4399999999973	1.1005504131317139	auch ziemlich	
0	714.4799999999973	0.9304957389831543	schwierig,	
0	715.5199999999973	0.9840261936187744	Beam	
0	716.5599999999972	1.1031455993652344		
0	717.5999999999972	1.0354125499725342	Search uh	
0	718.6399999999971	1.1659748554229736	Beam Search Strategie anzuwenden.	
0	719.6799999999971	0.9890530109405518	Also ist das	
0	720.7199999999971	1.0870988368988037	Ende der	
0	721.759999999997	1.0411107540130615		
0	722.799999999997	0.4855477809906006	Rede und uh Fragen sind willkommen. Danke.	
0	723.0229374999969	0.3060588836669922		
1	1.04	0.0392606258392334		
1	2.08	0.2073228359222412	Hallo.	
1	3.12	0.4977705478668213	Hallo, mein Name ist Antoine und ich komme aus	Hallo.
1	4.16	0.7110950946807861	Universität Maastricht.	aus
1	5.2	0.48691725730895996	von der Ich werde	Universität Maastricht.
1	6.24	0.3972330093383789	meine John Wood präsentieren.	
1	7.28	0.4711124897003174	mit Jerry vorstellen.	John Wood präsentieren.
1	8.32	0.4932734966278076	über neue Datensätze vorlegen.	mit Jerry vorstellen.
1	9.36	0.8739464282989502	einen neuen Datensatz für Statutory Art handelt.	über neue Datensätze vorlegen.
1	10.399999999999999	0.7687666416168213	Abrufung gesetzlicher Artikel vorstellen.	einen neuen Datensatz für Statutory Art handelt.
1	11.439999999999998	0.7238867282867432	Arbeit mit Jerry über ein neues Datensatz für die	Abrufung gesetzlicher Artikel vorstellen.
1	12.479999999999997	0.2888338565826416	Rechtliche Themen sind	
1	13.519999999999996	0.44125890731811523	Rechtsfragen sind ein integraler Bestandteil von	Rechtliche Themen sind
1	14.559999999999995	0.565403938293457	Lebens vieler Menschen.	von
1	15.599999999999994	0.3546874523162842	des Lebens vieler Menschen.	Lebens vieler Menschen.
1	16.639999999999993	0.3466958999633789	Doch die Mehrheit der Bürger	
1	17.679999999999993	0.4984469413757324	hat jedoch wenig bis nichts	Lebens vieler Menschen. Doch die Mehrheit der Bürger
1	18.71999999999999	0.6092102527618408	Die Mehrheit der Bürger hat jedoch wenig bis keine Kenntnisse darüber.	hat jedoch wenig bis nichts
1	19.75999999999999	0.3769795894622803	über ihre Rechte.	darüber.
1	20.79999999999999	0.5580921173095703	und grundlegenden rechtlichen Fragen.	Rechte.
1	21.83999999999999	0.4323132038116455	Rechte und Verfahren.	und grundlegenden rechtlichen Fragen.
1	22.87999999999999	0.3794431686401367		Verfahren.
1	23.919999999999987	0.7147202491760254	grundlegenden rechtlichen Verfahren. Infolgedessen sind viele verwundbare	
1	24.959999999999987	0.6367151737213135	können viele verwundbare Bürger, die	sind viele verwundbare
1	25.999999999999986	0.8286926746368408	leisten können, keinen Zugang zu	können viele verwundbare Bürger, die
1	27.039999999999985	0.9735944271087646	haben viele verwundbare Bürger, die sich die teure Hilfe eines Anwalts nicht leisten können, Schwierigkeiten.	leisten können, keinen Zugang zu
1	28.079999999999984	0.6333372592926025	Rechtsexperten nicht leisten können, Schwierigkeiten.	Hilfe eines Anwalts nicht leisten können, Schwierigkeiten.
1	29.119999999999983	0.5864295959472656	Unterstützung eines Rechtsexperten nicht leisten können, Schutz.	Rechtsexperten nicht leisten können, Schwierigkeiten.
1	30.159999999999982	0.4087541103363037	keinen oder schlimmer noch.	Schutz.
1	31.19999999999998	0.6196339130401611	Schutz oder können, keinen Schutz oder im schlimmsten Fall werden sie ausgenutzt.	oder schlimmer noch.
1	32.23999999999998	0.48987364768981934		können, keinen Schutz oder im schlimmsten Fall werden sie ausgenutzt.
1	33.27999999999998	0.5147502422332764	Oder die Arbeit zielt darauf ab, zu	
1	34.31999999999998	0.5585098266601562	Unsere Arbeit zielt darauf ab, die Lücke zwischen	Oder die Arbeit zielt darauf ab, zu
1	35.35999999999998	0.6373960971832275	Menschen und	
1	36.39999999999998	0.13910174369812012		Menschen und
1	37.439999999999976	0.6987407207489014	Menschen und dem Recht zu schließen, indem wir effektive Lösungen entwickeln.	
1	38.479999999999976	0.8086714744567871	Retrieval-Systeme für	Lösungen entwickeln.
1	39.519999999999975	0.536576509475708	Retrieval-Systeme für gesetzliche Artikel entwickeln.	
1	40.559999999999974	0.27338218688964844		Retrieval-Systeme für gesetzliche Artikel entwickeln.
1	41.59999999999997	0.3809530735015869	Ein solches System könnte	
1	42.63999999999997	0.610119104385376	ein kostenloses Profil bereitstellen.	
1	43.67999999999997	0.47920703887939453	kostenlose, professionelle Rechtsberatung bieten.	ein kostenloses Profil bereitstellen.
1	44.71999999999997	0.4604837894439697	eine kostenlose professionelle Rechtsberatungsleistung für	kostenlose, professionelle Rechtsberatung bieten.
1	45.75999999999997	0.6959583759307861	unerfahrene Menschen bieten.	
1	46.79999999999997	0.3860747814178467		
1	47.83999999999997	0.14609646797180176		unerfahrene Menschen bieten.
1	48.87999999999997	0.5674219131469727	Bevor wir in den Hauptbeitrag eintauchen,	
1	49.919999999999966	0.6716718673706055	Arbeit kommen, lassen Sie uns	in den Hauptbeitrag eintauchen,
1	50.959999999999965	0.6356770992279053	zur Hauptbeiträge dieser Arbeit kommen, beschreiben wir zunächst das	Arbeit kommen, lassen Sie uns
1	51.999999999999964	0.5383365154266357	Problem der Statische.	
1	53.039999999999964	0.5103442668914795	Artikel.	Statische.
1	54.07999999999996	0.36597752571105957	Abrufung gesetzlicher	Artikel.
1	55.11999999999996	0.37302064895629883	Gegeben ein einfacher Frage	
1	56.15999999999996	0.616631031036377	Allel-Match,	Frage
1	57.19999999999996	0.5132017135620117	einem Rechtsproblem, wie zum Beispiel	Allel-Match,
1	58.23999999999996	0.6564533710479736	Frage zu einem Rechtsproblem, wie zum Was soll ich	einem Rechtsproblem, wie zum Beispiel
1	59.27999999999996	0.5290462970733643	Beispiel: Was riskiere ich, wenn ich	Was soll ich
1	60.31999999999996	0.6778082847595215	verletze?	
1	61.35999999999996	0.5743305683135986	die Verschwiegenheit verletze?	verletze?
1	62.399999999999956	0.6665821075439453	berufliche ist ein Modell	Verschwiegenheit verletze?
1	63.439999999999955	0.8289656639099121	Schweigepflicht zum Beispiel: Was riskiere ich, wenn ich die berufliche Schweigepflicht verletze? Ein Modell ist erforderlich, um zu abrufen.	ist ein Modell
1	64.47999999999996	0.6345829963684082	zu einem Rechtsproblem, wie zum Beispiel: Was riskiere ich, wenn ich die berufliche Schweigepflicht verletze, wird ein Modell benötigt, um alle relevanten	zum Beispiel: Was riskiere ich, wenn ich die berufliche Schweigepflicht verletze? Ein Modell ist erforderlich, um zu abrufen.
1	65.51999999999997	0.8399431705474854	Ein solches System könnte eine kostenlose professionelle Rechtsberatungsleistung für unerfahrene Menschen bieten. Bevor wir zur Hauptbeiträge dieser Arbeit kommen, beschreiben wir zunächst das Problem der Abrufung gesetzlicher Artikel. Gegeben ein einfacher Frage zu einem Rechtsproblem, wie zum Beispiel: Was riskiere ich, wenn ich die berufliche Schweigepflicht verletze? Ist ein Modell erforderlich, um alle relevanten gesetzlichen Artikel abzurufen.	zu einem Rechtsproblem, wie zum Beispiel: Was riskiere ich, wenn ich die berufliche Schweigepflicht verletze, wird ein Modell benötigt, um alle relevanten
1	66.55999999999997	0.9683237075805664	verletze? Ist ein Modell erforderlich, um alle relevanten gesetzlichen Artikel Artikel aus einer großen Menge abzurufen.	Ein solches System könnte eine kostenlose professionelle Rechtsberatungsleistung für unerfahrene Menschen bieten. Bevor wir zur Hauptbeiträge dieser Arbeit kommen, beschreiben wir zunächst das Problem der Abrufung gesetzlicher Artikel. Gegeben ein einfacher Frage zu einem Rechtsproblem, wie zum Beispiel: Was riskiere ich, wenn ich die berufliche Schweigepflicht verletze? Ist ein Modell erforderlich, um alle relevanten gesetzlichen Artikel abzurufen.
1	67.59999999999998	0.5939571857452393	aus gesetzlicher Artikel. Gegeben ein einfacher Frage zu einem Rechtsproblem, wie zum Beispiel: Was riskiere ich, wenn ich die berufliche Schweigepflicht verletze? Ist ein Modell erforderlich, um alle relevanten gesetzlichen Artikel aus einem großen Körper von Gesetzen abzurufen.	Artikel aus einer großen Menge abzurufen.
1	68.63999999999999	0.4930305480957031		gesetzlicher Artikel. Gegeben ein einfacher Frage zu einem Rechtsproblem, wie zum Beispiel: Was riskiere ich, wenn ich die berufliche Schweigepflicht verletze? Ist ein Modell erforderlich, um alle relevanten gesetzlichen Artikel aus einem großen Körper von Gesetzen abzurufen.
1	69.67999999999999	0.14500665664672852		
1	70.72	0.4660007953643799	Diese Informationssuche Aufgabe kommt mit	
1	71.76	0.7700507640838623	ihre eigene Reihe von Herausforderungen mit sich.	Aufgabe kommt mit
1	72.80000000000001	0.5699236392974854	bringt ihre Herausforderungen mit sich.	ihre eigene Reihe von Herausforderungen mit sich.
1	73.84000000000002	0.5816099643707275	eigenen Erstens,	Herausforderungen mit sich.
1	74.88000000000002	0.47367310523986816	es darum,	Erstens,
1	75.92000000000003	0.5972342491149902	Erstens geht es zwei Arten von Sprache.	es darum,
1	76.96000000000004	0.35909366607666016	um	zwei Arten von Sprache.
1	78.00000000000004	0.4292309284210205	Gemeinsame natürliche Sprache	
1	79.04000000000005	0.5557858943939209	für die Fragen	
1	80.08000000000006	0.5069146156311035	Fragen und komplexe	
1	81.12000000000006	0.5776951313018799	rechtliche Sprache für die	
1	82.16000000000007	0.5644114017486572	Herausforderungen mit sich. Erstens geht es um zwei Arten von Sprache. Gemeinsame natürliche Sprache für die Fragen und komplexe rechtliche Sprache für die Gesetze.	Fragen und komplexe rechtliche Sprache für die
1	83.20000000000007	0.26072072982788086		Herausforderungen mit sich. Erstens geht es um zwei Arten von Sprache. Gemeinsame natürliche Sprache für die Fragen und komplexe rechtliche Sprache für die Gesetze.
1	84.24000000000008	0.46314311027526855	Dieser Unterschied in der Sprache	
1	85.28000000000009	0.5560040473937988	Sprachverteilungen	der Sprache
1	86.32000000000009	0.6134364604949951	den macht es schwieriger für	Sprachverteilungen
1	87.3600000000001	0.5582973957061768	ein System schwieriger	schwieriger für
1	88.4000000000001	0.5519828796386719	für ein System relevante	ein System schwieriger
1	89.44000000000011	0.6606290340423584	schwieriger, Gesetze. Dieser Unterschied in den Sprachverteilungen macht es für ein System schwieriger, relevante Kandidaten abzurufen.	relevante
1	90.48000000000012	0.6784744262695312	Kandidaten Gesetze. Dieser Unterschied in den Sprachverteilungen macht es für ein System schwieriger, relevante Kandidaten abzurufen, da es indirekt	Gesetze. Dieser Unterschied in den Sprachverteilungen macht es für ein System schwieriger, relevante Kandidaten abzurufen.
1	91.52000000000012	0.6222050189971924	indirekt eine	Gesetze. Dieser Unterschied in den Sprachverteilungen macht es für ein System schwieriger, relevante Kandidaten abzurufen, da es indirekt
1	92.56000000000013	0.48389673233032227		indirekt eine
1	93.60000000000014	0.5964086055755615	inhärente Interpretationssystem erfordert.	
1	94.64000000000014	0.6461615562438965	Interpretationssystem erfordert, das sein kann.	erfordert.
1	95.68000000000015	0.5530672073364258	erfordert, das Reihe von	Interpretationssystem erfordert, das sein kann.
1	96.72000000000016	0.19999194145202637		Reihe von
1	97.76000000000016	0.5635514259338379	natürliche Frage in eine rechtliche	
1	98.80000000000017	0.7988560199737549	eine Frage übersetzt, die passt	natürliche Frage in eine rechtliche
1	99.84000000000017	0.8762562274932861	von Gesetzen abzurufen. Diese Informationssuche bringt ihre eigenen Herausforderungen mit sich. Erstens geht es um zwei Arten von Sprache. Gemeinsame natürliche Sprache für die Fragen und komplexe rechtliche Sprache für die Gesetze. Dieser Unterschied in den Sprachverteilungen macht es für ein System schwieriger, relevante Kandidaten abzurufen, da es indirekt eine inhärente Interpretationssystem erfordert, das eine natürliche Frage in eine rechtliche Frage übersetzt, die mit der Terminologie des Status übereinstimmt.	passt
1	100.88000000000018	0.7059476375579834	mit der Terminologie übereinstimmt.	von Gesetzen abzurufen. Diese Informationssuche bringt ihre eigenen Herausforderungen mit sich. Erstens geht es um zwei Arten von Sprache. Gemeinsame natürliche Sprache für die Fragen und komplexe rechtliche Sprache für die Gesetze. Dieser Unterschied in den Sprachverteilungen macht es für ein System schwieriger, relevante Kandidaten abzurufen, da es indirekt eine inhärente Interpretationssystem erfordert, das eine natürliche Frage in eine rechtliche Frage übersetzt, die mit der Terminologie des Status übereinstimmt.
1	101.92000000000019	0.385392427444458	der Gesetze	übereinstimmt.
1	102.96000000000019	0.546187162399292	ist das Gesetz	
1	104.0000000000002	0.8027255535125732	Darüber hinaus ist das kein Stapel von Informationen.	ist das Gesetz
1	105.0400000000002	0.7291696071624756	Statutrecht unabhängiger Artikel.	kein Stapel von Informationen.
1	106.08000000000021	0.8606202602386475	nicht ein Stapel unabhängiger das eine natürliche Frage in eine rechtliche Frage übersetzt, die mit der Terminologie der Gesetze übereinstimmt. Darüber hinaus ist das Statutrecht nicht ein Stapel unabhängiger Artikel, die als solche behandelt werden können.	unabhängiger Artikel.
1	107.12000000000022	0.7406604290008545	Artikel, die als das eine natürliche Frage in eine rechtliche Frage übersetzt, die mit der Terminologie der Gesetze übereinstimmt. Darüber hinaus ist das Statutrecht nicht ein Stapel unabhängiger Artikel, die als vollständige Quelle behandelt werden können.	das eine natürliche Frage in eine rechtliche Frage übersetzt, die mit der Terminologie der Gesetze übereinstimmt. Darüber hinaus ist das Statutrecht nicht ein Stapel unabhängiger Artikel, die als solche behandelt werden können.
1	108.16000000000022	0.6321442127227783	vollständige eine rechtliche Frage übersetzt, die mit der Terminologie der Gesetze übereinstimmt. Darüber hinaus ist das Statutrecht nicht ein Stapel unabhängiger Artikel, die als vollständige Informationsquelle behandelt werden können.	das eine natürliche Frage in eine rechtliche Frage übersetzt, die mit der Terminologie der Gesetze übereinstimmt. Darüber hinaus ist das Statutrecht nicht ein Stapel unabhängiger Artikel, die als vollständige Quelle behandelt werden können.
1	109.20000000000023	0.829317569732666	Informationsquelle Ne	eine rechtliche Frage übersetzt, die mit der Terminologie der Gesetze übereinstimmt. Darüber hinaus ist das Statutrecht nicht ein Stapel unabhängiger Artikel, die als vollständige Informationsquelle behandelt werden können.
1	110.24000000000024	0.9512755870819092	übersetzt, die mit der Terminologie der Gesetze übereinstimmt. Darüber hinaus ist das Statutrecht nicht ein Stapel unabhängiger Artikel, die als vollständige Informationsquelle auf sich allein betrachtet werden können, im Gegensatz zu Nachrichten oder Rezepten zum Beispiel.	Ne
1	111.28000000000024	0.8385231494903564	auf sich allein betrachtet werden können, können, wie zum Beispiel Nachrichten oder Rezepte.	übersetzt, die mit der Terminologie der Gesetze übereinstimmt. Darüber hinaus ist das Statutrecht nicht ein Stapel unabhängiger Artikel, die als vollständige Informationsquelle auf sich allein betrachtet werden können, im Gegensatz zu Nachrichten oder Rezepten zum Beispiel.
1	112.32000000000025	0.8199899196624756	wie Rezepte zum Beispiel. Stattdessen ist es ein	können, wie zum Beispiel Nachrichten oder Rezepte.
1	113.36000000000026	0.9030723571777344	Nachrichten oder Rezepte zum Beispiel. Stattdessen ist es Struktur gesammelt.	Rezepte zum Beispiel. Stattdessen ist es ein
1	114.40000000000026	0.7182910442352295	eine rechtliche Frage übersetzt, die mit der Terminologie der Gesetze übereinstimmt. Darüber hinaus ist das Statutrecht nicht ein Stapel unabhängiger Artikel, die als vollständige Informationsquelle auf sich allein betrachtet werden können, wie Nachrichten oder Rezepte zum Beispiel. Stattdessen ist es eine strukturierte Sammlung rechtlicher Prozesse.	Struktur gesammelt.
1	115.44000000000027	0.8221893310546875	strukturierte Sammlung die als vollständige Informationsquelle auf sich allein betrachtet werden können, wie Nachrichten oder Rezepte zum Beispiel. Stattdessen ist es eine strukturierte Sammlung von Rechtsvorschriften, die ein Ganzes	rechtliche Frage übersetzt, die mit der Terminologie der Gesetze übereinstimmt. Darüber hinaus ist das Statutrecht nicht ein Stapel unabhängiger Artikel, die als vollständige Informationsquelle auf sich allein betrachtet werden können, wie Nachrichten oder Rezepte zum Beispiel. Stattdessen ist es eine strukturierte Sammlung rechtlicher Prozesse.
1	116.48000000000027	0.9991867542266846	von Rechtsvorschriften, die nur eine ganze Bedeutung haben, wenn sie zusammen betrachtet werden.	die als vollständige Informationsquelle auf sich allein betrachtet werden können, wie Nachrichten oder Rezepte zum Beispiel. Stattdessen ist es eine strukturierte Sammlung von Rechtsvorschriften, die ein Ganzes
1	117.52000000000028	0.8119738101959229	indirekt eine inhärente Interpretationssystem erfordert, das eine natürliche Frage in eine rechtliche Frage übersetzt, die mit der Terminologie der Gesetze übereinstimmt. Darüber hinaus ist das Statutrecht nicht ein Stapel unabhängiger Artikel, die als vollständige Informationsquelle auf sich allein betrachtet werden können, wie Nachrichten oder Rezepte zum Beispiel. Stattdessen ist es eine strukturierte Sammlung von Rechtsvorschriften, die nur dann eine ganze Bedeutung haben, wenn sie im Kontext der	eine ganze Bedeutung haben, wenn sie zusammen betrachtet werden.
1	118.56000000000029	0.8954145908355713	Gesamtkontext betrachtet werden.	indirekt eine inhärente Interpretationssystem erfordert, das eine natürliche Frage in eine rechtliche Frage übersetzt, die mit der Terminologie der Gesetze übereinstimmt. Darüber hinaus ist das Statutrecht nicht ein Stapel unabhängiger Artikel, die als vollständige Informationsquelle auf sich allein betrachtet werden können, wie Nachrichten oder Rezepte zum Beispiel. Stattdessen ist es eine strukturierte Sammlung von Rechtsvorschriften, die nur dann eine ganze Bedeutung haben, wenn sie im Kontext der
1	119.60000000000029	0.8169879913330078	Das heißt zusammen	Gesamtkontext betrachtet werden.
1	120.6400000000003	0.9977130889892578	im Gesamtkontext eine ganze Bedeutung haben. Das zusammen mit den ergänzenden	Das heißt zusammen
1	121.6800000000003	0.7475912570953369	heißt, Informationen aus dem	zusammen mit den ergänzenden
1	122.72000000000031	0.6651530265808105	Artikel, die als vollständige Informationsquelle auf sich allein betrachtet werden können, wie Nachrichten oder Rezepte zum Beispiel. Stattdessen ist es eine strukturierte Sammlung von Rechtsvorschriften, die nur im Gesamtkontext eine ganze Bedeutung haben. Das heißt, zusammen mit den ergänzenden Informationen aus den benachbarten Artikeln.	dem
1	123.76000000000032	0.7588186264038086	den benachbarten Artikel, die als vollständige Informationsquelle auf sich allein betrachtet werden können, wie Nachrichten oder Rezepte zum Beispiel. Stattdessen ist es eine strukturierte Sammlung von Rechtsvorschriften, die nur im Gesamtkontext eine ganze Bedeutung haben. Das heißt, zusammen mit den ergänzenden Informationen aus den benachbarten Artikeln, den Feldern und	Artikel, die als vollständige Informationsquelle auf sich allein betrachtet werden können, wie Nachrichten oder Rezepte zum Beispiel. Stattdessen ist es eine strukturierte Sammlung von Rechtsvorschriften, die nur im Gesamtkontext eine ganze Bedeutung haben. Das heißt, zusammen mit den ergänzenden Informationen aus den benachbarten Artikeln.
1	124.80000000000032	0.8913059234619141	Retrieval-Systeme für gesetzliche Artikel entwickeln. Ein solches System könnte eine kostenlose professionelle Rechtsberatungsleistung für unerfahrene Menschen bieten. Bevor wir zur Hauptbeiträge dieser Arbeit kommen, beschreiben wir zunächst das Problem der Abrufung gesetzlicher Artikel. Gegeben ein einfacher Frage zu einem Rechtsproblem, wie zum Beispiel: Was riskiere ich, wenn ich die berufliche Schweigepflicht verletze? Ist ein Modell erforderlich, um alle relevanten gesetzlichen Artikel aus einem großen Körper von Gesetzen abzurufen. Diese Informationssuche bringt ihre eigenen Herausforderungen mit sich. Erstens geht es um zwei Arten von Sprache. Gemeinsame natürliche Sprache für die Fragen und komplexe rechtliche Sprache für die Gesetze. Dieser Unterschied in den Sprachverteilungen macht es für ein System schwieriger, relevante Kandidaten abzurufen, da es indirekt eine inhärente Interpretationssystem erfordert, das eine natürliche Frage in eine rechtliche Frage übersetzt, die mit der Terminologie der Gesetze übereinstimmt. Darüber hinaus ist das Statutrecht nicht ein Stapel unabhängiger Artikel, die als vollständige Informationsquelle auf sich allein betrachtet werden können, wie Nachrichten oder Rezepte zum Beispiel. Stattdessen ist es eine strukturierte Sammlung von Rechtsvorschriften, die nur im Gesamtkontext eine ganze Bedeutung haben. Das heißt, zusammen mit den ergänzenden Informationen aus den benachbarten Artikeln, den Feldern und Unterfeldern, denen sie angehören.	Artikel, die als vollständige Informationsquelle auf sich allein betrachtet werden können, wie Nachrichten oder Rezepte zum Beispiel. Stattdessen ist es eine strukturierte Sammlung von Rechtsvorschriften, die nur im Gesamtkontext eine ganze Bedeutung haben. Das heißt, zusammen mit den ergänzenden Informationen aus den benachbarten Artikeln, den Feldern und
1	125.84000000000033	0.8034358024597168	Unterfeldern, denen sie Unterfeldern, denen sie angehören, und den	Retrieval-Systeme für gesetzliche Artikel entwickeln. Ein solches System könnte eine kostenlose professionelle Rechtsberatungsleistung für unerfahrene Menschen bieten. Bevor wir zur Hauptbeiträge dieser Arbeit kommen, beschreiben wir zunächst das Problem der Abrufung gesetzlicher Artikel. Gegeben ein einfacher Frage zu einem Rechtsproblem, wie zum Beispiel: Was riskiere ich, wenn ich die berufliche Schweigepflicht verletze? Ist ein Modell erforderlich, um alle relevanten gesetzlichen Artikel aus einem großen Körper von Gesetzen abzurufen. Diese Informationssuche bringt ihre eigenen Herausforderungen mit sich. Erstens geht es um zwei Arten von Sprache. Gemeinsame natürliche Sprache für die Fragen und komplexe rechtliche Sprache für die Gesetze. Dieser Unterschied in den Sprachverteilungen macht es für ein System schwieriger, relevante Kandidaten abzurufen, da es indirekt eine inhärente Interpretationssystem erfordert, das eine natürliche Frage in eine rechtliche Frage übersetzt, die mit der Terminologie der Gesetze übereinstimmt. Darüber hinaus ist das Statutrecht nicht ein Stapel unabhängiger Artikel, die als vollständige Informationsquelle auf sich allein betrachtet werden können, wie Nachrichten oder Rezepte zum Beispiel. Stattdessen ist es eine strukturierte Sammlung von Rechtsvorschriften, die nur im Gesamtkontext eine ganze Bedeutung haben. Das heißt, zusammen mit den ergänzenden Informationen aus den benachbarten Artikeln, den Feldern und Unterfeldern, denen sie angehören.
1	126.88000000000034	0.7129218578338623	angehören, und ihrer Position in der Struktur.	Unterfeldern, denen sie angehören, und den
1	127.92000000000034	0.6464691162109375	Struktur des Rechts.	Struktur.
1	128.96000000000035	0.2897064685821533		
1	130.00000000000034	0.616797924041748	Zuletzt, Statutrecht.	Struktur des Rechts.
1	131.04000000000033	0.6811721324920654	Artikel nicht glatt.	Zuletzt, Statutrecht.
1	132.08000000000033	0.699599027633667	Schließlich sind gesetzliche Artikel kleinen Absätze.	Artikel nicht glatt.
1	133.12000000000032	0.931509256362915	keine kleinen angehören, und ihrer Position in der Struktur des Rechts. Schließlich sind gesetzliche Artikel keine kleinen Absätze, was normalerweise der Fall ist, wenn es um	kleinen Absätze.
1	134.1600000000003	0.8682234287261963	Absätze, was normalerweise Retrieval-Einheit ist.	angehören, und ihrer Position in der Struktur des Rechts. Schließlich sind gesetzliche Artikel keine kleinen Absätze, was normalerweise der Fall ist, wenn es um
1	135.2000000000003	1.0012309551239014	die typische Retrieval-Einheit meisten Retrieval-Systemen ist.	Retrieval-Einheit ist.
1	136.2400000000003	0.7633821964263916	in den meisten Retrieval-Arbeiten ist.	meisten Retrieval-Systemen ist.
1	137.28000000000029	0.7488067150115967	Hier, in	
1	138.32000000000028	0.6310794353485107	sie angehören, und ihrer Position in der Struktur des Rechts. Schließlich sind gesetzliche Artikel keine kleinen Absätze, was normalerweise die typische Retrieval-Einheit in den meisten Retrieval-Arbeiten ist. Hier sind sie lange Dokumente.	Hier, in
1	139.36000000000027	0.6931767463684082	Hier sind sie lange Dokumente, die möglicherweise	sie angehören, und ihrer Position in der Struktur des Rechts. Schließlich sind gesetzliche Artikel keine kleinen Absätze, was normalerweise die typische Retrieval-Einheit in den meisten Retrieval-Arbeiten ist. Hier sind sie lange Dokumente.
1	140.40000000000026	0.9266278743743896	zu sechstausend Wörter lang sein können.	möglicherweise
1	141.44000000000025	0.8102965354919434	bis zu sechstausend Wörter sechstausend Wörter betragen können.	zu sechstausend Wörter lang sein können.
1	142.48000000000025	0.32715272903442383		sechstausend Wörter betragen können.
1	143.52000000000024	0.824164867401123	lang sein können. Die jüngsten Fortschritte in	
1	144.56000000000023	0.8695230484008789	NLP haben ausgelöst	
1	145.60000000000022	0.8425371646881104	der NLP haben in den meisten Retrieval-Arbeiten ist. Hier sind sie lange Dokumente, die bis zu sechstausend Wörter lang sein können. Die jüngsten Fortschritte in der NLP haben großes Interesse bei vielen geweckt.	NLP haben ausgelöst
1	146.6400000000002	0.7650547027587891	großes Interesse bei vielen meisten Retrieval-Arbeiten ist. Hier sind sie lange Dokumente, die bis zu sechstausend Wörter lang sein können. Die jüngsten Fortschritte in der NLP haben großes Interesse bei vielen Rechtsaufgaben geweckt, wie	in den meisten Retrieval-Arbeiten ist. Hier sind sie lange Dokumente, die bis zu sechstausend Wörter lang sein können. Die jüngsten Fortschritte in der NLP haben großes Interesse bei vielen geweckt.
1	147.6800000000002	0.7751104831695557	Rechtsaufgaben	meisten Retrieval-Arbeiten ist. Hier sind sie lange Dokumente, die bis zu sechstausend Wörter lang sein können. Die jüngsten Fortschritte in der NLP haben großes Interesse bei vielen Rechtsaufgaben geweckt, wie
1	148.7200000000002	0.9730744361877441		
1	149.7600000000002	1.098264455795288	ausgelöst, wie z.B.	
1	150.80000000000018	1.0342321395874023	die Vorhersage von Rechtsurteilen oder berufliche Schweigepflicht verletze? Ist ein Modell erforderlich, um alle relevanten gesetzlichen Artikel aus einem großen Körper von Gesetzen abzurufen. Diese Informationssuche bringt ihre eigenen Herausforderungen mit sich. Erstens geht es um zwei Arten von Sprache. Gemeinsame natürliche Sprache für die Fragen und komplexe rechtliche Sprache für die Gesetze. Dieser Unterschied in den Sprachverteilungen macht es für ein System schwieriger, relevante Kandidaten abzurufen, da es indirekt eine inhärente Interpretationssystem erfordert, das eine natürliche Frage in eine rechtliche Frage übersetzt, die mit der Terminologie der Gesetze übereinstimmt. Darüber hinaus ist das Statutrecht nicht ein Stapel unabhängiger Artikel, die als vollständige Informationsquelle auf sich allein betrachtet werden können, wie Nachrichten oder Rezepte zum Beispiel. Stattdessen ist es eine strukturierte Sammlung von Rechtsvorschriften, die nur im Gesamtkontext eine ganze Bedeutung haben. Das heißt, zusammen mit den ergänzenden Informationen aus den benachbarten Artikeln, den Feldern und Unterfeldern, denen sie angehören, und ihrer Position in der Struktur des Rechts. Schließlich sind gesetzliche Artikel keine kleinen Absätze, was normalerweise die typische Retrieval-Einheit in den meisten Retrieval-Arbeiten ist. Hier sind sie lange Dokumente, die bis zu sechstausend Wörter lang sein können. Die jüngsten Fortschritte in der NLP haben großes Interesse bei vielen Rechtsaufgaben ausgelöst, wie z.B. die Vorhersage von Rechtsurteilen oder die automatische Überprüfung von Vertragskontakten.	
1	151.84000000000017	0.6457216739654541	die	berufliche Schweigepflicht verletze? Ist ein Modell erforderlich, um alle relevanten gesetzlichen Artikel aus einem großen Körper von Gesetzen abzurufen. Diese Informationssuche bringt ihre eigenen Herausforderungen mit sich. Erstens geht es um zwei Arten von Sprache. Gemeinsame natürliche Sprache für die Fragen und komplexe rechtliche Sprache für die Gesetze. Dieser Unterschied in den Sprachverteilungen macht es für ein System schwieriger, relevante Kandidaten abzurufen, da es indirekt eine inhärente Interpretationssystem erfordert, das eine natürliche Frage in eine rechtliche Frage übersetzt, die mit der Terminologie der Gesetze übereinstimmt. Darüber hinaus ist das Statutrecht nicht ein Stapel unabhängiger Artikel, die als vollständige Informationsquelle auf sich allein betrachtet werden können, wie Nachrichten oder Rezepte zum Beispiel. Stattdessen ist es eine strukturierte Sammlung von Rechtsvorschriften, die nur im Gesamtkontext eine ganze Bedeutung haben. Das heißt, zusammen mit den ergänzenden Informationen aus den benachbarten Artikeln, den Feldern und Unterfeldern, denen sie angehören, und ihrer Position in der Struktur des Rechts. Schließlich sind gesetzliche Artikel keine kleinen Absätze, was normalerweise die typische Retrieval-Einheit in den meisten Retrieval-Arbeiten ist. Hier sind sie lange Dokumente, die bis zu sechstausend Wörter lang sein können. Die jüngsten Fortschritte in der NLP haben großes Interesse bei vielen Rechtsaufgaben ausgelöst, wie z.B. die Vorhersage von Rechtsurteilen oder die automatische Überprüfung von Vertragskontakten.
1	152.88000000000017	0.8762364387512207	ist. Hier sind sie lange Dokumente, die bis zu sechstausend Wörter lang sein können. Die jüngsten Fortschritte in der NLP haben großes Interesse bei vielen Rechtsaufgaben ausgelöst, wie z.B. die Vorhersage von Rechtsurteilen oder die automatische Überprüfung von Vertragskontakten. Aber das Statutrecht	
1	153.92000000000016	0.9161937236785889	automatische Retrieval-Einheit in den meisten Retrieval-Arbeiten ist. Hier sind sie lange Dokumente, die bis zu sechstausend Wörter lang sein können. Die jüngsten Fortschritte in der NLP haben großes Interesse bei vielen Rechtsaufgaben ausgelöst, wie z.B. die Vorhersage von Rechtsurteilen oder die automatische Vertragsprüfung. Aber die Abrufung gesetzlicher Artikel hat	ist. Hier sind sie lange Dokumente, die bis zu sechstausend Wörter lang sein können. Die jüngsten Fortschritte in der NLP haben großes Interesse bei vielen Rechtsaufgaben ausgelöst, wie z.B. die Vorhersage von Rechtsurteilen oder die automatische Überprüfung von Vertragskontakten. Aber das Statutrecht
1	154.96000000000015	0.8804037570953369	Vertragsprüfung. Aber die Abrufung gesetzlicher Artikel Dokumente, die bis zu sechstausend Wörter lang sein können. Die jüngsten Fortschritte in der NLP haben großes Interesse bei vielen Rechtsaufgaben ausgelöst, wie z.B. die Vorhersage von Rechtsurteilen oder die automatische Vertragsprüfung. Aber die Abrufung gesetzlicher Artikel ist hauptsächlich	Retrieval-Einheit in den meisten Retrieval-Arbeiten ist. Hier sind sie lange Dokumente, die bis zu sechstausend Wörter lang sein können. Die jüngsten Fortschritte in der NLP haben großes Interesse bei vielen Rechtsaufgaben ausgelöst, wie z.B. die Vorhersage von Rechtsurteilen oder die automatische Vertragsprüfung. Aber die Abrufung gesetzlicher Artikel hat
1	156.00000000000014	0.6168222427368164	ist Dokumente, die bis zu sechstausend Wörter lang sein können. Die jüngsten Fortschritte in der NLP haben großes Interesse bei vielen Rechtsaufgaben ausgelöst, wie z.B. die Vorhersage von Rechtsurteilen oder die automatische Vertragsprüfung. Aber die Abrufung gesetzlicher Artikel ist aufgrund des Mangels an	Dokumente, die bis zu sechstausend Wörter lang sein können. Die jüngsten Fortschritte in der NLP haben großes Interesse bei vielen Rechtsaufgaben ausgelöst, wie z.B. die Vorhersage von Rechtsurteilen oder die automatische Vertragsprüfung. Aber die Abrufung gesetzlicher Artikel ist hauptsächlich
1	157.04000000000013	0.6786079406738281	bei vielen Rechtsaufgaben ausgelöst, wie z.B. die Vorhersage von Rechtsurteilen oder die automatische Vertragsprüfung. Aber die Abrufung gesetzlicher Artikel ist aufgrund des Mangels an großen und	Dokumente, die bis zu sechstausend Wörter lang sein können. Die jüngsten Fortschritte in der NLP haben großes Interesse bei vielen Rechtsaufgaben ausgelöst, wie z.B. die Vorhersage von Rechtsurteilen oder die automatische Vertragsprüfung. Aber die Abrufung gesetzlicher Artikel ist aufgrund des Mangels an
1	158.08000000000013	0.8416690826416016		bei vielen Rechtsaufgaben ausgelöst, wie z.B. die Vorhersage von Rechtsurteilen oder die automatische Vertragsprüfung. Aber die Abrufung gesetzlicher Artikel ist aufgrund des Mangels an großen und
1	159.12000000000012	0.9211363792419434	hochwertigen Retrieval-Arbeiten ist. Hier sind sie lange Dokumente, die bis zu sechstausend Wörter lang sein können. Die jüngsten Fortschritte in der NLP haben großes Interesse bei vielen Rechtsaufgaben ausgelöst, wie z.B. die Vorhersage von Rechtsurteilen oder die automatische Vertragsprüfung. Aber die Abrufung gesetzlicher Artikel ist aufgrund des Mangels an großen und hochwertigen gelabelten Datensätzen hauptsächlich unberührt geblieben.	
1	160.1600000000001	0.5624408721923828		Retrieval-Arbeiten ist. Hier sind sie lange Dokumente, die bis zu sechstausend Wörter lang sein können. Die jüngsten Fortschritte in der NLP haben großes Interesse bei vielen Rechtsaufgaben ausgelöst, wie z.B. die Vorhersage von Rechtsurteilen oder die automatische Vertragsprüfung. Aber die Abrufung gesetzlicher Artikel ist aufgrund des Mangels an großen und hochwertigen gelabelten Datensätzen hauptsächlich unberührt geblieben.
1	161.2000000000001	0.6603009700775146	der NLP haben großes Interesse bei vielen Rechtsaufgaben ausgelöst, wie z.B. die Vorhersage von Rechtsurteilen oder die automatische Vertragsprüfung. Aber die Abrufung gesetzlicher Artikel ist aufgrund des Mangels an großen und hochwertigen gelabelten Datensätzen hauptsächlich unberührt geblieben. In dieser Arbeit präsentieren wir ein	
1	162.2400000000001	0.7588980197906494		der NLP haben großes Interesse bei vielen Rechtsaufgaben ausgelöst, wie z.B. die Vorhersage von Rechtsurteilen oder die automatische Vertragsprüfung. Aber die Abrufung gesetzlicher Artikel ist aufgrund des Mangels an großen und hochwertigen gelabelten Datensätzen hauptsächlich unberührt geblieben. In dieser Arbeit präsentieren wir ein
1	163.2800000000001	0.6771223545074463	neues französisches	
1	164.32000000000008	0.8742437362670898		
1	165.36000000000007	0.926842451095581		
1	166.40000000000006	1.116337537765503	einheimisches bürgerzentriertes	
1	167.44000000000005	1.0464348793029785	Datensatz, um zu untersuchen, ob	
1	168.48000000000005	0.836956262588501	Retrieval-Modelle	
1	169.52000000000004	0.8114850521087646	die Effizienz	
1	170.56000000000003	0.7288930416107178	und Zuverlässigkeit approximieren können.	
1	171.60000000000002	0.44018054008483887		
1	172.64000000000001	0.44997668266296387		
1	173.68	0.9390902519226074		
1	174.72	0.952056884765625	eines Rechtsexperten für die Aufgabe der Abrufung gesetzlicher Artikel.	
1	175.76	0.15485167503356934		
1	176.79999999999998	0.151123046875		
1	177.83999999999997	0.9095456600189209		
1	178.87999999999997	0.8877823352813721	Oder	
1	179.91999999999996	0.8049831390380859		
1	180.95999999999995	1.2656354904174805		
1	181.99999999999994	1.296163558959961	der belgische Datensatz für die Abrufung gesetzlicher Artikel besteht aus mehr als	
1	183.03999999999994	0.8155739307403564		
1	184.07999999999993	1.1332590579986572	1.100	
1	185.11999999999992	0.6108098030090332	Rechtsfragen, die von belgischen Bürgern gestellt wurden.	
1	186.1599999999999	0.5966687202453613		
1	187.1999999999999	0.8185732364654541	Diese Fragen	
1	188.2399999999999	1.0449409484863281	decken	
1	189.2799999999999	0.9508368968963623	ein breites Spektrum von Themen ab,	
1	190.31999999999988	0.6799454689025879	von Familie, Wohnen,	
1	191.35999999999987	0.7343995571136475	Geld	
1	192.39999999999986	0.7177567481994629	bis hin zu Arbeit und	
1	193.43999999999986	0.24791574478149414	Sozialversicherung.	
1	194.47999999999985	0.6934914588928223		
1	195.51999999999984	0.6165716648101807	Jeder	
1	196.55999999999983	0.7746624946594238	wurde von erfahrenen	
1	197.59999999999982	0.7665004730224609	Juristen	
1	198.63999999999982	0.7757644653320312	mit	
1	199.6799999999998	0.8453624248504639	Verweisen auf relevante Artikel	
1	200.7199999999998	1.0090773105621338	aus einem Korpus von mehr	
1	201.7599999999998	0.8096358776092529	als zwanzigtausend	
1	202.79999999999978	0.7895331382751465	sechs	
1	203.83999999999978	0.8035001754760742		
1	204.87999999999977	1.0014805793762207	rechten Artikeln aus	
1	205.91999999999976	0.5703160762786865	belgischen Gesetzbüchern gelabelt.	
1	206.95999999999975	0.7363731861114502		
1	207.99999999999974	0.9326169490814209	Lassen Sie uns nun darüber sprechen,	
1	209.03999999999974	0.779862642288208	wie wir	
1	210.07999999999973	0.9553916454315186	diesen Datensatz gesammelt haben.	
1	211.11999999999972	0.7545111179351807	Zuerst haben wir	
1	212.1599999999997	0.862175464630127		
1	213.1999999999997	1.0063896179199219	mit der Kompilierung eines großen Korpus	
1	214.2399999999997	0.371187686920166	von Rechtsartikeln begonnen.	
1	215.2799999999997	0.6359708309173584		
1	216.31999999999968	0.7229893207550049	Wir haben 32	
1	217.35999999999967	0.7832996845245361	öffentlich verfügbare	
1	218.39999999999966	0.7809600830078125	belgische Codes berücksichtigt und	
1	219.43999999999966	0.7034094333648682	alle	
1	220.47999999999965	0.6091187000274658	ihre Artikel	
1	221.51999999999964	0.8305766582489014	sowie die entsprechenden	
1	222.55999999999963	0.4556734561920166	Abschnittsüberschriften extrahiert.	
1	223.59999999999962	0.55560302734375		
1	224.63999999999962	0.7250192165374756	Dann haben wir	
1	225.6799999999996	0.7747981548309326	Rechtsfragen	
1	226.7199999999996	0.641432523727417		
1	227.7599999999996	0.7786481380462646	mit Verweisen	
1	228.79999999999959	0.8600895404815674	auf relevante Gesetze gesammelt.	
1	229.83999999999958	0.7909786701202393	Um dies zu tun,	
1	230.87999999999957	0.9995241165161133	haben wir	
1	231.91999999999956	1.1820640563964844	mit	
1	232.95999999999955	1.0563209056854248	einer belgischen Anwaltskanzlei zusammengearbeitet, die	
1	233.99999999999955	0.8077490329742432	jedes Jahr rund	
1	235.03999999999954	0.9945645332336426		
1	236.07999999999953	1.0842185020446777	4.000 E-Mails von belgischen	
1	237.11999999999952	0.834313154220581	Bürgern erhält, die	
1	238.1599999999995	0.7791814804077148	nach Beratung	
1	239.1999999999995	0.3925759792327881	zu einem persönlichen Rechtsproblem fragen.	
1	240.2399999999995	0.6284840106964111		
1	241.2799999999995	0.8627076148986816	Wir hatten	
1	242.31999999999948	0.8604331016540527	Glück genug, Zugang zu	
1	243.35999999999947	0.8034763336181641	ihren Websites zu erhalten, wo	
1	244.39999999999947	0.7274525165557861	ihr Team von	
1	245.43999999999946	0.9417679309844971	erfahrenen Juristen	
1	246.47999999999945	0.8804583549499512		
1	247.51999999999944	0.8891746997833252	die häufigsten	
1	248.55999999999943	1.1744725704193115	belgischen Rechtsprobleme behandelt.	
1	249.59999999999943	0.8129053115844727	Wir haben Tausende	
1	250.63999999999942	0.9040379524230957	von Fragen	
1	251.6799999999994	0.8744266033172607	gesammelt,	
1	252.7199999999994	0.7592527866363525	die mit	
1	253.7599999999994	0.8998425006866455	Kategorien,	
1	254.7999999999994	0.9558346271514893	Unterkategorien und	
1	255.83999999999938	0.8998081684112549	rechtlichen Verweisen auf relevante	
1	256.87999999999937	0.33974337577819824	Gesetze annotiert wurden.	
1	257.9199999999994	0.1460130214691162		
1	258.9599999999994	0.8492400646209717		
1	259.99999999999943	1.0564398765563965	Schließlich haben wir die rechtlichen Verweise	
1	261.03999999999945	0.7307021617889404		
1	262.0799999999995	0.809206485748291		
1	263.1199999999995	0.9659550189971924	übergeben und die Fragen	
1	264.1599999999995	0.8457872867584229	gefiltert, deren Verweise	
1	265.19999999999953	0.7288553714752197	keine Artikel	
1	266.23999999999955	1.0599687099456787	in einem der	
1	267.2799999999996	0.9616613388061523	von uns	
1	268.3199999999996	0.863506555557251	berücksichtigten	
1	269.3599999999996	0.47223520278930664		
1	270.39999999999964	1.109994888305664		
1	271.43999999999966	0.4640376567840576		
1	272.4799999999997	0.49145054817199707	belgischen Gesetzbücher waren.	
1	273.5199999999997	1.219696044921875		
1	274.5599999999997	1.3454670906066895	Die verbleibenden Verweise wurden abgeglichen und in die entsprechenden Artikel-IDs	
1	275.59999999999974	0.4205470085144043	von Orcorpus konvertiert.	
1	276.63999999999976	0.15350914001464844		
1	277.6799999999998	0.6497151851654053		
1	278.7199999999998	0.8492465019226074	Wir endeten schließlich mit	
1	279.7599999999998	0.7570068836212158		
1	280.79999999999984	0.7501964569091797	1108	
1	281.83999999999986	0.8382494449615479		
1	282.8799999999999	0.8384733200073242	Fragen, jede sorgfältig	
1	283.9199999999999	0.8516218662261963	mit den IDs	
1	284.9599999999999	0.912708044052124	der relevanten Artikel	
1	285.99999999999994	0.9576115608215332	aus unserem großen Korpus	
1	287.03999999999996	0.8906822204589844	von	
1	288.08	1.1103389263153076	zwanzigtausend	
1	289.12	1.004387617111206	zweihundertdreiunddreißig	
1	290.16	0.3547344207763672		
1	291.20000000000005	0.755183219909668		
1	292.24000000000007	0.8433794975280762	gesetzlichen Artikeln gelabelt.	
1	293.2800000000001	0.8659288883209229		
1	294.3200000000001	1.008697271347046	Darüber hinaus kommt jede Frage mit	
1	295.3600000000001	0.7911579608917236	einer Hauptkategorie und einer	
1	296.40000000000015	0.7120671272277832	Kette von	
1	297.44000000000017	0.7175841331481934		
1	298.4800000000002	0.9442164897918701	Unterkategorien, und jeder Artikel	
1	299.5200000000002	0.6887753009796143	kommt mit einer	
1	300.56000000000023	0.712069034576416	Kette	
1	301.60000000000025	0.8668675422668457	ihrer	
1	302.64000000000027	0.8375437259674072	sequenziellen Überschrift in der Struktur	
1	303.6800000000003	0.7205696105957031	des Rechts.	
1	304.7200000000003	0.7695744037628174	Diese zusätzliche	
1	305.76000000000033	0.8796517848968506	Information wird	
1	306.80000000000035	0.8993048667907715	in der vorliegenden Arbeit nicht verwendet,	
1	307.8400000000004	0.8114116191864014	könnte aber für	
1	308.8800000000004	0.8546590805053711	zukünftige Forschung	
1	309.9200000000004	0.8378162384033203	zur	
1	310.96000000000043	1.0921576023101807		
1	312.00000000000045	0.9607715606689453	Rechtsinformationsretrieval oder	
1	313.0400000000005	0.8249976634979248		
1	314.0800000000005	1.159674882888794	zur Klassifizierung von Rechtsdokumenten	
1	315.1200000000005	1.0183968544006348	interessant sein. Schauen wir uns einige Merkmale	
1	316.16000000000054	0.7280638217926025	unseres Datensatzes an.	
1	317.20000000000056	0.6713652610778809		
1	318.2400000000006	0.9263293743133545	Die Fragen	
1	319.2800000000006	0.9714276790618896	sind zwischen 5 und 44 Wörter	
1	320.3200000000006	0.9658381938934326	lang, mit einer	
1	321.36000000000064	0.896085262298584	Medianlänge von 40 Wörtern.	
1	322.40000000000066	0.7199561595916748		
1	323.4400000000007	0.8336236476898193	Die Artikel sind viel	
1	324.4800000000007	0.844959020614624	länger, mit	
1	325.5200000000007	0.8670570850372314	einer Medianlänge von	
1	326.56000000000074	0.9063100814819336		
1	327.60000000000076	1.1055958271026611	siebenundsiebzig Wörtern, mit	
1	328.6400000000008	0.8428819179534912		
1	329.6800000000008	1.114952564239502		
1	330.7200000000008	1.2637252807617188	hundertvierundzwanzig davon, die	
1	331.76000000000084	0.857731819152832		
1	332.80000000000086	0.9188451766967773	über tausend Wörter	
1	333.8400000000009	1.0268146991729736	liegen, wobei	
1	334.8800000000009	1.0845515727996826	der längste bis	
1	335.9200000000009	0.949129581451416	fünftausendsiebenhundertneunzig Wörter reicht.	
1	336.96000000000095	0.26000285148620605		
1	338.00000000000097	0.6276535987854004		
1	339.040000000001	0.754493236541748	Wie zuvor	
1	340.080000000001	0.9635372161865234	erwähnt,	
1	341.120000000001	0.9638609886169434		
1	342.16000000000105	1.1333069801330566		
1	343.20000000000107	1.1953229904174805		
1	344.2400000000011	1.430304765701294	decken die Fragen ein breites Spektrum von Themen ab, wobei rund	
1	345.2800000000011	0.9179415702819824	85 %	
1	346.32000000000113	0.8521113395690918		
1	347.36000000000115	0.9932489395141602		
1	348.40000000000117	1.0850520133972168	entweder über Familie, Wohnen, Geld oder Gerechtigkeit gehen,	
1	349.4400000000012	0.9308226108551025	während	
1	350.4800000000012	1.0233497619628906	die verbleibenden fünfzehn Prozent	
1	351.52000000000123	0.6803309917449951	entweder über	
1	352.56000000000125	0.8515253067016602	Sozialversicherung,	
1	353.6000000000013	0.7614612579345703	Ausländer oder	
1	354.6400000000013	0.6537930965423584	Arbeit besorgen.	
1	355.6800000000013	0.42104172706604004		
1	356.72000000000133	0.801680326461792		
1	357.76000000000136	0.9458837509155273	Die Artikel sind auch sehr	
1	358.8000000000014	0.977205753326416	vielfältig, da sie aus	
1	359.8400000000014	0.901390790939331		
1	360.8800000000014	0.935530424118042		
1	361.92000000000144	1.0879175662994385	dreißigzwei verschiedenen belgischen Codes stammen, die	
1	362.96000000000146	0.8476343154907227	eine große Anzahl von	
1	364.0000000000015	0.9184300899505615	illegalen Themen abdecken.	
1	365.0400000000015	0.8250155448913574	Hier ist die	
1	366.0800000000015	0.8581128120422363	Gesamtzahl der	
1	367.12000000000154	0.9434778690338135	gesammelten Artikel aus jedem	
1	368.16000000000156	0.363875150680542	dieser belgischen Codes.	
1	369.2000000000016	0.699350118637085		
1	370.2400000000016	0.7704074382781982	Von den	
1	371.2800000000016	0.7017526626586914		
1	372.32000000000164	0.7245998382568359	zwanzig Artikeln,	
1	373.36000000000166	0.789412260055542		
1	374.4000000000017	0.8483185768127441	nur	
1	375.4400000000017	0.9043269157409668		
1	376.4800000000017	0.9536232948303223		
1	377.52000000000174	0.9186868667602539		
1	378.56000000000176	1.0429470539093018	sechstausendzwölf werden als relevant	
1	379.6000000000018	0.8548388481140137	für mindestens eine Frage	
1	380.6400000000018	0.3477976322174072	im Datensatz bezeichnet.	
1	381.6800000000018	0.7339768409729004		
1	382.72000000000185	0.8515095710754395	Und rund	
1	383.76000000000187	0.8542139530181885		
1	384.8000000000019	1.1604673862457275		
1	385.8400000000019	1.4176850318908691	80 % dieser zitierten Artikel stammen entweder aus dem	
1	386.8800000000019	1.351790428161621		
1	387.92000000000195	1.4191946983337402	Zivilgesetzbuch, dem	
1	388.96000000000197	1.4966838359832764	Justizgesetzbuch, dem Strafuntersuchungsgesetzbuch oder	
1	390.000000000002	0.714552640914917	dem	
1	391.040000000002	0.9868078231811523		
1	392.08000000000203	1.1743619441986084	Strafrechtsgesetzbuch. Gleichzeitig	
1	393.12000000000205	0.8870346546173096		
1	394.16000000000207	1.0530972480773926	haben 18 von 32 Codes weniger	
1	395.2000000000021	0.9324138164520264	als	
1	396.2400000000021	0.8682091236114502	fünf Artikel, die als	
1	397.28000000000213	0.7943680286407471	relevant für mindestens	
1	398.32000000000215	0.7290968894958496	eine Frage erwähnt	
1	399.3600000000022	0.9334936141967773	werden, was	
1	400.4000000000022	0.9258296489715576	durch die Tatsache erklärt werden kann, dass	
1	401.4400000000022	0.9497673511505127	diese Codes	
1	402.48000000000224	0.9561705589294434	weniger auf Einzelpersonen	
1	403.52000000000226	0.7911093235015869	und ihre	
1	404.5600000000023	0.3268775939941406	Anliegen fokussieren.	
1	405.6000000000023	0.6377732753753662		
1	406.6400000000023	0.7843177318572998		
1	407.68000000000234	0.8584904670715332	Insgesamt ist die Medianzahl der	
1	408.72000000000236	0.8464260101318359		
1	409.7600000000024	0.9072527885437012	Zitate für diese zitierten	
1	410.8000000000024	0.7285196781158447	Artikel	
1	411.8400000000024	0.9219970703125		
1	412.88000000000244	1.0450081825256348	2, und weniger als 25 %	
1	413.92000000000246	0.9236748218536377	davon werden	
1	414.9600000000025	0.8051729202270508	mehr als	
1	416.0000000000025	0.7826459407806396		
1	417.0400000000025	0.8224480152130127	5 Mal zitiert.	
1	418.08000000000254	0.6878113746643066	Mit	
1	419.12000000000256	0.8160512447357178	unseren Datensätzen	
1	420.1600000000026	0.8565778732299805	bewerten wir mehrere	
1	421.2000000000026	0.8931634426116943		
1	422.2400000000026	1.0239791870117188	Retrieval-Ansätze, einschließlich	
1	423.28000000000264	0.42161011695861816	lexikalischer und dichter Architektur.	
1	424.32000000000266	0.8459494113922119		
1	425.3600000000027	1.0158114433288574	Gegeben eine Abfrage und	
1	426.4000000000027	0.9652650356292725	einen Artikel,	
1	427.4400000000027	0.9415793418884277	weist ein lexikalisches Modell	
1	428.48000000000275	0.9171605110168457		
1	429.52000000000277	1.1782472133636475		
1	430.5600000000028	1.251405954360962	einem Abfrage-Artikel-Paar eine Punktzahl zu, indem es	
1	431.6000000000028	0.9737398624420166	die Summe	
1	432.64000000000283	1.0118021965026855	über die	
1	433.68000000000285	0.9666440486907959		
1	434.72000000000287	1.1058120727539062	Abfrageterme	
1	435.7600000000029	0.564208984375	berechnet, die Gewichte jedes dieser Terme in diesem Artikel.	
1	436.8000000000029	0.7607312202453613		
1	437.84000000000293	1.044025182723999	Wir experimentieren mit dem	
1	438.88000000000295	0.9744796752929688	Standard-TF-IDF und	
1	439.920000000003	0.8301219940185547		
1	440.960000000003	0.960498571395874	BM25-Rangierungsfunktionen.	
1	442.000000000003	0.8432474136352539	Das	
1	443.04000000000303	0.912825345993042	Hauptproblem mit diesen	
1	444.08000000000305	0.8840038776397705	Ansätzen ist, dass sie	
1	445.1200000000031	0.7793080806732178	nur	
1	446.1600000000031	0.9346072673797607		
1	447.2000000000031	1.1780638694763184	Artikel abrufen können, die Schlüsselwörter	
1	448.24000000000314	0.9792883396148682	enthalten, die in der Abfrage vorhanden sind.	
1	449.28000000000316	0.8422725200653076	Um	
1	450.3200000000032	0.9813015460968018	diese Einschränkung zu überwinden,	
1	451.3600000000032	0.9675700664520264		
1	452.4000000000032	0.9511473178863525	experimentieren wir mit	
1	453.44000000000324	0.8495690822601318	einer neuronalen Architektur,	
1	454.48000000000326	0.77899169921875	die	
1	455.5200000000033	1.0472548007965088	semantische Beziehungen zwischen	
1	456.5600000000033	0.8328127861022949	Abfragen und Artikeln erfassen kann.	
1	457.6000000000033	0.8478167057037354		
1	458.64000000000334	0.9660999774932861	Wir verwenden ein	
1	459.68000000000336	1.0144891738891602	BERT-Encoder-Modell, das	
1	460.7200000000034	0.7551774978637695	Abfragen und	
1	461.7600000000034	0.9751031398773193	Artikel in	
1	462.8000000000034	0.5122880935668945	dichte Vektorrepräsentationen abbildet.	
1	463.84000000000344	0.7215876579284668		
1	464.88000000000346	0.9265341758728027	und	
1	465.9200000000035	1.0747287273406982	berechnet	
1	466.9600000000035	1.1409857273101807		
1	468.0000000000035	1.195371150970459		
1	469.04000000000354	1.3111851215362549	einen Relevanz-Score zwischen einem Abfrage-Artikel-Paar durch die Ähnlichkeit	
1	470.08000000000357	0.2909111976623535	ihrer Embeddings.	
1	471.1200000000036	0.6730315685272217		
1	472.1600000000036	0.9383203983306885	Diese Embeddings	
1	473.2000000000036	0.9720675945281982	resultieren typischerweise aus	
1	474.24000000000365	0.922508716583252	einer	
1	475.28000000000367	1.0531411170959473	Pooling-Operation auf dem	
1	476.3200000000037	0.46621274948120117		
1	477.3600000000037	0.911186695098877	Ausgang eines Wortembedding-Modells.	
1	478.40000000000373	0.9535493850708008		
1	479.44000000000375	1.0412192344665527	Zuerst untersuchen wir die	
1	480.48000000000377	1.0377812385559082	Wirksamkeit von	
1	481.5200000000038	1.0917770862579346		
1	482.5600000000038	1.2099573612213135	Siamese Beyond Codern in	
1	483.60000000000383	1.1638965606689453	einem	
1	484.64000000000385	1.2560083866119385	Zero-Shot-Bewertungseinstellung, was bedeutet, dass	
1	485.6800000000039	0.9509871006011963	vortrainierte	
1	486.7200000000039	0.9827840328216553	Wortembedding-Modelle	
1	487.7600000000039	0.8291139602661133		
1	488.80000000000393	1.0054492950439453	ohne weitere	
1	489.84000000000395	0.9127919673919678	Feinabstimmung direkt angewendet werden.	
1	490.880000000004	0.7985575199127197		
1	491.920000000004	0.8755309581756592	Wir experimentieren mit	
1	492.960000000004	0.941110372543335		
1	494.00000000000404	0.8751306533813477		
1	495.04000000000406	1.0367326736450195		
1	496.0800000000041	1.1726880073547363	kontextunabhängigen Textencodern, nämlich	
1	497.1200000000041	0.9971966743469238	Word2Vec und	
1	498.1600000000041	0.8801097869873047	FastText, und	
1	499.20000000000414	0.956526517868042	kontextabhängigen	
1	500.24000000000416	0.970952033996582		
1	501.2800000000042	1.0383174419403076	Embedding-Modellen, nämlich	
1	502.3200000000042	0.9675438404083252	RoBERTa und insbesondere	
1	503.3600000000042	1.1699795722961426	CamemBERT, was ein	
1	504.40000000000424	0.4845542907714844	französisches RoBERTa-Modell ist.	
1	505.44000000000426	0.7555587291717529		
1	506.4800000000043	0.8476054668426514	Zusätzlich trainieren wir	
1	507.5200000000043	0.9561007022857666	unsere	
1	508.5600000000043	0.9515531063079834		
1	509.60000000000434	1.2112095355987549	eigene CamemBERT-basierte	
1	510.64000000000436	0.9783210754394531	Siamese Beyond	
1	511.6800000000044	0.9434998035430908		
1	512.7200000000043	1.2459743022918701	Coder-Modelle auf unseren Datensätzen.	
1	513.7600000000043	0.9701519012451172	Beachten Sie, dass	
1	514.8000000000043	1.0337541103363037	wir für das Training mit	
1	515.8400000000042	1.0649170875549316	den beiden	
1	516.8800000000042	0.9928193092346191	Varianten der Beyond Coder-Architektur experimentieren.	
1	517.9200000000042	0.7673971652984619		
1	518.9600000000041	0.8491003513336182		
1	520.0000000000041	1.1706576347351074	Siamese, die	
1	521.040000000004	1.0146074295043945	ein einzigartiges Wortembedding-Modell	
1	522.080000000004	0.8441927433013916	verwendet, das	
1	523.120000000004	0.8414609432220459	die	
1	524.160000000004	0.9870414733886719	Abfrage und den Artikel	
1	525.2000000000039	1.1046199798583984	gemeinsam in einem geteilten	
1	526.2400000000039	0.4234468936920166	dichten Vektorraum abbildet.	
1	527.2800000000038	0.80450439453125		
1	528.3200000000038	0.885690450668335	Und	
1	529.3600000000038	1.1204547882080078		
1	530.4000000000037	1.1143994331359863		
1	531.4400000000037	1.4184556007385254		
1	532.4800000000037	1.4925119876861572		
1	533.5200000000036	1.6615312099456787		
1	534.5600000000036	1.657745122909546		
1	535.6000000000035	1.7683546543121338		
1	536.6400000000035	1.898782730102539	Tower, die zwei unabhängige Wortembedding-Modelle verwendet, die die Abfrage und den Artikel separat in verschiedene Embedding-Räume kodieren. Wir experimentieren	
1	537.6800000000035	1.0190610885620117	mit	
1	538.7200000000034	1.0057713985443115		
1	539.7600000000034	1.166201114654541	Mean, Max und CLS Pooling sowie	
1	540.8000000000034	1.1156861782073975	Punktprodukt und	
1	541.8400000000033	0.9851462841033936	Kosinus	
1	542.8800000000033	0.454697847366333	zum Berechnen von Ähnlichkeiten.	
1	543.9200000000033	0.17790699005126953		
1	544.9600000000032	0.8513092994689941		
1	546.0000000000032	1.0563135147094727	Hier sind die Ergebnisse unserer	
1	547.0400000000031	1.112325668334961		
1	548.0800000000031	1.1706171035766602	Basislinie auf dem Testset mit	
1	549.1200000000031	1.1275322437286377	den oben genannten lexikalischen	
1	550.160000000003	1.1292462348937988	Methoden,	
1	551.200000000003	1.3167786598205566		
1	552.240000000003	1.4282968044281006	den Siamese	
1	553.2800000000029	1.7281901836395264		
1	554.3200000000029	1.7305400371551514		
1	555.3600000000029	1.2923800945281982	Beyond Codern, die in einer Zero-Shot-Einstellung bewertet wurden, in der Mitte, und den feingestimmten Beyond Codern unten.	
1	556.4000000000028	0.9707562923431396		
1	557.4400000000028	1.1301770210266113	Insgesamt	
1	558.4800000000027	1.1434106826782227		
1	559.5200000000027	1.2925355434417725	überlegen die feingestimmten	
1	560.5600000000027	1.4375944137573242	Siamese Beyond Codern alle anderen Baseline deutlich.	
1	561.6000000000026	1.0660884380340576	Das	
1	562.6400000000026	1.2063829898834229	Zwei-Tower-Modell verbessert sich gegenüber seiner	
1	563.6800000000026	1.1077826023101807		
1	564.7200000000025	1.151780605316162	Siamese-Variante bei Recall bei	
1	565.7600000000025	1.2213408946990967	100, aber	
1	566.8000000000025	1.0121028423309326	es	
1	567.8400000000024	0.5157516002655029	führte ähnlich gut bei den anderen Metriken.	
1	568.8800000000024	0.862579345703125		
1	569.9200000000023	1.1879971027374268	Obwohl BM25	
1	570.9600000000023	1.2058942317962646		
1	572.0000000000023	1.1242547035217285		
1	573.0400000000022	1.4725341796875	die trainierten	
1	574.0800000000022	1.5554718971252441		
1	575.1200000000022	1.732388973236084		
1	576.1600000000021	1.8732824325561523	BERT-Encoder signifikant unterlag, deutete seine Leistung darauf hin, dass es immer noch eine starke	
1	577.2000000000021	0.7317488193511963	Basislinie für	
1	578.240000000002	1.1115665435791016	Domänenretrieval ist.	
1	579.280000000002	1.1002378463745117	Bezüglich	
1	580.320000000002	1.2268154621124268	der Zero-Shot-Bewertung von	
1	581.360000000002	1.0659716129302979	Siamese	
1	582.4000000000019	1.023550033569336	Biencoder finden wir, dass	
1	583.4400000000019	1.0812692642211914	das direkte	
1	584.4800000000018	1.2535231113433838	Verwenden der Embeddings eines vortrainierten	
1	585.5200000000018	0.948239803314209	CamemBERT-Modells	
1	586.5600000000018	0.8480055332183838	ohne Optimierung	
1	587.6000000000017	0.959367036819458	für die	
1	588.6400000000017	0.9527630805969238		
1	589.6800000000017	1.0332114696502686	Informationssuchenaufgabe schlechte	
1	590.7200000000016	1.1722679138183594	Ergebnisse	
1	591.7600000000016	1.0943007469177246	liefert, was	
1	592.8000000000015	1.088606595993042	mit vorherigen Befunden konsistent ist.	
1	593.8400000000015	0.8890585899353027	Darüber	
1	594.8800000000015	0.967937707901001	hinaus	
1	595.9200000000014	1.1484060287475586	beobachten wir, dass das	
1	596.9600000000014	0.9971907138824463		
1	598.0000000000014	1.1612329483032227		
1	599.0400000000013	1.3197476863861084		
1	600.0800000000013	1.5672054290771484		
1	601.1200000000013	1.637967824935913	Wort-zu-Vektor-basierte Beyond Coder signifikant besser abschneidet als	
1	602.1600000000012	1.316953420639038	das Fastex und Bird-basierte	
1	603.2000000000012	1.381176233291626	Modell, was darauf hindeutet, dass vielleicht	
1	604.2400000000011	0.9727387428283691	vortrainierte	
1	605.2800000000011	1.0695180892944336		
1	606.3200000000011	1.1072311401367188		
1	607.360000000001	1.2228662967681885		
1	608.400000000001	1.2579319477081299		
1	609.440000000001	1.4453554153442383	Wortebene-Embeddings für die Aufgabe angemessener sind als Charakterebene-	
1	610.4800000000009	0.9258770942687988	oder Subwortebene-Embeddings.	
1	611.5200000000009	0.6897249221801758		
1	612.5600000000009	0.6591958999633789		
1	613.6000000000008	0.17473793029785156		
1	614.6400000000008	1.4455678462982178		
1	615.6800000000007	1.4596385955810547	oder Subwortebene-Embeddings, wenn sie direkt angewendet werden. Obwohl	
1	616.7200000000007	1.137157678604126	vielversprechend,	
1	617.7600000000007	1.0620944499969482	deuten diese Ergebnisse auf ample Möglichkeiten	
1	618.8000000000006	0.8556325435638428	zur Verbesserung	
1	619.8400000000006	0.9765007495880127	im Vergleich zu einem	
1	620.8800000000006	0.9634673595428467		
1	621.9200000000005	1.133960247039795	geschulten Experten hin, der schließlich	
1	622.9600000000005	0.9494783878326416	alle	
1	624.0000000000005	1.0021717548370361	relevanten Artikel	
1	625.0400000000004	0.9817359447479248	zu jeder Frage abrufen	
1	626.0800000000004	0.9224519729614258		
1	627.1200000000003	0.4018514156341553	und somit perfekte Scores erzielen kann.	
1	628.1600000000003	0.16657257080078125		
1	629.2000000000003	1.0077216625213623		
1	630.2400000000002	1.184358835220337	Lassen Sie uns mit der Diskussion	
1	631.2800000000002	1.0199463367462158	über zwei Einschränkungen unserer	
1	632.3200000000002	0.9364359378814697	Datensätze schließen.	
1	633.3600000000001	0.9398002624511719		
1	634.4000000000001	1.0300209522247314	Erstens ist das	
1	635.44	1.1725986003875732	Artikel-Korpus	
1	636.48	1.2546513080596924	auf diejenigen begrenzt, die aus	
1	637.52	1.1986992359161377	den 32 berücksichtigten	
1	638.56	1.0439741611480713	belgischen Codes gesammelt	
1	639.5999999999999	0.8565797805786133	wurden, was	
1	640.6399999999999	1.1092138290405273	das gesamte	
1	641.6799999999998	1.2106313705444336	belgische Recht	
1	642.7199999999998	1.2861974239349365	nicht abdeckt, da Artikel aus	
1	643.7599999999998	1.0095467567443848	Dekreten,	
1	644.7999999999997	0.9274501800537109	Richtlinien und Verordnungen fehlen.	
1	645.8399999999997	0.714360237121582		
1	646.8799999999997	0.91459059715271	Während	
1	647.9199999999996	1.0211355686187744	der Datensatzkonstruktion	
1	648.9599999999996	0.9821984767913818	wurden alle Verweise	
1	649.9999999999995	1.058527946472168	auf diese	
1	651.0399999999995	1.0208210945129395	nicht gesammelten Artikel	
1	652.0799999999995	1.1180579662322998	ignoriert, was	
1	653.1199999999994	1.1426422595977783	dazu führt, dass einige Fragen	
1	654.1599999999994	1.2116165161132812	nur mit einem Bruchteil	
1	655.1999999999994	1.0480313301086426	der ursprünglichen	
1	656.2399999999993	0.4199345111846924	Anzahl relevanter Artikel enden.	
1	657.2799999999993	0.8297014236450195		
1	658.3199999999993	0.9956631660461426		
1	659.3599999999992	0.23718929290771484		
1	660.3999999999992	1.2778282165527344		
1	661.4399999999991	1.4443154335021973	Dieser Informationsverlust impliziert, dass die Antwort, die in den verbleibenden	
1	662.4799999999991	1.0896492004394531	relevanten Artikeln enthalten	
1	663.5199999999991	1.0190629959106445	ist,	
1	664.559999999999	1.1986949443817139	unvollständig sein	
1	665.599999999999	1.0696792602539062	könnte, obwohl sie	
1	666.639999999999	0.3707091808319092	dennoch vollständig angemessen ist.	
1	667.6799999999989	0.17987632751464844		
1	668.7199999999989	1.0008599758148193		
1	669.7599999999989	1.1463000774383545	Zweitens sollten wir beachten, dass nicht	
1	670.7999999999988	0.8487954139709473	alle	
1	671.8399999999988	1.099834680557251	Rechtsfragen	
1	672.8799999999987	1.1353669166564941	allein mit Gesetzen beantwortet werden können.	
1	673.9199999999987	0.8960280418395996	Zum	
1	674.9599999999987	1.121480941772461		
1	675.9999999999986	1.252004861831665	Beispiel, die Frage: Kann ich	
1	677.0399999999986	1.1157169342041016	meine Mieter kündigen, wenn sie zu viel	
1	678.0799999999986	1.0623388290405273	Lärm	
1	679.1199999999985	1.187673568725586	machen, hat möglicherweise keine detaillierte	
1	680.1599999999985	0.9549834728240967	Antwort innerhalb	
1	681.1999999999985	1.014533281326294	des	
1	682.2399999999984	0.9889383316040039	Statutrechts, die	
1	683.2799999999984	1.1155388355255127	eine spezifische	
1	684.3199999999983	1.267329454421997	Lärmschwelle	
1	685.3599999999983	1.098257303237915	quantifiziert, bei der	
1	686.3999999999983	1.1303772926330566	eine Kündigung erlaubt ist.	
1	687.4399999999982	1.134140968322754	Stattdessen	
1	688.4799999999982	1.065830945968628	sollte der Vermieter wahrscheinlich	
1	689.5199999999982	1.2326092720031738	eher auf die	
1	690.5599999999981	1.4568078517913818		
1	691.5999999999981	1.095585823059082		
1	692.639999999998	1.2976505756378174	Fallrecht und ähnliche Präzedenzfälle suchen.	
1	693.679999999998	0.9886157512664795	Zum Beispiel,	
1	694.719999999998	1.157175064086914	der Mieter macht zwei Parteien	
1	695.759999999998	0.4618239402770996	pro Woche bis 2 Uhr morgens.	
1	696.7999999999979	0.9085757732391357		
1	697.8399999999979	1.023191213607788	Daher	
1	698.8799999999978	1.021219253540039	sind einige Fragen	
1	699.9199999999978	1.179795503616333	besser geeignet als andere für	
1	700.9599999999978	1.0638401508331299	die	
1	701.9999999999977	1.1746351718902588	Aufgabe der Abrufung gesetzlicher	
1	703.0399999999977	1.1250581741333008		
1	704.0799999999977	1.1451733112335205	Artikel, und das Feld der weniger geeigneten	
1	705.1199999999976	0.315523624420166	bleibt zu bestimmen.	
1	706.1599999999976	0.1766185760498047		
1	707.1999999999975	0.9754593372344971		
1	708.2399999999975	1.1523184776306152	Wir hoffen, dass alle	
1	709.2799999999975	0.9060380458831787	Arbeiten Interesse	
1	710.3199999999974	0.906874418258667		
1	711.3599999999974	0.2729032039642334		
1	712.3999999999974	1.2890002727508545	an der Entwicklung	
1	713.4399999999973	1.3018417358398438	praktischer und zuverlässiger	
1	714.4799999999973	1.2629432678222656	Modelle für die Abrufung gesetzlicher Artikel	
1	715.5199999999973	1.1781237125396729	wecken, die	
1	716.5599999999972	1.2246854305267334	dazu beitragen können, den Zugang	
1	717.5999999999972	0.7146339416503906	zur Gerechtigkeit für alle zu verbessern.	
1	718.6399999999971	0.9487614631652832		
1	719.6799999999971	1.0317308902740479	Sie können unsere	
1	720.7199999999971	1.153773546218872		
1	721.759999999997	1.2485041618347168	Arbeit, Daten, Set und Code an den folgenden Links überprüfen.	
1	722.0012499999971	0.40987348556518555	Vielen Dank.	
2	1.04	0.21247553825378418	Hallo!	
2	2.08	0.3833184242248535	Hallo, wir freuen uns darauf,	Hallo!
2	3.12	0.41478610038757324	unsere	uns darauf,
2	4.16	0.4484374523162842	uns, Ihnen Arbeit über vorzustellen.	unsere
2	5.2	0.433215856552124	Vokale vorzustellen.	vorzustellen.
2	6.24	0.5352258682250977	Vokale vorzustellen, eine Aufgabe im Bereich der	vorzustellen.
2	7.28	0.5710723400115967	vorzustellen, eine unabhängige Benchmarker-Aufgabe.	Vokale vorzustellen, eine Aufgabe im Bereich der
2	8.32	0.4573991298675537	ist.	unabhängige Benchmarker-Aufgabe.
2	9.36	0.3999178409576416	zur Prüfung.	ist.
2	10.399999999999999	0.6257815361022949	Aufgaben-Benchmark zur Prüfung von Vision- und Sprachmodellen.	zur Prüfung.
2	11.439999999999998	0.4867391586303711	Sprachmodellen mit	Prüfung von Vision- und Sprachmodellen.
2	12.479999999999997	0.60550856590271	Überprüfung von Vision- und spezifischem Wert.	Sprachmodellen mit
2	13.519999999999996	0.48858141899108887	linguistischen Phänomenen.	spezifischem Wert.
2	14.559999999999995	0.45223307609558105	spezifischen	linguistischen Phänomenen.
2	15.599999999999994	0.3807499408721924	Warum haben wir das getan?	
2	16.639999999999993	0.47091102600097656	spezifischen linguistischen Phänomenen. Warum haben wir uns diese Mühe gemacht?	das getan?
2	17.679999999999993	0.542738676071167	uns dies aufzubauen?	spezifischen linguistischen Phänomenen. Warum haben wir uns diese Mühe gemacht?
2	18.71999999999999	0.5100691318511963	die Mühe gemacht, diese Benchmark aufzubauen?	dies aufzubauen?
2	19.75999999999999	0.4984421730041504		
2	20.79999999999999	0.36922121047973633	die Mühe gemacht, diese Benchmark aufzubauen? Nun, im vergangenen Jahr.	diese Benchmark aufzubauen?
2	21.83999999999999	0.440502405166626	Nun, haben wir uns die Mühe gemacht, diese Benchmark aufzubauen? Nun, in den letzten Jahren haben wir	die Mühe gemacht, diese Benchmark aufzubauen? Nun, im vergangenen Jahr.
2	22.87999999999999	0.4822256565093994	gesehen, dass	haben wir uns die Mühe gemacht, diese Benchmark aufzubauen? Nun, in den letzten Jahren haben wir
2	23.919999999999987	0.3353595733642578	Explosion beobachtet.	gesehen, dass
2	24.959999999999987	0.5630674362182617	eine Explosion von Transformer-basierten Modellen beobachtet.	Explosion beobachtet.
2	25.999999999999986	0.6493861675262451	Transformer-basierten Vision- und Sprachmodellen beobachtet.	Modellen beobachtet.
2	27.039999999999985	0.4772512912750244	Sprachmodellen beobachtet.	Transformer-basierten Vision- und Sprachmodellen beobachtet.
2	28.079999999999984	0.1808938980102539		
2	29.119999999999983	0.1864912509918213	beobachtet.	Sprachmodellen beobachtet.
2	30.159999999999982	0.749570369720459	Mengen an Bild-Text-Paaren vortrainiert.	beobachtet.
2	31.19999999999998	0.7103860378265381	Diese wurden auf großen	Mengen an Bild-Text-Paaren vortrainiert.
2	32.23999999999998	0.29224205017089844	Diese wurden auf großen Mengen an Bild-Text-Paaren vortrainiert. Jeder dieser Modelle	
2	33.27999999999998	0.36859679222106934	treibt	Diese wurden auf großen Mengen an Bild-Text-Paaren vortrainiert. Jeder dieser Modelle
2	34.31999999999998	0.43260717391967773	Bild-Text-Paaren vortrainiert. Jeder dieser Modelle setzt den Stand der Technik neu.	treibt
2	35.35999999999998	0.6507775783538818	setzt den Stand der Technik Sprachmodellen beobachtet. Diese wurden auf großen Mengen an Bild-Text-Paaren vortrainiert. Jeder dieser Modelle setzt den Stand der Technik für Vision- und Sprachmodelle neu.	Bild-Text-Paaren vortrainiert. Jeder dieser Modelle setzt den Stand der Technik neu.
2	36.39999999999998	0.45892977714538574	auf großen Mengen an Bild-Text-Paaren vortrainiert. Jeder dieser Modelle setzt den Stand der Technik bei Vision- und Sprachaufgaben neu.	Sprachmodellen beobachtet. Diese wurden auf großen Mengen an Bild-Text-Paaren vortrainiert. Jeder dieser Modelle setzt den Stand der Technik für Vision- und Sprachmodelle neu.
2	37.439999999999976	0.6739921569824219	bei Vision- und Modelle setzt den Stand der Technik bei Vision- und Sprachaufgaben, wie zum Beispiel Vision, neu.	auf großen Mengen an Bild-Text-Paaren vortrainiert. Jeder dieser Modelle setzt den Stand der Technik bei Vision- und Sprachaufgaben neu.
2	38.479999999999976	0.5971856117248535	visuellen Frage-Antwort weiter.	Modelle setzt den Stand der Technik bei Vision- und Sprachaufgaben, wie zum Beispiel Vision, neu.
2	39.519999999999975	0.7589106559753418	Sprachaufgaben wie visuellen Kommentaren neu.	visuellen Frage-Antwort weiter.
2	40.559999999999974	0.8456616401672363	visueller Frage-Antwort oder neu.	visuellen Kommentaren neu.
2	41.59999999999997	0.7758996486663818	visueller Alltagsvernunftschlussfolgerung Alltagsvernunftschlussfolgerung sowie Bildabruf voran.	neu.
2	42.63999999999997	0.4833846092224121	spezifischen linguistischen Phänomenen. Warum haben wir uns die Mühe gemacht, diese Benchmark aufzubauen? Nun, in den letzten Jahren haben wir eine Explosion von Transformer-basierten Vision- und Sprachmodellen beobachtet. Diese wurden auf großen Mengen an Bild-Text-Paaren vortrainiert. Jeder dieser Modelle setzt den Stand der Technik bei Vision- und Sprachaufgaben wie visueller Frage-Antwort oder visueller Alltagsvernunftschlussfolgerung , Bildabruf und Phrase Graph neu.	Alltagsvernunftschlussfolgerung sowie Bildabruf voran.
2	43.67999999999997	0.5809168815612793	, Bildabruf und Phrase-Grounding neu.	spezifischen linguistischen Phänomenen. Warum haben wir uns die Mühe gemacht, diese Benchmark aufzubauen? Nun, in den letzten Jahren haben wir eine Explosion von Transformer-basierten Vision- und Sprachmodellen beobachtet. Diese wurden auf großen Mengen an Bild-Text-Paaren vortrainiert. Jeder dieser Modelle setzt den Stand der Technik bei Vision- und Sprachaufgaben wie visueller Frage-Antwort oder visueller Alltagsvernunftschlussfolgerung , Bildabruf und Phrase Graph neu.
2	44.71999999999997	0.6398153305053711	Daher haben wir eine Nachricht erhalten.	
2	45.75999999999997	0.3812997341156006		
2	46.79999999999997	0.5069677829742432	diesen Arten von Aufgaben	Daher haben wir eine Nachricht erhalten.
2	47.83999999999997	0.6441440582275391	Die Genauigkeiten Transformer-basierten Vision- und Sprachmodellen beobachtet. Diese wurden auf großen Mengen an Bild-Text-Paaren vortrainiert. Jeder dieser Modelle setzt den Stand der Technik bei Vision- und Sprachaufgaben wie visueller Frage-Antwort oder visueller Alltagsvernunftschlussfolgerung , Bildabruf und Phrase-Grounding neu. Daher haben wir eine Nachricht erhalten. Die Genauigkeiten auf diesen aufgabenbezogenen Basen.	diesen Arten von Aufgaben
2	48.87999999999997	0.6724331378936768	auf diesen aufgabenbezogenen Genauigkeiten auf diesen aufgabenbezogenen Benchmarks sind gestiegen.	Transformer-basierten Vision- und Sprachmodellen beobachtet. Diese wurden auf großen Mengen an Bild-Text-Paaren vortrainiert. Jeder dieser Modelle setzt den Stand der Technik bei Vision- und Sprachaufgaben wie visueller Frage-Antwort oder visueller Alltagsvernunftschlussfolgerung , Bildabruf und Phrase-Grounding neu. Daher haben wir eine Nachricht erhalten. Die Genauigkeiten auf diesen aufgabenbezogenen Basen.
2	49.919999999999966	0.4018073081970215	Benchmarks steigen stetig.	Genauigkeiten auf diesen aufgabenbezogenen Benchmarks sind gestiegen.
2	50.959999999999965	0.27475738525390625		
2	51.999999999999964	0.41715550422668457	wir eine Nachricht erhalten. Die Genauigkeiten auf diesen aufgabenbezogenen Benchmarks steigen stetig. Aber wissen wir das wirklich?	steigen stetig.
2	53.039999999999964	0.3857910633087158	Aber wissen wissen wir, was	wir eine Nachricht erhalten. Die Genauigkeiten auf diesen aufgabenbezogenen Benchmarks steigen stetig. Aber wissen wir das wirklich?
2	54.07999999999996	0.5099380016326904	haben wir eine Nachricht erhalten. Die Genauigkeiten auf diesen aufgabenbezogenen Benchmarks steigen stetig. Aber wissen wir, was die Modelle tatsächlich können?	wissen wir, was
2	55.11999999999996	0.42598676681518555	die Modelle tatsächlich tatsächlich gelernt haben?	haben wir eine Nachricht erhalten. Die Genauigkeiten auf diesen aufgabenbezogenen Benchmarks steigen stetig. Aber wissen wir, was die Modelle tatsächlich können?
2	56.15999999999996	0.2490081787109375		tatsächlich gelernt haben?
2	57.19999999999996	0.3538644313812256	Was ist es?	
2	58.23999999999996	0.5024852752685547	es, dass ein Vision- und	es?
2	59.27999999999996	0.5406811237335205		dass ein Vision- und
2	60.31999999999996	0.5875887870788574	das ein Vision- und Sprach-Transformer hat?	
2	61.35999999999996	0.5161311626434326	versteht, wenn er zugewiesen wird?	hat?
2	62.399999999999956	0.44189882278442383	hohe	zugewiesen wird?
2	63.439999999999955	0.5971064567565918	für diese Aufgabe eine hohe Punktzahl vergibt?	hohe
2	64.47999999999996	0.5378432273864746	diesem Bild und diesem einen hohen Score zuweist?	für diese Aufgabe eine hohe Punktzahl vergibt?
2	65.51999999999997	0.7422103881835938	diesem Satz eine hohe Punktzahl für Mathematik zuweist?	einen hohen Score zuweist?
2	66.55999999999997	0.7273077964782715	Satz eine hohe Punktzahl für zuordnet?	diesem Satz eine hohe Punktzahl für Mathematik zuweist?
2	67.59999999999998	0.40222597122192383	die Übereinstimmung	zuordnet?
2	68.63999999999999	0.6543121337890625	Punktzahl für die Übereinstimmung zuordnet? Und warum er diesem einen eine niedrige Punktzahl gibt.	
2	69.67999999999999	0.5716102123260498		Punktzahl für die Übereinstimmung zuordnet? Und warum er diesem einen eine niedrige Punktzahl gibt.
2	70.72	0.25807690620422363		
2	71.76	0.5324029922485352	Vision- und Sprach-Transformer versteht, wenn er diesem Bild und diesem Satz eine hohe Punktzahl für die Übereinstimmung zuordnet? Und warum er diesem einen eine niedrige Punktzahl gibt. Verstehen Vision- und Sprachmodelle	
2	72.80000000000001	0.6492185592651367		Vision- und Sprach-Transformer versteht, wenn er diesem Bild und diesem Satz eine hohe Punktzahl für die Übereinstimmung zuordnet? Und warum er diesem einen eine niedrige Punktzahl gibt. Verstehen Vision- und Sprachmodelle
2	73.84000000000002	0.7644939422607422	Fokussieren sich Vision- und Sprachmodelle auf das Richtige?	
2	74.88000000000002	0.8302836418151855	versteht, wenn er diesem Bild und diesem Satz eine hohe Punktzahl für die Übereinstimmung zuordnet? Und warum er diesem einen eine niedrige Punktzahl gibt. Fokussieren sich Vision- und Sprachmodelle auf das Richtige oder nicht?	Richtige?
2	75.92000000000003	0.6150403022766113	Richtige oder sie auf etwas anderes?	versteht, wenn er diesem Bild und diesem Satz eine hohe Punktzahl für die Übereinstimmung zuordnet? Und warum er diesem einen eine niedrige Punktzahl gibt. Fokussieren sich Vision- und Sprachmodelle auf das Richtige oder nicht?
2	76.96000000000004	0.6252467632293701		sie auf etwas anderes?
2	78.00000000000004	0.817357063293457	konzentrieren sie sich auf Satz eine hohe Punktzahl für die Übereinstimmung zuordnet? Und warum er diesem einen eine niedrige Punktzahl gibt. Fokussieren sich Vision- und Sprachmodelle auf das Richtige oder konzentrieren sie sich auf Verzerrungen, wie sie zuvor gezeigt wurden?	
2	79.04000000000005	0.6466131210327148	Verzerrungen, wie sie früheren Arbeiten gezeigt wurden?	Satz eine hohe Punktzahl für die Übereinstimmung zuordnet? Und warum er diesem einen eine niedrige Punktzahl gibt. Fokussieren sich Vision- und Sprachmodelle auf das Richtige oder konzentrieren sie sich auf Verzerrungen, wie sie zuvor gezeigt wurden?
2	80.08000000000006	0.3563683032989502	in	früheren Arbeiten gezeigt wurden?
2	81.12000000000006	0.3858499526977539	Um mehr Licht auf	
2	82.16000000000007	0.6411647796630859	werfen, um	
2	83.20000000000007	0.6369438171386719	dieses Aspekt zu werfen, eine	werfen, um
2	84.24000000000008	0.4855918884277344	schlagen wir	eine
2	85.28000000000009	0.5380172729492188	eine Aufgaben-Benchmark zur Überprüfung von Vision- und Sprachmodellen mit spezifischen linguistischen Phänomenen. Warum haben wir uns die Mühe gemacht, diese Benchmark aufzubauen? Nun, in den letzten Jahren haben wir eine Explosion von Transformer-basierten Vision- und Sprachmodellen beobachtet. Diese wurden auf großen Mengen an Bild-Text-Paaren vortrainiert. Jeder dieser Modelle setzt den Stand der Technik bei Vision- und Sprachaufgaben wie visueller Frage-Antwort oder visueller Alltagsvernunftschlussfolgerung , Bildabruf und Phrase-Grounding neu. Daher haben wir eine Nachricht erhalten. Die Genauigkeiten auf diesen aufgabenbezogenen Benchmarks steigen stetig. Aber wissen wir, was die Modelle tatsächlich gelernt haben? Was ist es, das ein Vision- und Sprach-Transformer versteht, wenn er diesem Bild und diesem Satz eine hohe Punktzahl für die Übereinstimmung zuordnet? Und warum er diesem einen eine niedrige Punktzahl gibt. Fokussieren sich Vision- und Sprachmodelle auf das Richtige oder konzentrieren sie sich auf Verzerrungen, wie sie in früheren Arbeiten gezeigt wurden? Um mehr Licht auf dieses Aspekt zu werfen, schlagen wir eine aufgabenagnostischere vor.	
2	86.32000000000009	0.5429041385650635	aufgabenagnostischere gibt. Fokussieren sich Vision- und Sprachmodelle auf das Richtige oder konzentrieren sie sich auf Verzerrungen, wie sie in früheren Arbeiten gezeigt wurden? Um mehr Licht auf dieses Aspekt zu werfen, schlagen wir eine aufgabenagnostischere Richtung vor.	Aufgaben-Benchmark zur Überprüfung von Vision- und Sprachmodellen mit spezifischen linguistischen Phänomenen. Warum haben wir uns die Mühe gemacht, diese Benchmark aufzubauen? Nun, in den letzten Jahren haben wir eine Explosion von Transformer-basierten Vision- und Sprachmodellen beobachtet. Diese wurden auf großen Mengen an Bild-Text-Paaren vortrainiert. Jeder dieser Modelle setzt den Stand der Technik bei Vision- und Sprachaufgaben wie visueller Frage-Antwort oder visueller Alltagsvernunftschlussfolgerung , Bildabruf und Phrase-Grounding neu. Daher haben wir eine Nachricht erhalten. Die Genauigkeiten auf diesen aufgabenbezogenen Benchmarks steigen stetig. Aber wissen wir, was die Modelle tatsächlich gelernt haben? Was ist es, das ein Vision- und Sprach-Transformer versteht, wenn er diesem Bild und diesem Satz eine hohe Punktzahl für die Übereinstimmung zuordnet? Und warum er diesem einen eine niedrige Punktzahl gibt. Fokussieren sich Vision- und Sprachmodelle auf das Richtige oder konzentrieren sie sich auf Verzerrungen, wie sie in früheren Arbeiten gezeigt wurden? Um mehr Licht auf dieses Aspekt zu werfen, schlagen wir eine aufgabenagnostischere vor.
2	87.3600000000001	0.5200209617614746	Richtung Richtung vor und stellen vor.	gibt. Fokussieren sich Vision- und Sprachmodelle auf das Richtige oder konzentrieren sie sich auf Verzerrungen, wie sie in früheren Arbeiten gezeigt wurden? Um mehr Licht auf dieses Aspekt zu werfen, schlagen wir eine aufgabenagnostischere Richtung vor.
2	88.4000000000001	0.5916366577148438	vor und führen Valves ein, die	Richtung vor und stellen vor.
2	89.44000000000011	0.7301967144012451	die Sensitivität testen.	
2	90.48000000000012	0.6369385719299316	steigen stetig. Aber wissen wir, was die Modelle tatsächlich gelernt haben? Was ist es, das ein Vision- und Sprach-Transformer versteht, wenn er diesem Bild und diesem Satz eine hohe Punktzahl für die Übereinstimmung zuordnet? Und warum er diesem einen eine niedrige Punktzahl gibt. Fokussieren sich Vision- und Sprachmodelle auf das Richtige oder konzentrieren sie sich auf Verzerrungen, wie sie in früheren Arbeiten gezeigt wurden? Um mehr Licht auf dieses Aspekt zu werfen, schlagen wir eine aufgabenagnostischere Richtung vor und führen Valves ein, die die Sensitivität von visuellen testen.	testen.
2	91.52000000000012	0.6393618583679199	von und Sprachmodelle auf das Richtige oder konzentrieren sie sich auf Verzerrungen, wie sie in früheren Arbeiten gezeigt wurden? Um mehr Licht auf dieses Aspekt zu werfen, schlagen wir eine aufgabenagnostischere Richtung vor und führen Valves ein, die die Sensitivität von Vision- und Sprachmodellen testen.	steigen stetig. Aber wissen wir, was die Modelle tatsächlich gelernt haben? Was ist es, das ein Vision- und Sprach-Transformer versteht, wenn er diesem Bild und diesem Satz eine hohe Punktzahl für die Übereinstimmung zuordnet? Und warum er diesem einen eine niedrige Punktzahl gibt. Fokussieren sich Vision- und Sprachmodelle auf das Richtige oder konzentrieren sie sich auf Verzerrungen, wie sie in früheren Arbeiten gezeigt wurden? Um mehr Licht auf dieses Aspekt zu werfen, schlagen wir eine aufgabenagnostischere Richtung vor und führen Valves ein, die die Sensitivität von visuellen testen.
2	92.56000000000013	0.638256311416626	Vision- und Sprachmodellen Sprachmodellen gegenüber testen.	und Sprachmodelle auf das Richtige oder konzentrieren sie sich auf Verzerrungen, wie sie in früheren Arbeiten gezeigt wurden? Um mehr Licht auf dieses Aspekt zu werfen, schlagen wir eine aufgabenagnostischere Richtung vor und führen Valves ein, die die Sensitivität von Vision- und Sprachmodellen testen.
2	93.60000000000014	0.48911571502685547	gegenüber testen.	Sprachmodellen gegenüber testen.
2	94.64000000000014	0.6790564060211182	Verzerrungen, wie sie in früheren Arbeiten gezeigt wurden? Um mehr Licht auf dieses Aspekt zu werfen, schlagen wir eine aufgabenagnostischere Richtung vor und führen Valves ein, die die Sensitivität von Vision- und Sprachmodellen gegenüber spezifischen linguistischen Phänomenen testen.	testen.
2	95.68000000000015	0.7716310024261475	spezifischen linguistischen Phänomenen Verzerrungen, wie sie in früheren Arbeiten gezeigt wurden? Um mehr Licht auf dieses Aspekt zu werfen, schlagen wir eine aufgabenagnostischere Richtung vor und führen Valves ein, die die Sensitivität von Vision- und Sprachmodellen gegenüber spezifischen linguistischen Phänomenen testen, die beeinflussen.	Verzerrungen, wie sie in früheren Arbeiten gezeigt wurden? Um mehr Licht auf dieses Aspekt zu werfen, schlagen wir eine aufgabenagnostischere Richtung vor und führen Valves ein, die die Sensitivität von Vision- und Sprachmodellen gegenüber spezifischen linguistischen Phänomenen testen.
2	96.72000000000016	0.8146700859069824	testen, die konzentrieren sie sich auf Verzerrungen, wie sie in früheren Arbeiten gezeigt wurden? Um mehr Licht auf dieses Aspekt zu werfen, schlagen wir eine aufgabenagnostischere Richtung vor und führen Valves ein, die die Sensitivität von Vision- und Sprachmodellen gegenüber spezifischen linguistischen Phänomenen testen, die sowohl die linguistische als auch die visuelle Komponente beeinflussen.	Verzerrungen, wie sie in früheren Arbeiten gezeigt wurden? Um mehr Licht auf dieses Aspekt zu werfen, schlagen wir eine aufgabenagnostischere Richtung vor und führen Valves ein, die die Sensitivität von Vision- und Sprachmodellen gegenüber spezifischen linguistischen Phänomenen testen, die beeinflussen.
2	97.76000000000016	0.5854108333587646	sowohl die linguistische als auch die linguistische als auch die	konzentrieren sie sich auf Verzerrungen, wie sie in früheren Arbeiten gezeigt wurden? Um mehr Licht auf dieses Aspekt zu werfen, schlagen wir eine aufgabenagnostischere Richtung vor und führen Valves ein, die die Sensitivität von Vision- und Sprachmodellen gegenüber spezifischen linguistischen Phänomenen testen, die sowohl die linguistische als auch die visuelle Komponente beeinflussen.
2	98.80000000000017	0.48812341690063477	visuelle Modalität beeinflussen.	linguistische als auch die
2	99.84000000000017	0.5081784725189209	Modalität beeinflussen.	
2	100.88000000000018	0.49187779426574707	Wir zielen auf die	Modalität beeinflussen.
2	101.92000000000019	0.6041774749755859	schlagen wir eine aufgabenagnostischere Richtung vor und führen Valves ein, die die Sensitivität von Vision- und Sprachmodellen gegenüber spezifischen linguistischen Phänomenen testen, die sowohl die linguistische als auch die visuelle Modalität beeinflussen. Wir zielen auf Existenz ab.	die
2	102.96000000000019	0.6996901035308838	schlagen wir eine aufgabenagnostischere Richtung vor und führen Valves ein, die die Sensitivität von Vision- und Sprachmodellen gegenüber spezifischen linguistischen Phänomenen testen, die sowohl die linguistische als auch die visuelle Modalität beeinflussen. Wir zielen auf Existenz, Pluralität und Zahl ab.	schlagen wir eine aufgabenagnostischere Richtung vor und führen Valves ein, die die Sensitivität von Vision- und Sprachmodellen gegenüber spezifischen linguistischen Phänomenen testen, die sowohl die linguistische als auch die visuelle Modalität beeinflussen. Wir zielen auf Existenz ab.
2	104.0000000000002	0.9044458866119385	Existenz, Beziehungen ab.	schlagen wir eine aufgabenagnostischere Richtung vor und führen Valves ein, die die Sensitivität von Vision- und Sprachmodellen gegenüber spezifischen linguistischen Phänomenen testen, die sowohl die linguistische als auch die visuelle Modalität beeinflussen. Wir zielen auf Existenz, Pluralität und Zahl ab.
2	105.0400000000002	0.9324700832366943	Pluralität, Beziehungen und Aktionen ab.	Beziehungen ab.
2	106.08000000000021	0.9469878673553467	Zählen, räumliche Aktionen und Entitätskorrekturen ab.	Beziehungen und Aktionen ab.
2	107.12000000000022	0.7060527801513672	Beziehungen, Aktionen und Entitätskoreferenz ab.	Aktionen und Entitätskorrekturen ab.
2	108.16000000000022	0.810706615447998	Aber wie gehen wir vor?	
2	109.20000000000023	0.6220109462738037	testen wir, ob?	gehen wir vor?
2	110.24000000000024	0.7089693546295166	Vision- und Sprachmodellen gegenüber spezifischen linguistischen Phänomenen testen, die sowohl die linguistische als auch die visuelle Modalität beeinflussen. Wir zielen auf Existenz, Pluralität, Zählen, räumliche Beziehungen, Aktionen und Entitätskoreferenz ab. Aber wie testen wir, ob das Vision- und Sprachmodell	ob?
2	111.28000000000024	0.7022151947021484	ob Sprachmodellen gegenüber spezifischen linguistischen Phänomenen testen, die sowohl die linguistische als auch die visuelle Modalität beeinflussen. Wir zielen auf Existenz, Pluralität, Zählen, räumliche Beziehungen, Aktionen und Entitätskoreferenz ab. Aber wie testen wir, ob die Vision- und Sprachmodelle erfasst haben	Vision- und Sprachmodellen gegenüber spezifischen linguistischen Phänomenen testen, die sowohl die linguistische als auch die visuelle Modalität beeinflussen. Wir zielen auf Existenz, Pluralität, Zählen, räumliche Beziehungen, Aktionen und Entitätskoreferenz ab. Aber wie testen wir, ob das Vision- und Sprachmodell
2	112.32000000000025	0.8655683994293213	die Vision- und Sprachmodelle spezifischen linguistischen Phänomenen testen, die sowohl die linguistische als auch die visuelle Modalität beeinflussen. Wir zielen auf Existenz, Pluralität, Zählen, räumliche Beziehungen, Aktionen und Entitätskoreferenz ab. Aber wie testen wir, ob die Vision- und Sprachmodelle dieses Phänomen erfasst haben?	Sprachmodellen gegenüber spezifischen linguistischen Phänomenen testen, die sowohl die linguistische als auch die visuelle Modalität beeinflussen. Wir zielen auf Existenz, Pluralität, Zählen, räumliche Beziehungen, Aktionen und Entitätskoreferenz ab. Aber wie testen wir, ob die Vision- und Sprachmodelle erfasst haben
2	113.36000000000026	0.6290924549102783	Phänomenen testen, die sowohl die linguistische als auch die visuelle Modalität beeinflussen. Wir zielen auf Existenz, Pluralität, Zählen, räumliche Beziehungen, Aktionen und Entitätskoreferenz ab. Aber wie testen wir, ob die Vision- und Sprachmodelle diese Phänomene erfasst haben?	spezifischen linguistischen Phänomenen testen, die sowohl die linguistische als auch die visuelle Modalität beeinflussen. Wir zielen auf Existenz, Pluralität, Zählen, räumliche Beziehungen, Aktionen und Entitätskoreferenz ab. Aber wie testen wir, ob die Vision- und Sprachmodelle dieses Phänomen erfasst haben?
2	114.40000000000026	0.6643755435943604	Durch	Phänomenen testen, die sowohl die linguistische als auch die visuelle Modalität beeinflussen. Wir zielen auf Existenz, Pluralität, Zählen, räumliche Beziehungen, Aktionen und Entitätskoreferenz ab. Aber wie testen wir, ob die Vision- und Sprachmodelle diese Phänomene erfasst haben?
2	115.44000000000027	0.5274102687835693	eines	
2	116.48000000000027	0.7928061485290527		eines
2	117.52000000000028	1.036564826965332	FOILing, eine Methode, die zuvor und Entitätskoreferenz ab. Aber wie testen wir, ob die Vision- und Sprachmodelle diese Phänomene erfasst haben? Durch FOILing, eine Methode, die zuvor für Vision- und Sprachaufgaben angewendet wurde, und	
2	118.56000000000029	0.7518064975738525	für Vision- und	und Entitätskoreferenz ab. Aber wie testen wir, ob die Vision- und Sprachmodelle diese Phänomene erfasst haben? Durch FOILing, eine Methode, die zuvor für Vision- und Sprachaufgaben angewendet wurde, und
2	119.60000000000029	0.5659806728363037	Sprachmodelle nur für	
2	120.6400000000003	0.8485314846038818	Phänomenen testen, die sowohl die linguistische als auch die visuelle Modalität beeinflussen. Wir zielen auf Existenz, Pluralität, Zählen, räumliche Beziehungen, Aktionen und Entitätskoreferenz ab. Aber wie testen wir, ob die Vision- und Sprachmodelle diese Phänomene erfasst haben? Durch FOILing, eine Methode, die zuvor für Vision- und Sprachmodelle nur für Nomenphrasen angewendet wurde, durch	
2	121.6800000000003	0.8858742713928223	Nomenphrasen beeinflussen. Wir zielen auf Existenz, Pluralität, Zählen, räumliche Beziehungen, Aktionen und Entitätskoreferenz ab. Aber wie testen wir, ob die Vision- und Sprachmodelle diese Phänomene erfasst haben? Durch FOILing, eine Methode, die zuvor für Vision- und Sprachmodelle nur für Nomenphrasen von Ravi Shekhar angewendet wurde.	Phänomenen testen, die sowohl die linguistische als auch die visuelle Modalität beeinflussen. Wir zielen auf Existenz, Pluralität, Zählen, räumliche Beziehungen, Aktionen und Entitätskoreferenz ab. Aber wie testen wir, ob die Vision- und Sprachmodelle diese Phänomene erfasst haben? Durch FOILing, eine Methode, die zuvor für Vision- und Sprachmodelle nur für Nomenphrasen angewendet wurde, durch
2	122.72000000000031	0.7612230777740479	von Ravi Shekhar beeinflussen. Wir zielen auf Existenz, Pluralität, Zählen, räumliche Beziehungen, Aktionen und Entitätskoreferenz ab. Aber wie testen wir, ob die Vision- und Sprachmodelle diese Phänomene erfasst haben? Durch FOILing, eine Methode, die zuvor für Vision- und Sprachmodelle nur für Nomenphrasen von Ravi Shekhar und Mitarbeitern angewendet wurde.	beeinflussen. Wir zielen auf Existenz, Pluralität, Zählen, räumliche Beziehungen, Aktionen und Entitätskoreferenz ab. Aber wie testen wir, ob die Vision- und Sprachmodelle diese Phänomene erfasst haben? Durch FOILing, eine Methode, die zuvor für Vision- und Sprachmodelle nur für Nomenphrasen von Ravi Shekhar angewendet wurde.
2	123.76000000000032	0.7248742580413818	und Mitarbeitern testen, die sowohl die linguistische als auch die visuelle Modalität beeinflussen. Wir zielen auf Existenz, Pluralität, Zählen, räumliche Beziehungen, Aktionen und Entitätskoreferenz ab. Aber wie testen wir, ob die Vision- und Sprachmodelle diese Phänomene erfasst haben? Durch FOILing, eine Methode, die zuvor für Vision- und Sprachmodelle nur für Nomenphrasen von Ravi Shekhar und Mitarbeitern sowie beim Zählen angewendet wurde.	beeinflussen. Wir zielen auf Existenz, Pluralität, Zählen, räumliche Beziehungen, Aktionen und Entitätskoreferenz ab. Aber wie testen wir, ob die Vision- und Sprachmodelle diese Phänomene erfasst haben? Durch FOILing, eine Methode, die zuvor für Vision- und Sprachmodelle nur für Nomenphrasen von Ravi Shekhar und Mitarbeitern angewendet wurde.
2	124.80000000000032	0.7932453155517578	Fragen.	testen, die sowohl die linguistische als auch die visuelle Modalität beeinflussen. Wir zielen auf Existenz, Pluralität, Zählen, räumliche Beziehungen, Aktionen und Entitätskoreferenz ab. Aber wie testen wir, ob die Vision- und Sprachmodelle diese Phänomene erfasst haben? Durch FOILing, eine Methode, die zuvor für Vision- und Sprachmodelle nur für Nomenphrasen von Ravi Shekhar und Mitarbeitern sowie beim Zählen angewendet wurde.
2	125.84000000000033	0.8162970542907715	in früheren Arbeiten gezeigt wurden? Um mehr Licht auf dieses Aspekt zu werfen, schlagen wir eine aufgabenagnostischere Richtung vor und führen Valves ein, die die Sensitivität von Vision- und Sprachmodellen gegenüber spezifischen linguistischen Phänomenen testen, die sowohl die linguistische als auch die visuelle Modalität beeinflussen. Wir zielen auf Existenz, Pluralität, Zählen, räumliche Beziehungen, Aktionen und Entitätskoreferenz ab. Aber wie testen wir, ob die Vision- und Sprachmodelle diese Phänomene erfasst haben? Durch FOILing, eine Methode, die zuvor für Vision- und Sprachmodelle nur für Nomenphrasen von Ravi Shekhar und Mitarbeitern sowie für Zählen in unserer vorherigen Arbeit angewendet wurde.	Fragen.
2	126.88000000000034	0.579399585723877		in früheren Arbeiten gezeigt wurden? Um mehr Licht auf dieses Aspekt zu werfen, schlagen wir eine aufgabenagnostischere Richtung vor und führen Valves ein, die die Sensitivität von Vision- und Sprachmodellen gegenüber spezifischen linguistischen Phänomenen testen, die sowohl die linguistische als auch die visuelle Modalität beeinflussen. Wir zielen auf Existenz, Pluralität, Zählen, räumliche Beziehungen, Aktionen und Entitätskoreferenz ab. Aber wie testen wir, ob die Vision- und Sprachmodelle diese Phänomene erfasst haben? Durch FOILing, eine Methode, die zuvor für Vision- und Sprachmodelle nur für Nomenphrasen von Ravi Shekhar und Mitarbeitern sowie für Zählen in unserer vorherigen Arbeit angewendet wurde.
2	127.92000000000034	0.6732821464538574	Pluralität, Zählen, räumliche Beziehungen, Aktionen und Entitätskoreferenz ab. Aber wie testen wir, ob die Vision- und Sprachmodelle diese Phänomene erfasst haben? Durch FOILing, eine Methode, die zuvor für Vision- und Sprachmodelle nur für Nomenphrasen von Ravi Shekhar und Mitarbeitern sowie für Zählen in unserer vorherigen Arbeit angewendet wurde. FOILing bedeutet im Wesentlichen.	
2	128.96000000000035	0.7489805221557617	FOILing bedeutet im bedeutet im Wesentlichen, dass wir	Pluralität, Zählen, räumliche Beziehungen, Aktionen und Entitätskoreferenz ab. Aber wie testen wir, ob die Vision- und Sprachmodelle diese Phänomene erfasst haben? Durch FOILing, eine Methode, die zuvor für Vision- und Sprachmodelle nur für Nomenphrasen von Ravi Shekhar und Mitarbeitern sowie für Zählen in unserer vorherigen Arbeit angewendet wurde. FOILing bedeutet im Wesentlichen.
2	130.00000000000034	0.7027521133422852	nehmen.	bedeutet im Wesentlichen, dass wir
2	131.04000000000033	0.6345615386962891	die nehmen.	nehmen.
2	132.08000000000033	0.748753547668457	Bildunterschrift und Entitätskoreferenz ab. Aber wie testen wir, ob die Vision- und Sprachmodelle diese Phänomene erfasst haben? Durch FOILing, eine Methode, die zuvor für Vision- und Sprachmodelle nur für Nomenphrasen von Ravi Shekhar und Mitarbeitern sowie für Zählen in unserer vorherigen Arbeit angewendet wurde. FOILing bedeutet im Wesentlichen, dass wir die Bildunterschrift eines Bildes nehmen und eine	nehmen.
2	133.12000000000032	0.7738220691680908	Entitätskoreferenz ab. Aber wie testen wir, ob die Vision- und Sprachmodelle diese Phänomene erfasst haben? Durch FOILing, eine Methode, die zuvor für Vision- und Sprachmodelle nur für Nomenphrasen von Ravi Shekhar und Mitarbeitern sowie für Zählen in unserer vorherigen Arbeit angewendet wurde. FOILing bedeutet im Wesentlichen, dass wir die Bildunterschrift nehmen und daraus ein FOIL erzeugen, indem wir	und Entitätskoreferenz ab. Aber wie testen wir, ob die Vision- und Sprachmodelle diese Phänomene erfasst haben? Durch FOILing, eine Methode, die zuvor für Vision- und Sprachmodelle nur für Nomenphrasen von Ravi Shekhar und Mitarbeitern sowie für Zählen in unserer vorherigen Arbeit angewendet wurde. FOILing bedeutet im Wesentlichen, dass wir die Bildunterschrift eines Bildes nehmen und eine
2	134.1600000000003	0.9146411418914795	nehmen und ändern.	Entitätskoreferenz ab. Aber wie testen wir, ob die Vision- und Sprachmodelle diese Phänomene erfasst haben? Durch FOILing, eine Methode, die zuvor für Vision- und Sprachmodelle nur für Nomenphrasen von Ravi Shekhar und Mitarbeitern sowie für Zählen in unserer vorherigen Arbeit angewendet wurde. FOILing bedeutet im Wesentlichen, dass wir die Bildunterschrift nehmen und daraus ein FOIL erzeugen, indem wir
2	135.2000000000003	0.8504900932312012	eine Folie erzeugen, indem wir die Unterschrift ändern,	ändern.
2	136.2400000000003	0.5710597038269043		ändern,
2	137.28000000000029	0.7185752391815186	so ändern, dass erfasst haben? Durch FOILing, eine Methode, die zuvor für Vision- und Sprachmodelle nur für Nomenphrasen von Ravi Shekhar und Mitarbeitern sowie für Zählen in unserer vorherigen Arbeit angewendet wurde. FOILing bedeutet im Wesentlichen, dass wir die Bildunterschrift nehmen und eine Folie erzeugen, indem wir die Unterschrift so ändern, dass sie nicht anzeigt.	
2	138.32000000000028	0.6104247570037842	sie erfasst haben? Durch FOILing, eine Methode, die zuvor für Vision- und Sprachmodelle nur für Nomenphrasen von Ravi Shekhar und Mitarbeitern sowie für Zählen in unserer vorherigen Arbeit angewendet wurde. FOILing bedeutet im Wesentlichen, dass wir die Bildunterschrift nehmen und eine Folie erzeugen, indem wir die Unterschrift so ändern, dass sie das Bild nicht beschreibt.	erfasst haben? Durch FOILing, eine Methode, die zuvor für Vision- und Sprachmodelle nur für Nomenphrasen von Ravi Shekhar und Mitarbeitern sowie für Zählen in unserer vorherigen Arbeit angewendet wurde. FOILing bedeutet im Wesentlichen, dass wir die Bildunterschrift nehmen und eine Folie erzeugen, indem wir die Unterschrift so ändern, dass sie nicht anzeigt.
2	139.36000000000027	0.6211802959442139	das Bild nicht Bild nicht mehr beschreibt.	erfasst haben? Durch FOILing, eine Methode, die zuvor für Vision- und Sprachmodelle nur für Nomenphrasen von Ravi Shekhar und Mitarbeitern sowie für Zählen in unserer vorherigen Arbeit angewendet wurde. FOILing bedeutet im Wesentlichen, dass wir die Bildunterschrift nehmen und eine Folie erzeugen, indem wir die Unterschrift so ändern, dass sie das Bild nicht beschreibt.
2	140.40000000000026	0.6360406875610352	Und wir machen dies	Bild nicht mehr beschreibt.
2	141.44000000000025	0.7058277130126953		machen dies
2	142.48000000000025	0.8262348175048828	führen diese Phraseänderungen FOILing, eine Methode, die zuvor für Vision- und Sprachmodelle nur für Nomenphrasen von Ravi Shekhar und Mitarbeitern sowie für Zählen in unserer vorherigen Arbeit angewendet wurde. FOILing bedeutet im Wesentlichen, dass wir die Bildunterschrift nehmen und eine Folie erzeugen, indem wir die Unterschrift so ändern, dass sie das Bild nicht mehr beschreibt. Und wir führen diese Phraseänderungen durch, indem wir uns auf	
2	143.52000000000024	0.7463102340698242	sechs spezifische	FOILing, eine Methode, die zuvor für Vision- und Sprachmodelle nur für Nomenphrasen von Ravi Shekhar und Mitarbeitern sowie für Zählen in unserer vorherigen Arbeit angewendet wurde. FOILing bedeutet im Wesentlichen, dass wir die Bildunterschrift nehmen und eine Folie erzeugen, indem wir die Unterschrift so ändern, dass sie das Bild nicht mehr beschreibt. Und wir führen diese Phraseänderungen durch, indem wir uns auf
2	144.56000000000023	0.7122077941894531	Teile konzentrieren.	
2	145.60000000000022	0.8283650875091553	FOILing, eine Methode, die zuvor für Vision- und Sprachmodelle nur für Nomenphrasen von Ravi Shekhar und Mitarbeitern sowie für Zählen in unserer vorherigen Arbeit angewendet wurde. FOILing bedeutet im Wesentlichen, dass wir die Bildunterschrift nehmen und eine Folie erzeugen, indem wir die Unterschrift so ändern, dass sie das Bild nicht mehr beschreibt. Und wir führen diese Phraseänderungen durch, indem wir uns auf sechs spezifische Teile konzentrieren, wie zum Beispiel Existenz.	konzentrieren.
2	146.6400000000002	0.8741426467895508	konzentrieren, wie Existenz, Pluralität, Zählen, räumliche Beziehungen, Aktionen und Entitätskoreferenz ab. Aber wie testen wir, ob die Vision- und Sprachmodelle diese Phänomene erfasst haben? Durch FOILing, eine Methode, die zuvor für Vision- und Sprachmodelle nur für Nomenphrasen von Ravi Shekhar und Mitarbeitern sowie für Zählen in unserer vorherigen Arbeit angewendet wurde. FOILing bedeutet im Wesentlichen, dass wir die Bildunterschrift nehmen und eine Folie erzeugen, indem wir die Unterschrift so ändern, dass sie das Bild nicht mehr beschreibt. Und wir führen diese Phraseänderungen durch, indem wir uns auf sechs spezifische Teile konzentrieren, wie Existenz oder Pluralität.	FOILing, eine Methode, die zuvor für Vision- und Sprachmodelle nur für Nomenphrasen von Ravi Shekhar und Mitarbeitern sowie für Zählen in unserer vorherigen Arbeit angewendet wurde. FOILing bedeutet im Wesentlichen, dass wir die Bildunterschrift nehmen und eine Folie erzeugen, indem wir die Unterschrift so ändern, dass sie das Bild nicht mehr beschreibt. Und wir führen diese Phraseänderungen durch, indem wir uns auf sechs spezifische Teile konzentrieren, wie zum Beispiel Existenz.
2	147.6800000000002	0.7867283821105957	Zählen.	Existenz, Pluralität, Zählen, räumliche Beziehungen, Aktionen und Entitätskoreferenz ab. Aber wie testen wir, ob die Vision- und Sprachmodelle diese Phänomene erfasst haben? Durch FOILing, eine Methode, die zuvor für Vision- und Sprachmodelle nur für Nomenphrasen von Ravi Shekhar und Mitarbeitern sowie für Zählen in unserer vorherigen Arbeit angewendet wurde. FOILing bedeutet im Wesentlichen, dass wir die Bildunterschrift nehmen und eine Folie erzeugen, indem wir die Unterschrift so ändern, dass sie das Bild nicht mehr beschreibt. Und wir führen diese Phraseänderungen durch, indem wir uns auf sechs spezifische Teile konzentrieren, wie Existenz oder Pluralität.
2	148.7200000000002	0.9219422340393066	Existenz, räumliche Beziehungen, Aktionen und Entitätskoreferenz ab. Aber wie testen wir, ob die Vision- und Sprachmodelle diese Phänomene erfasst haben? Durch FOILing, eine Methode, die zuvor für Vision- und Sprachmodelle nur für Nomenphrasen von Ravi Shekhar und Mitarbeitern sowie für Zählen in unserer vorherigen Arbeit angewendet wurde. FOILing bedeutet im Wesentlichen, dass wir die Bildunterschrift nehmen und eine Folie erzeugen, indem wir die Unterschrift so ändern, dass sie das Bild nicht mehr beschreibt. Und wir führen diese Phraseänderungen durch, indem wir uns auf sechs spezifische Teile konzentrieren, wie Existenz, Pluralität, Zählen, räumliche Beziehungen.	Zählen.
2	149.7600000000002	0.8985803127288818	Pluralität, Zählen, räumliche Beziehungen, Aktionen und Entitätskoreferenz ab. Aber wie testen wir, ob die Vision- und Sprachmodelle diese Phänomene erfasst haben? Durch FOILing, eine Methode, die zuvor für Vision- und Sprachmodelle nur für Nomenphrasen von Ravi Shekhar und Mitarbeitern sowie für Zählen in unserer vorherigen Arbeit angewendet wurde. FOILing bedeutet im Wesentlichen, dass wir die Bildunterschrift nehmen und eine Folie erzeugen, indem wir die Unterschrift so ändern, dass sie das Bild nicht mehr beschreibt. Und wir führen diese Phraseänderungen durch, indem wir uns auf sechs spezifische Teile konzentrieren, wie Existenz, Pluralität, Zählen, räumliche Beziehungen, Aktionen und	räumliche Beziehungen, Aktionen und Entitätskoreferenz ab. Aber wie testen wir, ob die Vision- und Sprachmodelle diese Phänomene erfasst haben? Durch FOILing, eine Methode, die zuvor für Vision- und Sprachmodelle nur für Nomenphrasen von Ravi Shekhar und Mitarbeitern sowie für Zählen in unserer vorherigen Arbeit angewendet wurde. FOILing bedeutet im Wesentlichen, dass wir die Bildunterschrift nehmen und eine Folie erzeugen, indem wir die Unterschrift so ändern, dass sie das Bild nicht mehr beschreibt. Und wir führen diese Phraseänderungen durch, indem wir uns auf sechs spezifische Teile konzentrieren, wie Existenz, Pluralität, Zählen, räumliche Beziehungen.
2	150.80000000000018	0.7424681186676025		Entitätskoreferenz ab. Aber wie testen wir, ob die Vision- und Sprachmodelle diese Phänomene erfasst haben? Durch FOILing, eine Methode, die zuvor für Vision- und Sprachmodelle nur für Nomenphrasen von Ravi Shekhar und Mitarbeitern sowie für Zählen in unserer vorherigen Arbeit angewendet wurde. FOILing bedeutet im Wesentlichen, dass wir die Bildunterschrift nehmen und eine Folie erzeugen, indem wir die Unterschrift so ändern, dass sie das Bild nicht mehr beschreibt. Und wir führen diese Phraseänderungen durch, indem wir uns auf sechs spezifische Teile konzentrieren, wie Existenz, Pluralität, Zählen, räumliche Beziehungen, Aktionen und
2	151.84000000000017	0.6299667358398438	Entitätskoreferenz ab. Aber wie testen wir, ob die Vision- und Sprachmodelle diese Phänomene erfasst haben? Durch FOILing, eine Methode, die zuvor für Vision- und Sprachmodelle nur für Nomenphrasen von Ravi Shekhar und Mitarbeitern sowie für Zählen in unserer vorherigen Arbeit angewendet wurde. FOILing bedeutet im Wesentlichen, dass wir die Bildunterschrift nehmen und eine Folie erzeugen, indem wir die Unterschrift so ändern, dass sie das Bild nicht mehr beschreibt. Und wir führen diese Phraseänderungen durch, indem wir uns auf sechs spezifische Teile konzentrieren, wie Existenz, Pluralität, Zählen, räumliche Beziehungen, Aktionen und Entitätskoreferenz.	
2	152.88000000000017	0.7126197814941406	indem wir uns auf sechs spezifische Teile konzentrieren, wie Existenz, Pluralität, Zählen, räumliche Beziehungen, Aktionen und Entitätskoreferenz, wobei jeder Teil	Entitätskoreferenz ab. Aber wie testen wir, ob die Vision- und Sprachmodelle diese Phänomene erfasst haben? Durch FOILing, eine Methode, die zuvor für Vision- und Sprachmodelle nur für Nomenphrasen von Ravi Shekhar und Mitarbeitern sowie für Zählen in unserer vorherigen Arbeit angewendet wurde. FOILing bedeutet im Wesentlichen, dass wir die Bildunterschrift nehmen und eine Folie erzeugen, indem wir die Unterschrift so ändern, dass sie das Bild nicht mehr beschreibt. Und wir führen diese Phraseänderungen durch, indem wir uns auf sechs spezifische Teile konzentrieren, wie Existenz, Pluralität, Zählen, räumliche Beziehungen, Aktionen und Entitätskoreferenz.
2	153.92000000000016	0.8124053478240967		indem wir uns auf sechs spezifische Teile konzentrieren, wie Existenz, Pluralität, Zählen, räumliche Beziehungen, Aktionen und Entitätskoreferenz, wobei jeder Teil
2	154.96000000000015	0.6489660739898682	Zählen in unserer vorherigen Arbeit angewendet wurde. FOILing bedeutet im Wesentlichen, dass wir die Bildunterschrift nehmen und eine Folie erzeugen, indem wir die Unterschrift so ändern, dass sie das Bild nicht mehr beschreibt. Und wir führen diese Phraseänderungen durch, indem wir uns auf sechs spezifische Teile konzentrieren, wie Existenz, Pluralität, Zählen, räumliche Beziehungen, Aktionen und Entitätskoreferenz, wobei jeder Teil aus einem oder mehreren bestehen kann.	
2	156.00000000000014	0.7291080951690674	aus einem oder mehreren Mitarbeitern sowie für Zählen in unserer vorherigen Arbeit angewendet wurde. FOILing bedeutet im Wesentlichen, dass wir die Bildunterschrift nehmen und eine Folie erzeugen, indem wir die Unterschrift so ändern, dass sie das Bild nicht mehr beschreibt. Und wir führen diese Phraseänderungen durch, indem wir uns auf sechs spezifische Teile konzentrieren, wie Existenz, Pluralität, Zählen, räumliche Beziehungen, Aktionen und Entitätskoreferenz, wobei jeder Teil aus einem oder mehreren Instrumenten bestehen kann.	Zählen in unserer vorherigen Arbeit angewendet wurde. FOILing bedeutet im Wesentlichen, dass wir die Bildunterschrift nehmen und eine Folie erzeugen, indem wir die Unterschrift so ändern, dass sie das Bild nicht mehr beschreibt. Und wir führen diese Phraseänderungen durch, indem wir uns auf sechs spezifische Teile konzentrieren, wie Existenz, Pluralität, Zählen, räumliche Beziehungen, Aktionen und Entitätskoreferenz, wobei jeder Teil aus einem oder mehreren bestehen kann.
2	157.04000000000013	0.7762894630432129	in unserer vorherigen Arbeit angewendet wurde. FOILing bedeutet im Wesentlichen, dass wir die Bildunterschrift nehmen und eine Folie erzeugen, indem wir die Unterschrift so ändern, dass sie das Bild nicht mehr beschreibt. Und wir führen diese Phraseänderungen durch, indem wir uns auf sechs spezifische Teile konzentrieren, wie Existenz, Pluralität, Zählen, räumliche Beziehungen, Aktionen und Entitätskoreferenz, wobei jeder Teil aus einem oder mehreren Instrumenten bestehen kann. Falls wir festgestellt haben, dass	Mitarbeitern sowie für Zählen in unserer vorherigen Arbeit angewendet wurde. FOILing bedeutet im Wesentlichen, dass wir die Bildunterschrift nehmen und eine Folie erzeugen, indem wir die Unterschrift so ändern, dass sie das Bild nicht mehr beschreibt. Und wir führen diese Phraseänderungen durch, indem wir uns auf sechs spezifische Teile konzentrieren, wie Existenz, Pluralität, Zählen, räumliche Beziehungen, Aktionen und Entitätskoreferenz, wobei jeder Teil aus einem oder mehreren Instrumenten bestehen kann.
2	158.08000000000013	0.7003405094146729	Falls wir	in unserer vorherigen Arbeit angewendet wurde. FOILing bedeutet im Wesentlichen, dass wir die Bildunterschrift nehmen und eine Folie erzeugen, indem wir die Unterschrift so ändern, dass sie das Bild nicht mehr beschreibt. Und wir führen diese Phraseänderungen durch, indem wir uns auf sechs spezifische Teile konzentrieren, wie Existenz, Pluralität, Zählen, räumliche Beziehungen, Aktionen und Entitätskoreferenz, wobei jeder Teil aus einem oder mehreren Instrumenten bestehen kann. Falls wir festgestellt haben, dass
2	159.12000000000012	0.5450105667114258	mehr als ein	
2	160.1600000000001	0.7486119270324707		
2	161.2000000000001	0.9360144138336182	interessanter Weg gefunden haben, um erzeugen, indem wir die Unterschrift so ändern, dass sie das Bild nicht mehr beschreibt. Und wir führen diese Phraseänderungen durch, indem wir uns auf sechs spezifische Teile konzentrieren, wie Existenz, Pluralität, Zählen, räumliche Beziehungen, Aktionen und Entitätskoreferenz, wobei jeder Teil aus einem oder mehreren Instrumenten bestehen kann. Falls wir mehr als ein interessanter Weg gefunden haben, um Folie-Instrumente zu erstellen.	
2	162.2400000000001	0.7120211124420166	Mitarbeitern sowie für Zählen in unserer vorherigen Arbeit angewendet wurde. FOILing bedeutet im Wesentlichen, dass wir die Bildunterschrift nehmen und eine Folie erzeugen, indem wir die Unterschrift so ändern, dass sie das Bild nicht mehr beschreibt. Und wir führen diese Phraseänderungen durch, indem wir uns auf sechs spezifische Teile konzentrieren, wie Existenz, Pluralität, Zählen, räumliche Beziehungen, Aktionen und Entitätskoreferenz, wobei jeder Teil aus einem oder mehreren Instrumenten bestehen kann. Falls wir mehr als ein interessanter Weg gefunden haben, um FOIL-Instanzen zu erstellen.	erzeugen, indem wir die Unterschrift so ändern, dass sie das Bild nicht mehr beschreibt. Und wir führen diese Phraseänderungen durch, indem wir uns auf sechs spezifische Teile konzentrieren, wie Existenz, Pluralität, Zählen, räumliche Beziehungen, Aktionen und Entitätskoreferenz, wobei jeder Teil aus einem oder mehreren Instrumenten bestehen kann. Falls wir mehr als ein interessanter Weg gefunden haben, um Folie-Instrumente zu erstellen.
2	163.2800000000001	0.8169925212860107		Mitarbeitern sowie für Zählen in unserer vorherigen Arbeit angewendet wurde. FOILing bedeutet im Wesentlichen, dass wir die Bildunterschrift nehmen und eine Folie erzeugen, indem wir die Unterschrift so ändern, dass sie das Bild nicht mehr beschreibt. Und wir führen diese Phraseänderungen durch, indem wir uns auf sechs spezifische Teile konzentrieren, wie Existenz, Pluralität, Zählen, räumliche Beziehungen, Aktionen und Entitätskoreferenz, wobei jeder Teil aus einem oder mehreren Instrumenten bestehen kann. Falls wir mehr als ein interessanter Weg gefunden haben, um FOIL-Instanzen zu erstellen.
2	164.32000000000008	0.567119836807251	Zum Beispiel Wesentlichen, dass wir die Bildunterschrift nehmen und eine Folie erzeugen, indem wir die Unterschrift so ändern, dass sie das Bild nicht mehr beschreibt. Und wir führen diese Phraseänderungen durch, indem wir uns auf sechs spezifische Teile konzentrieren, wie Existenz, Pluralität, Zählen, räumliche Beziehungen, Aktionen und Entitätskoreferenz, wobei jeder Teil aus einem oder mehreren Instrumenten bestehen kann. Falls wir mehr als ein interessanter Weg gefunden haben, um FOIL-Instanzen zu erstellen. Zum Beispiel im Fall	
2	165.36000000000007	0.586134672164917	die Bildunterschrift nehmen und eine Folie erzeugen, indem wir die Unterschrift so ändern, dass sie das Bild nicht mehr beschreibt. Und wir führen diese Phraseänderungen durch, indem wir uns auf sechs spezifische Teile konzentrieren, wie Existenz, Pluralität, Zählen, räumliche Beziehungen, Aktionen und Entitätskoreferenz, wobei jeder Teil aus einem oder mehreren Instrumenten bestehen kann. Falls wir mehr als ein interessanter Weg gefunden haben, um FOIL-Instanzen zu erstellen. Zum Beispiel im Fall des tatsächlichen	Wesentlichen, dass wir die Bildunterschrift nehmen und eine Folie erzeugen, indem wir die Unterschrift so ändern, dass sie das Bild nicht mehr beschreibt. Und wir führen diese Phraseänderungen durch, indem wir uns auf sechs spezifische Teile konzentrieren, wie Existenz, Pluralität, Zählen, räumliche Beziehungen, Aktionen und Entitätskoreferenz, wobei jeder Teil aus einem oder mehreren Instrumenten bestehen kann. Falls wir mehr als ein interessanter Weg gefunden haben, um FOIL-Instanzen zu erstellen. Zum Beispiel im Fall
2	166.40000000000006	0.6852529048919678	des Bildunterschrift nehmen und eine Folie erzeugen, indem wir die Unterschrift so ändern, dass sie das Bild nicht mehr beschreibt. Und wir führen diese Phraseänderungen durch, indem wir uns auf sechs spezifische Teile konzentrieren, wie Existenz, Pluralität, Zählen, räumliche Beziehungen, Aktionen und Entitätskoreferenz, wobei jeder Teil aus einem oder mehreren Instrumenten bestehen kann. Falls wir mehr als ein interessanter Weg gefunden haben, um FOIL-Instanzen zu erstellen. Zum Beispiel im Fall des Aktionsteils, haben wir	die Bildunterschrift nehmen und eine Folie erzeugen, indem wir die Unterschrift so ändern, dass sie das Bild nicht mehr beschreibt. Und wir führen diese Phraseänderungen durch, indem wir uns auf sechs spezifische Teile konzentrieren, wie Existenz, Pluralität, Zählen, räumliche Beziehungen, Aktionen und Entitätskoreferenz, wobei jeder Teil aus einem oder mehreren Instrumenten bestehen kann. Falls wir mehr als ein interessanter Weg gefunden haben, um FOIL-Instanzen zu erstellen. Zum Beispiel im Fall des tatsächlichen
2	167.44000000000005	0.7259538173675537		Bildunterschrift nehmen und eine Folie erzeugen, indem wir die Unterschrift so ändern, dass sie das Bild nicht mehr beschreibt. Und wir führen diese Phraseänderungen durch, indem wir uns auf sechs spezifische Teile konzentrieren, wie Existenz, Pluralität, Zählen, räumliche Beziehungen, Aktionen und Entitätskoreferenz, wobei jeder Teil aus einem oder mehreren Instrumenten bestehen kann. Falls wir mehr als ein interessanter Weg gefunden haben, um FOIL-Instanzen zu erstellen. Zum Beispiel im Fall des Aktionsteils, haben wir
2	168.48000000000005	0.9022724628448486	Aktionsteils haben wir zwei in unserer vorherigen Arbeit angewendet wurde. FOILing bedeutet im Wesentlichen, dass wir die Bildunterschrift nehmen und eine Folie erzeugen, indem wir die Unterschrift so ändern, dass sie das Bild nicht mehr beschreibt. Und wir führen diese Phraseänderungen durch, indem wir uns auf sechs spezifische Teile konzentrieren, wie Existenz, Pluralität, Zählen, räumliche Beziehungen, Aktionen und Entitätskoreferenz, wobei jeder Teil aus einem oder mehreren Instrumenten bestehen kann. Falls wir mehr als ein interessanter Weg gefunden haben, um FOIL-Instanzen zu erstellen. Zum Beispiel im Fall des Aktionsteils haben wir zwei Instrumente, eines davon, in dem	
2	169.52000000000004	0.7983479499816895	das Bild nicht mehr beschreibt. Und wir führen diese Phraseänderungen durch, indem wir uns auf sechs spezifische Teile konzentrieren, wie Existenz, Pluralität, Zählen, räumliche Beziehungen, Aktionen und Entitätskoreferenz, wobei jeder Teil aus einem oder mehreren Instrumenten bestehen kann. Falls wir mehr als ein interessanter Weg gefunden haben, um FOIL-Instanzen zu erstellen. Zum Beispiel im Fall des Aktionsteils haben wir zwei Instrumente, eines davon, in dem die Aktionsversion	in unserer vorherigen Arbeit angewendet wurde. FOILing bedeutet im Wesentlichen, dass wir die Bildunterschrift nehmen und eine Folie erzeugen, indem wir die Unterschrift so ändern, dass sie das Bild nicht mehr beschreibt. Und wir führen diese Phraseänderungen durch, indem wir uns auf sechs spezifische Teile konzentrieren, wie Existenz, Pluralität, Zählen, räumliche Beziehungen, Aktionen und Entitätskoreferenz, wobei jeder Teil aus einem oder mehreren Instrumenten bestehen kann. Falls wir mehr als ein interessanter Weg gefunden haben, um FOIL-Instanzen zu erstellen. Zum Beispiel im Fall des Aktionsteils haben wir zwei Instrumente, eines davon, in dem
2	170.56000000000003	0.6599266529083252	ändern, dass sie das Bild nicht mehr beschreibt. Und wir führen diese Phraseänderungen durch, indem wir uns auf sechs spezifische Teile konzentrieren, wie Existenz, Pluralität, Zählen, räumliche Beziehungen, Aktionen und Entitätskoreferenz, wobei jeder Teil aus einem oder mehreren Instrumenten bestehen kann. Falls wir mehr als ein interessanter Weg gefunden haben, um FOIL-Instanzen zu erstellen. Zum Beispiel im Fall des Aktionsteils haben wir zwei Instrumente, eines davon, in dem das Aktionsverb geändert wird mit.	das Bild nicht mehr beschreibt. Und wir führen diese Phraseänderungen durch, indem wir uns auf sechs spezifische Teile konzentrieren, wie Existenz, Pluralität, Zählen, räumliche Beziehungen, Aktionen und Entitätskoreferenz, wobei jeder Teil aus einem oder mehreren Instrumenten bestehen kann. Falls wir mehr als ein interessanter Weg gefunden haben, um FOIL-Instanzen zu erstellen. Zum Beispiel im Fall des Aktionsteils haben wir zwei Instrumente, eines davon, in dem die Aktionsversion
2	171.60000000000002	0.7987813949584961	das Aktionsverb	ändern, dass sie das Bild nicht mehr beschreibt. Und wir führen diese Phraseänderungen durch, indem wir uns auf sechs spezifische Teile konzentrieren, wie Existenz, Pluralität, Zählen, räumliche Beziehungen, Aktionen und Entitätskoreferenz, wobei jeder Teil aus einem oder mehreren Instrumenten bestehen kann. Falls wir mehr als ein interessanter Weg gefunden haben, um FOIL-Instanzen zu erstellen. Zum Beispiel im Fall des Aktionsteils haben wir zwei Instrumente, eines davon, in dem das Aktionsverb geändert wird mit.
2	172.64000000000001	0.7943511009216309	durch ein anderes Aktionsverb ersetzt konzentrieren, wie Existenz, Pluralität, Zählen, räumliche Beziehungen, Aktionen und Entitätskoreferenz, wobei jeder Teil aus einem oder mehreren Instrumenten bestehen kann. Falls wir mehr als ein interessanter Weg gefunden haben, um FOIL-Instanzen zu erstellen. Zum Beispiel im Fall des Aktionsteils haben wir zwei Instrumente, eines davon, in dem das Aktionsverb durch ein anderes Aktionsverb ersetzt wird, und eines in	
2	173.68	0.7298882007598877	wird, und	konzentrieren, wie Existenz, Pluralität, Zählen, räumliche Beziehungen, Aktionen und Entitätskoreferenz, wobei jeder Teil aus einem oder mehreren Instrumenten bestehen kann. Falls wir mehr als ein interessanter Weg gefunden haben, um FOIL-Instanzen zu erstellen. Zum Beispiel im Fall des Aktionsteils haben wir zwei Instrumente, eines davon, in dem das Aktionsverb durch ein anderes Aktionsverb ersetzt wird, und eines in
2	174.72	0.8865630626678467	eines, in dem beschreibt. Und wir führen diese Phraseänderungen durch, indem wir uns auf sechs spezifische Teile konzentrieren, wie Existenz, Pluralität, Zählen, räumliche Beziehungen, Aktionen und Entitätskoreferenz, wobei jeder Teil aus einem oder mehreren Instrumenten bestehen kann. Falls wir mehr als ein interessanter Weg gefunden haben, um FOIL-Instanzen zu erstellen. Zum Beispiel im Fall des Aktionsteils haben wir zwei Instrumente, eines davon, in dem das Aktionsverb durch ein anderes Aktionsverb ersetzt wird, und eines, in dem die Akteure ausgetauscht werden.	
2	175.76	0.46604180335998535	die	beschreibt. Und wir führen diese Phraseänderungen durch, indem wir uns auf sechs spezifische Teile konzentrieren, wie Existenz, Pluralität, Zählen, räumliche Beziehungen, Aktionen und Entitätskoreferenz, wobei jeder Teil aus einem oder mehreren Instrumenten bestehen kann. Falls wir mehr als ein interessanter Weg gefunden haben, um FOIL-Instanzen zu erstellen. Zum Beispiel im Fall des Aktionsteils haben wir zwei Instrumente, eines davon, in dem das Aktionsverb durch ein anderes Aktionsverb ersetzt wird, und eines, in dem die Akteure ausgetauscht werden.
2	176.79999999999998	0.9377553462982178	Subjekte vertauscht werden.	
2	177.83999999999997	0.7269446849822998	Zählen und Koreferenz sind Teile konzentrieren, wie Existenz, Pluralität, Zählen, räumliche Beziehungen, Aktionen und Entitätskoreferenz, wobei jeder Teil aus einem oder mehreren Instrumenten bestehen kann. Falls wir mehr als ein interessanter Weg gefunden haben, um FOIL-Instanzen zu erstellen. Zum Beispiel im Fall des Aktionsteils haben wir zwei Instrumente, eines davon, in dem das Aktionsverb durch ein anderes Aktionsverb ersetzt wird, und eines, in dem die Subjekte vertauscht werden. Zählen und Koreferenz sind ebenfalls Teile.	
2	178.87999999999997	0.6676120758056641	ebenfalls Teile konzentrieren, wie Existenz, Pluralität, Zählen, räumliche Beziehungen, Aktionen und Entitätskoreferenz, wobei jeder Teil aus einem oder mehreren Instrumenten bestehen kann. Falls wir mehr als ein interessanter Weg gefunden haben, um FOIL-Instanzen zu erstellen. Zum Beispiel im Fall des Aktionsteils haben wir zwei Instrumente, eines davon, in dem das Aktionsverb durch ein anderes Aktionsverb ersetzt wird, und eines, in dem die Subjekte vertauscht werden. Zählen und Koreferenz sind ebenfalls Teile, die mehr haben.	Teile konzentrieren, wie Existenz, Pluralität, Zählen, räumliche Beziehungen, Aktionen und Entitätskoreferenz, wobei jeder Teil aus einem oder mehreren Instrumenten bestehen kann. Falls wir mehr als ein interessanter Weg gefunden haben, um FOIL-Instanzen zu erstellen. Zum Beispiel im Fall des Aktionsteils haben wir zwei Instrumente, eines davon, in dem das Aktionsverb durch ein anderes Aktionsverb ersetzt wird, und eines, in dem die Subjekte vertauscht werden. Zählen und Koreferenz sind ebenfalls Teile.
2	179.91999999999996	0.7470130920410156	Teile, die mehr mehr beschreibt. Und wir führen diese Phraseänderungen durch, indem wir uns auf sechs spezifische Teile konzentrieren, wie Existenz, Pluralität, Zählen, räumliche Beziehungen, Aktionen und Entitätskoreferenz, wobei jeder Teil aus einem oder mehreren Instrumenten bestehen kann. Falls wir mehr als ein interessanter Weg gefunden haben, um FOIL-Instanzen zu erstellen. Zum Beispiel im Fall des Aktionsteils haben wir zwei Instrumente, eines davon, in dem das Aktionsverb durch ein anderes Aktionsverb ersetzt wird, und eines, in dem die Subjekte vertauscht werden. Zählen und Koreferenz sind ebenfalls Teile, die mehr als ein Instrument haben.	Teile konzentrieren, wie Existenz, Pluralität, Zählen, räumliche Beziehungen, Aktionen und Entitätskoreferenz, wobei jeder Teil aus einem oder mehreren Instrumenten bestehen kann. Falls wir mehr als ein interessanter Weg gefunden haben, um FOIL-Instanzen zu erstellen. Zum Beispiel im Fall des Aktionsteils haben wir zwei Instrumente, eines davon, in dem das Aktionsverb durch ein anderes Aktionsverb ersetzt wird, und eines, in dem die Subjekte vertauscht werden. Zählen und Koreferenz sind ebenfalls Teile, die mehr haben.
2	180.95999999999995	0.32413434982299805		mehr beschreibt. Und wir führen diese Phraseänderungen durch, indem wir uns auf sechs spezifische Teile konzentrieren, wie Existenz, Pluralität, Zählen, räumliche Beziehungen, Aktionen und Entitätskoreferenz, wobei jeder Teil aus einem oder mehreren Instrumenten bestehen kann. Falls wir mehr als ein interessanter Weg gefunden haben, um FOIL-Instanzen zu erstellen. Zum Beispiel im Fall des Aktionsteils haben wir zwei Instrumente, eines davon, in dem das Aktionsverb durch ein anderes Aktionsverb ersetzt wird, und eines, in dem die Subjekte vertauscht werden. Zählen und Koreferenz sind ebenfalls Teile, die mehr als ein Instrument haben.
2	181.99999999999994	0.6888694763183594	Und wir führen diese Phraseänderungen durch, indem wir uns auf sechs spezifische Teile konzentrieren, wie Existenz, Pluralität, Zählen, räumliche Beziehungen, Aktionen und Entitätskoreferenz, wobei jeder Teil aus einem oder mehreren Instrumenten bestehen kann. Falls wir mehr als ein interessanter Weg gefunden haben, um FOIL-Instanzen zu erstellen. Zum Beispiel im Fall des Aktionsteils haben wir zwei Instrumente, eines davon, in dem das Aktionsverb durch ein anderes Aktionsverb ersetzt wird, und eines, in dem die Subjekte vertauscht werden. Zählen und Koreferenz sind ebenfalls Teile, die mehr als ein Instrument haben. Und wir erstellen diese Folien.	
2	183.03999999999994	0.9265916347503662	erstellen diese indem wir uns auf sechs spezifische Teile konzentrieren, wie Existenz, Pluralität, Zählen, räumliche Beziehungen, Aktionen und Entitätskoreferenz, wobei jeder Teil aus einem oder mehreren Instrumenten bestehen kann. Falls wir mehr als ein interessanter Weg gefunden haben, um FOIL-Instanzen zu erstellen. Zum Beispiel im Fall des Aktionsteils haben wir zwei Instrumente, eines davon, in dem das Aktionsverb durch ein anderes Aktionsverb ersetzt wird, und eines, in dem die Subjekte vertauscht werden. Zählen und Koreferenz sind ebenfalls Teile, die mehr als ein Instrument haben. Und wir erstellen diese Folien, indem wir sicherstellen, dass	führen diese Phraseänderungen durch, indem wir uns auf sechs spezifische Teile konzentrieren, wie Existenz, Pluralität, Zählen, räumliche Beziehungen, Aktionen und Entitätskoreferenz, wobei jeder Teil aus einem oder mehreren Instrumenten bestehen kann. Falls wir mehr als ein interessanter Weg gefunden haben, um FOIL-Instanzen zu erstellen. Zum Beispiel im Fall des Aktionsteils haben wir zwei Instrumente, eines davon, in dem das Aktionsverb durch ein anderes Aktionsverb ersetzt wird, und eines, in dem die Subjekte vertauscht werden. Zählen und Koreferenz sind ebenfalls Teile, die mehr als ein Instrument haben. Und wir erstellen diese Folien.
2	184.07999999999993	0.9281997680664062	räumliche Beziehungen, Aktionen und Entitätskoreferenz, wobei jeder Teil aus einem oder mehreren Instrumenten bestehen kann. Falls wir mehr als ein interessanter Weg gefunden haben, um FOIL-Instanzen zu erstellen. Zum Beispiel im Fall des Aktionsteils haben wir zwei Instrumente, eines davon, in dem das Aktionsverb durch ein anderes Aktionsverb ersetzt wird, und eines, in dem die Subjekte vertauscht werden. Zählen und Koreferenz sind ebenfalls Teile, die mehr als ein Instrument haben. Und wir erstellen diese Folien, indem wir sicherstellen, dass sie nicht mehr funktionieren.	indem wir uns auf sechs spezifische Teile konzentrieren, wie Existenz, Pluralität, Zählen, räumliche Beziehungen, Aktionen und Entitätskoreferenz, wobei jeder Teil aus einem oder mehreren Instrumenten bestehen kann. Falls wir mehr als ein interessanter Weg gefunden haben, um FOIL-Instanzen zu erstellen. Zum Beispiel im Fall des Aktionsteils haben wir zwei Instrumente, eines davon, in dem das Aktionsverb durch ein anderes Aktionsverb ersetzt wird, und eines, in dem die Subjekte vertauscht werden. Zählen und Koreferenz sind ebenfalls Teile, die mehr als ein Instrument haben. Und wir erstellen diese Folien, indem wir sicherstellen, dass
2	185.11999999999992	0.6633360385894775	sie	räumliche Beziehungen, Aktionen und Entitätskoreferenz, wobei jeder Teil aus einem oder mehreren Instrumenten bestehen kann. Falls wir mehr als ein interessanter Weg gefunden haben, um FOIL-Instanzen zu erstellen. Zum Beispiel im Fall des Aktionsteils haben wir zwei Instrumente, eines davon, in dem das Aktionsverb durch ein anderes Aktionsverb ersetzt wird, und eines, in dem die Subjekte vertauscht werden. Zählen und Koreferenz sind ebenfalls Teile, die mehr als ein Instrument haben. Und wir erstellen diese Folien, indem wir sicherstellen, dass sie nicht mehr funktionieren.
2	186.1599999999999	0.8946433067321777	das Bild nicht	
2	187.1999999999999	0.9115748405456543	beschreiben, aber grammatikalisch	
2	188.2399999999999	0.6960997581481934	und	
2	189.2799999999999	0.7412230968475342	sonst	
2	190.31999999999988	0.7873682975769043	gültige Sätze sind.	
2	191.35999999999987	0.6820938587188721		
2	192.39999999999986	0.763526439666748	Das ist nicht einfach zu	
2	193.43999999999986	0.7919538021087646	tun,	
2	194.47999999999985	0.7501645088195801	da eine gefolgte	
2	195.51999999999984	0.674290657043457	Unterschrift	
2	196.55999999999983	0.8129713535308838	weniger wahrscheinlich sein	
2	197.59999999999982	0.3944873809814453	könnte als die ursprüngliche Unterschrift.	
2	198.63999999999982	0.5311834812164307		
2	199.6799999999998	0.8441884517669678	Zum Beispiel,	
2	200.7199999999998	0.7204949855804443	obwohl es nicht unmöglich	
2	201.7599999999998	0.6632850170135498	ist, ist es	
2	202.79999999999978	0.6765921115875244	statistisch	
2	203.83999999999978	0.7711455821990967		
2	204.87999999999977	0.8654787540435791	unwahrscheinlicher, dass Pflanzen	
2	205.91999999999976	0.9179515838623047	einen Mann schneiden, als	
2	206.95999999999975	0.7405140399932861	dass ein Mann	
2	207.99999999999974	0.9009749889373779	Pflanzen	
2	209.03999999999974	0.8728351593017578	schneidet, und große Vision- und Sprachmodelle	
2	210.07999999999973	0.5756478309631348	könnten	
2	211.11999999999972	0.2705841064453125	dies erkennen.	
2	212.1599999999997	0.6043739318847656		
2	213.1999999999997	0.8167650699615479	Daher, um	
2	214.2399999999997	0.8122270107269287	gültige Folien zu	
2	215.2799999999997	0.7138500213623047	erhalten, müssen wir	
2	216.31999999999968	0.27355003356933594	Maßnahmen ergreifen.	
2	217.35999999999967	0.579003095626831		
2	218.39999999999966	0.6810634136199951	Erstens nutzen wir	
2	219.43999999999966	0.7910630702972412	starke	
2	220.47999999999965	0.9652132987976074	Sprachmodelle, um	
2	221.51999999999964	0.8444521427154541	FOIL-Vorschläge zu	
2	222.55999999999963	0.6787142753601074		
2	223.59999999999962	0.9147257804870605	generieren. Zweitens	
2	224.63999999999962	0.7234692573547363	verwenden wir natürliche	
2	225.6799999999996	0.7897439002990723		
2	226.7199999999996	0.9308500289916992		
2	227.7599999999996	1.145921230316162	Sprachschlussfolgerung oder kurze NLI, um	
2	228.79999999999959	0.8565008640289307	Folien zu filtern, die	
2	229.83999999999958	0.6875879764556885		
2	230.87999999999957	0.8950293064117432	das Bild möglicherweise noch	
2	231.91999999999956	0.8983883857727051	beschreiben, da	
2	232.95999999999955	0.8643953800201416	wir beim Erstellen von Folien	
2	233.99999999999955	0.8557853698730469	sicherstellen müssen, dass	
2	235.03999999999954	0.7173421382904053	sie das Bild nicht beschreiben.	
2	236.07999999999953	0.6166212558746338		
2	237.11999999999952	0.6643197536468506	Um dies	
2	238.1599999999995	0.7733092308044434	automatisch zu testen,	
2	239.1999999999995	0.7895939350128174	wenden wir natürliche	
2	240.2399999999995	0.8335020542144775	Sprachschlussfolgerung	
2	241.2799999999995	0.7584574222564697	mit folgender	
2	242.31999999999948	0.8133425712585449	Begründung an.	
2	243.35999999999947	0.6608872413635254	Wir betrachten ein	
2	244.39999999999947	0.6448495388031006	Bild als	
2	245.43999999999946	0.7546577453613281		
2	246.47999999999945	0.8863487243652344	Prämisse und seine	
2	247.51999999999944	0.8075714111328125	Unterschrift als	
2	248.55999999999943	0.7716033458709717	seine implizierte Hypothese.	
2	249.59999999999943	0.7974166870117188		
2	250.63999999999942	0.8923158645629883	Zusätzlich betrachten wir die	
2	251.6799999999994	0.9600677490234375	Unterschrift als	
2	252.7199999999994	0.8901872634887695	Prämisse und die Folie als	
2	253.7599999999994	0.3154938220977783	ihre Hypothese.	
2	254.7999999999994	0.6017584800720215		
2	255.83999999999938	0.874453067779541	Wenn	
2	256.87999999999937	0.9426116943359375	ein NLI-Modell vorhersagt, dass	
2	257.9199999999994	0.6424689292907715	die FOIL	
2	258.9599999999994	0.7804996967315674	widerspricht oder	
2	259.99999999999943	0.7288916110992432	neutral	
2	261.03999999999945	0.7690529823303223	bezüglich der Unterschrift ist,	
2	262.0799999999995	0.6125922203063965	nehmen wir	
2	263.1199999999995	0.6584928035736084	dies als	
2	264.1599999999995	0.8041455745697021	Indikator	
2	265.19999999999953	0.41945481300354004	für eine gültige FOIL.	
2	266.23999999999955	0.8280339241027832		
2	267.2799999999996	0.9239511489868164	Wenn ein	
2	268.3199999999996	0.8643877506256104	NLI die	
2	269.3599999999996	0.912062406539917	Folie als	
2	270.39999999999964	1.0134849548339844	durch die Unterschrift impliziert	
2	271.43999999999966	0.8704595565795898	vorhersagt, kann	
2	272.4799999999997	1.005854845046997	sie keine gute Folie	
2	273.5199999999997	0.8562278747558594	sein, da sie	
2	274.5599999999997	0.7955801486968994	durch Transitivität	
2	275.59999999999974	0.9257900714874268	eine	
2	276.63999999999976	0.9125688076019287	wahrheitsgemäße Beschreibung des Bildes liefern	
2	277.6799999999998	0.7953920364379883	würde und wir	
2	278.7199999999998	0.705657958984375	diese Folien	
2	279.7599999999998	0.6990954875946045	herausfiltern.	
2	280.79999999999984	0.7172856330871582	Aber dieses Verfahren	
2	281.83999999999986	0.8223795890808105	ist nicht	
2	282.8799999999999	0.7810988426208496	perfekt, es ist nur ein	
2	283.9199999999999	0.7473423480987549	Indikator	
2	284.9599999999999	0.7858459949493408	für gültige	
2	285.99999999999994	0.7813675403594971	Folien, daher als	
2	287.03999999999996	0.8792595863342285	dritte Maßnahme	
2	288.08	0.8827319145202637	zur Generierung gültiger	
2	289.12	0.8337657451629639	Folien setzen wir	
2	290.16	0.8751451969146729	menschliche Annotatoren	
2	291.20000000000005	0.9076282978057861	ein, um	
2	292.24000000000007	0.8298699855804443	die	
2	293.2800000000001	0.459277868270874	in Valves verwendeten Daten zu validieren.	
2	294.3200000000001	0.7158730030059814		
2	295.3600000000001	0.8323745727539062	Also nach	
2	296.40000000000015	0.7213771343231201	Filterung und	
2	297.44000000000017	0.7190783023834229	menschlicher	
2	298.4800000000002	0.8028607368469238	Bewertung haben wir so viele	
2	299.5200000000002	0.7573740482330322		
2	300.56000000000023	0.8506696224212646		
2	301.60000000000025	0.5118629932403564	Test-Instanzen wie in dieser Tabelle beschrieben.	
2	302.64000000000027	0.9092159271240234		
2	303.6800000000003	0.8392701148986816	Beachten Sie, dass	
2	304.7200000000003	0.7930505275726318	Valve	
2	305.76000000000033	0.810664176940918	keine Trainingsdaten liefert, sondern nur	
2	306.80000000000035	0.25091552734375	Testdaten.	
2	307.8400000000004	0.8520259857177734		
2	308.8800000000004	0.8898723125457764	Da es	
2	309.9200000000004	0.8997316360473633	sich um	
2	310.96000000000043	0.8135662078857422		
2	312.00000000000045	0.9738414287567139	eine Zero-Shot-Test-Benchmark handelt.	
2	313.0400000000005	0.7063724994659424	Es wurde entwickelt, um	
2	314.0800000000005	0.7133898735046387	die bestehenden	
2	315.1200000000005	0.6469786167144775	Fähigkeiten	
2	316.16000000000054	0.8255226612091064	von Vision- und	
2	317.20000000000056	0.873633623123169	Sprachmodellen	
2	318.2400000000006	0.47342586517333984	nach dem Vortraining zu nutzen.	
2	319.2800000000006	0.673691987991333		
2	320.3200000000006	0.7544577121734619	Feinabstimmung würde	
2	321.36000000000064	0.8094773292541504		
2	322.40000000000066	0.931382417678833		
2	323.4400000000007	1.1110265254974365		
2	324.4800000000007	1.1919150352478027		
2	325.5200000000007	1.3280234336853027		
2	326.56000000000074	1.5236046314239502		
2	327.60000000000076	1.5628883838653564	nur Modellen ermöglichen, Artefakte oder statistische Verzerrungen in den Daten auszunutzen. Und wir wissen alle, dass diese Modelle gerne	
2	328.6400000000008	0.8170669078826904	betrügen und	
2	329.6800000000008	0.9160935878753662	Abkürzungen	
2	330.7200000000008	1.0489726066589355		
2	331.76000000000084	1.0025105476379395	nehmen. Und wie gesagt, wir sind daran interessiert,	
2	332.80000000000086	0.6198384761810303	welche Fähigkeiten	
2	333.8400000000009	0.8014905452728271		
2	334.8800000000009	0.8135206699371338	die Vision- und Sprachmodelle	
2	335.9200000000009	0.7465221881866455	nach	
2	336.96000000000095	0.39541053771972656	dem Vortraining haben.	
2	338.00000000000097	0.6103320121765137		
2	339.040000000001	0.7177684307098389	Wir experimentieren mit	
2	340.080000000001	0.7487835884094238	fünf	
2	341.120000000001	0.8357303142547607	Vision- und	
2	342.16000000000105	0.7882833480834961	Sprachmodellen auf	
2	343.20000000000107	0.8225910663604736	Valves, nämlich mit	
2	344.2400000000011	0.7971491813659668		
2	345.2800000000011	0.9708342552185059	Clip,	
2	346.32000000000113	1.074267864227295		
2	347.36000000000115	1.1112501621246338	LXMert, Vilbert, Vilbert12-in-1 und	
2	348.40000000000117	0.7305111885070801	VisualBirth.	
2	349.4400000000012	0.8316924571990967	Zwei unserer wichtigsten	
2	350.4800000000012	0.7098426818847656		
2	351.52000000000123	0.8226346969604492	Evaluationsmetriken sind	
2	352.56000000000125	0.730905294418335	die Genauigkeit	
2	353.6000000000013	0.8475029468536377	der Modelle	
2	354.6400000000013	0.95387864112854	bei der Klassifizierung von	
2	355.6800000000013	0.9007337093353271		
2	356.72000000000133	0.9728381633758545	Bild-Satz-Paaren in	
2	357.76000000000136	0.35454392433166504	Unterschriften und Folien.	
2	358.8000000000014	0.7609043121337891		
2	359.8400000000014	0.8665707111358643	Vielleicht relevanter für dieses	
2	360.8800000000014	0.6928300857543945	Video werden wir	
2	361.92000000000144	0.799936056137085	unsere	
2	362.96000000000146	0.7931859493255615	tolerantere	
2	364.0000000000015	0.9048659801483154	Metrik,	
2	365.0400000000015	0.8982172012329102	die paarweise Genauigkeit,	
2	366.0800000000015	0.7494363784790039	präsentieren, die	
2	367.12000000000154	0.8512630462646484	misst, ob	
2	368.16000000000156	0.8316335678100586		
2	369.2000000000016	0.9332547187805176	die	
2	370.2400000000016	1.2043664455413818	Bild-Satz-Alignment-Punktzahl für das	
2	371.2800000000016	0.8795278072357178	korrekte	
2	372.32000000000164	0.8628156185150146	Bild-Text-Paar höher	
2	373.36000000000166	0.8797757625579834	ist als für sein	
2	374.4000000000017	0.9359967708587646	gefolgtes Paar.	
2	375.4400000000017	0.8713958263397217	Für weitere Metriken	
2	376.4800000000017	0.8577849864959717	und Ergebnisse	
2	377.52000000000174	0.8453197479248047		
2	378.56000000000176	1.0046617984771729	dazu schauen Sie sich bitte unsere Paper an.	
2	379.6000000000018	0.8135206699371338	Die Ergebnisse mit	
2	380.6400000000018	0.9475152492523193	paarweiser Genauigkeit sind	
2	381.6800000000018	0.8699724674224854	hier zu sehen und sie sind	
2	382.72000000000185	0.9035334587097168	konsistent	
2	383.76000000000187	1.054163932800293	mit den Ergebnissen, die wir	
2	384.8000000000019	0.908790111541748	von den anderen Metriken erhalten haben.	
2	385.8400000000019	0.8544948101043701		
2	386.8800000000019	0.9490342140197754	Ist das die beste	
2	387.92000000000195	0.971397876739502		
2	388.96000000000197	1.162456750869751	Zero-Shot-Leistung, die von Vilbert	
2	390.000000000002	1.0280306339263916	12 in 1 erreicht	
2	391.040000000002	0.9504313468933105	wird, gefolgt von Vilbert	
2	392.08000000000203	0.7854015827178955		
2	393.12000000000205	0.8621068000793457	Alex	
2	394.16000000000207	0.7821989059448242		
2	395.2000000000021	1.1047542095184326		
2	396.2400000000021	1.2361600399017334	Murt, Clip und schließlich Visual Bird. Es ist bemerkenswert, wie	
2	397.28000000000213	1.032742977142334	Instrumente, die sich auf	
2	398.32000000000215	0.8975577354431152	einzelne Objekte	
2	399.3600000000022	0.9960787296295166	wie Existenz	
2	400.4000000000022	0.9416437149047852	und Nomenphrasen	
2	401.4400000000022	0.8561303615570068	konzentrieren,	
2	402.48000000000224	0.9301471710205078	fast	
2	403.52000000000226	1.0191972255706787	vollständig von Vilbert 12	
2	404.5600000000023	0.9925620555877686	in 1 gelöst	
2	405.6000000000023	1.0288467407226562	werden, was darauf hinweist, dass Modelle	
2	406.6400000000023	0.8614115715026855	in der Lage sind,	
2	407.68000000000234	0.7361559867858887		
2	408.72000000000236	1.0283102989196777	benannte Objekte und	
2	409.7600000000024	0.4931755065917969	deren Anwesenheit in Bildern zu identifizieren.	
2	410.8000000000024	0.5979902744293213		
2	411.8400000000024	0.8694639205932617	Allerdings	
2	412.88000000000244	0.8712129592895508		
2	413.92000000000246	1.0922136306762695	können keine der verbleibenden Teile zuverlässig	
2	414.9600000000025	0.9580650329589844	in	
2	416.0000000000025	0.9857223033905029		
2	417.0400000000025	1.0611112117767334	unseren	
2	418.08000000000254	1.3019776344299316		
2	419.12000000000256	1.5024049282073975	adversarischen Folie-Einstellungen gelöst werden. Wir sehen aus	
2	420.1600000000026	1.1947462558746338	den Pluralität- und Zähl-Instrumenten, dass	
2	421.2000000000026	0.8794009685516357	Vision- und Sprachmodelle	
2	422.2400000000026	0.8269264698028564	Schwierigkeiten	
2	423.28000000000264	0.7989788055419922	haben,	
2	424.32000000000266	0.8909063339233398	Referenzen	
2	425.3600000000027	0.8716371059417725	auf einzelne versus mehrere	
2	426.4000000000027	0.8803396224975586	Objekte zu	
2	427.4400000000027	0.8810231685638428	unterscheiden oder	
2	428.48000000000275	0.8900399208068848	diese in einem Bild zu zählen.	
2	429.52000000000277	0.7374866008758545		
2	430.5600000000028	0.9745180606842041	Der Relationsteil	
2	431.6000000000028	1.0518059730529785	zeigt, dass sie Schwierigkeiten	
2	432.64000000000283	0.964749813079834	haben,	
2	433.68000000000285	1.0237951278686523		
2	434.72000000000287	1.0744915008544922	eine benannte räumliche Beziehung	
2	435.7600000000029	0.9439423084259033	zwischen Objekten	
2	436.8000000000029	0.9683997631072998	in einem Bild korrekt zu klassifizieren.	
2	437.84000000000293	0.8173508644104004	Sie haben auch	
2	438.88000000000295	0.7589108943939209	Schwierigkeiten,	
2	439.920000000003	0.8827621936798096	Aktionen	
2	440.960000000003	0.8721282482147217	zu unterscheiden und	
2	442.000000000003	0.8936479091644287	ihre Teilnehmer zu	
2	443.04000000000303	0.8203036785125732	identifizieren, selbst wenn	
2	444.08000000000305	0.9884545803070068	sie	
2	445.1200000000031	1.104367733001709		
2	446.1600000000031	1.219388723373413	durch Plausibilitätsverzerrungen unterstützt werden, wie wir	
2	447.2000000000031	0.3479502201080322	im Aktionsteil sehen.	
2	448.24000000000314	0.8057630062103271		
2	449.28000000000316	0.8838663101196289	Aus dem Koreferenzteil	
2	450.3200000000032	0.8872008323669434	erfahren wir, dass	
2	451.3600000000032	0.9842250347137451	das Verfolgen mehrerer	
2	452.4000000000032	0.9796633720397949	Referenzen auf dasselbe	
2	453.44000000000324	0.9587116241455078	Objekt in einem Bild	
2	454.48000000000326	0.868328332901001	durch	
2	455.5200000000033	0.8820831775665283	den Einsatz von Pronomen	
2	456.5600000000033	1.3958733081817627		
2	457.6000000000033	0.9646885395050049	auch für Vision- und Sprachmodelle schwierig ist.	
2	458.64000000000334	0.7333860397338867		
2	459.68000000000336	0.8137645721435547	Als	
2	460.7200000000034	0.927839994430542	Sanity Check und weil es ein	
2	461.7600000000034	0.8770692348480225	interessantes Experiment ist,	
2	462.8000000000034	0.8179240226745605		
2	463.84000000000344	0.9472737312316895	bewerten wir auch zwei	
2	464.88000000000346	0.9410827159881592		
2	465.9200000000035	1.09474515914917	text-only-Modelle: GPT-1	
2	466.9600000000035	0.8890366554260254	und	
2	468.0000000000035	0.9709057807922363		
2	469.04000000000354	1.209360122680664	GPT 2, um zu beurteilen, ob	
2	470.08000000000357	1.0406551361083984		
2	471.1200000000036	1.2339990139007568	Valve von diesen unimodalen Modellen lösbar	
2	472.1600000000036	0.9630506038665771	ist, indem wir	
2	473.2000000000036	0.8741116523742676	die Perplexität	
2	474.24000000000365	1.0313212871551514	der korrekten und	
2	475.28000000000367	1.0040485858917236		
2	476.3200000000037	1.0651001930236816		
2	477.3600000000037	1.1813445091247559	fehlgeschlagenen Unterschrift ohne Bild berechnen und	
2	478.40000000000373	0.9525411128997803	das	
2	479.44000000000375	0.9997003078460693	Eintrag mit	
2	480.48000000000377	0.5153250694274902	der niedrigsten Perplexität vorhersagen.	
2	481.5200000000038	0.8899722099304199		
2	482.5600000000038	1.040278434753418	Wenn die Perplexität	
2	483.60000000000383	0.9784517288208008	für die Folie höher ist,	
2	484.64000000000385	0.7668766975402832	nehmen wir dies als	
2	485.6800000000039	0.806570291519165		
2	486.7200000000039	1.0068244934082031		
2	487.7600000000039	1.1231317520141602	Hinweis darauf, dass die gefolgte Unterschrift	
2	488.80000000000393	1.046736478805542	unter	
2	489.84000000000395	1.2225162982940674	Plausibilitätsverzerrung oder anderen	
2	490.880000000004	0.867950439453125	linguistischen Verzerrungen leiden könnte.	
2	491.920000000004	0.7514240741729736		
2	492.960000000004	0.9086153507232666	Und es ist	
2	494.00000000000404	0.8955593109130859	interessant zu sehen, dass in einigen	
2	495.04000000000406	0.8393352031707764		
2	496.0800000000041	0.9235126972198486	Fällen die	
2	497.1200000000041	1.0746872425079346		
2	498.1600000000041	1.1230289936065674	text-only-GPT-Modelle die Plausibilität	
2	499.20000000000414	0.7892122268676758	der Welt	
2	500.24000000000416	0.9937710762023926	besser erfasst haben als	
2	501.2800000000042	0.42932558059692383	die Vision- und Sprachmodelle.	
2	502.3200000000042	0.7967202663421631		
2	503.3600000000042	0.9366049766540527		
2	504.40000000000424	1.0440733432769775	Also, um zusammenzufassen,	
2	505.44000000000426	0.8310010433197021	ist Valve eine	
2	506.4800000000043	0.9897997379302979	Benchmark, die	
2	507.5200000000043	0.9932458400726318	Linse	
2	508.5600000000043	1.0472240447998047	linguistischer Konstrukte	
2	509.60000000000434	1.007063388824463		
2	510.64000000000436	1.1905412673950195	verwendet, um der Gemeinschaft zu helfen,	
2	511.6800000000044	0.9552843570709229	Vision- und Sprachmodelle	
2	512.7200000000043	0.9305484294891357	durch harte	
2	513.7600000000043	1.02313232421875	Tests ihrer	
2	514.8000000000043	0.505911111831665	visuellen Grounding-Fähigkeiten zu verbessern.	
2	515.8400000000042	0.17146801948547363		
2	516.8800000000042	0.8952584266662598		
2	517.9200000000042	1.0441720485687256	Unsere Experimente zeigen, dass	
2	518.9600000000041	0.8811712265014648	Vision- und Sprachmodelle	
2	520.0000000000041	0.8279492855072021		
2	521.040000000004	1.0887928009033203	benannte Objekte	
2	522.080000000004	1.0460314750671387	und deren Anwesenheit in Bildern	
2	523.120000000004	1.020237922668457	gut identifizieren, wie	
2	524.160000000004	0.8644249439239502		
2	525.2000000000039	1.1005570888519287		
2	526.2400000000039	1.2367141246795654	vom Existenzteil gezeigt wird, aber	
2	527.2800000000038	1.3355097770690918	scheitern dabei, ihre	
2	528.3200000000038	1.0941417217254639	Interdependenz	
2	529.3600000000038	1.193938970565796	und Beziehungen in	
2	530.4000000000037	1.365447998046875	visuellen Szenen zu verankern, wenn sie gezwungen	
2	531.4400000000037	1.0108182430267334	werden,	
2	532.4800000000037	0.5048575401306152	linguistische Indikatoren zu respektieren.	
2	533.5200000000036	0.8724119663238525		
2	534.5600000000036	0.9271557331085205	Wir würden	
2	535.6000000000035	1.0567145347595215	die Gemeinschaft wirklich	
2	536.6400000000035	1.1291065216064453	ermutigen,	
2	537.6800000000035	1.1496362686157227	Valve zur Messung	
2	538.7200000000034	1.0987074375152588	des Fortschritts	
2	539.7600000000034	1.0081140995025635		
2	540.8000000000034	1.1421756744384766	bei der Sprache-Grounding mit	
2	541.8400000000033	1.0623242855072021	Vision- und Sprachmodellen zu	
2	542.8800000000033	1.0664432048797607		
2	543.9200000000033	1.0128684043884277	verwenden. Und	
2	544.9600000000032	1.0942497253417969	noch mehr, Valve könnte als	
2	546.0000000000032	1.0147998332977295	indirekte	
2	547.0400000000031	1.0850749015808105	Bewertung von Datensätzen verwendet werden,	
2	548.0800000000031	0.7578046321868896	da Modelle	
2	549.1200000000031	0.9260263442993164	vor und	
2	550.160000000003	1.0500056743621826	nach dem Training	
2	551.200000000003	1.2327330112457275	oder Feinabstimmung	
2	552.240000000003	1.1482350826263428	evaluiert werden können, um zu sehen, ob ein	
2	553.2800000000029	0.9076659679412842	Datensatz	
2	554.3200000000029	0.9571883678436279	hilft, Modelle	
2	555.3600000000029	0.9345588684082031		
2	556.4000000000028	1.0915162563323975	in irgendeinem	
2	557.4400000000028	1.033195972442627	der Aspekte zu verbessern, die von	
2	558.4800000000027	1.033477544784546	Valve getestet werden.	
2	559.5200000000027	1.0826685428619385	Wenn Sie interessiert sind, schauen Sie sich	
2	560.5600000000027	0.8929581642150879		
2	561.6000000000026	1.1004869937896729	die	
2	562.6400000000026	1.2649354934692383	VALS-Daten auf GitHub	
2	563.6800000000026	1.1955230236053467		
2	564.7200000000025	1.2527813911437988		
2	565.7600000000025	0.7851130962371826	an. Und wenn Sie Fragen haben, zögern Sie nicht, uns zu kontaktieren.	
2	566.8000000000025	0.17769885063171387		
2	567.8080000000025	0.29547762870788574		
