docid	audio_s	compute_s	generated	deleted
0	0.96	0.00011706352233886719		
0	1.92	0.03779292106628418		
0	2.88	0.3613584041595459	tous.	
0	3.84	0.4412531852722168	Bonjour à Aujourd'hui, je suis	tous.
0	4.8	0.45507168769836426	présenter nos résultats.	suis
0	5.76	0.5564827919006348	vais présenter travail de recherche sur l'apprentissage de	présenter nos résultats.
0	6.72	0.8021838665008545	notre travail de travail de recherche, intitulé « Apprendre à raisonner de manière déductive ».	travail de recherche sur l'apprentissage de
0	7.68	0.6292743682861328	déductif.	travail de recherche, intitulé « Apprendre à raisonner de manière déductive ».
0	8.64	0.9499342441558838	raisonner de manière déductive : résolution de problèmes de type Metro ».	déductif.
0	9.600000000000001	1.1474993228912354	recherche, intitulé « Apprendre à raisonner de manière déductive : extraction de régions complexes ».	raisonner de manière déductive : résolution de problèmes de type Metro ».
0	10.560000000000002	0.5839200019836426	la résolution de problèmes de type Metro comme	extraction de régions complexes ».
0	11.520000000000003	0.4275083541870117	Je suis Alan de Biden's	
0	12.480000000000004	0.6937334537506104	laboratoire d'intelligence artificielle de Biden, et voici	de Biden's
0	13.440000000000005	0.8980052471160889	du laboratoire d'intelligence artificielle de Biden, et d'un travail conjoint avec	laboratoire d'intelligence artificielle de Biden, et voici
0	14.400000000000006	0.7242622375488281	il s'agit du laboratoire d'intelligence artificielle de Biden, et il s'agit d'un travail conjoint avec Thierry de l'université.	d'un travail conjoint avec
0	15.360000000000007	0.4583733081817627	Thierry de l'Université du Texas.	du laboratoire d'intelligence artificielle de Biden, et il s'agit d'un travail conjoint avec Thierry de l'université.
0	16.320000000000007	0.4621601104736328	Texas à Austin.	Texas.
0	17.28000000000001	0.4833860397338867	Austin et Weidou de SU.	Austin.
0	18.24000000000001	0.4632606506347656	Weiru de SUDD.	Weidou de SU.
0	19.20000000000001	0.7136292457580566	s'agit d'un travail conjoint avec Thierry de l'Université du Texas à Austin et Weiru de SUDD. Tout d'abord, je voudrais	
0	20.16000000000001	0.623314380645752	parler de notre motivation.	s'agit d'un travail conjoint avec Thierry de l'Université du Texas à Austin et Weiru de SUDD. Tout d'abord, je voudrais
0	21.12000000000001	0.519416332244873	motivation pour le raisonnement.	motivation.
0	22.080000000000013	0.3646585941314697		
0	23.040000000000013	0.402116060256958	Voici donc un exemple.	motivation pour le raisonnement.
0	24.000000000000014	0.36250853538513184	exemple où	exemple.
0	24.960000000000015	0.5747709274291992	plusieurs étapes est	où
0	25.920000000000016	0.6242446899414062	montrant utile.	plusieurs étapes est
0	26.880000000000017	0.7926664352416992	comment le raisonnement en plusieurs étapes peut être Cette figure est extraite de	utile.
0	27.840000000000018	0.5060844421386719	papier PALM.	est extraite de
0	28.80000000000002	0.507436990737915	provient du papier le raisonnement en plusieurs étapes peut être utile. Cette figure provient du papier PELM, où	papier PALM.
0	29.76000000000002	0.5256476402282715	ils effectuent du prompting.	le raisonnement en plusieurs étapes peut être utile. Cette figure provient du papier PELM, où
0	30.72000000000002	0.4931459426879883	prompting pour résoudre le	du prompting.
0	31.68000000000002	0.5150551795959473	un problème de méthode.	prompting pour résoudre le
0	32.64000000000002	0.5031485557556152	problème de méthode dans un futur proche.	méthode.
0	33.60000000000002	0.551006555557251	méthode dans un en plusieurs étapes peut être utile. Cette figure provient du papier PELM, où ils effectuent un prompting pour résoudre le problème de méthode dans un scénario d'apprentissage court.	problème de méthode dans un futur proche.
0	34.560000000000024	0.5105412006378174	scénario d'apprentissage plusieurs étapes peut être utile. Cette figure provient du papier PELM, où ils effectuent un prompting pour résoudre le problème de méthode dans un scénario d'apprentissage par quelques exemples.	en plusieurs étapes peut être utile. Cette figure provient du papier PELM, où ils effectuent un prompting pour résoudre le problème de méthode dans un scénario d'apprentissage court.
0	35.520000000000024	0.44849348068237305	utile. Cette figure provient du papier PELM, où ils effectuent un prompting pour résoudre le problème de méthode dans un scénario d'apprentissage court. Du côté NetPen,	plusieurs étapes peut être utile. Cette figure provient du papier PELM, où ils effectuent un prompting pour résoudre le problème de méthode dans un scénario d'apprentissage par quelques exemples.
0	36.480000000000025	0.5785882472991943	peut être utile. Cette figure provient du papier PELM, où ils effectuent un prompting pour résoudre le problème de méthode dans un scénario d'apprentissage court. Du côté NetPen, nous pouvons voir	utile. Cette figure provient du papier PELM, où ils effectuent un prompting pour résoudre le problème de méthode dans un scénario d'apprentissage court. Du côté NetPen,
0	37.440000000000026	0.4818711280822754	si nous donnons	peut être utile. Cette figure provient du papier PELM, où ils effectuent un prompting pour résoudre le problème de méthode dans un scénario d'apprentissage court. Du côté NetPen, nous pouvons voir
0	38.40000000000003	0.5529489517211914	que si nous échantillons avec	si nous donnons
0	39.36000000000003	0.5319619178771973	fournissons exemples avec simplement crash et	échantillons avec
0	40.32000000000003	0.8058605194091797	étapes peut être utile. Cette figure provient du papier PELM, où ils effectuent un prompting pour résoudre le problème de méthode dans un scénario d'apprentissage court. Du côté NetPen, nous pouvons voir que si nous fournissons des échantillons contenant uniquement des questions et des réponses, nous pourrions	exemples avec simplement crash et
0	41.28000000000003	1.03965425491333	être utile. Cette figure provient du papier PELM, où ils effectuent un prompting pour résoudre le problème de méthode dans un scénario d'apprentissage court. Du côté NetPen, nous pouvons voir que si nous fournissons des échantillons contenant uniquement des questions et des réponses, nous pourrions ne pas être en mesure d'obtenir	étapes peut être utile. Cette figure provient du papier PELM, où ils effectuent un prompting pour résoudre le problème de méthode dans un scénario d'apprentissage court. Du côté NetPen, nous pouvons voir que si nous fournissons des échantillons contenant uniquement des questions et des réponses, nous pourrions
0	42.24000000000003	0.46231579780578613	ne pas le problème de méthode dans un scénario d'apprentissage court. Du côté NetPen, nous pouvons voir que si nous fournissons des échantillons contenant uniquement des questions et des réponses, nous pourrions ne pas obtenir les bonnes réponses.	être utile. Cette figure provient du papier PELM, où ils effectuent un prompting pour résoudre le problème de méthode dans un scénario d'apprentissage court. Du côté NetPen, nous pouvons voir que si nous fournissons des échantillons contenant uniquement des questions et des réponses, nous pourrions ne pas être en mesure d'obtenir
0	43.20000000000003	0.4780721664428711	si nous fournissons des échantillons contenant uniquement des questions et des réponses, nous pourrions ne pas obtenir les bonnes réponses. Mais si	le problème de méthode dans un scénario d'apprentissage court. Du côté NetPen, nous pouvons voir que si nous fournissons des échantillons contenant uniquement des questions et des réponses, nous pourrions ne pas obtenir les bonnes réponses.
0	44.16000000000003	0.4962577819824219	davantage	si nous fournissons des échantillons contenant uniquement des questions et des réponses, nous pourrions ne pas obtenir les bonnes réponses. Mais si
0	45.12000000000003	0.5530555248260498	nous description de raisonnement supplémentaire,	davantage
0	46.080000000000034	0.7223186492919922	fournissons une le modèle est capable de	description de raisonnement supplémentaire,
0	47.040000000000035	0.4909806251525879		
0	48.000000000000036	0.5162286758422852	prédire raisonnement.	le modèle est capable de
0	48.960000000000036	0.5142536163330078	cette description de description de raisonnement et également	raisonnement.
0	49.92000000000004	0.6261000633239746	une réponse correcte.	description de raisonnement et également
0	50.88000000000004	0.5294270515441895	ici.	une réponse correcte.
0	51.84000000000004	0.41045260429382324	effectuer une prédiction correcte	ici.
0	52.80000000000004	0.1609506607055664		
0	53.76000000000004	0.41379594802856445	C'est donc bon pour	
0	54.72000000000004	0.646174430847168	d'avoir une interprétabilité.	C'est donc bon pour
0	55.68000000000004	0.820380687713623	Il est donc bon d'avoir résultats multi-étapes interprétables.	d'avoir une interprétabilité.
0	56.64000000000004	0.6609845161437988	prompting pour résoudre le problème de méthode dans un scénario d'apprentissage court. Du côté NetPen, nous pouvons voir que si nous fournissons des échantillons contenant uniquement des questions et des réponses, nous pourrions ne pas obtenir les bonnes réponses. Mais si nous fournissons une description de raisonnement supplémentaire, le modèle est capable de prédire cette description de raisonnement et également effectuer une prédiction correcte ici. Il est donc bon d'avoir un raisonnement en plusieurs étapes interprétable en sortie.	résultats multi-étapes interprétables.
0	57.600000000000044	0.8104853630065918	un raisonnement en plusieurs étapes interprétable en sortie, et nous avons également	prompting pour résoudre le problème de méthode dans un scénario d'apprentissage court. Du côté NetPen, nous pouvons voir que si nous fournissons des échantillons contenant uniquement des questions et des réponses, nous pourrions ne pas obtenir les bonnes réponses. Mais si nous fournissons une description de raisonnement supplémentaire, le modèle est capable de prédire cette description de raisonnement et également effectuer une prédiction correcte ici. Il est donc bon d'avoir un raisonnement en plusieurs étapes interprétable en sortie.
0	58.560000000000045	0.5498244762420654	également aux méthodes.	sortie, et nous avons également
0	59.520000000000046	0.6939549446105957	sortie. Nous pensons également est capable de prédire cette description de raisonnement et également effectuer une prédiction correcte ici. Il est donc bon d'avoir un raisonnement en plusieurs étapes interprétable en sortie. Nous pensons également que le problème de méthode est	également aux méthodes.
0	60.48000000000005	0.5219368934631348	problème de méthode est simple et	est capable de prédire cette description de raisonnement et également effectuer une prédiction correcte ici. Il est donc bon d'avoir un raisonnement en plusieurs étapes interprétable en sortie. Nous pensons également que le problème de méthode est
0	61.44000000000005	0.4819943904876709	une description de raisonnement supplémentaire, le modèle est capable de prédire cette description de raisonnement et également effectuer une prédiction correcte ici. Il est donc bon d'avoir un raisonnement en plusieurs étapes interprétable en sortie. Nous pensons également que le problème de méthode est une application directe à Even.	problème de méthode est simple et
0	62.40000000000005	0.5534794330596924	application effectuer une prédiction correcte ici. Il est donc bon d'avoir un raisonnement en plusieurs étapes interprétable en sortie. Nous pensons également que le problème de méthode est une application simple pour évaluer certains aspects.	description de raisonnement supplémentaire, le modèle est capable de prédire cette description de raisonnement et également effectuer une prédiction correcte ici. Il est donc bon d'avoir un raisonnement en plusieurs étapes interprétable en sortie. Nous pensons également que le problème de méthode est une application directe à Even.
0	63.36000000000005	0.6001214981079102	simple pour évaluer cette description de raisonnement et également effectuer une prédiction correcte ici. Il est donc bon d'avoir un raisonnement en plusieurs étapes interprétable en sortie. Nous pensons également que le problème de méthode est une application simple pour évaluer ce type de raisonnement.	effectuer une prédiction correcte ici. Il est donc bon d'avoir un raisonnement en plusieurs étapes interprétable en sortie. Nous pensons également que le problème de méthode est une application simple pour évaluer certains aspects.
0	64.32000000000005	0.4866774082183838	raisonnement et également effectuer une prédiction correcte ici. Il est donc bon d'avoir un raisonnement en plusieurs étapes interprétable en sortie. Nous pensons également que le problème de méthode est une application simple pour évaluer ces capacités de raisonnement.	cette description de raisonnement et également effectuer une prédiction correcte ici. Il est donc bon d'avoir un raisonnement en plusieurs étapes interprétable en sortie. Nous pensons également que le problème de méthode est une application simple pour évaluer ce type de raisonnement.
0	65.28000000000004	0.35646700859069824		raisonnement et également effectuer une prédiction correcte ici. Il est donc bon d'avoir un raisonnement en plusieurs étapes interprétable en sortie. Nous pensons également que le problème de méthode est une application simple pour évaluer ces capacités de raisonnement.
0	66.24000000000004	0.16404438018798828		
0	67.20000000000003	0.5154335498809814	donc notre configuration de problème.	
0	68.16000000000003	0.5563361644744873	configuration de problème, étant donné	donc notre configuration de problème.
0	69.12000000000002	0.8161821365356445	Dans notre les questions, nous avons besoin de	configuration de problème, étant donné
0	70.08000000000001	0.6591196060180664	questions, nous devons résoudre cette question.	avons besoin de
0	71.04	0.5305237770080566	devons résoudre cette et obtenir	questions, nous devons résoudre cette question.
0	72.0	0.546290397644043	question nombre.	et obtenir
0	72.96	0.4993143081665039	réponses. Mais si nous fournissons une description de raisonnement supplémentaire, le modèle est capable de prédire cette description de raisonnement et également effectuer une prédiction correcte ici. Il est donc bon d'avoir un raisonnement en plusieurs étapes interprétable en sortie. Nous pensons également que le problème de méthode est une application simple pour évaluer ces capacités de raisonnement. Dans notre configuration de problème, étant donné les questions, nous devons résoudre cette question et obtenir les réponses numériques.	nombre.
0	73.91999999999999	0.6061456203460693	Dans nos données	réponses. Mais si nous fournissons une description de raisonnement supplémentaire, le modèle est capable de prédire cette description de raisonnement et également effectuer une prédiction correcte ici. Il est donc bon d'avoir un raisonnement en plusieurs étapes interprétable en sortie. Nous pensons également que le problème de méthode est une application simple pour évaluer ces capacités de raisonnement. Dans notre configuration de problème, étant donné les questions, nous devons résoudre cette question et obtenir les réponses numériques.
0	74.87999999999998	0.7834839820861816	des réponses numériques. Dans nos données, nous sommes	Dans nos données
0	75.83999999999997	0.641770601272583	jeux de donnés	données, nous sommes
0	76.79999999999997	0.6578149795532227	également l'expression mathématique.	donnés
0	77.75999999999996	0.7502307891845703	fournis avec l'expression l'expression mathématique qui mène à	l'expression mathématique.
0	78.71999999999996	0.6106932163238525	capacités de raisonnement. Dans notre configuration de problème, étant donné les questions, nous devons résoudre cette question et obtenir des réponses numériques. Dans nos jeux de données, nous sommes également fournis avec l'expression mathématique, qui mène à	l'expression mathématique qui mène à
0	79.67999999999995	0.6842377185821533	mathématique, qui ces capacités de raisonnement. Dans notre configuration de problème, étant donné les questions, nous devons résoudre cette question et obtenir des réponses numériques. Dans nos jeux de données, nous sommes également fournis avec l'expression mathématique, qui conduit à cette expression particulière	capacités de raisonnement. Dans notre configuration de problème, étant donné les questions, nous devons résoudre cette question et obtenir des réponses numériques. Dans nos jeux de données, nous sommes également fournis avec l'expression mathématique, qui mène à
0	80.63999999999994	0.5578947067260742	conduit à cette à cette réponse particulière.	ces capacités de raisonnement. Dans notre configuration de problème, étant donné les questions, nous devons résoudre cette question et obtenir des réponses numériques. Dans nos jeux de données, nous sommes également fournis avec l'expression mathématique, qui conduit à cette expression particulière
0	81.59999999999994	0.44727110862731934	réponse particulière.	à cette réponse particulière.
0	82.55999999999993	0.16262292861938477		réponse particulière.
0	83.51999999999992	0.4873981475830078	hypothèses	
0	84.47999999999992	0.5546836853027344	Certaines sont également	hypothèses
0	85.43999999999991	0.697944164276123	s'appliquent également comme précédemment.	sont également
0	86.3999999999999	0.8369042873382568	précédents.	également comme précédemment.
0	87.3599999999999	0.8599627017974854	les questions, nous devons résoudre cette question et obtenir des réponses numériques. Dans nos jeux de données, nous sommes également fournis avec l'expression mathématique, qui conduit à cette réponse particulière. Certaines hypothèses s'appliquent également comme dans les travaux précédents. Nous supposons la procédure.	précédents.
0	88.3199999999999	1.0780737400054932	également comme dans les travaux précédents. Nous supposons des réponses numériques. Dans nos jeux de données, nous sommes également fournis avec l'expression mathématique, qui conduit à cette réponse particulière. Certaines hypothèses s'appliquent également comme dans les travaux précédents. Nous supposons que la précision des quantités est connue.	les questions, nous devons résoudre cette question et obtenir des réponses numériques. Dans nos jeux de données, nous sommes également fournis avec l'expression mathématique, qui conduit à cette réponse particulière. Certaines hypothèses s'appliquent également comme dans les travaux précédents. Nous supposons la procédure.
0	89.27999999999989	0.7200479507446289	que la précision des quantités est connue et nous	des réponses numériques. Dans nos jeux de données, nous sommes également fournis avec l'expression mathématique, qui conduit à cette réponse particulière. Certaines hypothèses s'appliquent également comme dans les travaux précédents. Nous supposons que la précision des quantités est connue.
0	90.23999999999988	0.6044337749481201		
0	91.19999999999987	0.6697862148284912	ne considérons que numériques. Dans nos jeux de données, nous sommes également fournis avec l'expression mathématique, qui conduit à cette réponse particulière. Certaines hypothèses s'appliquent également comme dans les travaux précédents. Nous supposons que la précision des quantités est connue et nous ne considérons que les opérations de base.	connue et nous
0	92.15999999999987	0.7877144813537598	numériques. Dans nos jeux de données, nous sommes également fournis avec l'expression mathématique, qui conduit à cette réponse particulière. Certaines hypothèses s'appliquent également comme dans les travaux précédents. Nous supposons que la précision des quantités est connue et nous ne considérons que des opérateurs de base tels que l'addition.	numériques. Dans nos jeux de données, nous sommes également fournis avec l'expression mathématique, qui conduit à cette réponse particulière. Certaines hypothèses s'appliquent également comme dans les travaux précédents. Nous supposons que la précision des quantités est connue et nous ne considérons que les opérations de base.
0	93.11999999999986	0.93827223777771	des opérateurs de base tels que l'addition, la soustraction,	numériques. Dans nos jeux de données, nous sommes également fournis avec l'expression mathématique, qui conduit à cette réponse particulière. Certaines hypothèses s'appliquent également comme dans les travaux précédents. Nous supposons que la précision des quantités est connue et nous ne considérons que des opérateurs de base tels que l'addition.
0	94.07999999999986	0.7940688133239746	l'addition, la soustraction, la multiplication,	
0	95.03999999999985	0.5770392417907715	la l'addition, la soustraction, la multiplication et la division.	l'addition, la soustraction, la multiplication,
0	95.99999999999984	0.713106632232666	division et l'exponentiation.	l'addition, la soustraction, la multiplication et la division.
0	96.95999999999984	0.4895915985107422	multiplication, la	division et l'exponentiation.
0	97.91999999999983	0.6188364028930664	plus, pouvons-nous	
0	98.87999999999982	0.684051513671875	De plus, hypothèses s'appliquent également comme dans les travaux précédents. Nous supposons que la précision des quantités est connue et nous ne considérons que des opérateurs de base tels que l'addition, la soustraction, la multiplication, la division et l'exponentiation. De plus, les opérateurs complexes peuvent	plus, pouvons-nous
0	99.83999999999982	0.6884644031524658	être	hypothèses s'appliquent également comme dans les travaux précédents. Nous supposons que la précision des quantités est connue et nous ne considérons que des opérateurs de base tels que l'addition, la soustraction, la multiplication, la division et l'exponentiation. De plus, les opérateurs complexes peuvent
0	100.79999999999981	0.6984951496124268	en fait cette réponse particulière. Certaines hypothèses s'appliquent également comme dans les travaux précédents. Nous supposons que la précision des quantités est connue et nous ne considérons que des opérateurs de base tels que l'addition, la soustraction, la multiplication, la division et l'exponentiation. De plus, les opérateurs complexes peuvent en fait être décomposés en ces	être
0	101.7599999999998	0.8054046630859375	hypothèses s'appliquent également comme dans les travaux précédents. Nous supposons que la précision des quantités est connue et nous ne considérons que des opérateurs de base tels que l'addition, la soustraction, la multiplication, la division et l'exponentiation. De plus, les opérateurs complexes peuvent en fait être décomposés en ces opérateurs de base.	cette réponse particulière. Certaines hypothèses s'appliquent également comme dans les travaux précédents. Nous supposons que la précision des quantités est connue et nous ne considérons que des opérateurs de base tels que l'addition, la soustraction, la multiplication, la division et l'exponentiation. De plus, les opérateurs complexes peuvent en fait être décomposés en ces
0	102.7199999999998	0.36984944343566895		hypothèses s'appliquent également comme dans les travaux précédents. Nous supposons que la précision des quantités est connue et nous ne considérons que des opérateurs de base tels que l'addition, la soustraction, la multiplication, la division et l'exponentiation. De plus, les opérateurs complexes peuvent en fait être décomposés en ces opérateurs de base.
0	103.6799999999998	0.5727474689483643	travaux précédents. Nous supposons que la précision des quantités est connue et nous ne considérons que des opérateurs de base tels que l'addition, la soustraction, la multiplication, la division et l'exponentiation. De plus, les opérateurs complexes peuvent en fait être décomposés en ces opérateurs de base. Les travaux précédents	
0	104.63999999999979	0.6227350234985352	dans les travaux précédents. Nous supposons que la précision des quantités est connue et nous ne considérons que des opérateurs de base tels que l'addition, la soustraction, la multiplication, la division et l'exponentiation. De plus, les opérateurs complexes peuvent en fait être décomposés en ces opérateurs de base. Les travaux précédents sur methrop	travaux précédents. Nous supposons que la précision des quantités est connue et nous ne considérons que des opérateurs de base tels que l'addition, la soustraction, la multiplication, la division et l'exponentiation. De plus, les opérateurs complexes peuvent en fait être décomposés en ces opérateurs de base. Les travaux précédents
0	105.59999999999978	0.7002646923065186	sur	dans les travaux précédents. Nous supposons que la précision des quantités est connue et nous ne considérons que des opérateurs de base tels que l'addition, la soustraction, la multiplication, la division et l'exponentiation. De plus, les opérateurs complexes peuvent en fait être décomposés en ces opérateurs de base. Les travaux précédents sur methrop
0	106.55999999999977	0.6562187671661377	la résolution de problèmes de	
0	107.51999999999977	0.5627009868621826	méthode	
0	108.47999999999976	0.6842536926269531	ont en fait catégoriser	
0	109.43999999999976	0.8299732208251953	pu séquence à séquence.	catégoriser
0	110.39999999999975	0.9968225955963135	être catégorisés en séquence à l'exponentiation. De plus, les opérateurs complexes peuvent en fait être décomposés en ces opérateurs de base. Les travaux précédents sur la résolution de problèmes de méthode ont en fait pu être catégorisés en séquence à séquence et séquence à tremblement.	séquence à séquence.
0	111.35999999999974	0.6898369789123535	séquence et séquence à arbre.	l'exponentiation. De plus, les opérateurs complexes peuvent en fait être décomposés en ces opérateurs de base. Les travaux précédents sur la résolution de problèmes de méthode ont en fait pu être catégorisés en séquence à séquence et séquence à tremblement.
0	112.31999999999974	0.22223949432373047		
0	113.27999999999973	0.6604273319244385	précision des quantités est connue et nous ne considérons que des opérateurs de base tels que l'addition, la soustraction, la multiplication, la division et l'exponentiation. De plus, les opérateurs complexes peuvent en fait être décomposés en ces opérateurs de base. Les travaux précédents sur la résolution de problèmes de méthode ont en fait pu être catégorisés en séquence à séquence et séquence à arbre. Donc, la séquence traditionnelle	arbre.
0	114.23999999999972	0.7514498233795166	séquence à séquence et séquence à arbre. Le modèle traditionnel séquence à séquence	précision des quantités est connue et nous ne considérons que des opérateurs de base tels que l'addition, la soustraction, la multiplication, la division et l'exponentiation. De plus, les opérateurs complexes peuvent en fait être décomposés en ces opérateurs de base. Les travaux précédents sur la résolution de problèmes de méthode ont en fait pu être catégorisés en séquence à séquence et séquence à arbre. Donc, la séquence traditionnelle
0	115.19999999999972	0.8996083736419678	la soustraction, la multiplication, la division et l'exponentiation. De plus, les opérateurs complexes peuvent en fait être décomposés en ces opérateurs de base. Les travaux précédents sur la résolution de problèmes de méthode ont en fait pu être catégorisés en séquence à séquence et séquence à arbre. Le modèle traditionnel séquence à séquence convertit l'exponentiel	séquence à séquence et séquence à arbre. Le modèle traditionnel séquence à séquence
0	116.15999999999971	0.7792549133300781	convertit soustraction, la multiplication, la division et l'exponentiation. De plus, les opérateurs complexes peuvent en fait être décomposés en ces opérateurs de base. Les travaux précédents sur la résolution de problèmes de méthode ont en fait pu être catégorisés en séquence à séquence et séquence à arbre. Le modèle traditionnel séquence à séquence convertit l'expression en un sous-système.	la soustraction, la multiplication, la division et l'exponentiation. De plus, les opérateurs complexes peuvent en fait être décomposés en ces opérateurs de base. Les travaux précédents sur la résolution de problèmes de méthode ont en fait pu être catégorisés en séquence à séquence et séquence à arbre. Le modèle traditionnel séquence à séquence convertit l'exponentiel
0	117.1199999999997	0.8029999732971191	l'expression en séquence et séquence à arbre. Le modèle traditionnel séquence à séquence convertit l'expression en une séquence spécifique pour la génération.	soustraction, la multiplication, la division et l'exponentiation. De plus, les opérateurs complexes peuvent en fait être décomposés en ces opérateurs de base. Les travaux précédents sur la résolution de problèmes de méthode ont en fait pu être catégorisés en séquence à séquence et séquence à arbre. Le modèle traditionnel séquence à séquence convertit l'expression en un sous-système.
0	118.0799999999997	0.746640682220459	une séquence spécifique pour la et l'exponentiation. De plus, les opérateurs complexes peuvent en fait être décomposés en ces opérateurs de base. Les travaux précédents sur la résolution de problèmes de méthode ont en fait pu être catégorisés en séquence à séquence et séquence à arbre. Le modèle traditionnel séquence à séquence convertit l'expression en une séquence spécifique pour la génération et le	séquence et séquence à arbre. Le modèle traditionnel séquence à séquence convertit l'expression en une séquence spécifique pour la génération.
0	119.0399999999997	0.7125470638275146	génération, et c'est assez facile à	et l'exponentiation. De plus, les opérateurs complexes peuvent en fait être décomposés en ces opérateurs de base. Les travaux précédents sur la résolution de problèmes de méthode ont en fait pu être catégorisés en séquence à séquence et séquence à arbre. Le modèle traditionnel séquence à séquence convertit l'expression en une séquence spécifique pour la génération et le
0	119.99999999999969	0.8110461235046387	implémenter.	
0	120.95999999999968	0.7188801765441895	implémenter, et il peut générer	implémenter.
0	121.91999999999967	0.7571675777435303	peuvent en fait être décomposés en ces opérateurs de base. Les travaux précédents sur la résolution de problèmes de méthode ont en fait pu être catégorisés en séquence à séquence et séquence à arbre. Le modèle traditionnel séquence à séquence convertit l'expression en une séquence spécifique pour la génération, et c'est assez facile à implémenter et il peut généraliser à	implémenter, et il peut générer
0	122.87999999999967	0.8792147636413574	différentes.	peuvent en fait être décomposés en ces opérateurs de base. Les travaux précédents sur la résolution de problèmes de méthode ont en fait pu être catégorisés en séquence à séquence et séquence à arbre. Le modèle traditionnel séquence à séquence convertit l'expression en une séquence spécifique pour la génération, et c'est assez facile à implémenter et il peut généraliser à
0	123.83999999999966	0.5882439613342285	de nombreuses	différentes.
0	124.79999999999966	0.5571403503417969	l'exponentiation. De plus, les opérateurs complexes peuvent en fait être décomposés en ces opérateurs de base. Les travaux précédents sur la résolution de problèmes de méthode ont en fait pu être catégorisés en séquence à séquence et séquence à arbre. Le modèle traditionnel séquence à séquence convertit l'expression en une séquence spécifique pour la génération, et c'est assez facile à implémenter et il peut généraliser à de nombreuses autres problèmes complexes.	
0	125.75999999999965	0.7208089828491211	complexes. Mais la chute	l'exponentiation. De plus, les opérateurs complexes peuvent en fait être décomposés en ces opérateurs de base. Les travaux précédents sur la résolution de problèmes de méthode ont en fait pu être catégorisés en séquence à séquence et séquence à arbre. Le modèle traditionnel séquence à séquence convertit l'expression en une séquence spécifique pour la génération, et c'est assez facile à implémenter et il peut généraliser à de nombreuses autres problèmes complexes.
0	126.71999999999964	0.9201352596282959	différentes problèmes complexes. complexes peuvent en fait être décomposés en ces opérateurs de base. Les travaux précédents sur la résolution de problèmes de méthode ont en fait pu être catégorisés en séquence à séquence et séquence à arbre. Le modèle traditionnel séquence à séquence convertit l'expression en une séquence spécifique pour la génération, et c'est assez facile à implémenter et il peut généraliser à de nombreuses différentes problèmes complexes. Cependant, les inconvénients sont les performances	complexes. Mais la chute
0	127.67999999999964	1.06488037109375	Cependant, les inconvénients est connue et nous ne considérons que des opérateurs de base tels que l'addition, la soustraction, la multiplication, la division et l'exponentiation. De plus, les opérateurs complexes peuvent en fait être décomposés en ces opérateurs de base. Les travaux précédents sur la résolution de problèmes de méthode ont en fait pu être catégorisés en séquence à séquence et séquence à arbre. Le modèle traditionnel séquence à séquence convertit l'expression en une séquence spécifique pour la génération, et c'est assez facile à implémenter et il peut généraliser à de nombreuses différentes problèmes complexes. Cependant, les inconvénients de la performance sont en fait liés à la généralisation.	complexes peuvent en fait être décomposés en ces opérateurs de base. Les travaux précédents sur la résolution de problèmes de méthode ont en fait pu être catégorisés en séquence à séquence et séquence à arbre. Le modèle traditionnel séquence à séquence convertit l'expression en une séquence spécifique pour la génération, et c'est assez facile à implémenter et il peut généraliser à de nombreuses différentes problèmes complexes. Cependant, les inconvénients sont les performances
0	128.63999999999965	0.6829593181610107	de la performance sont en fait complexes. Cependant, les inconvénients de la performance sont en fait généralement	est connue et nous ne considérons que des opérateurs de base tels que l'addition, la soustraction, la multiplication, la division et l'exponentiation. De plus, les opérateurs complexes peuvent en fait être décomposés en ces opérateurs de base. Les travaux précédents sur la résolution de problèmes de méthode ont en fait pu être catégorisés en séquence à séquence et séquence à arbre. Le modèle traditionnel séquence à séquence convertit l'expression en une séquence spécifique pour la génération, et c'est assez facile à implémenter et il peut généraliser à de nombreuses différentes problèmes complexes. Cependant, les inconvénients de la performance sont en fait liés à la généralisation.
0	129.59999999999965	0.6956193447113037	en ces opérateurs de base. Les travaux précédents sur la résolution de problèmes de méthode ont en fait pu être catégorisés en séquence à séquence et séquence à arbre. Le modèle traditionnel séquence à séquence convertit l'expression en une séquence spécifique pour la génération, et c'est assez facile à implémenter et il peut généraliser à de nombreuses différentes problèmes complexes. Cependant, les inconvénients de la performance sont en fait généralement pas meilleurs que la contrainte.	complexes. Cependant, les inconvénients de la performance sont en fait généralement
0	130.55999999999966	0.7536489963531494	pas meilleurs que	en ces opérateurs de base. Les travaux précédents sur la résolution de problèmes de méthode ont en fait pu être catégorisés en séquence à séquence et séquence à arbre. Le modèle traditionnel séquence à séquence convertit l'expression en une séquence spécifique pour la génération, et c'est assez facile à implémenter et il peut généraliser à de nombreuses différentes problèmes complexes. Cependant, les inconvénients de la performance sont en fait généralement pas meilleurs que la contrainte.
0	131.51999999999967	0.7290034294128418	de méthode ont en fait pu être catégorisés en séquence à séquence et séquence à arbre. Le modèle traditionnel séquence à séquence convertit l'expression en une séquence spécifique pour la génération, et c'est assez facile à implémenter et il peut généraliser à de nombreuses différentes problèmes complexes. Cependant, les inconvénients de la performance sont en fait généralement pas meilleurs que le modèle structuré, et il manque de	
0	132.47999999999968	0.8830149173736572	le modèle structuré, et il manque	de méthode ont en fait pu être catégorisés en séquence à séquence et séquence à arbre. Le modèle traditionnel séquence à séquence convertit l'expression en une séquence spécifique pour la génération, et c'est assez facile à implémenter et il peut généraliser à de nombreuses différentes problèmes complexes. Cependant, les inconvénients de la performance sont en fait généralement pas meilleurs que le modèle structuré, et il manque de
0	133.43999999999969	0.773601770401001		
0	134.3999999999997	0.5004658699035645	d'interprétabilité pour la prédiction.	
0	135.3599999999997	0.643958568572998		
0	136.3199999999997	0.7461438179016113	Mais en	
0	137.27999999999972	0.7894637584686279	réalité, cette direction pu être catégorisés en séquence à séquence et séquence à arbre. Le modèle traditionnel séquence à séquence convertit l'expression en une séquence spécifique pour la génération, et c'est assez facile à implémenter et il peut généraliser à de nombreuses différentes problèmes complexes. Cependant, les inconvénients de la performance sont en fait généralement pas meilleurs que le modèle structuré, et il manque d'interprétabilité pour la prédiction. Mais en réalité, cette direction reste encore très populaire car	
0	138.23999999999972	0.6229772567749023		pu être catégorisés en séquence à séquence et séquence à arbre. Le modèle traditionnel séquence à séquence convertit l'expression en une séquence spécifique pour la génération, et c'est assez facile à implémenter et il peut généraliser à de nombreuses différentes problèmes complexes. Cependant, les inconvénients de la performance sont en fait généralement pas meilleurs que le modèle structuré, et il manque d'interprétabilité pour la prédiction. Mais en réalité, cette direction reste encore très populaire car
0	139.19999999999973	0.6333308219909668	l'expression en une séquence spécifique pour la génération, et c'est assez facile à implémenter et il peut généraliser à de nombreuses différentes problèmes complexes. Cependant, les inconvénients de la performance sont en fait généralement pas meilleurs que le modèle structuré, et il manque d'interprétabilité pour la prédiction. Mais en réalité, cette direction reste encore très populaire car , grâce à la transformation.	
0	140.15999999999974	0.6967940330505371	, grâce implémenter et il peut généraliser à de nombreuses différentes problèmes complexes. Cependant, les inconvénients de la performance sont en fait généralement pas meilleurs que le modèle structuré, et il manque d'interprétabilité pour la prédiction. Mais en réalité, cette direction reste encore très populaire car , grâce au modèle de transformateur.	l'expression en une séquence spécifique pour la génération, et c'est assez facile à implémenter et il peut généraliser à de nombreuses différentes problèmes complexes. Cependant, les inconvénients de la performance sont en fait généralement pas meilleurs que le modèle structuré, et il manque d'interprétabilité pour la prédiction. Mais en réalité, cette direction reste encore très populaire car , grâce à la transformation.
0	141.11999999999975	0.35365724563598633		implémenter et il peut généraliser à de nombreuses différentes problèmes complexes. Cependant, les inconvénients de la performance sont en fait généralement pas meilleurs que le modèle structuré, et il manque d'interprétabilité pour la prédiction. Mais en réalité, cette direction reste encore très populaire car , grâce au modèle de transformateur.
0	142.07999999999976	0.5685710906982422		
0	143.03999999999976	0.8684921264648438	Donc, dans modèle traditionnel séquence à séquence convertit l'expression en une séquence spécifique pour la génération, et c'est assez facile à implémenter et il peut généraliser à de nombreuses différentes problèmes complexes. Cependant, les inconvénients de la performance sont en fait généralement pas meilleurs que le modèle structuré, et il manque d'interprétabilité pour la prédiction. Mais en réalité, cette direction reste encore très populaire car , grâce au modèle de transformateur. Donc, dans les modèles basés sur la triade,	
0	143.99999999999977	0.8460631370544434	les modèles basés sur modèle traditionnel séquence à séquence convertit l'expression en une séquence spécifique pour la génération, et c'est assez facile à implémenter et il peut généraliser à de nombreuses différentes problèmes complexes. Cependant, les inconvénients de la performance sont en fait généralement pas meilleurs que le modèle structuré, et il manque d'interprétabilité pour la prédiction. Mais en réalité, cette direction reste encore très populaire car , grâce au modèle de transformateur. Donc, dans les modèles basés sur des arbres, nous avons en fait	modèle traditionnel séquence à séquence convertit l'expression en une séquence spécifique pour la génération, et c'est assez facile à implémenter et il peut généraliser à de nombreuses différentes problèmes complexes. Cependant, les inconvénients de la performance sont en fait généralement pas meilleurs que le modèle structuré, et il manque d'interprétabilité pour la prédiction. Mais en réalité, cette direction reste encore très populaire car , grâce au modèle de transformateur. Donc, dans les modèles basés sur la triade,
0	144.95999999999978	0.7678608894348145	des arbres, nous	modèle traditionnel séquence à séquence convertit l'expression en une séquence spécifique pour la génération, et c'est assez facile à implémenter et il peut généraliser à de nombreuses différentes problèmes complexes. Cependant, les inconvénients de la performance sont en fait généralement pas meilleurs que le modèle structuré, et il manque d'interprétabilité pour la prédiction. Mais en réalité, cette direction reste encore très populaire car , grâce au modèle de transformateur. Donc, dans les modèles basés sur des arbres, nous avons en fait
0	145.9199999999998	0.7209346294403076	structurons en fait l'expression en une séquence spécifique pour la génération, et c'est assez facile à implémenter et il peut généraliser à de nombreuses différentes problèmes complexes. Cependant, les inconvénients de la performance sont en fait généralement pas meilleurs que le modèle structuré, et il manque d'interprétabilité pour la prédiction. Mais en réalité, cette direction reste encore très populaire car , grâce au modèle de transformateur. Donc, dans les modèles basés sur des arbres, nous structurons en fait ces expressions en un	
0	146.8799999999998	0.7218987941741943	ces expressions	l'expression en une séquence spécifique pour la génération, et c'est assez facile à implémenter et il peut généraliser à de nombreuses différentes problèmes complexes. Cependant, les inconvénients de la performance sont en fait généralement pas meilleurs que le modèle structuré, et il manque d'interprétabilité pour la prédiction. Mais en réalité, cette direction reste encore très populaire car , grâce au modèle de transformateur. Donc, dans les modèles basés sur des arbres, nous structurons en fait ces expressions en un
0	147.8399999999998	0.8283095359802246	sous forme une prédiction correcte ici. Il est donc bon d'avoir un raisonnement en plusieurs étapes interprétable en sortie. Nous pensons également que le problème de méthode est une application simple pour évaluer ces capacités de raisonnement. Dans notre configuration de problème, étant donné les questions, nous devons résoudre cette question et obtenir des réponses numériques. Dans nos jeux de données, nous sommes également fournis avec l'expression mathématique, qui conduit à cette réponse particulière. Certaines hypothèses s'appliquent également comme dans les travaux précédents. Nous supposons que la précision des quantités est connue et nous ne considérons que des opérateurs de base tels que l'addition, la soustraction, la multiplication, la division et l'exponentiation. De plus, les opérateurs complexes peuvent en fait être décomposés en ces opérateurs de base. Les travaux précédents sur la résolution de problèmes de méthode ont en fait pu être catégorisés en séquence à séquence et séquence à arbre. Le modèle traditionnel séquence à séquence convertit l'expression en une séquence spécifique pour la génération, et c'est assez facile à implémenter et il peut généraliser à de nombreuses différentes problèmes complexes. Cependant, les inconvénients de la performance sont en fait généralement pas meilleurs que le modèle structuré, et il manque d'interprétabilité pour la prédiction. Mais en réalité, cette direction reste encore très populaire car , grâce au modèle de transformateur. Donc, dans les modèles basés sur des arbres, nous structurons en fait ces expressions sous forme d'arbre et suivons une pré	
0	148.7999999999998	0.8516550064086914	d'arbre et suivons une implémenter et il peut généraliser à de nombreuses différentes problèmes complexes. Cependant, les inconvénients de la performance sont en fait généralement pas meilleurs que le modèle structuré, et il manque d'interprétabilité pour la prédiction. Mais en réalité, cette direction reste encore très populaire car , grâce au modèle de transformateur. Donc, dans les modèles basés sur des arbres, nous structurons en fait ces expressions sous forme d'arbre et suivons une pré-ordre trivial.	une prédiction correcte ici. Il est donc bon d'avoir un raisonnement en plusieurs étapes interprétable en sortie. Nous pensons également que le problème de méthode est une application simple pour évaluer ces capacités de raisonnement. Dans notre configuration de problème, étant donné les questions, nous devons résoudre cette question et obtenir des réponses numériques. Dans nos jeux de données, nous sommes également fournis avec l'expression mathématique, qui conduit à cette réponse particulière. Certaines hypothèses s'appliquent également comme dans les travaux précédents. Nous supposons que la précision des quantités est connue et nous ne considérons que des opérateurs de base tels que l'addition, la soustraction, la multiplication, la division et l'exponentiation. De plus, les opérateurs complexes peuvent en fait être décomposés en ces opérateurs de base. Les travaux précédents sur la résolution de problèmes de méthode ont en fait pu être catégorisés en séquence à séquence et séquence à arbre. Le modèle traditionnel séquence à séquence convertit l'expression en une séquence spécifique pour la génération, et c'est assez facile à implémenter et il peut généraliser à de nombreuses différentes problèmes complexes. Cependant, les inconvénients de la performance sont en fait généralement pas meilleurs que le modèle structuré, et il manque d'interprétabilité pour la prédiction. Mais en réalité, cette direction reste encore très populaire car , grâce au modèle de transformateur. Donc, dans les modèles basés sur des arbres, nous structurons en fait ces expressions sous forme d'arbre et suivons une pré
0	149.75999999999982	0.9068269729614258	en ces opérateurs de base. Les travaux précédents sur la résolution de problèmes de méthode ont en fait pu être catégorisés en séquence à séquence et séquence à arbre. Le modèle traditionnel séquence à séquence convertit l'expression en une séquence spécifique pour la génération, et c'est assez facile à implémenter et il peut généraliser à de nombreuses différentes problèmes complexes. Cependant, les inconvénients de la performance sont en fait généralement pas meilleurs que le modèle structuré, et il manque d'interprétabilité pour la prédiction. Mais en réalité, cette direction reste encore très populaire car , grâce au modèle de transformateur. Donc, dans les modèles basés sur des arbres, nous structurons en fait ces expressions sous forme d'arbre et suivons une traversal en ordre préfixe lors de la génération d'arbre.	implémenter et il peut généraliser à de nombreuses différentes problèmes complexes. Cependant, les inconvénients de la performance sont en fait généralement pas meilleurs que le modèle structuré, et il manque d'interprétabilité pour la prédiction. Mais en réalité, cette direction reste encore très populaire car , grâce au modèle de transformateur. Donc, dans les modèles basés sur des arbres, nous structurons en fait ces expressions sous forme d'arbre et suivons une pré-ordre trivial.
0	150.71999999999983	0.9368839263916016	traversal en génération, et c'est assez facile à implémenter et il peut généraliser à de nombreuses différentes problèmes complexes. Cependant, les inconvénients de la performance sont en fait généralement pas meilleurs que le modèle structuré, et il manque d'interprétabilité pour la prédiction. Mais en réalité, cette direction reste encore très populaire car , grâce au modèle de transformateur. Donc, dans les modèles basés sur des arbres, nous structurons en fait ces expressions sous forme d'arbre et suivons une traversal en profondeur avant lors de la génération d'arbres. Donc ici	en ces opérateurs de base. Les travaux précédents sur la résolution de problèmes de méthode ont en fait pu être catégorisés en séquence à séquence et séquence à arbre. Le modèle traditionnel séquence à séquence convertit l'expression en une séquence spécifique pour la génération, et c'est assez facile à implémenter et il peut généraliser à de nombreuses différentes problèmes complexes. Cependant, les inconvénients de la performance sont en fait généralement pas meilleurs que le modèle structuré, et il manque d'interprétabilité pour la prédiction. Mais en réalité, cette direction reste encore très populaire car , grâce au modèle de transformateur. Donc, dans les modèles basés sur des arbres, nous structurons en fait ces expressions sous forme d'arbre et suivons une traversal en ordre préfixe lors de la génération d'arbre.
0	151.67999999999984	1.0867860317230225	profondeur avant lors de la génération d'arbres.	génération, et c'est assez facile à implémenter et il peut généraliser à de nombreuses différentes problèmes complexes. Cependant, les inconvénients de la performance sont en fait généralement pas meilleurs que le modèle structuré, et il manque d'interprétabilité pour la prédiction. Mais en réalité, cette direction reste encore très populaire car , grâce au modèle de transformateur. Donc, dans les modèles basés sur des arbres, nous structurons en fait ces expressions sous forme d'arbre et suivons une traversal en profondeur avant lors de la génération d'arbres. Donc ici
0	152.63999999999984	0.8689782619476318	Ici, nous continuons à implémenter et il peut généraliser à de nombreuses différentes problèmes complexes. Cependant, les inconvénients de la performance sont en fait généralement pas meilleurs que le modèle structuré, et il manque d'interprétabilité pour la prédiction. Mais en réalité, cette direction reste encore très populaire car , grâce au modèle de transformateur. Donc, dans les modèles basés sur des arbres, nous structurons en fait ces expressions sous forme d'arbre et suivons une traversal en profondeur avant lors de la génération d'arbres. Ici, nous continuons à générer les opérateurs.	
0	153.59999999999985	0.9186868667602539	générer les	implémenter et il peut généraliser à de nombreuses différentes problèmes complexes. Cependant, les inconvénients de la performance sont en fait généralement pas meilleurs que le modèle structuré, et il manque d'interprétabilité pour la prédiction. Mais en réalité, cette direction reste encore très populaire car , grâce au modèle de transformateur. Donc, dans les modèles basés sur des arbres, nous structurons en fait ces expressions sous forme d'arbre et suivons une traversal en profondeur avant lors de la génération d'arbres. Ici, nous continuons à générer les opérateurs.
0	154.55999999999986	0.8243420124053955	opérateurs jusqu'à	
0	155.51999999999987	0.7662944793701172	atteindre les feuilles, qui sont complexes. Cependant, les inconvénients de la performance sont en fait généralement pas meilleurs que le modèle structuré, et il manque d'interprétabilité pour la prédiction. Mais en réalité, cette direction reste encore très populaire car , grâce au modèle de transformateur. Donc, dans les modèles basés sur des arbres, nous structurons en fait ces expressions sous forme d'arbre et suivons une traversal en profondeur avant lors de la génération d'arbres. Ici, nous continuons à générer les opérateurs jusqu'à atteindre les feuilles, qui sont les quantités.	
0	156.47999999999988	0.6995816230773926		complexes. Cependant, les inconvénients de la performance sont en fait généralement pas meilleurs que le modèle structuré, et il manque d'interprétabilité pour la prédiction. Mais en réalité, cette direction reste encore très populaire car , grâce au modèle de transformateur. Donc, dans les modèles basés sur des arbres, nous structurons en fait ces expressions sous forme d'arbre et suivons une traversal en profondeur avant lors de la génération d'arbres. Ici, nous continuons à générer les opérateurs jusqu'à atteindre les feuilles, qui sont les quantités.
0	157.43999999999988	0.6830368041992188	Ici, le bon complexes. Cependant, les inconvénients de la performance sont en fait généralement pas meilleurs que le modèle structuré, et il manque d'interprétabilité pour la prédiction. Mais en réalité, cette direction reste encore très populaire car , grâce au modèle de transformateur. Donc, dans les modèles basés sur des arbres, nous structurons en fait ces expressions sous forme d'arbre et suivons une traversal en profondeur avant lors de la génération d'arbres. Ici, nous continuons à générer les opérateurs jusqu'à atteindre les feuilles, qui sont les quantités. Ici, le bon point est que	
0	158.3999999999999	0.7157847881317139	point est	complexes. Cependant, les inconvénients de la performance sont en fait généralement pas meilleurs que le modèle structuré, et il manque d'interprétabilité pour la prédiction. Mais en réalité, cette direction reste encore très populaire car , grâce au modèle de transformateur. Donc, dans les modèles basés sur des arbres, nous structurons en fait ces expressions sous forme d'arbre et suivons une traversal en profondeur avant lors de la génération d'arbres. Ici, nous continuons à générer les opérateurs jusqu'à atteindre les feuilles, qui sont les quantités. Ici, le bon point est que
0	159.3599999999999	0.7977323532104492	qu'il	
0	160.3199999999999	0.8348398208618164	nous donne en fait cette	
0	161.27999999999992	0.7145946025848389	structure d'arbre	
0	162.23999999999992	0.6466085910797119	binaire et	
0	163.19999999999993	0.7207121849060059	c'est	
0	164.15999999999994	0.9123709201812744		
0	165.11999999999995	0.9277679920196533	, mais mais mais en fait c'est assez	
0	166.07999999999996	0.6630053520202637	contre-intuitif car	
0	167.03999999999996	0.719595193862915	nous	
0	167.99999999999997	0.8049657344818115	générons	
0	168.95999999999998	0.9922258853912354	d'abord l'opérateur	
0	169.92	0.8079760074615479	puis, à la fin, nous générons	
0	170.88	0.5941262245178223		
0	171.84	0.28055572509765625	les quantités.	
0	172.8	0.6962065696716309		
0	173.76000000000002	0.7716238498687744	Et la deuxième chose est que	
0	174.72000000000003	0.6883680820465088	cela	
0	175.68000000000004	0.7126076221466064	contient également	
0	176.64000000000004	0.692441463470459	certains calculs répétés.	
0	177.60000000000005	0.7619993686676025		
0	178.56000000000006	0.895918607711792	Donc, ici, si nous regardons	
0	179.52000000000007	0.7196266651153564	cette	
0	180.48000000000008	0.8296990394592285	expression a fois trois plus	
0	181.44000000000008	0.84092116355896	trois,	
0	182.4000000000001	0.78605055809021	elle est en fait générée deux fois.	
0	183.3600000000001	0.5589320659637451	Mais	
0	184.3200000000001	0.7695944309234619	en	
0	185.28000000000011	0.8674416542053223	fait, nous devrions réutiliser	
0	186.24000000000012	0.2588205337524414	les résultats.	
0	187.20000000000013	0.15833163261413574		
0	188.16000000000014	0.576401948928833		
0	189.12000000000015	0.7549567222595215	Donc, dans	
0	190.08000000000015	0.7269961833953857	notre approche proposée, nous	
0	191.04000000000016	0.6688435077667236	voulons résoudre	
0	192.00000000000017	0.5867974758148193		
0	192.96000000000018	0.671393632888794	ces problèmes	
0	193.9200000000002	0.7788431644439697		
0	194.8800000000002	0.857776403427124		
0	195.8400000000002	0.8940422534942627	d'une manière étape par étape et interprétable.	
0	196.8000000000002	0.7730534076690674	Par exemple,	
0	197.76000000000022	0.6882712841033936	ici, à la deuxième	
0	198.72000000000023	0.6506807804107666	étape,	
0	199.68000000000023	0.6818933486938477	nous pouvons obtenir	
0	200.64000000000024	0.6079564094543457	ce	
0	201.60000000000025	0.7429866790771484	diviseur, qui	
0	202.56000000000026	0.3193655014038086	est 27.	
0	203.52000000000027	0.6925890445709229		
0	204.48000000000027	0.8468992710113525	Et nous pouvons également faire référence	
0	205.44000000000028	0.6024649143218994		
0	206.4000000000003	0.7301669120788574	aux questions	
0	207.3600000000003	0.7275698184967041	originales pour trouver	
0	208.3200000000003	0.6436231136322021		
0	209.2800000000003	0.772693395614624	les contenus pertinents. Et	
0	210.24000000000032	0.6913175582885742	dans ces étapes,	
0	211.20000000000033	0.7069852352142334	nous obtenons	
0	212.16000000000034	0.601731538772583	les diviseurs.	
0	213.12000000000035	0.5055699348449707		
0	214.08000000000035	0.6384971141815186		
0	215.04000000000036	0.6810455322265625	Et ensuite, à	
0	216.00000000000037	0.7890655994415283	cette troisième	
0	216.96000000000038	0.7637145519256592	étape, nous obtenons en fait	
0	217.92000000000039	0.6784517765045166	le	
0	218.8800000000004	0.7999134063720703	quotient,	
0	219.8400000000004	0.8070542812347412	d'accord, et après	
0	220.8000000000004	0.8181343078613281	ces trois	
0	221.76000000000042	0.8202176094055176	étapes, nous pouvons en fait	
0	222.72000000000043	0.7656223773956299	réutiliser les résultats de	
0	223.68000000000043	0.633918046951294	la deuxième	
0	224.64000000000044	0.5925338268280029	étape et ensuite	
0	225.60000000000045	0.5512192249298096	obtenir	
0	226.56000000000046	0.5539617538452148		
0	227.52000000000046	0.7005281448364258	les résultats de	
0	228.48000000000047	0.6552474498748779	la quatrième	
0	229.44000000000048	0.6572520732879639	étape et	
0	230.4000000000005	0.7332448959350586	enfin nous pouvons obtenir	
0	231.3600000000005	0.5889112949371338		
0	232.3200000000005	0.5863571166992188	les dividendes.	
0	233.2800000000005	0.5600776672363281		
0	234.24000000000052	0.812633752822876	Donc,	
0	235.20000000000053	0.8744499683380127	ici, nous générons en fait	
0	236.16000000000054	0.6410448551177979		
0	237.12000000000054	0.749265193939209	l'expression complète	
0	238.08000000000055	0.7105453014373779	directement plutôt que	
0	239.04000000000056	0.7259552478790283	de générer un seul	
0	240.00000000000057	0.6456880569458008		
0	240.96000000000058	0.6598167419433594	opérateur ou quantité.	
0	241.92000000000058	0.7007272243499756	Cela rend	
0	242.8800000000006	0.6498417854309082	le processus	
0	243.8400000000006	0.2635328769683838	plus précis.	
0	244.8000000000006	0.6313788890838623		
0	245.76000000000062	0.793311357498169	Donc, dans notre	
0	246.72000000000062	0.8648416996002197	système	
0	247.68000000000063	0.9575328826904297	déductif, nous commençons	
0	248.64000000000064	0.8100552558898926	d'abord par	
0	249.60000000000065	0.8681068420410156	un	
0	250.56000000000066	0.896538257598877	ensemble de quantités présentées dans	
0	251.52000000000066	0.7726855278015137	les questions et	
0	252.48000000000067	0.8680140972137451	incluant également certaines	
0	253.44000000000068	0.7501473426818848	constantes comme	
0	254.4000000000007	0.6670653820037842	notre	
0	255.3600000000007	0.604365348815918	état	
0	256.3200000000007	0.7648282051086426	initial.	
0	257.28000000000065	0.8161625862121582	L'expression est	
0	258.24000000000063	0.7198071479797363	représentée par	
0	259.2000000000006	0.285128116607666	Eij OP.	
0	260.1600000000006	0.768125057220459		
0	261.1200000000006	0.8220241069793701	où nous effectuons un opérateur	
0	262.08000000000055	0.7119808197021484		
0	263.04000000000053	0.7997443675994873	de QI à	
0	264.0000000000005	0.805436372756958	QJ, et	
0	264.9600000000005	0.7412989139556885	telle expression est en	
0	265.92000000000047	0.7918858528137207	fait dirigée.	
0	266.88000000000045	0.7492573261260986		
0	267.84000000000043	0.8278152942657471	Nous avons également	
0	268.8000000000004	0.7866237163543701	une soustraction	
0	269.7600000000004	0.8321771621704102	inverse ici pour	
0	270.72000000000037	0.8222675323486328	représenter la direction opposée.	
0	271.68000000000035	0.6547081470489502	C'est	
0	272.6400000000003	0.8081514835357666	assez similaire à	
0	273.6000000000003	0.7378466129302979	l'extraction de relations.	
0	274.5600000000003	0.7415440082550049		
0	275.52000000000027	0.8855080604553223	Donc, dans un	
0	276.48000000000025	0.8362889289855957	système déductif	
0	277.4400000000002	0.8698499202728271	formel, à	
0	278.4000000000002	0.9930195808410645	l'étape temporelle	
0	279.3600000000002	0.7598628997802734	t, nous appliquons	
0	280.32000000000016	0.7509639263153076	l'opérateur entre	
0	281.28000000000014	0.714940071105957		
0	282.2400000000001	0.8356738090515137	la paire qi et	
0	283.2000000000001	0.8857736587524414		
0	284.1600000000001	0.554718017578125	qj, et ensuite nous obtenons cette nouvelle expression.	
0	285.12000000000006	0.7647011280059814		
0	286.08000000000004	0.39639973640441895	Nous l'ajoutons à	
0	287.04	0.7186141014099121		
0	288.0	0.8465709686279297	l'état suivant pour	
0	288.96	0.3464221954345703	devenir une nouvelle quantité.	
0	289.91999999999996	0.549931526184082		
0	290.87999999999994	0.7540185451507568	Donc,	
0	291.8399999999999	0.7491366863250732	cette tranche	
0	292.7999999999999	0.74495530128479	visualise en fait	
0	293.7599999999999	0.7303152084350586	l'évolution	
0	294.71999999999986	0.8092100620269775	des	
0	295.67999999999984	0.861332893371582	états où nous continuons à ajouter	
0	296.6399999999998	0.7685546875	des	
0	297.5999999999998	0.7309379577636719	expressions	
0	298.5599999999998	0.3578150272369385	aux états actuels.	
0	299.51999999999975	0.8386588096618652		
0	300.47999999999973	1.018691062927246	Donc, dans	
0	301.4399999999997	1.200319766998291	nos implémentations de modèle, nous	
0	302.3999999999997	1.0023763179779053	utilisons d'abord un	
0	303.3599999999997	0.9976067543029785	modèle de langage pré-entraîné qui peut	
0	304.31999999999965	0.7590391635894775	être Bird ou	
0	305.27999999999963	0.9104845523834229	Robot Head, et ensuite	
0	306.2399999999996	0.7593071460723877	nous codons une	
0	307.1999999999996	0.8124661445617676	phrase et ensuite nous	
0	308.15999999999957	0.8077380657196045	obtenons ces	
0	309.11999999999955	0.3548440933227539	représentations de quantités.	
0	310.07999999999953	0.7525026798248291		
0	311.0399999999995	0.9288804531097412		
0	311.9999999999995	1.0543713569641113		
0	312.95999999999947	1.2640349864959717		
0	313.91999999999945	1.4302690029144287	Une fois que nous avons obtenu les représentations de quantités, nous pouvons commencer à faire	
0	314.8799999999994	1.0321598052978516	l'inférence.	
0	315.8399999999994	0.925764799118042	Ici, nous montrons un exemple de	
0	316.7999999999994	0.7466211318969727	Q1	
0	317.75999999999937	0.7846224308013916	pour obtenir la	
0	318.71999999999935	0.854867696762085	représentation pour Q1	
0	319.6799999999993	0.9664533138275146	divisé par Q2 et	
0	320.6399999999993	0.44647979736328125	ensuite multiplié par Q3.	
0	321.5999999999993	0.6433959007263184		
0	322.55999999999926	0.7694003582000732		
0	323.51999999999924	0.9726536273956299	D'abord, nous obtenons	
0	324.4799999999992	0.8210842609405518	la représentation de	
0	325.4399999999992	0.9798996448516846	paire, qui est en fait	
0	326.3999999999992	0.7345068454742432	juste la	
0	327.35999999999916	0.8676736354827881	concaténation	
0	328.31999999999914	0.8656237125396729	entre Q1 et	
0	329.2799999999991	0.9932849407196045	Q2, et ensuite nous	
0	330.2399999999991	0.8457334041595459	appliquons	
0	331.1999999999991	0.834867000579834	un réseau de propagation avant, qui	
0	332.15999999999906	0.7558412551879883	est	
0	333.11999999999904	0.8323826789855957	paramétré par	
0	334.079999999999	0.8360865116119385	l'opérateur.	
0	335.039999999999	0.8669254779815674	Et	
0	335.999999999999	0.9234509468078613	enfin, nous obtenons	
0	336.95999999999896	0.991722822189331	la représentation de l'expression	
0	337.91999999999894	0.7932531833648682		
0	338.8799999999989	0.9401688575744629	q1 divisé par q2.	
0	339.8399999999989	0.7879869937896729	Mais en	
0	340.7999999999989	0.6395013332366943		
0	341.75999999999885	1.0012290477752686	pratique,	
0	342.71999999999883	1.0780327320098877	lors de l'étape d'inférence, nous	
0	343.6799999999988	0.6743590831756592	pourrions	
0	344.6399999999988	0.7727115154266357		
0	345.5999999999988	0.7946443557739258	en fait obtenir	
0	346.55999999999875	0.8766069412231445	une représentation incorrecte	
0	347.51999999999873	0.7696504592895508	ou une expression	
0	348.4799999999987	0.3123040199279785	incorrecte également.	
0	349.4399999999987	0.6342849731445312		
0	350.39999999999867	0.8456101417541504	Donc,	
0	351.35999999999865	0.7463090419769287	ici, toutes les expressions	
0	352.31999999999863	0.6211056709289551	possibles	
0	353.2799999999986	0.7313387393951416	sont	
0	354.2399999999986	0.8148410320281982	égales à	
0	355.19999999999857	0.8637197017669678	trois fois le nombre	
0	356.15999999999855	0.9055178165435791	d'opérateurs.	
0	357.1199999999985	0.7986023426055908	Donc,	
0	358.0799999999985	0.7683901786804199	le bon point ici est	
0	359.0399999999985	0.714195728302002	que nous	
0	359.99999999999847	0.7420387268066406	pouvons facilement ajouter	
0	360.95999999999844	0.7034237384796143	des contraintes	
0	361.9199999999984	0.698477029800415	pour contrôler	
0	362.8799999999984	0.7923214435577393	cette	
0	363.8399999999984	0.9138510227203369	recherche de cet espace de recherche.	
0	364.79999999999836	0.8495521545410156	Par exemple, si	
0	365.75999999999834	0.9132075309753418	cette expression n'est pas	
0	366.7199999999983	0.8397014141082764	autorisée, nous pouvons	
0	367.6799999999983	0.7039480209350586	simplement	
0	368.6399999999983	0.8438074588775635	supprimer cette	
0	369.59999999999826	0.3952913284301758	expression dans notre espace de recherche.	
0	370.55999999999824	0.7348589897155762		
0	371.5199999999982	0.9743292331695557	Donc, à la deuxième	
0	372.4799999999982	0.9919960498809814	étape, nous faisons la même	
0	373.4399999999982	0.8013119697570801	chose, mais la seule	
0	374.39999999999816	0.6339709758758545	différence est que	
0	375.35999999999814	0.6732583045959473		
0	376.3199999999981	0.7537031173706055	la seule différence est	
0	377.2799999999981	0.7340226173400879	une	
0	378.2399999999981	0.8388404846191406	quantité de plus.	
0	379.19999999999806	0.8463892936706543	Donc, cette	
0	380.15999999999804	0.7451410293579102	quantité vient	
0	381.119999999998	0.8685004711151123		
0	382.079999999998	0.4690248966217041	de l'expression calculée précédemment.	
0	383.039999999998	0.642136812210083		
0	383.99999999999795	0.782982587814331	Donc,	
0	384.95999999999793	0.8234682083129883	enfin, nous pouvons obtenir	
0	385.9199999999979	0.7415781021118164		
0	386.8799999999979	0.8464820384979248	cette expression finale	
0	387.8399999999979	0.7388310432434082		
0	388.79999999999785	0.8537797927856445	q3 fois	
0	389.75999999999783	0.9168617725372314		
0	390.7199999999978	0.9879093170166016		
0	391.6799999999978	1.0954349040985107	q4. Et nous pouvons également voir le nombre de toutes les	
0	392.63999999999777	0.753542423248291	expressions	
0	393.59999999999775	0.8302733898162842	possibles est	
0	394.55999999999773	0.8162353038787842	différent de l'étape précédente.	
0	395.5199999999977	0.727257251739502		
0	396.4799999999977	0.7705349922180176	Donc, cette	
0	397.43999999999767	0.7358191013336182	différence rend difficile	
0	398.39999999999765	0.8711092472076416	l'application	
0	399.3599999999976	0.9734196662902832	de la recherche de faisceau car	
0	400.3199999999976	0.7340593338012695	la distribution de	
0	401.2799999999976	0.7841365337371826	probabilité entre	
0	402.23999999999756	0.8109917640686035	ces deux	
0	403.19999999999754	0.8059682846069336	étapes est	
0	404.1599999999975	0.4696948528289795	déséquilibrée.	
0	405.1199999999975	0.6654081344604492		
0	406.0799999999975	0.9080960750579834	Donc,	
0	407.03999999999746	1.0594394207000732	la procédure d'entraînement est	
0	407.99999999999744	1.055457592010498	similaire à l'entraînement	
0	408.9599999999974	0.9993185997009277	d'un modèle séquence à	
0	409.9199999999974	0.8921794891357422	séquence où nous	
0	410.8799999999974	0.9682378768920898	optimisons la perte	
0	411.83999999999736	0.9971916675567627	à chaque étape	
0	412.79999999999734	1.047525405883789	temporelle, et ici, nous	
0	413.7599999999973	0.9475045204162598	utilisons également	
0	414.7199999999973	0.7713170051574707	ce tau pour	
0	415.6799999999973	0.7243204116821289	représenter	
0	416.63999999999726	0.8688302040100098	quand nous	
0	417.59999999999724	0.8028950691223145	devrions	
0	418.5599999999972	0.8065340518951416	arrêter	
0	419.5199999999972	0.34673213958740234	ce processus de génération.	
0	420.4799999999972	0.8606832027435303		
0	421.43999999999716	0.8972969055175781	Et ici,	
0	422.39999999999714	0.911170244216919	l'espace est	
0	423.3599999999971	0.8350918292999268	différent de	
0	424.3199999999971	0.7757797241210938	séquence à	
0	425.2799999999971	0.9930405616760254	séquence car	
0	426.23999999999705	0.984004020690918	l'espace est différent à chaque	
0	427.19999999999703	0.9926371574401855	étape temporelle	
0	428.159999999997	1.01039457321167	tandis que dans	
0	429.119999999997	1.0671544075012207	le modèle traditionnel séquence à	
0	430.07999999999697	0.9531502723693848	séquence, c'est le	
0	431.03999999999695	0.32593464851379395	nombre de vocabulaire.	
0	431.99999999999693	0.6239352226257324		
0	432.9599999999969	0.7246534824371338	Et	
0	433.9199999999969	0.8673391342163086	cela	
0	434.87999999999687	0.8732552528381348		
0	435.83999999999685	1.0273184776306152	permet également d'imposer certaines	
0	436.7999999999968	0.8361420631408691	contraintes provenant de connaissances antérieures.	
0	437.7599999999968	0.6947307586669922		
0	438.7199999999968	0.9651069641113281	Donc, nous	
0	439.67999999999677	0.7997488975524902		
0	440.63999999999675	0.989520788192749	menons des expériences sur	
0	441.5999999999967	0.9392988681793213	les	
0	442.5599999999967	1.0451292991638184		
0	443.5199999999967	1.0398306846618652	jeux de données de problèmes de méthode couramment utilisés,	
0	444.47999999999666	0.9277684688568115		
0	445.43999999999664	0.9870562553405762	MAWPS,	
0	446.3999999999966	1.0053811073303223	Math23K,	
0	447.3599999999966	0.37677907943725586	MathQA et SWAM.	
0	448.3199999999966	0.7768867015838623		
0	449.27999999999656	0.9526524543762207	Et ici, nous	
0	450.23999999999654	0.905886173248291	montrons brièvement	
0	451.1999999999965	0.8537778854370117	les résultats	
0	452.1599999999965	0.8658697605133057	comparés aux	
0	453.1199999999965	0.9010188579559326	meilleures approches précédentes.	
0	454.07999999999646	0.8122174739837646	Donc, notre	
0	455.03999999999644	0.9038832187652588	variante performante	
0	455.9999999999964	0.8995935916900635	la meilleure est	
0	456.9599999999964	0.795111894607544	Roberta Deductive	
0	457.9199999999964	0.9785356521606445		
0	458.87999999999636	1.2188518047332764	Reasoner, et en fait, nous	
0	459.83999999999634	0.9973034858703613	n'utilisons pas de recherche de	
0	460.7999999999963	0.9363584518432617	faisceau	
0	461.7599999999963	0.8713364601135254	contrairement aux approches évidentes.	
0	462.7199999999963	0.7403569221496582		
0	463.67999999999626	0.5474238395690918	utilisant	
0	464.63999999999623	0.959186315536499	la recherche de faisceau.	
0	465.5999999999962	0.2971768379211426	D'accord.	
0	466.5599999999962	0.8317971229553223		
0	467.5199999999962	0.8933117389678955	Donc, les meilleures	
0	468.47999999999615	0.9984846115112305	approches sont souvent	
0	469.43999999999613	0.8615460395812988	des modèles basés sur des arbres.	
0	470.3999999999961	0.5885367393493652		
0	471.3599999999961	0.5860118865966797		
0	472.31999999999607	0.44717907905578613		
0	473.27999999999605	0.8758988380432129		
0	474.23999999999603	0.9433915615081787	Donc, globalement, notre raisonneur	
0	475.199999999996	0.7263476848602295	est capable de	
0	476.159999999996	0.7221879959106445	sélectionner	
0	477.11999999999597	0.7363839149475098		
0	478.07999999999595	0.9204094409942627	significativement	
0	479.0399999999959	0.8827085494995117	mieux que ce modèle	
0	479.9999999999959	0.9631185531616211	basé sur des	
0	480.9599999999959	0.8505947589874268	arbres mais nous pouvons voir	
0	481.91999999999587	0.7997634410858154	le nombre absolu	
0	482.87999999999585	0.7448904514312744	sur	
0	483.8399999999958	0.8782191276550293		
0	484.7999999999958	0.9423980712890625	MathQA ou SWAM	
0	485.7599999999958	1.0214672088623047	n'est pas vraiment élevé.	
0	486.71999999999576	1.0192103385925293	Donc, nous investiguons davantage	
0	487.67999999999574	0.7955386638641357	les résultats sur	
0	488.6399999999957	0.8795146942138672	SWAM et	
0	489.5999999999957	0.8991751670837402	ce jeu de	
0	490.5599999999957	0.9569234848022461	données est difficile car	
0	491.51999999999566	0.9245076179504395	l'auteur a essayé de	
0	492.47999999999564	0.6479847431182861		
0	493.4399999999956	0.8643691539764404		
0	494.3999999999956	0.9229590892791748	manuellement rajouter quelque	
0	495.3599999999956	0.9562478065490723	chose pour confondre	
0	496.31999999999556	0.9638683795928955	le modèle NLP comme	
0	497.27999999999554	0.9266960620880127		
0	498.2399999999955	1.126269817352295	tel en ajoutant des informations	
0	499.1999999999955	0.9724924564361572	d'évaluation et des	
0	500.1599999999955	0.3439817428588867	quantités supplémentaires.	
0	501.11999999999546	0.827672004699707		
0	502.07999999999544	1.0290660858154297	Donc, dans	
0	503.0399999999954	1.097764015197754		
0	503.9999999999954	1.272925853729248	notre prédiction, nous trouvons	
0	504.9599999999954	1.040590763092041	que certaines valeurs intermédiaires sont en fait négatives.	
0	505.91999999999535	0.7678086757659912		
0	506.87999999999533	0.7900910377502441	Par exemple,	
0	507.8399999999953	0.7349555492401123	dans	
0	508.7999999999953	0.8962287902832031	cette	
0	509.7599999999953	0.9456040859222412	question, nous demandons	
0	510.71999999999525	0.9295895099639893	combien de pommes	
0	511.67999999999523	0.8888723850250244	Jake a, mais nous avons	
0	512.6399999999952	0.9020366668701172	certaines	
0	513.5999999999952	0.9943289756774902	informations supplémentaires comme	
0	514.5599999999953	0.9357213973999023	17 moins	
0	515.5199999999953	1.0277678966522217	de	
0	516.4799999999954	1.0953211784362793		
0	517.4399999999954	1.2082736492156982	lancers et Steven a huit lancers, ce qui est	
0	518.3999999999954	0.8264760971069336	totalement irrélévant.	
0	519.3599999999955	0.8240146636962891		
0	520.3199999999955	0.9739522933959961	Donc, notre modèle fait	
0	521.2799999999955	0.886073112487793	certaines	
0	522.2399999999956	0.8519580364227295	prédictions comme ceci, qui est	
0	523.1999999999956	0.8924765586853027		
0	524.1599999999956	0.9148654937744141	pr produisant	
0	525.1199999999957	0.9668104648590088	des valeurs	
0	526.0799999999957	0.9266660213470459	négatives, et nous	
0	527.0399999999958	0.9165499210357666	observons ces deux	
0	527.9999999999958	0.8803369998931885	représentations	
0	528.9599999999958	0.9737958908081055		
0	529.9199999999959	1.0004780292510986	ces deux expressions ont en fait des	
0	530.8799999999959	0.8638973236083984	scores	
0	531.8399999999959	0.9542281627655029		
0	532.799999999996	1.075882911682129	similaires. Donc, nous pouvons en fait limiter	
0	533.759999999996	0.9638242721557617	cet espace de	
0	534.719999999996	0.9128682613372803	recherche en	
0	535.6799999999961	0.9957294464111328	supprimant comme	
0	536.6399999999961	1.006110668182373	ceux-ci résultats sont négatifs.	
0	537.5999999999962	0.798602819442749	Donc,	
0	538.5599999999962	0.7772455215454102	nous pouvons faire	
0	539.5199999999962	0.8072822093963623		
0	540.4799999999963	0.3320491313934326	la réponse correcte.	
0	541.4399999999963	0.1808786392211914		
0	542.3999999999963	0.6759450435638428		
0	543.3599999999964	0.701282262802124		
0	544.3199999999964	0.8495070934295654	Donc,	
0	545.2799999999964	0.9997894763946533	nous trouvons	
0	546.2399999999965	0.9645442962646484		
0	547.1999999999965	0.980623722076416	également que cette contrainte améliore en fait	
0	548.1599999999966	0.7140476703643799		
0	549.1199999999966	0.8496034145355225	beaucoup pour	
0	550.0799999999966	0.932675838470459	certains	
0	551.0399999999967	1.0425083637237549		
0	551.9999999999967	1.0949583053588867	modèles. Par exemple, pour Bird, nous	
0	552.9599999999967	0.9420046806335449	améliorons	
0	553.9199999999968	1.0118823051452637	de sept points et ensuite pour le	
0	554.8799999999968	1.0500965118408203	modèle basé sur	
0	555.8399999999968	0.9853589534759521	Roberta, nous améliorons en fait de	
0	556.7999999999969	0.8695182800292969	deux points.	
0	557.7599999999969	0.9017138481140137	Donc,	
0	558.719999999997	1.0323328971862793	un meilleur modèle de langage a	
0	559.679999999997	0.9618465900421143	une meilleure	
0	560.639999999997	0.9743397235870361	capacité de compréhension du	
0	561.5999999999971	0.7796969413757324	langage afin que le	
0	562.5599999999971	0.7694528102874756		
0	563.5199999999971	0.9135982990264893	nombre ici soit	
0	564.4799999999972	0.850907564163208	plus élevé pour	
0	565.4399999999972	0.9586589336395264	Roberta et plus	
0	566.3999999999972	1.0894968509674072	faible pour Bird. Et nous	
0	567.3599999999973	0.9925291538238525	essayons également d'analyser	
0	568.3199999999973	0.7921440601348877	la difficulté derrière	
0	569.2799999999974	0.7605607509613037		
0	570.2399999999974	0.8519191741943359	tout	
0	571.1999999999974	1.0506031513214111	ce jeu de données.	
0	572.1599999999975	1.0655221939086914	Nous supposons	
0	573.1199999999975	1.0385804176330566	que le nombre de quantités inutilisées	
0	574.0799999999975	1.062976598739624	peut être considéré comme	
0	575.0399999999976	0.9762511253356934	des informations	
0	575.9999999999976	0.987391471862793	irrélévantes ici.	
0	576.9599999999976	0.9993090629577637	Donc,	
0	577.9199999999977	0.8958415985107422	ici, nous pouvons voir	
0	578.8799999999977	0.8211233615875244	que	
0	579.8399999999978	0.7986259460449219	nous avons	
0	580.7999999999978	0.9901084899902344	le	
0	581.7599999999978	1.0831685066223145	nombre pourcentage	
0	582.7199999999979	1.2042782306671143	d'échantillons avec	
0	583.6799999999979	1.0812675952911377	des quantités inutilisées et le	
0	584.6399999999979	1.0482187271118164	jeu de données Swamp a	
0	585.599999999998	0.8991222381591797	la plus grande portion.	
0	586.559999999998	0.9447133541107178	Et	
0	587.519999999998	1.0365409851074219	ici, nous montrons également	
0	588.4799999999981	0.314211368560791	la performance globale.	
0	589.4399999999981	0.7363040447235107		
0	590.3999999999982	0.891157865524292		
0	591.3599999999982	1.0947580337524414	Pour	
0	592.3199999999982	1.08624267578125	ceux d'entre eux sans quantités	
0	593.2799999999983	0.9267210960388184	inutilisées,	
0	594.2399999999983	0.957801342010498	la performance globale est	
0	595.1999999999983	0.835033655166626	en fait supérieure à	
0	596.1599999999984	0.9090027809143066		
0	597.1199999999984	1.066812515258789	la performance est en fait supérieure à	
0	598.0799999999984	0.8524889945983887	la performance	
0	599.0399999999985	1.0326578617095947		
0	599.9999999999985	1.2332494258880615	globale. Mais avec ceux d'entre eux	
0	600.9599999999986	0.8057100772857666	avec	
0	601.9199999999986	0.9148383140563965	quantité inutilisée	
0	602.8799999999986	0.8803970813751221	est en fait beaucoup	
0	603.8399999999987	0.2591361999511719	pire que	
0	604.7999999999987	0.8143932819366455		
0	605.7599999999987	0.8180661201477051	beaucoup pire que le	
0	606.7199999999988	0.8405134677886963		
0	607.6799999999988	1.0164361000061035	performance globale.	
0	608.6399999999988	0.9392588138580322	Pour MAWPS, nous	
0	609.5999999999989	0.9657256603240967	ne	
0	610.5599999999989	1.0298690795898438	nous	
0	611.519999999999	1.091956615447998	avons pas vraiment trop de cas de	
0	612.479999999999	0.95224928855896		
0	613.439999999999	1.0106174945831299	disque, donc je ignore	
0	614.3999999999991	0.840132474899292	juste cette partie.	
0	615.3599999999991	0.7059609889984131		
0	616.3199999999991	0.7848978042602539		
0	617.2799999999992	0.962944507598877	Donc,	
0	618.2399999999992	1.0680580139160156	enfin, nous voulons montrer	
0	619.1999999999992	1.0428261756896973		
0	620.1599999999993	1.265826940536499	l'interprétabilité à travers un	
0	621.1199999999993	1.0523767471313477		
0	622.0799999999994	1.0936965942382812	exemple de crash et de participation. Donc,	
0	623.0399999999994	0.9406702518463135	ici, notre	
0	623.9999999999994	0.8546984195709229	modèle fait en fait	
0	624.9599999999995	0.9347450733184814		
0	625.9199999999995	0.8688037395477295	une	
0	626.8799999999995	0.9533469676971436	mauvaise prédiction à	
0	627.8399999999996	0.9601097106933594	la première étape.	
0	628.7999999999996	0.8753337860107422	Donc, nous pouvons	
0	629.7599999999996	0.8364467620849609	en fait	
0	630.7199999999997	0.8947358131408691		
0	631.6799999999997	1.0063068866729736	corréliser cette	
0	632.6399999999998	0.8989036083221436	expression avec	
0	633.5999999999998	0.9857733249664307	la phrase ici.	
0	634.5599999999998	1.1297869682312012		
0	635.5199999999999	1.3108875751495361	D'accord. Donc, nous pensons que cette phrase pourrait	
0	636.4799999999999	0.8626163005828857		
0	637.4399999999999	0.875483512878418	tromper le	
0	638.4	0.9801788330078125	modèle	
0	639.36	1.023094892501831	vers une prédiction incorrecte.	
0	640.32	0.8920149803161621	Donc,	
0	641.2800000000001	0.9843325614929199	ici, plantant	
0	642.2400000000001	1.0298919677734375	un autre 35	
0	643.2000000000002	0.9618346691131592	fait que le	
0	644.1600000000002	1.0062024593353271	modèle	
0	645.1200000000002	0.9571192264556885	pense qu'il	
0	646.0800000000003	1.0138516426086426	devrait être	
0	647.0400000000003	1.1424403190612793	un opérateur d'addition.	
0	648.0000000000003	1.0984110832214355	Donc, nous essayons de	
0	648.9600000000004	1.1221575736999512	réviser la	
0	649.9200000000004	1.2155516147613525	phrase pour être quelque chose comme le	
0	650.8800000000005	1.144409418106079	nombre de paires d'arbres	
0	651.8400000000005	1.1117398738861084	est	
0	652.8000000000005	1.0936694145202637	35 moins que	
0	653.7600000000006	1.0024983882904053	les arbres de pommes.	
0	654.7200000000006	1.0712523460388184	Donc, nous	
0	655.6800000000006	1.1495192050933838	le faisons pour	
0	656.6400000000007	1.1275098323822021	transmettre une sémantique plus	
0	657.6000000000007	1.0341076850891113	précise afin que le modèle	
0	658.5600000000007	0.9232585430145264	soit capable de faire	
0	659.5200000000008	0.9062104225158691	la	
0	660.4800000000008	0.9888916015625	prédiction	
0	661.4400000000009	1.2021567821502686	correcte. Donc,	
0	662.4000000000009	0.8922491073608398	cette étude	
0	663.3600000000009	1.0072975158691406	montre comment	
0	664.320000000001	1.0032389163970947		
0	665.280000000001	1.068878412246704		
0	666.240000000001	1.1944618225097656	les prédictions interprétables nous	
0	667.2000000000011	1.0353755950927734	aident à comprendre le	
0	668.1600000000011	0.32729363441467285	comportement du modèle.	
0	669.1200000000011	0.17898821830749512		
0	670.0800000000012	0.9477150440216064		
0	671.0400000000012	1.0766820907592773	Donc, pour	
0	672.0000000000013	1.2615582942962646	conclure notre travail, donc	
0	672.9600000000013	1.117638349533081	d'abord, notre modèle est en fait	
0	673.9200000000013	0.9718279838562012	assez	
0	674.8800000000014	0.9578666687011719	efficace et nous sommes capables	
0	675.8400000000014	0.9179325103759766	de	
0	676.8000000000014	0.9182350635528564	fournir une	
0	677.7600000000015	0.9899160861968994		
0	678.7200000000015	1.0868635177612305	procédure de résolution	
0	679.6800000000015	1.156327247619629	interprétable, et nous pouvons	
0	680.6400000000016	1.0102779865264893	facilement incorporer	
0	681.6000000000016	1.0301117897033691	certaines connaissances antérieures comme	
0	682.5600000000017	1.025313138961792		
0	683.5200000000017	1.080148696899414		
0	684.4800000000017	1.1589791774749756		
0	685.4400000000018	1.2594642639160156		
0	686.4000000000018	1.306419849395752	contrainte qui peut aider à améliorer la performance. Et la dernière chose est que	
0	687.3600000000018	1.0013175010681152	le	
0	688.3200000000019	1.167222499847412	mécanisme sous-jacent ne	
0	689.2800000000019	1.0568535327911377	s'applique pas seulement à	
0	690.2400000000019	1.1363866329193115		
0	691.200000000002	1.3058438301086426	des tâches de résolution de problèmes de type Mapwork mais aussi	
0	692.160000000002	1.077517032623291	à d'autres	
0	693.120000000002	1.094473123550415	tâches impliquant	
0	694.0800000000021	1.0444395542144775	un raisonnement en plusieurs étapes.	
0	695.0400000000021	1.0054936408996582	Mais nous	
0	696.0000000000022	0.9618959426879883	avons également certaines limites.	
0	696.9600000000022	0.9254209995269775		
0	697.9200000000022	1.1342880725860596	Si nous avons un	
0	698.8800000000023	1.1125879287719727	grand nombre	
0	699.8400000000023	1.1633601188659668	d'opérateurs ou de	
0	700.8000000000023	1.06374192237854		
0	701.7600000000024	1.0824165344238281	contenu ou de constantes, la consommation de	
0	702.7200000000024	0.9378900527954102	mémoire pourrait	
0	703.6800000000025	0.3390634059906006	être assez élevée.	
0	704.6400000000025	0.967207670211792		
0	705.6000000000025	0.9588351249694824	Et la deuxième chose est que	
0	706.5600000000026	1.0150251388549805		
0	707.5200000000026	1.1365294456481934	, comme mentionné, car	
0	708.4800000000026	1.1509673595428467	la distribution de probabilité	
0	709.4400000000027	0.9499838352203369	est	
0	710.4000000000027	1.252568244934082	déséquilibrée entre	
0	711.3600000000027	1.1591742038726807	à il à différentes étapes	
0	712.3200000000028	1.1424896717071533	temporelles, donc c'est	
0	713.2800000000028	0.9651608467102051	aussi assez	
0	714.2400000000029	1.0940678119659424	difficile	
0	715.2000000000029	1.086704969406128	d'appliquer la recherche de	
0	716.1600000000029	1.053725004196167		
0	717.120000000003	0.4813520908355713	faisceau stratégie de recherche de faisceau.	
0	718.080000000003	0.8839707374572754		
0	719.040000000003	1.060065507888794	Donc, c'est	
0	720.0000000000031	0.9666063785552979	la fin du	
0	720.9600000000031	1.0621140003204346	discours et	
0	721.9200000000031	1.0716822147369385	les questions sont les	
0	722.8800000000032	0.3084118366241455	bienvenus. Merci.	
0	723.0229375000032	0.3168354034423828		
1	0.96	0.0002448558807373047		
1	1.92	0.21407103538513184	Bonjour.	
1	2.88	0.4687356948852539	Je m'appelle Antoine et je suis	
1	3.84	0.7413966655731201	l'Université de Maastricht.	suis
1	4.8	0.4951779842376709	viens de	l'Université de Maastricht.
1	5.76	0.29207921028137207	Je vais présenter mon	
1	6.72	0.40917062759399414	travail sur John avec	
1	7.68	0.46273136138916016	Jerry, qui porte sur	
1	8.64	0.515998363494873	un nouveau jeu de données pour	
1	9.600000000000001	0.540032148361206	données pour les articles statutaires.	
1	10.560000000000002	0.4559309482574463	récupération d'articles statutaires.	données pour les articles statutaires.
1	11.520000000000003	0.45736026763916016	la	récupération d'articles statutaires.
1	12.480000000000004	0.2921133041381836	questions juridiques sont	
1	13.440000000000005	0.47919774055480957	Les questions juridiques questions juridiques constituent une partie intégrante.	questions juridiques sont
1	14.400000000000006	0.5645241737365723	constituent une partie d'articles statutaires. Les questions juridiques constituent une partie intégrante de la vie de nombreuses personnes.	questions juridiques constituent une partie intégrante.
1	15.360000000000007	0.47071313858032227	vie de nombreuses personnes.	d'articles statutaires. Les questions juridiques constituent une partie intégrante de la vie de nombreuses personnes.
1	16.320000000000007	0.1719951629638672		
1	17.28000000000001	0.4049208164215088	Cependant, la majorité des citoyens ont	
1	18.24000000000001	0.744910478591919	juridiques constituent une partie intégrante de la vie de nombreuses personnes. Cependant, la majorité des citoyens ont très peu ou pas de connaissances dans ce domaine.	vie de nombreuses personnes. Cependant, la majorité des citoyens ont
1	19.20000000000001	0.508338212966919	très peu ou pas de connaissances vie de nombreuses personnes. Cependant, la majorité des citoyens ont très peu ou pas de connaissances sur leurs droits.	juridiques constituent une partie intégrante de la vie de nombreuses personnes. Cependant, la majorité des citoyens ont très peu ou pas de connaissances dans ce domaine.
1	20.16000000000001	0.5095570087432861	sur leurs droits et leurs libertés fondamentales.	vie de nombreuses personnes. Cependant, la majorité des citoyens ont très peu ou pas de connaissances sur leurs droits.
1	21.12000000000001	0.45726871490478516	problèmes juridiques fondamentaux.	leurs libertés fondamentales.
1	22.080000000000013	0.3918330669403076	les connaissances sur leurs droits et les processus juridiques fondamentaux.	problèmes juridiques fondamentaux.
1	23.040000000000013	0.44825267791748047	En conséquence,	connaissances sur leurs droits et les processus juridiques fondamentaux.
1	24.000000000000014	0.5507891178131104	nombreuses personnes vulnérables	
1	24.960000000000015	0.4873666763305664	de citoyens ont très peu ou pas de connaissances sur leurs droits et les processus juridiques fondamentaux. En conséquence, de nombreux citoyens vulnérables qui peuvent	nombreuses personnes vulnérables
1	25.920000000000016	0.6285843849182129	nombreux citoyens vulnérables qui peuvent pas se permettre le	citoyens ont très peu ou pas de connaissances sur leurs droits et les processus juridiques fondamentaux. En conséquence, de nombreux citoyens vulnérables qui peuvent
1	26.880000000000017	0.550908088684082	ne peuvent pas se permettre l'aide coûteuse.	peuvent pas se permettre le
1	27.840000000000018	0.5307633876800537	l'assistance coûteuse d'un expert juridique.	l'aide coûteuse.
1	28.80000000000002	0.6916763782501221	vulnérables qui ne peuvent pas se permettre l'aide coûteuse d'un expert juridique sont laissés sans ressources.	l'assistance coûteuse d'un expert juridique.
1	29.76000000000002	0.6784951686859131	l'aide coûteuse d'un expert juridique sont laissés sans sans protection ou	vulnérables qui ne peuvent pas se permettre l'aide coûteuse d'un expert juridique sont laissés sans ressources.
1	30.72000000000002	0.4749319553375244	protection pire, exploités.	sans protection ou
1	31.68000000000002	0.4206235408782959	ou, pire, exploités.	pire, exploités.
1	32.64000000000002	0.2720773220062256	Ou travail	pire, exploités.
1	33.60000000000002	0.33298444747924805	Notre travail vise à	Ou travail
1	34.560000000000024	0.570223331451416	l'aide coûteuse d'un expert juridique sont laissés sans protection ou, pire, exploités. Notre travail vise à combler le fossé entre.	
1	35.520000000000024	0.5461771488189697	combler le fossé entre les personnes et le	l'aide coûteuse d'un expert juridique sont laissés sans protection ou, pire, exploités. Notre travail vise à combler le fossé entre.
1	36.480000000000025	0.5064241886138916	droit en développant	
1	37.440000000000026	0.47934389114379883	retrait efficace.	
1	38.40000000000003	0.4751873016357422	un système de récupération efficace pour.	retrait efficace.
1	39.36000000000003	0.5832507610321045	système de récupération efficace pour les articles statutaires.	pour.
1	40.32000000000003	0.3996727466583252		
1	41.28000000000003	0.36565256118774414	Un tel système peut	système de récupération efficace pour les articles statutaires.
1	42.24000000000003	0.4700136184692383	un système de récupération efficace pour les articles statutaires. Un tel système pourrait fournir un accès gratuit	peut
1	43.20000000000003	0.4678075313568115	pourrait fournir un professionnel gratuit.	un système de récupération efficace pour les articles statutaires. Un tel système pourrait fournir un accès gratuit
1	44.16000000000003	0.5015523433685303	service service gratuit d'aide juridique professionnelle.	professionnel gratuit.
1	45.12000000000003	0.6466653347015381	gratuit d'aide juridique service gratuit d'aide juridique professionnelle aux non-spécialistes.	service gratuit d'aide juridique professionnelle.
1	46.080000000000034	0.49754834175109863	professionnelle inexpérimentés.	service gratuit d'aide juridique professionnelle aux non-spécialistes.
1	47.040000000000035	0.3852660655975342	pour les humains	inexpérimentés.
1	48.000000000000036	0.37677431106567383	Avant de plonger dans	
1	48.960000000000036	0.514446496963501	contribution de	
1	49.92000000000004	0.4546077251434326	la principale ce travail,	contribution de
1	50.88000000000004	0.558006763458252	d'aide juridique professionnelle pour les humains inexpérimentés. Avant de plonger dans la principale contribution de ce travail, décrivons d'abord.	
1	51.84000000000004	0.7056491374969482	décrivons statutaires. Un tel système pourrait fournir un service gratuit d'aide juridique professionnelle pour les humains inexpérimentés. Avant de plonger dans la principale contribution de ce travail, décrivons d'abord le problème de la récupération statutaire.	d'aide juridique professionnelle pour les humains inexpérimentés. Avant de plonger dans la principale contribution de ce travail, décrivons d'abord.
1	52.80000000000004	0.7261488437652588	d'abord le problème de la récupération récupération d'articles statutaires.	statutaires. Un tel système pourrait fournir un service gratuit d'aide juridique professionnelle pour les humains inexpérimentés. Avant de plonger dans la principale contribution de ce travail, décrivons d'abord le problème de la récupération statutaire.
1	53.76000000000004	0.3630228042602539		récupération d'articles statutaires.
1	54.72000000000004	0.4052114486694336	Étant donné un simple	
1	55.68000000000004	0.49665331840515137	question simple sur un	un simple
1	56.64000000000004	0.5876388549804688	une question simple sur juridique, telle que	question simple sur un
1	57.600000000000044	0.4379744529724121	une question que	juridique, telle que
1	58.560000000000045	0.5310285091400146	risquerais-je ? »	que
1	59.520000000000046	0.7260661125183105	risquerais-je si je viole »	risquerais-je ? »
1	60.48000000000005	0.8292937278747559	: « Que risquerais-je si je viole professionnelle pour les humains inexpérimentés. Avant de plonger dans la principale contribution de ce travail, décrivons d'abord le problème de la récupération d'articles statutaires. Étant donné une question simple sur une question juridique, telle que : « Que risquerais-je si je viole le secret professionnel ? »	risquerais-je si je viole »
1	61.44000000000005	0.5019879341125488	confidentialité professionnelle ? »	professionnelle pour les humains inexpérimentés. Avant de plonger dans la principale contribution de ce travail, décrivons d'abord le problème de la récupération d'articles statutaires. Étant donné une question simple sur une question juridique, telle que : « Que risquerais-je si je viole le secret professionnel ? »
1	62.40000000000005	0.6558630466461182	la confidentialité professionnelle ? Un tel système pourrait fournir un service gratuit d'aide juridique professionnelle pour les humains inexpérimentés. Avant de plonger dans la principale contribution de ce travail, décrivons d'abord le problème de la récupération d'articles statutaires. Étant donné une question simple sur une question juridique, telle que : « Que risquerais-je si je viole la confidentialité professionnelle ? », un modèle est	confidentialité professionnelle ? »
1	63.36000000000005	0.4985377788543701	récupération d'articles statutaires. Étant donné une question simple sur une question juridique, telle que : « Que risquerais-je si je viole la confidentialité professionnelle ? », un modèle est requis pour récupérer	Un tel système pourrait fournir un service gratuit d'aide juridique professionnelle pour les humains inexpérimentés. Avant de plonger dans la principale contribution de ce travail, décrivons d'abord le problème de la récupération d'articles statutaires. Étant donné une question simple sur une question juridique, telle que : « Que risquerais-je si je viole la confidentialité professionnelle ? », un modèle est
1	64.32000000000005	0.5511534214019775	tous les éléments pertinents.	récupération d'articles statutaires. Étant donné une question simple sur une question juridique, telle que : « Que risquerais-je si je viole la confidentialité professionnelle ? », un modèle est requis pour récupérer
1	65.28000000000004	0.5156564712524414	statutaires. Étant donné une question simple sur une question juridique, telle que : « Que risquerais-je si je viole la confidentialité professionnelle ? », un modèle est requis pour récupérer tous les articles statutaires pertinents.	éléments pertinents.
1	66.24000000000004	0.5952939987182617	articles statutaires articles statutaires pertinents à partir d'une grande	statutaires. Étant donné une question simple sur une question juridique, telle que : « Que risquerais-je si je viole la confidentialité professionnelle ? », un modèle est requis pour récupérer tous les articles statutaires pertinents.
1	67.20000000000003	0.6799397468566895	pertinents à partir d'articles statutaires. Étant donné une question simple sur une question juridique, telle que : « Que risquerais-je si je viole la confidentialité professionnelle ? », un modèle est requis pour récupérer tous les articles statutaires pertinents à partir d'un grand corpus législatif.	articles statutaires pertinents à partir d'une grande
1	68.16000000000003	0.4998652935028076	d'un d'articles statutaires. Étant donné une question simple sur une question juridique, telle que : « Que risquerais-je si je viole la confidentialité professionnelle ? », un modèle est requis pour récupérer tous les articles statutaires pertinents à partir d'un vaste corpus de législation.	d'articles statutaires. Étant donné une question simple sur une question juridique, telle que : « Que risquerais-je si je viole la confidentialité professionnelle ? », un modèle est requis pour récupérer tous les articles statutaires pertinents à partir d'un grand corpus législatif.
1	69.12000000000002	0.5558104515075684	vaste corpus Cette information	d'articles statutaires. Étant donné une question simple sur une question juridique, telle que : « Que risquerais-je si je viole la confidentialité professionnelle ? », un modèle est requis pour récupérer tous les articles statutaires pertinents à partir d'un vaste corpus de législation.
1	70.08000000000001	0.7326202392578125	législatif. Cette tâche de récupération d'information.	Cette information
1	71.04	0.637810468673706	tâche de récupération d'information comporte ses propres	d'information.
1	72.0	0.5261237621307373	d'information comporte propre ensemble de	tâche de récupération d'information comporte ses propres
1	72.96	0.4950218200683594	son propre ensemble de défis.	propre ensemble de
1	73.91999999999999	0.2075181007385254		propre ensemble de défis.
1	74.87999999999998	0.5429911613464355	Premièrement, elle traite de	
1	75.83999999999997	0.6622602939605713	deux types de longs.	de
1	76.79999999999997	0.5409579277038574	deux types de langage.	deux types de longs.
1	77.75999999999996	0.7086203098297119	de deux types de naturel courant.	deux types de langage.
1	78.71999999999996	0.6645486354827881	langage : le langage naturel la confidentialité professionnelle ? », un modèle est requis pour récupérer tous les articles statutaires pertinents à partir d'un vaste corpus législatif. Cette tâche de récupération d'information comporte son propre ensemble de défis. Premièrement, elle traite de deux types de langage : le langage naturel courant pour la question.	naturel courant.
1	79.67999999999995	0.6066477298736572	courant pour questions et le langage courant	la confidentialité professionnelle ? », un modèle est requis pour récupérer tous les articles statutaires pertinents à partir d'un vaste corpus législatif. Cette tâche de récupération d'information comporte son propre ensemble de défis. Premièrement, elle traite de deux types de langage : le langage naturel courant pour la question.
1	80.63999999999994	0.5859198570251465	les questions et le langage juridique, telle que : « Que risquerais-je si je viole la confidentialité professionnelle ? », un modèle est requis pour récupérer tous les articles statutaires pertinents à partir d'un vaste corpus législatif. Cette tâche de récupération d'information comporte son propre ensemble de défis. Premièrement, elle traite de deux types de langage : le langage naturel courant pour les questions et le langage juridique complexe.	questions et le langage courant
1	81.59999999999994	0.54913330078125	juridique les articles statutaires pertinents à partir d'un vaste corpus législatif. Cette tâche de récupération d'information comporte son propre ensemble de défis. Premièrement, elle traite de deux types de langage : le langage naturel courant pour les questions et le langage juridique complexe pour le statut.	juridique, telle que : « Que risquerais-je si je viole la confidentialité professionnelle ? », un modèle est requis pour récupérer tous les articles statutaires pertinents à partir d'un vaste corpus législatif. Cette tâche de récupération d'information comporte son propre ensemble de défis. Premièrement, elle traite de deux types de langage : le langage naturel courant pour les questions et le langage juridique complexe.
1	82.55999999999993	0.5417406558990479	complexe pour statuts.	les articles statutaires pertinents à partir d'un vaste corpus législatif. Cette tâche de récupération d'information comporte son propre ensemble de défis. Premièrement, elle traite de deux types de langage : le langage naturel courant pour les questions et le langage juridique complexe pour le statut.
1	83.51999999999992	0.3034496307373047	les	statuts.
1	84.47999999999992	0.5217993259429932	Cette différence de langage	
1	85.43999999999991	0.634239673614502	pertinents à partir d'un vaste corpus législatif. Cette tâche de récupération d'information comporte son propre ensemble de défis. Premièrement, elle traite de deux types de langage : le langage naturel courant pour les questions et le langage juridique complexe pour les statuts. Cette différence dans les distributions linguistiques peut	de langage
1	86.3999999999999	0.6370043754577637	dans rend plus difficile	pertinents à partir d'un vaste corpus législatif. Cette tâche de récupération d'information comporte son propre ensemble de défis. Premièrement, elle traite de deux types de langage : le langage naturel courant pour les questions et le langage juridique complexe pour les statuts. Cette différence dans les distributions linguistiques peut
1	87.3599999999999	0.6898667812347412	la distribution linguistique un système	rend plus difficile
1	88.3199999999999	0.6976332664489746	pour récupération d'information comporte son propre ensemble de défis. Premièrement, elle traite de deux types de langage : le langage naturel courant pour les questions et le langage juridique complexe pour les statuts. Cette différence dans la distribution linguistique rend plus difficile pour un système de récupérer des résultats pertinents.	un système
1	89.27999999999989	0.5916604995727539	de récupérer des candidats pertinents.	récupération d'information comporte son propre ensemble de défis. Premièrement, elle traite de deux types de langage : le langage naturel courant pour les questions et le langage juridique complexe pour les statuts. Cette différence dans la distribution linguistique rend plus difficile pour un système de récupérer des résultats pertinents.
1	90.23999999999988	0.5689501762390137	candidats pertinents, car il	pertinents.
1	91.19999999999987	0.6442656517028809	pertinents, car nécessite indirectement	candidats pertinents, car il
1	92.15999999999987	0.6453192234039307	cela d'un vaste corpus législatif. Cette tâche de récupération d'information comporte son propre ensemble de défis. Premièrement, elle traite de deux types de langage : le langage naturel courant pour les questions et le langage juridique complexe pour les statuts. Cette différence dans la distribution linguistique rend plus difficile pour un système de récupérer des candidats pertinents, car cela nécessite indirectement une compréhension inhérente	nécessite indirectement
1	93.11999999999986	0.6008965969085693	une ensemble de défis. Premièrement, elle traite de deux types de langage : le langage naturel courant pour les questions et le langage juridique complexe pour les statuts. Cette différence dans la distribution linguistique rend plus difficile pour un système de récupérer des candidats pertinents, car cela nécessite indirectement une interprétation inhérente.	d'un vaste corpus législatif. Cette tâche de récupération d'information comporte son propre ensemble de défis. Premièrement, elle traite de deux types de langage : le langage naturel courant pour les questions et le langage juridique complexe pour les statuts. Cette différence dans la distribution linguistique rend plus difficile pour un système de récupérer des candidats pertinents, car cela nécessite indirectement une compréhension inhérente
1	94.07999999999986	0.5956037044525146		
1	95.03999999999985	0.3541991710662842		ensemble de défis. Premièrement, elle traite de deux types de langage : le langage naturel courant pour les questions et le langage juridique complexe pour les statuts. Cette différence dans la distribution linguistique rend plus difficile pour un système de récupérer des candidats pertinents, car cela nécessite indirectement une interprétation inhérente.
1	95.99999999999984	0.3797619342803955		
1	96.95999999999984	0.3636901378631592	inhérente.	
1	97.91999999999983	1.036553144454956	juridique complexe pour les statuts. Cette différence dans la distribution linguistique rend plus difficile pour un système de récupérer des candidats pertinents, car cela nécessite indirectement une interprétation inhérente capable de traduire une question naturelle en une question juridique.	inhérente.
1	98.87999999999982	1.0151736736297607	interprétation inhérente capable de traduire une question naturelle en une question question juridique qui correspond à	juridique complexe pour les statuts. Cette différence dans la distribution linguistique rend plus difficile pour un système de récupérer des candidats pertinents, car cela nécessite indirectement une interprétation inhérente capable de traduire une question naturelle en une question juridique.
1	99.83999999999982	0.7354302406311035	d'articles statutaires. Les questions juridiques constituent une partie intégrante de la vie de nombreuses personnes. Cependant, la majorité des citoyens ont très peu ou pas de connaissances sur leurs droits et les processus juridiques fondamentaux. En conséquence, de nombreux citoyens vulnérables qui ne peuvent pas se permettre l'aide coûteuse d'un expert juridique sont laissés sans protection ou, pire, exploités. Notre travail vise à combler le fossé entre les personnes et le droit en développant un système de récupération efficace pour les articles statutaires. Un tel système pourrait fournir un service gratuit d'aide juridique professionnelle pour les humains inexpérimentés. Avant de plonger dans la principale contribution de ce travail, décrivons d'abord le problème de la récupération d'articles statutaires. Étant donné une question simple sur une question juridique, telle que : « Que risquerais-je si je viole la confidentialité professionnelle ? », un modèle est requis pour récupérer tous les articles statutaires pertinents à partir d'un vaste corpus législatif. Cette tâche de récupération d'information comporte son propre ensemble de défis. Premièrement, elle traite de deux types de langage : le langage naturel courant pour les questions et le langage juridique complexe pour les statuts. Cette différence dans la distribution linguistique rend plus difficile pour un système de récupérer des candidats pertinents, car cela nécessite indirectement une interprétation inhérente capable de traduire une question naturelle en une question juridique qui correspond à la terminologie des statuts.	question juridique qui correspond à
1	100.79999999999981	0.39406824111938477		d'articles statutaires. Les questions juridiques constituent une partie intégrante de la vie de nombreuses personnes. Cependant, la majorité des citoyens ont très peu ou pas de connaissances sur leurs droits et les processus juridiques fondamentaux. En conséquence, de nombreux citoyens vulnérables qui ne peuvent pas se permettre l'aide coûteuse d'un expert juridique sont laissés sans protection ou, pire, exploités. Notre travail vise à combler le fossé entre les personnes et le droit en développant un système de récupération efficace pour les articles statutaires. Un tel système pourrait fournir un service gratuit d'aide juridique professionnelle pour les humains inexpérimentés. Avant de plonger dans la principale contribution de ce travail, décrivons d'abord le problème de la récupération d'articles statutaires. Étant donné une question simple sur une question juridique, telle que : « Que risquerais-je si je viole la confidentialité professionnelle ? », un modèle est requis pour récupérer tous les articles statutaires pertinents à partir d'un vaste corpus législatif. Cette tâche de récupération d'information comporte son propre ensemble de défis. Premièrement, elle traite de deux types de langage : le langage naturel courant pour les questions et le langage juridique complexe pour les statuts. Cette différence dans la distribution linguistique rend plus difficile pour un système de récupérer des candidats pertinents, car cela nécessite indirectement une interprétation inhérente capable de traduire une question naturelle en une question juridique qui correspond à la terminologie des statuts.
1	101.7599999999998	0.152695894241333		
1	102.7199999999998	0.6034541130065918		
1	103.6799999999998	0.8024988174438477	De plus, droit statutaire n'est pas une pile.	
1	104.63999999999979	0.9041018486022949	le droit statutaire n'est pas une de langage : le langage naturel courant pour les questions et le langage juridique complexe pour les statuts. Cette différence dans la distribution linguistique rend plus difficile pour un système de récupérer des candidats pertinents, car cela nécessite indirectement une interprétation inhérente capable de traduire une question naturelle en une question juridique qui correspond à la terminologie des statuts. De plus, le droit statutaire n'est pas une pile d'éléments indépendants.	droit statutaire n'est pas une pile.
1	105.59999999999978	0.7393591403961182	pile peuvent être	de langage : le langage naturel courant pour les questions et le langage juridique complexe pour les statuts. Cette différence dans la distribution linguistique rend plus difficile pour un système de récupérer des candidats pertinents, car cela nécessite indirectement une interprétation inhérente capable de traduire une question naturelle en une question juridique qui correspond à la terminologie des statuts. De plus, le droit statutaire n'est pas une pile d'éléments indépendants.
1	106.55999999999977	0.7964673042297363	d'articles indépendants qui peuvent être traités comme un	peuvent être
1	107.51999999999977	0.7427239418029785	traités comme d'information comporte son propre ensemble de défis. Premièrement, elle traite de deux types de langage : le langage naturel courant pour les questions et le langage juridique complexe pour les statuts. Cette différence dans la distribution linguistique rend plus difficile pour un système de récupérer des candidats pertinents, car cela nécessite indirectement une interprétation inhérente capable de traduire une question naturelle en une question juridique qui correspond à la terminologie des statuts. De plus, le droit statutaire n'est pas une pile d'articles indépendants qui peuvent être traités comme une source d'information complète.	peuvent être traités comme un
1	108.47999999999976	0.7548966407775879	une source d'information d'information comporte son propre ensemble de défis. Premièrement, elle traite de deux types de langage : le langage naturel courant pour les questions et le langage juridique complexe pour les statuts. Cette différence dans la distribution linguistique rend plus difficile pour un système de récupérer des candidats pertinents, car cela nécessite indirectement une interprétation inhérente capable de traduire une question naturelle en une question juridique qui correspond à la terminologie des statuts. De plus, le droit statutaire n'est pas une pile d'articles indépendants qui peuvent être traités comme une source d'information complète en eux-mêmes.	d'information comporte son propre ensemble de défis. Premièrement, elle traite de deux types de langage : le langage naturel courant pour les questions et le langage juridique complexe pour les statuts. Cette différence dans la distribution linguistique rend plus difficile pour un système de récupérer des candidats pertinents, car cela nécessite indirectement une interprétation inhérente capable de traduire une question naturelle en une question juridique qui correspond à la terminologie des statuts. De plus, le droit statutaire n'est pas une pile d'articles indépendants qui peuvent être traités comme une source d'information complète.
1	109.43999999999976	0.8661072254180908	complète en eux-mêmes, contrairement aux actualités ou à	d'information comporte son propre ensemble de défis. Premièrement, elle traite de deux types de langage : le langage naturel courant pour les questions et le langage juridique complexe pour les statuts. Cette différence dans la distribution linguistique rend plus difficile pour un système de récupérer des candidats pertinents, car cela nécessite indirectement une interprétation inhérente capable de traduire une question naturelle en une question juridique qui correspond à la terminologie des statuts. De plus, le droit statutaire n'est pas une pile d'articles indépendants qui peuvent être traités comme une source d'information complète en eux-mêmes.
1	110.39999999999975	0.9476416110992432	candidats pertinents, car cela nécessite indirectement une interprétation inhérente capable de traduire une question naturelle en une question juridique qui correspond à la terminologie des statuts. De plus, le droit statutaire n'est pas une pile d'articles indépendants qui peuvent être traités comme une source d'information complète en eux-mêmes, contrairement aux actualités ou aux recettes, par exemple.	à
1	111.35999999999974	0.36258435249328613		candidats pertinents, car cela nécessite indirectement une interprétation inhérente capable de traduire une question naturelle en une question juridique qui correspond à la terminologie des statuts. De plus, le droit statutaire n'est pas une pile d'articles indépendants qui peuvent être traités comme une source d'information complète en eux-mêmes, contrairement aux actualités ou aux recettes, par exemple.
1	112.31999999999974	0.6269748210906982		
1	113.27999999999973	0.6769740581512451	structure appelée	
1	114.23999999999972	0.8626713752746582	Au contraire, c'est une de récupérer des candidats pertinents, car cela nécessite indirectement une interprétation inhérente capable de traduire une question naturelle en une question juridique qui correspond à la terminologie des statuts. De plus, le droit statutaire n'est pas une pile d'articles indépendants qui peuvent être traités comme une source d'information complète en eux-mêmes, contrairement aux actualités ou aux recettes, par exemple. Au contraire, c'est une collection structurée de lois juridiques.	structure appelée
1	115.19999999999972	0.6824948787689209	collection structurée de statuts. De plus, le droit statutaire n'est pas une pile d'articles indépendants qui peuvent être traités comme une source d'information complète en eux-mêmes, contrairement aux actualités ou aux recettes, par exemple. Au contraire, c'est une collection structurée de dispositions juridiques qui ont	de récupérer des candidats pertinents, car cela nécessite indirectement une interprétation inhérente capable de traduire une question naturelle en une question juridique qui correspond à la terminologie des statuts. De plus, le droit statutaire n'est pas une pile d'articles indépendants qui peuvent être traités comme une source d'information complète en eux-mêmes, contrairement aux actualités ou aux recettes, par exemple. Au contraire, c'est une collection structurée de lois juridiques.
1	116.15999999999971	0.6807060241699219	qui correspond à la terminologie des statuts. De plus, le droit statutaire n'est pas une pile d'articles indépendants qui peuvent être traités comme une source d'information complète en eux-mêmes, contrairement aux actualités ou aux recettes, par exemple. Au contraire, c'est une collection structurée de dispositions juridiques qui ont un sens global.	statuts. De plus, le droit statutaire n'est pas une pile d'articles indépendants qui peuvent être traités comme une source d'information complète en eux-mêmes, contrairement aux actualités ou aux recettes, par exemple. Au contraire, c'est une collection structurée de dispositions juridiques qui ont
1	117.1199999999997	0.8178317546844482	un sens une question naturelle en une question juridique qui correspond à la terminologie des statuts. De plus, le droit statutaire n'est pas une pile d'articles indépendants qui peuvent être traités comme une source d'information complète en eux-mêmes, contrairement aux actualités ou aux recettes, par exemple. Au contraire, c'est une collection structurée de dispositions juridiques qui ont un sens complet uniquement lorsqu'elles sont considérées ensemble.	qui correspond à la terminologie des statuts. De plus, le droit statutaire n'est pas une pile d'articles indépendants qui peuvent être traités comme une source d'information complète en eux-mêmes, contrairement aux actualités ou aux recettes, par exemple. Au contraire, c'est une collection structurée de dispositions juridiques qui ont un sens global.
1	118.0799999999997	0.8492887020111084	complet uniquement lorsqu'elles sont considérées en une question juridique qui correspond à la terminologie des statuts. De plus, le droit statutaire n'est pas une pile d'articles indépendants qui peuvent être traités comme une source d'information complète en eux-mêmes, contrairement aux actualités ou aux recettes, par exemple. Au contraire, c'est une collection structurée de dispositions juridiques qui ont un sens complet uniquement lorsqu'elles sont considérées dans leur contexte global.	une question naturelle en une question juridique qui correspond à la terminologie des statuts. De plus, le droit statutaire n'est pas une pile d'articles indépendants qui peuvent être traités comme une source d'information complète en eux-mêmes, contrairement aux actualités ou aux recettes, par exemple. Au contraire, c'est une collection structurée de dispositions juridiques qui ont un sens complet uniquement lorsqu'elles sont considérées ensemble.
1	119.0399999999997	0.3197624683380127		en une question juridique qui correspond à la terminologie des statuts. De plus, le droit statutaire n'est pas une pile d'articles indépendants qui peuvent être traités comme une source d'information complète en eux-mêmes, contrairement aux actualités ou aux recettes, par exemple. Au contraire, c'est une collection structurée de dispositions juridiques qui ont un sens complet uniquement lorsqu'elles sont considérées dans leur contexte global.
1	119.99999999999969	0.8076331615447998	C'est-à-dire, conjointement avec le	
1	120.95999999999968	0.8992581367492676	statutaire n'est pas une pile d'articles indépendants qui peuvent être traités comme une source d'information complète en eux-mêmes, contrairement aux actualités ou aux recettes, par exemple. Au contraire, c'est une collection structurée de dispositions juridiques qui ont un sens complet uniquement lorsqu'elles sont considérées dans leur contexte global. C'est-à-dire, ensemble avec les informations complémentaires.	conjointement avec le
1	121.91999999999967	0.7633011341094971	ensemble avec les informations d'information complète en eux-mêmes, contrairement aux actualités ou aux recettes, par exemple. Au contraire, c'est une collection structurée de dispositions juridiques qui ont un sens complet uniquement lorsqu'elles sont considérées dans leur contexte global. C'est-à-dire, ensemble avec les informations complémentaires provenant des voisins.	statutaire n'est pas une pile d'articles indépendants qui peuvent être traités comme une source d'information complète en eux-mêmes, contrairement aux actualités ou aux recettes, par exemple. Au contraire, c'est une collection structurée de dispositions juridiques qui ont un sens complet uniquement lorsqu'elles sont considérées dans leur contexte global. C'est-à-dire, ensemble avec les informations complémentaires.
1	122.87999999999967	0.6687531471252441	complémentaires provenant des articles voisins,	d'information complète en eux-mêmes, contrairement aux actualités ou aux recettes, par exemple. Au contraire, c'est une collection structurée de dispositions juridiques qui ont un sens complet uniquement lorsqu'elles sont considérées dans leur contexte global. C'est-à-dire, ensemble avec les informations complémentaires provenant des voisins.
1	123.83999999999966	0.6332075595855713	eux-mêmes, contrairement aux actualités ou aux recettes, par exemple. Au contraire, c'est une collection structurée de dispositions juridiques qui ont un sens complet uniquement lorsqu'elles sont considérées dans leur contexte global. C'est-à-dire, ensemble avec les informations complémentaires provenant des articles voisins, les champs et	
1	124.79999999999966	0.8519554138183594	leur contexte global. C'est-à-dire, ensemble avec les informations complémentaires provenant des articles voisins, les champs et sous-champs auxquels elles appartiennent.	eux-mêmes, contrairement aux actualités ou aux recettes, par exemple. Au contraire, c'est une collection structurée de dispositions juridiques qui ont un sens complet uniquement lorsqu'elles sont considérées dans leur contexte global. C'est-à-dire, ensemble avec les informations complémentaires provenant des articles voisins, les champs et
1	125.75999999999965	0.7533993721008301	sous-champs auxquels elles d'articles indépendants qui peuvent être traités comme une source d'information complète en eux-mêmes, contrairement aux actualités ou aux recettes, par exemple. Au contraire, c'est une collection structurée de dispositions juridiques qui ont un sens complet uniquement lorsqu'elles sont considérées dans leur contexte global. C'est-à-dire, ensemble avec les informations complémentaires provenant des articles voisins, les champs et sous-champs auxquels elles appartiennent, et	leur contexte global. C'est-à-dire, ensemble avec les informations complémentaires provenant des articles voisins, les champs et sous-champs auxquels elles appartiennent.
1	126.71999999999964	0.7340977191925049	dans leur contexte global. C'est-à-dire, ensemble avec les informations complémentaires provenant des articles voisins, les champs et sous-champs auxquels elles appartiennent, et leur place dans le	d'articles indépendants qui peuvent être traités comme une source d'information complète en eux-mêmes, contrairement aux actualités ou aux recettes, par exemple. Au contraire, c'est une collection structurée de dispositions juridiques qui ont un sens complet uniquement lorsqu'elles sont considérées dans leur contexte global. C'est-à-dire, ensemble avec les informations complémentaires provenant des articles voisins, les champs et sous-champs auxquels elles appartiennent, et
1	127.67999999999964	0.7086269855499268	leur place dans d'information complète en eux-mêmes, contrairement aux actualités ou aux recettes, par exemple. Au contraire, c'est une collection structurée de dispositions juridiques qui ont un sens complet uniquement lorsqu'elles sont considérées dans leur contexte global. C'est-à-dire, ensemble avec les informations complémentaires provenant des articles voisins, les champs et sous-champs auxquels elles appartiennent, et leur place dans la structure du droit.	dans leur contexte global. C'est-à-dire, ensemble avec les informations complémentaires provenant des articles voisins, les champs et sous-champs auxquels elles appartiennent, et leur place dans le
1	128.63999999999965	0.3191368579864502		d'information complète en eux-mêmes, contrairement aux actualités ou aux recettes, par exemple. Au contraire, c'est une collection structurée de dispositions juridiques qui ont un sens complet uniquement lorsqu'elles sont considérées dans leur contexte global. C'est-à-dire, ensemble avec les informations complémentaires provenant des articles voisins, les champs et sous-champs auxquels elles appartiennent, et leur place dans la structure du droit.
1	129.59999999999965	0.5281767845153809	Enfin,	
1	130.55999999999966	0.7173976898193359	articles voisins, les champs et sous-champs auxquels elles appartiennent, et leur place dans la structure du droit. Enfin, les articles statutaires sont	
1	131.51999999999967	0.8290367126464844	les articles statutaires n'est pas une pile d'articles indépendants qui peuvent être traités comme une source d'information complète en eux-mêmes, contrairement aux actualités ou aux recettes, par exemple. Au contraire, c'est une collection structurée de dispositions juridiques qui ont un sens complet uniquement lorsqu'elles sont considérées dans leur contexte global. C'est-à-dire, ensemble avec les informations complémentaires provenant des articles voisins, les champs et sous-champs auxquels elles appartiennent, et leur place dans la structure du droit. Enfin, les articles statutaires ne sont pas de petits paragraphes.	articles voisins, les champs et sous-champs auxquels elles appartiennent, et leur place dans la structure du droit. Enfin, les articles statutaires sont
1	132.47999999999968	0.7129409313201904	recettes, par exemple. Au contraire, c'est une collection structurée de dispositions juridiques qui ont un sens complet uniquement lorsqu'elles sont considérées dans leur contexte global. C'est-à-dire, ensemble avec les informations complémentaires provenant des articles voisins, les champs et sous-champs auxquels elles appartiennent, et leur place dans la structure du droit. Enfin, les articles statutaires sont rédigés en petits paragraphes.	n'est pas une pile d'articles indépendants qui peuvent être traités comme une source d'information complète en eux-mêmes, contrairement aux actualités ou aux recettes, par exemple. Au contraire, c'est une collection structurée de dispositions juridiques qui ont un sens complet uniquement lorsqu'elles sont considérées dans leur contexte global. C'est-à-dire, ensemble avec les informations complémentaires provenant des articles voisins, les champs et sous-champs auxquels elles appartiennent, et leur place dans la structure du droit. Enfin, les articles statutaires ne sont pas de petits paragraphes.
1	133.43999999999969	0.979006290435791	sont rédigés en petits recettes, par exemple. Au contraire, c'est une collection structurée de dispositions juridiques qui ont un sens complet uniquement lorsqu'elles sont considérées dans leur contexte global. C'est-à-dire, ensemble avec les informations complémentaires provenant des articles voisins, les champs et sous-champs auxquels elles appartiennent, et leur place dans la structure du droit. Enfin, les articles statutaires sont rédigés en petits paragraphes, ce qui est généralement le cas typique.	recettes, par exemple. Au contraire, c'est une collection structurée de dispositions juridiques qui ont un sens complet uniquement lorsqu'elles sont considérées dans leur contexte global. C'est-à-dire, ensemble avec les informations complémentaires provenant des articles voisins, les champs et sous-champs auxquels elles appartiennent, et leur place dans la structure du droit. Enfin, les articles statutaires sont rédigés en petits paragraphes.
1	134.3999999999997	0.9531955718994141	paragraphes, ce qui est généralement actualités ou aux recettes, par exemple. Au contraire, c'est une collection structurée de dispositions juridiques qui ont un sens complet uniquement lorsqu'elles sont considérées dans leur contexte global. C'est-à-dire, ensemble avec les informations complémentaires provenant des articles voisins, les champs et sous-champs auxquels elles appartiennent, et leur place dans la structure du droit. Enfin, les articles statutaires sont rédigés en petits paragraphes, ce qui est généralement l'unité de récupération typique.	recettes, par exemple. Au contraire, c'est une collection structurée de dispositions juridiques qui ont un sens complet uniquement lorsqu'elles sont considérées dans leur contexte global. C'est-à-dire, ensemble avec les informations complémentaires provenant des articles voisins, les champs et sous-champs auxquels elles appartiennent, et leur place dans la structure du droit. Enfin, les articles statutaires sont rédigés en petits paragraphes, ce qui est généralement le cas typique.
1	135.3599999999997	1.0150821208953857	l'unité de récupération capable de traduire une question naturelle en une question juridique qui correspond à la terminologie des statuts. De plus, le droit statutaire n'est pas une pile d'articles indépendants qui peuvent être traités comme une source d'information complète en eux-mêmes, contrairement aux actualités ou aux recettes, par exemple. Au contraire, c'est une collection structurée de dispositions juridiques qui ont un sens complet uniquement lorsqu'elles sont considérées dans leur contexte global. C'est-à-dire, ensemble avec les informations complémentaires provenant des articles voisins, les champs et sous-champs auxquels elles appartiennent, et leur place dans la structure du droit. Enfin, les articles statutaires sont rédigés en petits paragraphes, ce qui est généralement l'unité de récupération typique dans la plupart des articles de récupération.	actualités ou aux recettes, par exemple. Au contraire, c'est une collection structurée de dispositions juridiques qui ont un sens complet uniquement lorsqu'elles sont considérées dans leur contexte global. C'est-à-dire, ensemble avec les informations complémentaires provenant des articles voisins, les champs et sous-champs auxquels elles appartiennent, et leur place dans la structure du droit. Enfin, les articles statutaires sont rédigés en petits paragraphes, ce qui est généralement l'unité de récupération typique.
1	136.3199999999997	0.8215742111206055	typique dans la plupart des	capable de traduire une question naturelle en une question juridique qui correspond à la terminologie des statuts. De plus, le droit statutaire n'est pas une pile d'articles indépendants qui peuvent être traités comme une source d'information complète en eux-mêmes, contrairement aux actualités ou aux recettes, par exemple. Au contraire, c'est une collection structurée de dispositions juridiques qui ont un sens complet uniquement lorsqu'elles sont considérées dans leur contexte global. C'est-à-dire, ensemble avec les informations complémentaires provenant des articles voisins, les champs et sous-champs auxquels elles appartiennent, et leur place dans la structure du droit. Enfin, les articles statutaires sont rédigés en petits paragraphes, ce qui est généralement l'unité de récupération typique dans la plupart des articles de récupération.
1	137.27999999999972	0.694636344909668	travaux de récupération. Enfin, les articles statutaires sont rédigés en petits paragraphes, ce qui est généralement l'unité de récupération typique dans la plupart des travaux de récupération. Ici, le	
1	138.23999999999972	0.7094027996063232	Ici, juridiques qui ont un sens complet uniquement lorsqu'elles sont considérées dans leur contexte global. C'est-à-dire, ensemble avec les informations complémentaires provenant des articles voisins, les champs et sous-champs auxquels elles appartiennent, et leur place dans la structure du droit. Enfin, les articles statutaires sont rédigés en petits paragraphes, ce qui est généralement l'unité de récupération typique dans la plupart des travaux de récupération. Ici, ils sont de longs chiens.	Enfin, les articles statutaires sont rédigés en petits paragraphes, ce qui est généralement l'unité de récupération typique dans la plupart des travaux de récupération. Ici, le
1	139.19999999999973	0.7517199516296387	qui ont un sens complet uniquement lorsqu'elles sont considérées dans leur contexte global. C'est-à-dire, ensemble avec les informations complémentaires provenant des articles voisins, les champs et sous-champs auxquels elles appartiennent, et leur place dans la structure du droit. Enfin, les articles statutaires sont rédigés en petits paragraphes, ce qui est généralement l'unité de récupération typique dans la plupart des travaux de récupération. Ici, ce sont de longs documents qui peuvent être	juridiques qui ont un sens complet uniquement lorsqu'elles sont considérées dans leur contexte global. C'est-à-dire, ensemble avec les informations complémentaires provenant des articles voisins, les champs et sous-champs auxquels elles appartiennent, et leur place dans la structure du droit. Enfin, les articles statutaires sont rédigés en petits paragraphes, ce qui est généralement l'unité de récupération typique dans la plupart des travaux de récupération. Ici, ils sont de longs chiens.
1	140.15999999999974	0.876380443572998		qui ont un sens complet uniquement lorsqu'elles sont considérées dans leur contexte global. C'est-à-dire, ensemble avec les informations complémentaires provenant des articles voisins, les champs et sous-champs auxquels elles appartiennent, et leur place dans la structure du droit. Enfin, les articles statutaires sont rédigés en petits paragraphes, ce qui est généralement l'unité de récupération typique dans la plupart des travaux de récupération. Ici, ce sont de longs documents qui peuvent être
1	141.11999999999975	0.902407169342041	il s'agit de longs documents pouvant atteindre six mille mots. droit. Enfin, les articles statutaires sont rédigés en petits paragraphes, ce qui est généralement l'unité de récupération typique dans la plupart des travaux de récupération. Ici, il s'agit de longs documents pouvant atteindre six mille mots.	
1	142.07999999999976	0.211104154586792		droit. Enfin, les articles statutaires sont rédigés en petits paragraphes, ce qui est généralement l'unité de récupération typique dans la plupart des travaux de récupération. Ici, il s'agit de longs documents pouvant atteindre six mille mots.
1	143.03999999999976	0.6167113780975342	uniquement lorsqu'elles sont considérées dans leur contexte global. C'est-à-dire, ensemble avec les informations complémentaires provenant des articles voisins, les champs et sous-champs auxquels elles appartiennent, et leur place dans la structure du droit. Enfin, les articles statutaires sont rédigés en petits paragraphes, ce qui est généralement l'unité de récupération typique dans la plupart des travaux de récupération. Ici, il s'agit de longs documents pouvant atteindre six mille mots. L'avantage récent.	
1	143.99999999999977	0.7036681175231934		uniquement lorsqu'elles sont considérées dans leur contexte global. C'est-à-dire, ensemble avec les informations complémentaires provenant des articles voisins, les champs et sous-champs auxquels elles appartiennent, et leur place dans la structure du droit. Enfin, les articles statutaires sont rédigés en petits paragraphes, ce qui est généralement l'unité de récupération typique dans la plupart des travaux de récupération. Ici, il s'agit de longs documents pouvant atteindre six mille mots. L'avantage récent.
1	144.95999999999978	0.9109997749328613	Les récents progrès en TALN ont global. C'est-à-dire, ensemble avec les informations complémentaires provenant des articles voisins, les champs et sous-champs auxquels elles appartiennent, et leur place dans la structure du droit. Enfin, les articles statutaires sont rédigés en petits paragraphes, ce qui est généralement l'unité de récupération typique dans la plupart des travaux de récupération. Ici, il s'agit de longs documents pouvant atteindre six mille mots. Les récents progrès en TALN ont déclenché une grande	
1	145.9199999999998	0.781458854675293		global. C'est-à-dire, ensemble avec les informations complémentaires provenant des articles voisins, les champs et sous-champs auxquels elles appartiennent, et leur place dans la structure du droit. Enfin, les articles statutaires sont rédigés en petits paragraphes, ce qui est généralement l'unité de récupération typique dans la plupart des travaux de récupération. Ici, il s'agit de longs documents pouvant atteindre six mille mots. Les récents progrès en TALN ont déclenché une grande
1	146.8799999999998	0.912869930267334	suscité un juridiques qui ont un sens complet uniquement lorsqu'elles sont considérées dans leur contexte global. C'est-à-dire, ensemble avec les informations complémentaires provenant des articles voisins, les champs et sous-champs auxquels elles appartiennent, et leur place dans la structure du droit. Enfin, les articles statutaires sont rédigés en petits paragraphes, ce qui est généralement l'unité de récupération typique dans la plupart des travaux de récupération. Ici, il s'agit de longs documents pouvant atteindre six mille mots. Les récents progrès en TALN ont suscité un grand intérêt pour de nombreuses tâches juridiques, telles que.	
1	147.8399999999998	0.9382011890411377	grand intérêt pour de nombreuses tâches juridiques, telles	juridiques qui ont un sens complet uniquement lorsqu'elles sont considérées dans leur contexte global. C'est-à-dire, ensemble avec les informations complémentaires provenant des articles voisins, les champs et sous-champs auxquels elles appartiennent, et leur place dans la structure du droit. Enfin, les articles statutaires sont rédigés en petits paragraphes, ce qui est généralement l'unité de récupération typique dans la plupart des travaux de récupération. Ici, il s'agit de longs documents pouvant atteindre six mille mots. Les récents progrès en TALN ont suscité un grand intérêt pour de nombreuses tâches juridiques, telles que.
1	148.7999999999998	0.7306900024414062	que	
1	149.75999999999982	0.8462295532226562	la prédiction des jugements juridiques ou	
1	150.71999999999983	0.6486859321594238	des articles voisins, les champs et sous-champs auxquels elles appartiennent, et leur place dans la structure du droit. Enfin, les articles statutaires sont rédigés en petits paragraphes, ce qui est généralement l'unité de récupération typique dans la plupart des travaux de récupération. Ici, il s'agit de longs documents pouvant atteindre six mille mots. Les récents progrès en TALN ont suscité un grand intérêt pour de nombreuses tâches juridiques, telles que la prédiction des jugements juridiques ou la révision automatique des contrats.	
1	151.67999999999984	0.6930313110351562	la	des articles voisins, les champs et sous-champs auxquels elles appartiennent, et leur place dans la structure du droit. Enfin, les articles statutaires sont rédigés en petits paragraphes, ce qui est généralement l'unité de récupération typique dans la plupart des travaux de récupération. Ici, il s'agit de longs documents pouvant atteindre six mille mots. Les récents progrès en TALN ont suscité un grand intérêt pour de nombreuses tâches juridiques, telles que la prédiction des jugements juridiques ou la révision automatique des contrats.
1	152.63999999999984	0.31752657890319824		
1	153.59999999999985	0.9474830627441406	Enfin, les articles statutaires sont rédigés en petits paragraphes, ce qui est généralement l'unité de récupération typique dans la plupart des travaux de récupération. Ici, il s'agit de longs documents pouvant atteindre six mille mots. Les récents progrès en TALN ont suscité un grand intérêt pour de nombreuses tâches juridiques, telles que la prédiction des jugements juridiques ou la revue automatique des contrats. Mais la récupération d'articles statutaires.	
1	154.55999999999986	1.1267716884613037	revue automatique des contrats. Mais la récupération d'articles	Enfin, les articles statutaires sont rédigés en petits paragraphes, ce qui est généralement l'unité de récupération typique dans la plupart des travaux de récupération. Ici, il s'agit de longs documents pouvant atteindre six mille mots. Les récents progrès en TALN ont suscité un grand intérêt pour de nombreuses tâches juridiques, telles que la prédiction des jugements juridiques ou la revue automatique des contrats. Mais la récupération d'articles statutaires.
1	155.51999999999987	0.8001976013183594	statutaires droit. Enfin, les articles statutaires sont rédigés en petits paragraphes, ce qui est généralement l'unité de récupération typique dans la plupart des travaux de récupération. Ici, il s'agit de longs documents pouvant atteindre six mille mots. Les récents progrès en TALN ont suscité un grand intérêt pour de nombreuses tâches juridiques, telles que la prédiction des jugements juridiques ou la revue automatique des contrats. Mais la récupération d'articles statutaires est restée principalement inchangée.	
1	156.47999999999988	0.9269781112670898	est restée principalement structurée de dispositions juridiques qui ont un sens complet uniquement lorsqu'elles sont considérées dans leur contexte global. C'est-à-dire, ensemble avec les informations complémentaires provenant des articles voisins, les champs et sous-champs auxquels elles appartiennent, et leur place dans la structure du droit. Enfin, les articles statutaires sont rédigés en petits paragraphes, ce qui est généralement l'unité de récupération typique dans la plupart des travaux de récupération. Ici, il s'agit de longs documents pouvant atteindre six mille mots. Les récents progrès en TALN ont suscité un grand intérêt pour de nombreuses tâches juridiques, telles que la prédiction des jugements juridiques ou la revue automatique des contrats. Mais la récupération d'articles statutaires est restée principalement inchangée en raison du manque de données juridiques.	droit. Enfin, les articles statutaires sont rédigés en petits paragraphes, ce qui est généralement l'unité de récupération typique dans la plupart des travaux de récupération. Ici, il s'agit de longs documents pouvant atteindre six mille mots. Les récents progrès en TALN ont suscité un grand intérêt pour de nombreuses tâches juridiques, telles que la prédiction des jugements juridiques ou la revue automatique des contrats. Mais la récupération d'articles statutaires est restée principalement inchangée.
1	157.43999999999988	0.9464046955108643	inchangée en raison du manque de et leur place dans la structure du droit. Enfin, les articles statutaires sont rédigés en petits paragraphes, ce qui est généralement l'unité de récupération typique dans la plupart des travaux de récupération. Ici, il s'agit de longs documents pouvant atteindre six mille mots. Les récents progrès en TALN ont suscité un grand intérêt pour de nombreuses tâches juridiques, telles que la prédiction des jugements juridiques ou la revue automatique des contrats. Mais la récupération d'articles statutaires est restée principalement inchangée en raison du manque de grands jeux de données de haute qualité.	structurée de dispositions juridiques qui ont un sens complet uniquement lorsqu'elles sont considérées dans leur contexte global. C'est-à-dire, ensemble avec les informations complémentaires provenant des articles voisins, les champs et sous-champs auxquels elles appartiennent, et leur place dans la structure du droit. Enfin, les articles statutaires sont rédigés en petits paragraphes, ce qui est généralement l'unité de récupération typique dans la plupart des travaux de récupération. Ici, il s'agit de longs documents pouvant atteindre six mille mots. Les récents progrès en TALN ont suscité un grand intérêt pour de nombreuses tâches juridiques, telles que la prédiction des jugements juridiques ou la revue automatique des contrats. Mais la récupération d'articles statutaires est restée principalement inchangée en raison du manque de données juridiques.
1	158.3999999999999	0.8132877349853516	sous-champs auxquels elles appartiennent, et leur place dans la structure du droit. Enfin, les articles statutaires sont rédigés en petits paragraphes, ce qui est généralement l'unité de récupération typique dans la plupart des travaux de récupération. Ici, il s'agit de longs documents pouvant atteindre six mille mots. Les récents progrès en TALN ont suscité un grand intérêt pour de nombreuses tâches juridiques, telles que la prédiction des jugements juridiques ou la revue automatique des contrats. Mais la récupération d'articles statutaires est restée principalement inchangée en raison du manque de tâches de labellisation grandes et de haute qualité.	et leur place dans la structure du droit. Enfin, les articles statutaires sont rédigés en petits paragraphes, ce qui est généralement l'unité de récupération typique dans la plupart des travaux de récupération. Ici, il s'agit de longs documents pouvant atteindre six mille mots. Les récents progrès en TALN ont suscité un grand intérêt pour de nombreuses tâches juridiques, telles que la prédiction des jugements juridiques ou la revue automatique des contrats. Mais la récupération d'articles statutaires est restée principalement inchangée en raison du manque de grands jeux de données de haute qualité.
1	159.3599999999999	0.8686416149139404		sous-champs auxquels elles appartiennent, et leur place dans la structure du droit. Enfin, les articles statutaires sont rédigés en petits paragraphes, ce qui est généralement l'unité de récupération typique dans la plupart des travaux de récupération. Ici, il s'agit de longs documents pouvant atteindre six mille mots. Les récents progrès en TALN ont suscité un grand intérêt pour de nombreuses tâches juridiques, telles que la prédiction des jugements juridiques ou la revue automatique des contrats. Mais la récupération d'articles statutaires est restée principalement inchangée en raison du manque de tâches de labellisation grandes et de haute qualité.
1	160.3199999999999	0.5909051895141602	jeux de données étiquetés larges et de haute qualité.	
1	161.27999999999992	0.8173797130584717		
1	162.23999999999992	0.9292402267456055	Dans ce travail, nous présentons un nouveau	
1	163.19999999999993	0.9258520603179932	jeu de	
1	164.15999999999994	0.8663673400878906		
1	165.11999999999995	0.7670261859893799		
1	166.07999999999996	0.8753600120544434	données centré sur le citoyen	
1	167.03999999999996	0.8735756874084473	francophone pour étudier si	
1	167.99999999999997	0.7269558906555176	un modèle de récupération	
1	168.95999999999998	0.6696114540100098	peut approximer	
1	169.92	0.7073094844818115		
1	170.88	0.7474491596221924	l'efficacité et la	
1	171.84	0.6693615913391113	fiabilité	
1	172.8	0.7560396194458008	d'un expert juridique	
1	173.76000000000002	0.8419210910797119	pour la tâche de	
1	174.72000000000003	0.7084214687347412	récupération d'articles statutaires.	
1	175.68000000000004	0.15172791481018066		
1	176.64000000000004	0.14906835556030273		
1	177.60000000000005	0.8805794715881348		
1	178.56000000000006	0.14923930168151855		
1	179.52000000000007	0.14575624465942383		
1	180.48000000000008	1.08636474609375		
1	181.44000000000008	1.0638761520385742	Notre jeu de données belge de récupération d'articles statutaires comprend plus	
1	182.4000000000001	0.7376782894134521	de	
1	183.3600000000001	0.9843912124633789		
1	184.3200000000001	0.9931483268737793	1 100 questions juridiques posées par des	
1	185.28000000000011	0.2858865261077881	citoyens belges.	
1	186.24000000000012	0.6202287673950195		
1	187.20000000000013	0.7712266445159912	Ces questions couvrent	
1	188.16000000000014	0.7188258171081543	un large éventail de	
1	189.12000000000015	0.8039000034332275		
1	190.08000000000015	0.9999141693115234	sujets, allant de la famille	
1	191.04000000000016	0.8993930816650391		
1	192.00000000000017	1.0605201721191406	, au logement, à l'argent jusqu'au travail et à	
1	192.96000000000018	0.2995033264160156	la sécurité sociale.	
1	193.9200000000002	0.6810660362243652		
1	194.8800000000002	0.8986907005310059	Chacune d'elles a	
1	195.8400000000002	0.8636355400085449	été étiquetée par	
1	196.8000000000002	0.7617576122283936	des	
1	197.76000000000022	0.8183643817901611	juristes expérimentés	
1	198.72000000000023	0.7265067100524902	avec des références	
1	199.68000000000023	0.8928227424621582		
1	200.64000000000024	1.1465768814086914	à des articles pertinents provenant d'un corpus de plus de	
1	201.60000000000025	0.7611055374145508	22	
1	202.56000000000026	0.7069456577301025		
1	203.52000000000027	0.6990067958831787	600	
1	204.48000000000027	0.7169020175933838	articles	
1	205.44000000000028	0.3887801170349121	juridiques issus des codes belges.	
1	206.4000000000003	0.1505420207977295		
1	207.3600000000003	0.873274564743042		
1	208.3200000000003	0.9967093467712402	Parlons maintenant de la manière dont nous avons	
1	209.2800000000003	0.3745608329772949	collecté ce jeu de données.	
1	210.24000000000032	0.7494738101959229		
1	211.20000000000033	0.8517606258392334	Tout d'abord, nous avons commencé par	
1	212.16000000000034	0.6219985485076904	compiler un	
1	213.12000000000035	0.6820449829101562	vaste corpus	
1	214.08000000000035	0.3153352737426758	d'articles juridiques.	
1	215.04000000000036	0.6760261058807373		
1	216.00000000000037	0.8319354057312012	Nous avons considéré	
1	216.96000000000038	0.8212151527404785	32	
1	217.92000000000039	0.7381772994995117	codes belges	
1	218.8800000000004	0.793264627456665	disponibles publiquement et extrait	
1	219.8400000000004	0.66778564453125	tous leurs	
1	220.8000000000004	0.7364599704742432	articles ainsi	
1	221.76000000000042	0.7326061725616455	que les	
1	222.72000000000043	0.37519311904907227	titres de sections correspondants.	
1	223.68000000000043	0.5867881774902344		
1	224.64000000000044	0.7396285533905029	Ensuite, nous	
1	225.60000000000045	0.748150110244751	avons recueilli des	
1	226.56000000000046	0.6662170886993408	questions juridiques avec	
1	227.52000000000046	0.7459771633148193	des références à	
1	228.48000000000047	0.7611079216003418	des statuts pertinents.	
1	229.44000000000048	0.7738974094390869	Pour ce	
1	230.4000000000005	0.8533785343170166	faire, nous avons	
1	231.3600000000005	0.8270084857940674	collaboré avec	
1	232.3200000000005	0.8092031478881836	un cabinet d'avocats belge qui reçoit	
1	233.2800000000005	0.8315191268920898	chaque année	
1	234.24000000000052	0.7710425853729248	environ 4	
1	235.20000000000053	0.8646166324615479	000	
1	236.16000000000054	0.6947534084320068	e-mails de citoyens	
1	237.12000000000054	0.7681698799133301	belges qui	
1	238.08000000000055	0.8180520534515381	demandent des conseils	
1	239.04000000000056	0.3483588695526123	sur une question juridique personnelle.	
1	240.00000000000057	0.7051246166229248		
1	240.96000000000058	0.8250064849853516	Nous avons eu la chance	
1	241.92000000000058	0.7577235698699951	d'accéder à leurs	
1	242.8800000000006	0.6484816074371338	sites	
1	243.8400000000006	0.7543721199035645	web où leur équipe	
1	244.8000000000006	0.7507810592651367		
1	245.76000000000062	1.0430727005004883	de juristes expérimentés	
1	246.72000000000062	0.9263179302215576		
1	247.68000000000063	0.5719962120056152	aborde les problèmes juridiques les plus courants en Belgique.	
1	248.64000000000064	0.7720346450805664		
1	249.60000000000065	0.8187131881713867	Nous avons recueilli des milliers de	
1	250.56000000000066	0.6541404724121094		
1	251.52000000000066	0.76228928565979	questions, annotées avec	
1	252.48000000000067	0.8225033283233643	des catégories,	
1	253.44000000000068	0.8446774482727051	des	
1	254.4000000000007	0.8698184490203857	sous-catégories et des	
1	255.3600000000007	0.7685801982879639	références juridiques	
1	256.3200000000007	0.37845373153686523	aux statuts pertinents.	
1	257.28000000000065	0.557335376739502		
1	258.24000000000063	0.660212516784668	Enfin,	
1	259.2000000000006	0.7377197742462158	nous avons transmis	
1	260.1600000000006	0.7319669723510742	les références	
1	261.1200000000006	0.6577329635620117	juridiques et	
1	262.08000000000055	0.6617166996002197	filtré les	
1	263.04000000000053	0.6558799743652344		
1	264.0000000000005	0.8470923900604248	questions dont les références	
1	264.9600000000005	0.8235776424407959	n'étaient pas des	
1	265.92000000000047	0.7989873886108398	articles dans l'un des	
1	266.88000000000045	0.7926013469696045	codes	
1	267.84000000000043	0.41350221633911133	de loi que nous avons considérés.	
1	268.8000000000004	0.15787267684936523		
1	269.7600000000004	0.7297377586364746		
1	270.72000000000037	0.8769121170043945	Les références restantes	
1	271.68000000000035	0.8473494052886963	ont été correspondances et	
1	272.6400000000003	0.746283769607544	converties	
1	273.6000000000003	0.8213367462158203	en	
1	274.5600000000003	0.8825764656066895	les identifiants d'article	
1	275.52000000000027	0.7311611175537109	correspondants	
1	276.48000000000025	0.2671840190887451		
1	277.4400000000002	0.6973128318786621	.	
1	278.4000000000002	0.826409101486206	Nous	
1	279.3600000000002	0.904843807220459	sommes finalement arrivés à	
1	280.32000000000016	0.7567996978759766	1	
1	281.28000000000014	0.8550455570220947	108	
1	282.2400000000001	0.9757266044616699	questions, chacune	
1	283.2000000000001	1.0509741306304932	soigneusement étiquetée avec	
1	284.1600000000001	0.958226203918457	les identifiants des articles	
1	285.12000000000006	0.766254186630249	pertinents	
1	286.08000000000004	0.9215621948242188	de notre vaste corpus	
1	287.04	0.7912955284118652	de 22 600.	
1	288.0	0.4907376766204834		
1	288.96	0.5070464611053467		
1	289.91999999999996	0.16080522537231445		
1	290.87999999999994	0.621906042098999		
1	291.8399999999999	0.9914612770080566	22 633 articles statutaires.	
1	292.7999999999999	0.8059518337249756	De plus, chaque	
1	293.7599999999999	0.7983114719390869	question est accompagnée d'une	
1	294.71999999999986	0.8627543449401855	catégorie	
1	295.67999999999984	0.926823616027832	principale et d'une concaténation	
1	296.6399999999998	0.7191743850708008	de	
1	297.5999999999998	0.8235111236572266		
1	298.5599999999998	1.0114712715148926	sous-catégories, et chaque article est	
1	299.51999999999975	0.7183351516723633	accompagné d'une	
1	300.47999999999973	0.8684077262878418	concaténation	
1	301.4399999999997	0.812941312789917	de leurs	
1	302.3999999999997	0.8381960391998291	titres de sous-section dans la	
1	303.3599999999997	0.2898268699645996	structure du droit.	
1	304.31999999999965	0.7341814041137695		
1	305.27999999999963	0.8770368099212646	Cette information supplémentaire n'est pas	
1	306.2399999999996	0.8565804958343506	utilisée dans	
1	307.1999999999996	0.9202954769134521	le présent travail mais pourrait être	
1	308.15999999999957	0.7672874927520752	intéressante pour	
1	309.11999999999955	0.8009068965911865		
1	310.07999999999953	1.0709078311920166		
1	311.0399999999995	1.0926434993743896	des recherches futures sur la récupération d'informations juridiques ou	
1	311.9999999999995	0.3863997459411621	la classification de texte juridique.	
1	312.95999999999947	0.16232061386108398		
1	313.91999999999945	0.7743709087371826		
1	314.8799999999994	0.8148212432861328		
1	315.8399999999994	0.9453458786010742		
1	316.7999999999994	1.1287264823913574	Examinons maintenant certaines caractéristiques de notre jeu de données.	
1	317.75999999999937	0.9320769309997559	Les questions sont comprises entre	
1	318.71999999999935	0.8534152507781982	5 et 44	
1	319.6799999999993	0.9366226196289062	mots de	
1	320.6399999999993	0.9084582328796387	long, avec une médiane de	
1	321.5999999999993	0.3294072151184082	40 mots.	
1	322.55999999999926	0.7307765483856201		
1	323.51999999999924	0.932870626449585	Les articles sont beaucoup plus	
1	324.4799999999992	0.9458296298980713	longs, avec une longueur	
1	325.4399999999992	0.7903985977172852	médiane de	
1	326.3999999999992	0.8789737224578857	77	
1	327.35999999999916	0.7906107902526855	mots, avec	
1	328.31999999999914	0.8930466175079346		
1	329.2799999999991	1.1190578937530518	142 d'entre eux	
1	330.2399999999991	0.875511646270752	dépassant 1 000 mots.	
1	331.1999999999991	0.1616988182067871		
1	332.15999999999906	0.6375257968902588		
1	333.11999999999904	0.8062512874603271	La longueur étant	
1	334.079999999999	0.8630268573760986	jusqu'à	
1	335.039999999999	0.7983245849609375	5	
1	335.999999999999	0.748469352722168		
1	336.95999999999896	0.37523436546325684	790 mots.	
1	337.91999999999894	0.7424881458282471		
1	338.8799999999989	0.8618268966674805	Comme mentionné	
1	339.8399999999989	0.8665060997009277	précédemment,	
1	340.7999999999989	0.9442348480224609	les questions couvrent un large	
1	341.75999999999885	0.7671127319335938	éventail de	
1	342.71999999999883	0.8114783763885498	sujets, avec environ	
1	343.6799999999988	0.8627212047576904	85	
1	344.6399999999988	0.8637588024139404	% d'entre elles	
1	345.5999999999988	0.8154916763305664	concernant soit la	
1	346.55999999999875	0.9188425540924072	famille,	
1	347.51999999999873	0.8788912296295166	le logement, l'argent ou	
1	348.4799999999987	0.8045563697814941	la	
1	349.4399999999987	1.0062825679779053	justice, tandis que	
1	350.39999999999867	1.0080010890960693	les 15 % restants	
1	351.35999999999865	0.7776381969451904	concernent soit la sécurité	
1	352.31999999999863	0.6898899078369141	sociale,	
1	353.2799999999986	0.7517974376678467	les	
1	354.2399999999986	0.3295319080352783	étrangers ou le travail.	
1	355.19999999999857	0.17430400848388672		
1	356.15999999999855	0.6805074214935303		
1	357.1199999999985	0.8080589771270752	Les articles sont également	
1	358.0799999999985	0.8149614334106445	très	
1	359.0399999999985	0.9491574764251709	diversifiés car ils proviennent de	
1	359.99999999999847	0.8487110137939453	32	
1	360.95999999999844	0.8312227725982666	codes belges	
1	361.9199999999984	0.8393356800079346	différents qui couvrent	
1	362.8799999999984	0.8788414001464844	un grand nombre de	
1	363.8399999999984	0.8468708992004395	sujets illégaux.	
1	364.79999999999836	0.7983999252319336	Voici le	
1	365.75999999999834	0.8197066783905029	nombre total	
1	366.7199999999983	1.0578863620758057	d'articles collectés	
1	367.6799999999983	0.494152307510376	à partir de chacun de ces codes belges.	
1	368.6399999999983	0.16933441162109375		
1	369.59999999999826	0.8321518898010254		
1	370.55999999999824	0.8607347011566162	Sur les 22	
1	371.5199999999982	0.7522063255310059		
1	372.4799999999982	0.7617380619049072	633	
1	373.4399999999982	0.8723747730255127	articles,	
1	374.39999999999816	0.7887485027313232	seuls 1	
1	375.35999999999814	0.7984619140625		
1	376.3199999999981	0.8399875164031982	612 sont	
1	377.2799999999981	0.7809360027313232	désignés comme	
1	378.2399999999981	0.7950689792633057		
1	379.19999999999806	0.8847806453704834	pertinents pour au moins	
1	380.15999999999804	0.7991483211517334	une question dans	
1	381.119999999998	0.34602880477905273	le jeu de données.	
1	382.079999999998	0.8658568859100342		
1	383.039999999998	0.939385175704956	Et environ 80 % de	
1	383.99999999999795	0.9031853675842285	ces articles	
1	384.95999999999793	0.8510639667510986	cités proviennent	
1	385.9199999999979	0.8810992240905762	soit du Code	
1	386.8799999999979	1.0629889965057373	civil, soit du Code	
1	387.8399999999979	0.9735202789306641	judiciaire, soit du Code d'instruction	
1	388.79999999999785	0.8605606555938721	criminelle,	
1	389.75999999999783	0.7320666313171387	soit du Code pénal.	
1	390.7199999999978	1.042921543121338		
1	391.6799999999978	0.9004409313201904	Parallèlement,	
1	392.63999999999777	0.8432290554046631	18 sur	
1	393.59999999999775	0.850092887878418	32 codes ont	
1	394.55999999999773	0.8231191635131836	moins de	
1	395.5199999999977	0.8388049602508545	5 articles	
1	396.4799999999977	0.8006575107574463	mentionnés comme	
1	397.43999999999767	0.8220598697662354	pertinents pour au moins	
1	398.39999999999765	0.7895474433898926	une	
1	399.3599999999976	1.0169479846954346	question, ce qui peut	
1	400.3199999999976	0.9206368923187256	s'expliquer par le fait que	
1	401.2799999999976	0.7848255634307861	ces codes	
1	402.23999999999756	0.8446159362792969	se concentrent moins sur	
1	403.19999999999754	0.7718625068664551	les individus et	
1	404.1599999999975	0.30281519889831543	leurs préoccupations.	
1	405.1199999999975	0.6477377414703369		
1	406.0799999999975	0.8040788173675537	Globalement,	
1	407.03999999999746	0.7489228248596191		
1	407.99999999999744	0.9319479465484619		
1	408.9599999999974	0.9387998580932617		
1	409.9199999999974	1.0111286640167236	le nombre	
1	410.8799999999974	1.240103006362915	moyen de citations pour ces articles cités est de	
1	411.83999999999736	0.9463214874267578	2, et	
1	412.79999999999734	1.074662685394287	moins de 25 %	
1	413.7599999999973	1.0563557147979736	d'entre eux	
1	414.7199999999973	0.8870258331298828	sont cités plus de	
1	415.6799999999973	0.3029208183288574	5 fois.	
1	416.63999999999726	0.17138242721557617		
1	417.59999999999724	0.7960941791534424		
1	418.5599999999972	0.9643809795379639	En utilisant nos jeux de données,	
1	419.5199999999972	0.901113748550415	nous	
1	420.4799999999972	0.8991146087646484	avons évalué plusieurs	
1	421.43999999999716	0.941049337387085	approches de	
1	422.39999999999714	1.0161399841308594	récupération,	
1	423.3599999999971	0.5070726871490479	incluant lexicales et d'architecture dense.	
1	424.3199999999971	0.8805086612701416		
1	425.2799999999971	0.971001386642456	Étant donné une	
1	426.23999999999705	0.9506802558898926	requête et un article, une	
1	427.19999999999703	0.83040452003479		
1	428.159999999997	1.0638539791107178	modèle lexical attribue un	
1	429.119999999997	0.8310773372650146	score	
1	430.07999999999697	0.947056770324707	au couple	
1	431.03999999999695	1.0168817043304443	requête-article en calculant la	
1	431.99999999999693	0.9186017513275146	somme sur	
1	432.9599999999969	0.9459459781646729	les termes de la requête	
1	433.9199999999969	0.8729345798492432	des poids de	
1	434.87999999999687	0.8918752670288086	chacun de ces termes dans	
1	435.83999999999685	0.26543521881103516	cet article.	
1	436.7999999999968	0.8289642333984375		
1	437.7599999999968	0.9361913204193115	Nous expérimentons avec le	
1	438.7199999999968	1.0419888496398926	TF-IDF standard et	
1	439.67999999999677	0.8721609115600586		
1	440.63999999999675	0.4512002468109131	les fonctions de classement BM25.	
1	441.5999999999967	0.7484853267669678		
1	442.5599999999967	0.8854377269744873	Le principal problème avec ces	
1	443.5199999999967	0.870506763458252	approches est	
1	444.47999999999666	0.8819618225097656		
1	445.43999999999664	1.0698459148406982		
1	446.3999999999966	0.4940054416656494	qu'elles ne peuvent récupérer	
1	447.3599999999966	1.0419011116027832		
1	448.3199999999966	0.6697638034820557	que les articles contenant des mots-clés présents dans la requête.	
1	449.27999999999656	0.8004729747772217		
1	450.23999999999654	0.9334444999694824	Pour surmonter cette limitation,	
1	451.1999999999965	1.0283699035644531	nous expérimentons	
1	452.1599999999965	0.9707810878753662	avec une	
1	453.1199999999965	0.9630000591278076	architecture basée sur	
1	454.07999999999646	1.1416866779327393	les réseaux de neurones capable de capturer	
1	455.03999999999644	0.9521157741546631	les relations	
1	455.9999999999964	1.0207467079162598	sémantiques entre les	
1	456.9599999999964	0.906121015548706	requêtes et les articles.	
1	457.9199999999964	0.9926280975341797	Nous utilisons	
1	458.87999999999636	0.9402766227722168	un modèle	
1	459.83999999999634	1.0199370384216309		
1	460.7999999999963	0.970212459564209		
1	461.7599999999963	1.2717275619506836	bencoder qui mappe les requêtes et les articles vers	
1	462.7199999999963	0.45839381217956543	des représentations vectorielles denses.	
1	463.67999999999626	0.7196674346923828		
1	464.63999999999623	0.8901174068450928		
1	465.5999999999962	1.0432260036468506		
1	466.5599999999962	1.0885071754455566		
1	467.5199999999962	1.228776454925537		
1	468.47999999999615	1.331622838973999	Et calcule un score de pertinence entre un couple requête-article par la similarité	
1	469.43999999999613	0.7288501262664795	de	
1	470.3999999999961	0.2803783416748047	leurs embeddings.	
1	471.3599999999961	0.7518281936645508		
1	472.31999999999607	0.9301345348358154	Ces embeddings	
1	473.27999999999605	0.8765249252319336	résultent généralement	
1	474.23999999999603	0.9479410648345947	d'une opération de	
1	475.199999999996	1.0402405261993408	pooling sur la sortie d'un	
1	476.159999999996	0.42621803283691406	modèle d'embedding de mots.	
1	477.11999999999597	0.18319487571716309		
1	478.07999999999595	0.9041728973388672		
1	479.0399999999959	0.9870257377624512	D'abord, nous étudions	
1	479.9999999999959	0.9031853675842285	l'efficacité de	
1	480.9599999999959	0.9819729328155518		
1	481.91999999999587	1.09798264503479	codeurs siamois B dans	
1	482.87999999999585	1.1367764472961426	un	
1	483.8399999999958	1.1392040252685547	cadre d'évaluation zero-shot, c'est-à-dire	
1	484.7999999999958	1.1062712669372559		
1	485.7599999999958	1.152975082397461		
1	486.71999999999576	1.2185213565826416	que	
1	487.67999999999574	1.227954626083374	les modèles d'embedding de mots pré-entraînés sont appliqués hors	
1	488.6399999999957	0.8338534832000732	boîte sans	
1	489.5999999999957	0.33359193801879883	aucun ajustement supplémentaire.	
1	490.5599999999957	0.7648499011993408		
1	491.51999999999566	0.8278043270111084	Nous expérimentons avec	
1	492.47999999999564	0.8204047679901123		
1	493.4399999999956	0.9308130741119385		
1	494.3999999999956	0.9967517852783203	un encodeur de texte indépendant du	
1	495.3599999999956	0.9048259258270264	contexte, à	
1	496.31999999999556	0.9038782119750977	savoir	
1	497.27999999999554	1.0568773746490479		
1	498.2399999999955	1.1515989303588867		
1	499.1999999999955	1.2393598556518555	Word2Vec et FastText, et	
1	500.1599999999955	1.158747911453247	des modèles d'embedding dépendants du	
1	501.11999999999546	1.0460073947906494	contexte, à savoir	
1	502.07999999999544	1.0620033740997314		
1	503.0399999999954	1.6208982467651367		
1	503.9999999999954	1.2780835628509521	Roberta et plus spécifiquement CamemBERT, qui est un	
1	504.9599999999954	0.8494877815246582	modèle	
1	505.91999999999535	0.9936065673828125	Roberta français. De plus,	
1	506.87999999999533	0.928541898727417	nous formons	
1	507.8399999999953	0.9465398788452148	notre propre	
1	508.7999999999953	0.3997824192047119	modèle basé sur CamemBERT.	
1	509.7599999999953	0.7643940448760986		
1	510.71999999999525	0.9381494522094727	Codeurs	
1	511.67999999999523	0.8407464027404785	B sur	
1	512.6399999999952	1.0723464488983154	nos jeux de données.	
1	513.5999999999952	1.011871576309204	Notez que pour	
1	514.5599999999953	1.0449299812316895	l'entraînement, nous expérimentons avec	
1	515.5199999999953	0.9628956317901611	les deux saveurs	
1	516.4799999999954	0.8749170303344727		
1	517.4399999999954	0.9016702175140381	de l'architecture	
1	518.3999999999954	0.9291553497314453		
1	519.3599999999955	0.9905152320861816	BeyondCoder. Siamois, qui	
1	520.3199999999955	0.9828004837036133	utilise un	
1	521.2799999999955	0.9956800937652588	modèle d'embedding de mots	
1	522.2399999999956	0.9397616386413574	unique qui	
1	523.1999999999956	0.9304206371307373	mappe la requête et	
1	524.1599999999956	0.8115432262420654	l'article	
1	525.1199999999957	0.9481015205383301	ensemble dans un	
1	526.0799999999957	0.37250828742980957	espace vectoriel dense partagé.	
1	527.0399999999958	0.7714064121246338		
1	527.9999999999958	0.8467180728912354	Et	
1	528.9599999999958	1.142524242401123		
1	529.9199999999959	1.1227531433105469	Tutora, qui utilise deux modèles d'embedding de mots indépendants.	
1	530.8799999999959	0.6335365772247314		
1	531.8399999999959	0.6553990840911865		
1	532.799999999996	0.6301820278167725		
1	533.759999999996	1.4993112087249756		
1	534.719999999996	0.8724720478057861	mots indépendants qui codent la requête et l'article séparément dans des espaces d'embedding différents.	
1	535.6799999999961	0.8110733032226562		
1	536.6399999999961	0.9899897575378418	Nous expérimentons	
1	537.5999999999962	0.9981837272644043	avec	
1	538.5599999999962	0.9672236442565918	le pooling mean, max et	
1	539.5199999999962	1.1371769905090332	CLS ainsi que	
1	540.4799999999963	1.059290885925293	le produit scalaire et	
1	541.4399999999963	1.032564640045166	le cosinus pour	
1	542.3999999999963	0.3762545585632324	calculer les similarités.	
1	543.3599999999964	0.17705512046813965		
1	544.3199999999964	0.6955571174621582		
1	545.2799999999964	0.9702811241149902	Voici les	
1	546.2399999999965	1.069066047668457	résultats de notre	
1	547.1999999999965	1.1001746654510498		
1	548.1599999999966	1.259629726409912		
1	549.1199999999966	1.4385313987731934		
1	550.0799999999966	1.6287431716918945		
1	551.0399999999967	1.7646574974060059	ligne de base sur l'ensemble de test, avec les méthodes lexicales ci-dessus, les codeurs B siamois évalués dans un	
1	551.9999999999967	0.844127893447876		
1	552.9599999999967	0.9290268421173096	cadre zero-shot au	
1	553.9199999999968	0.992455005645752	milieu, et	
1	554.8799999999968	0.43724966049194336	les BeyondCoder affinés en dessous.	
1	555.8399999999968	0.8011653423309326		
1	556.7999999999969	0.9445366859436035	Globalement,	
1	557.7599999999969	0.9785130023956299	les BeyondCoder	
1	558.719999999997	1.083486557006836	affinés surpassent	
1	559.679999999997	1.030332088470459	significativement toutes les autres lignes de base.	
1	560.639999999997	0.878772497177124		
1	561.5999999999971	0.9894087314605713	Le modèle	
1	562.5599999999971	0.9769959449768066	à deux tours améliore sa	
1	563.5199999999971	1.0430963039398193	variante	
1	564.4799999999972	1.0360541343688965	siamoise sur le rappel à	
1	565.4399999999972	1.0740671157836914	100, mais	
1	566.3999999999972	1.001343011856079	performe de manière similaire sur	
1	567.3599999999973	0.34764885902404785	les autres indicateurs.	
1	568.3199999999973	0.8488080501556396		
1	569.2799999999974	1.0388689041137695	Bien que BM25	
1	570.2399999999974	1.1147589683532715	sous-performe	
1	571.1999999999974	1.0089001655578613		
1	572.1599999999975	1.0824120044708252	le BeyondCoder entraîné de manière	
1	573.1199999999975	1.0049843788146973	significative, ses performances	
1	574.0799999999975	1.0494849681854248	indiquent qu'il	
1	575.0399999999976	1.1334590911865234	reste une ligne de base	
1	575.9999999999976	0.9932601451873779	solide pour	
1	576.9599999999976	0.39724230766296387	la récupération spécifique au domaine.	
1	577.9199999999977	0.8378987312316895		
1	578.8799999999977	0.9606311321258545	Concernant	
1	579.8399999999978	1.0758497714996338	l'évaluation zero-shot	
1	580.7999999999978	1.008718490600586		
1	581.7599999999978	1.1423044204711914	des codeurs B siamois, nous	
1	582.7199999999979	1.0243163108825684	trouvons que l'utilisation directe	
1	583.6799999999979	1.0448787212371826	des embeddings d'un	
1	584.6399999999979	1.0115203857421875		
1	585.599999999998	1.1065411567687988	modèle CamemBERT pré-entraîné	
1	586.559999999998	0.9397237300872803	sans	
1	587.519999999998	1.0895369052886963	optimisation pour	
1	588.4799999999981	1.0616250038146973	la tâche de récupération	
1	589.4399999999981	0.9590039253234863	d'information donne de mauvais	
1	590.3999999999982	0.9933993816375732	résultats.	
1	591.3599999999982	1.1110460758209229	Ce qui est	
1	592.3199999999982	0.4695262908935547	cohérent avec des conclusions précédentes.	
1	593.2799999999983	0.8842716217041016		
1	594.2399999999983	0.9299631118774414	De plus, nous	
1	595.1999999999983	0.9849250316619873	observons que	
1	596.1599999999984	0.8624787330627441	le Word2Vec	
1	597.1199999999984	0.6851849555969238		
1	598.0799999999984	0.915571928024292		
1	599.0399999999985	1.0372354984283447	-based BeyondCoder	
1	599.9999999999985	1.001471757888794	surpassait significativement	
1	600.9599999999986	0.993985652923584		
1	601.9199999999986	1.1021206378936768	le modèle basé sur	
1	602.8799999999986	1.1304869651794434	FastX et Bird, suggérant	
1	603.8399999999987	1.1625514030456543	peut-être que	
1	604.7999999999987	1.0926268100738525	les embeddings de	
1	605.7599999999987	1.0999176502227783		
1	606.7199999999988	1.1905131340026855		
1	607.6799999999988	1.3242576122283936	mots pré-entraînés sont plus appropriés pour la tâche	
1	608.6399999999988	0.9442234039306641	que les niveaux de	
1	609.5999999999989	0.9755465984344482	caractères ou	
1	610.5599999999989	0.8528730869293213	de sous-mots.	
1	611.519999999999	0.6784417629241943		
1	612.479999999999	0.7206263542175293		
1	613.439999999999	0.17482829093933105		
1	614.3999999999991	0.7052557468414307		
1	615.3599999999991	1.3160343170166016	les embeddings sous-mots lorsqu'ils sont utilisés hors boîte.	
1	616.3199999999991	1.079301357269287	Bien que prometteurs, ces	
1	617.2799999999992	1.1876695156097412	résultats	
1	618.2399999999992	1.021545171737671	suggèrent de grandes	
1	619.1999999999992	1.1794495582580566		
1	620.1599999999993	1.2748477458953857	opportunités d'amélioration par rapport à un niveau	
1	621.1199999999993	0.8488197326660156		
1	622.0799999999994	0.970731258392334	expert qui peut éventuellement	
1	623.0399999999994	0.9363822937011719	récupérer	
1	623.9999999999994	1.029595136642456	tous les articles	
1	624.9599999999995	0.9792459011077881	pertinents pour toute	
1	625.9199999999995	0.9944195747375488	question et	
1	626.8799999999995	0.42731475830078125	ainsi obtenir des notes parfaites.	
1	627.8399999999996	0.1808474063873291		
1	628.7999999999996	0.9078848361968994		
1	629.7599999999996	1.0207133293151855	Concluons en discutant	
1	630.7199999999997	1.0181763172149658	de deux	
1	631.6799999999997	0.40319037437438965	limites de nos jeux de données.	
1	632.6399999999998	0.8497269153594971		
1	633.5999999999998	0.9859650135040283	Premièrement, le corpus	
1	634.5599999999998	0.9907960891723633	d'articles est	
1	635.5199999999999	0.9903709888458252	limité à	
1	636.4799999999999	1.0425677299499512	ceux collectés	
1	637.4399999999999	1.0846235752105713	à partir des 32	
1	638.4	0.9834511280059814	codes belges	
1	639.36	1.0544817447662354	considérés, ce qui ne	
1	640.32	0.9872715473175049	couvre pas l'ensemble	
1	641.2800000000001	0.9232735633850098	du droit	
1	642.2400000000001	0.9566073417663574	belge car les articles	
1	643.2000000000002	0.9586865901947021		
1	644.1600000000002	1.1210377216339111	provenant des décrets, des directives et	
1	645.1200000000002	0.9512903690338135	des ordonnances sont	
1	646.0800000000003	0.8918411731719971	manquants.	
1	647.0400000000003	0.9750804901123047	Pendant la	
1	648.0000000000003	1.0381624698638916	construction du jeu de données,	
1	648.9600000000004	1.0360703468322754	toutes les références à	
1	649.9200000000004	1.0571186542510986	ces	
1	650.8800000000005	1.1327335834503174	articles non collectés ont été	
1	651.8400000000005	1.0488271713256836	ignorées, ce qui	
1	652.8000000000005	1.060715913772583		
1	653.7600000000006	1.2430994510650635	a	
1	654.7200000000006	1.3183190822601318	fait que certaines questions se sont retrouvées avec seulement une fraction	
1	655.6800000000006	1.029043197631836	du nombre initial	
1	656.6400000000007	0.36873412132263184	d'articles pertinents.	
1	657.6000000000007	0.8893160820007324		
1	658.5600000000007	0.9533534049987793	Cette	
1	659.5200000000008	1.0814037322998047	perte d'information implique que	
1	660.4800000000008	0.9724023342132568	la réponse contenue	
1	661.4400000000009	1.0250637531280518	dans	
1	662.4000000000009	1.1189370155334473	les articles	
1	663.3600000000009	1.0506937503814697	restants pertinents pourrait être incomplète.	
1	664.320000000001	0.7359635829925537		
1	665.280000000001	0.7238748073577881		
1	666.240000000001	0.17813444137573242		
1	667.2000000000011	0.7207629680633545		
1	668.1600000000011	1.6355369091033936	être incomplète, bien qu'elle soit toujours complètement appropriée.	
1	669.1200000000011	1.1017069816589355	Deuxièmement, nous	
1	670.0800000000012	1.1555867195129395	devons noter que	
1	671.0400000000012	1.186387538909912	toutes les questions juridiques ne peuvent pas	
1	672.0000000000013	1.034904956817627	être répondues	
1	672.9600000000013	1.0593657493591309	avec les statuts seuls.	
1	673.9200000000013	1.0052173137664795	Par exemple,	
1	674.8800000000014	1.2488081455230713	la question	
1	675.8400000000014	1.2062878608703613	: « Puis-je expulser	
1	676.8000000000014	1.090315818786621	mes locataires s'ils font	
1	677.7600000000015	0.9731435775756836	trop de bruit	
1	678.7200000000015	1.169811725616455		
1	679.6800000000015	1.2412629127502441		
1	680.6400000000016	1.3322970867156982	» n'a peut-être pas de réponse détaillée dans	
1	681.6000000000016	1.0997772216796875	le droit statutaire qui	
1	682.5600000000017	0.968695878982544	quantifie	
1	683.5200000000017	0.9768671989440918	un	
1	684.4800000000017	1.3320927619934082	seuil de bruit spécifique	
1	685.4400000000018	1.168844223022461	au-delà duquel l'expulsion est	
1	686.4000000000018	1.0468981266021729	autorisée.	
1	687.3600000000018	1.211254358291626		
1	688.3200000000019	1.3724713325500488	Au lieu de cela, le propriétaire devrait probablement s'appuyer	
1	689.2800000000019	1.1245543956756592	davantage sur la	
1	690.2400000000019	1.1917548179626465	jurisprudence et trouver	
1	691.200000000002	1.0640051364898682	des précédents similaires à	
1	692.160000000002	0.9977741241455078	sa situation actuelle.	
1	693.120000000002	1.1160879135131836	Par exemple,	
1	694.0800000000021	1.0635991096496582	le locataire fait	
1	695.0400000000021	1.14760422706604	deux parties par semaine	
1	696.0000000000022	1.0720646381378174	jusqu'à 2 heures du matin.	
1	696.9600000000022	0.9023196697235107	Donc,	
1	697.9200000000022	0.9543392658233643	certaines	
1	698.8800000000023	1.017397403717041	questions sont	
1	699.8400000000023	1.0718657970428467	mieux adaptées que d'autres	
1	700.8000000000023	1.1430232524871826		
1	701.7600000000024	1.2768206596374512	à la tâche de récupération d'articles	
1	702.7200000000024	1.1141858100891113	statutaires, et le domaine	
1	703.6800000000025	1.0728304386138916		
1	704.6400000000025	1.0975768566131592	de celles qui sont moins adaptées	
1	705.6000000000025	0.3188300132751465	reste à déterminer.	
1	706.5600000000026	0.8857684135437012		
1	707.5200000000026	1.0133929252624512	Nous espérons que	
1	708.4800000000026	1.0701382160186768		
1	709.4400000000027	1.2159464359283447	tout ce travail suscite	
1	710.4000000000027	1.0021741390228271	l'intérêt pour développer des	
1	711.3600000000027	0.9732210636138916		
1	712.3200000000028	1.2055270671844482		
1	713.2800000000028	1.2315993309020996		
1	714.2400000000029	1.30552339553833	modèles pratiques et fiables de récupération d'articles statutaires.	
1	715.2000000000029	0.9566960334777832		
1	716.1600000000029	1.1652050018310547	Qui peuvent aider à	
1	717.120000000003	1.074927806854248	améliorer l'accès à la	
1	718.080000000003	0.9780247211456299	justice pour tous.	
1	719.040000000003	0.9352328777313232	Vous pouvez	
1	720.0000000000031	1.1945455074310303	consulter notre	
1	720.9600000000031	1.1253852844238281	papier, jeu de données et code aux	
1	721.9200000000031	0.9184887409210205	liens suivants.	
1	722.0012500000031	0.39569830894470215	Merci.	
2	0.96	0.00010609626770019531		
2	1.92	0.03840374946594238		
2	2.88	0.43111753463745117	Ainsi, nous sommes heureux de présenter notre	
2	3.84	0.5235888957977295	travail sur	
2	4.8	0.35161542892456055	voyelles.	
2	5.76	0.3513190746307373	les voyelles, une tâche	voyelles.
2	6.72	0.3908665180206299	indépendante.	
2	7.68	0.28254151344299316	indépendante de référence.	indépendante.
2	8.64	0.402756929397583		indépendante de référence.
2	9.600000000000001	0.498138427734375	tester la vision.	
2	10.560000000000002	0.6625008583068848	de benchmark indépendant destinée à tester modèles de vision et de langage.	tester la vision.
2	11.520000000000003	0.4270598888397217	les modèles de vision et de modèles de vision et de langage avec	modèles de vision et de langage.
2	12.480000000000004	0.36448144912719727		modèles de vision et de langage avec
2	13.440000000000005	0.409531831741333	des langage avec des phénomènes linguistiques spécifiques.	
2	14.400000000000006	0.32990574836730957		langage avec des phénomènes linguistiques spécifiques.
2	15.360000000000007	0.22626829147338867	Pourquoi ?	
2	16.320000000000007	0.4237387180328369	avons-nous pris la peine ?	?
2	17.28000000000001	0.5467684268951416	peine de la mettre en place ?	?
2	18.24000000000001	0.41106510162353516	de ce benchmark ?	peine de la mettre en place ?
2	19.20000000000001	0.33065056800842285	mettre en place	ce benchmark ?
2	20.16000000000001	0.31158018112182617	Eh bien, pendant	
2	21.12000000000001	0.5448849201202393	l'année dernière,	pendant
2	22.080000000000013	0.44649600982666016	au cours années, nous avons	l'année dernière,
2	23.040000000000013	0.5589239597320557	des dernières années, nous avons constaté une explosion.	années, nous avons
2	24.000000000000014	0.33803248405456543	constaté une explosion de	années, nous avons constaté une explosion.
2	24.960000000000015	0.5152950286865234	avons-nous pris la peine de mettre en place ce benchmark ? Eh bien, au cours des dernières années, nous avons constaté une explosion des modèles basés sur les transformeurs.	de
2	25.920000000000016	0.635289192199707	et de langage basés sur les transformeurs.	avons-nous pris la peine de mettre en place ce benchmark ? Eh bien, au cours des dernières années, nous avons constaté une explosion des modèles basés sur les transformeurs.
2	26.880000000000017	0.6311256885528564	de modèles de vision transformeurs.	et de langage basés sur les transformeurs.
2	27.840000000000018	0.19160127639770508	années, nous avons constaté une explosion de modèles de vision et de langage basés sur les transformeurs.	transformeurs.
2	28.80000000000002	0.19258475303649902	spécifiques. Pourquoi avons-nous pris la peine de mettre en place ce benchmark ? Eh bien, au cours des dernières années, nous avons constaté une explosion de modèles de vision et de langage basés sur les transformeurs.	années, nous avons constaté une explosion de modèles de vision et de langage basés sur les transformeurs.
2	29.76000000000002	0.18805646896362305	de modèles de vision et de langage basés sur les transformeurs.	spécifiques. Pourquoi avons-nous pris la peine de mettre en place ce benchmark ? Eh bien, au cours des dernières années, nous avons constaté une explosion de modèles de vision et de langage basés sur les transformeurs.
2	30.72000000000002	1.0848164558410645	années, nous avons constaté une explosion de modèles de vision et de langage basés sur les transformateurs, pré-entraînés sur de grandes quantités de paires d'images et de texte.	de modèles de vision et de langage basés sur les transformeurs.
2	31.68000000000002	1.1464178562164307	modèles de vision et de langage basés sur les transformateurs, pré-entraînés sur de grandes quantités de paires d'images et de texte. Chacun d'eux	années, nous avons constaté une explosion de modèles de vision et de langage basés sur les transformateurs, pré-entraînés sur de grandes quantités de paires d'images et de texte.
2	32.64000000000002	0.4158210754394531	ces modèles.	modèles de vision et de langage basés sur les transformateurs, pré-entraînés sur de grandes quantités de paires d'images et de texte. Chacun d'eux
2	33.60000000000002	0.7437961101531982	Chaque l'un de ces modèles pousse l'état de l'art.	ces modèles.
2	34.560000000000024	0.5664091110229492	l'état de l'art sur	l'art.
2	35.520000000000024	0.5529916286468506	l'art et de texte. Chaque l'un de ces modèles pousse l'état de l'art en matière de vision et de langage.	l'état de l'art sur
2	36.480000000000025	0.5099925994873047	langage basés sur les transformateurs, pré-entraînés sur de grandes quantités de paires d'images et de texte. Chaque l'un de ces modèles pousse l'état de l'art sur les tâches de vision et de langage.	et de texte. Chaque l'un de ces modèles pousse l'état de l'art en matière de vision et de langage.
2	37.440000000000026	0.673041820526123	sur les tâches de vision et de transformateurs, pré-entraînés sur de grandes quantités de paires d'images et de texte. Chaque l'un de ces modèles pousse l'état de l'art sur les tâches de vision et de langage, telles que la vision.	langage basés sur les transformateurs, pré-entraînés sur de grandes quantités de paires d'images et de texte. Chaque l'un de ces modèles pousse l'état de l'art sur les tâches de vision et de langage.
2	38.40000000000003	0.5319538116455078	langage, telles que questions visuelles.	transformateurs, pré-entraînés sur de grandes quantités de paires d'images et de texte. Chaque l'un de ces modèles pousse l'état de l'art sur les tâches de vision et de langage, telles que la vision.
2	39.36000000000003	0.48363208770751953	réponse aux questions visuelles, la	questions visuelles.
2	40.32000000000003	0.7555384635925293	réponse aux questions visuel.	réponse aux questions visuelles, la
2	41.28000000000003	0.7259650230407715	visuel, l'image.	visuel.
2	42.24000000000003	0.9496669769287109	visuelles, le raisonnement commun sensuel visuel, récupération d'images, les phrases.	visuel, l'image.
2	43.20000000000003	0.662463903427124	la récupération phrases.	récupération d'images, les phrases.
2	44.16000000000003	0.7658429145812988	d'images et l'ancrage de Donc, nous avons obtenu	phrases.
2	45.12000000000003	0.4734385013580322	un message.	Donc, nous avons obtenu
2	46.080000000000034	0.5497257709503174	Nous avons donc reçu un message : les précisions	un message.
2	47.040000000000035	0.5496776103973389	l'état de l'art sur les tâches de vision et de langage, telles que la réponse aux questions visuelles, le raisonnement commun sensuel visuel, la récupération d'images et l'ancrage de phrases. Nous avons donc reçu un message : les précisions sur ces tâches.	
2	48.000000000000036	0.4939267635345459	sur ces phrases. Nous avons donc reçu un message : les précisions sur ces benchmarks spécifiques à la tâche.	l'état de l'art sur les tâches de vision et de langage, telles que la réponse aux questions visuelles, le raisonnement commun sensuel visuel, la récupération d'images et l'ancrage de phrases. Nous avons donc reçu un message : les précisions sur ces tâches.
2	48.960000000000036	0.490203857421875	benchmarks spécifiques récupération d'images et l'ancrage de phrases. Nous avons donc reçu un message : les précisions sur ces benchmarks spécifiques aux tâches sont augmentées.	phrases. Nous avons donc reçu un message : les précisions sur ces benchmarks spécifiques à la tâche.
2	49.92000000000004	0.43345046043395996	aux tâches régulièrement.	récupération d'images et l'ancrage de phrases. Nous avons donc reçu un message : les précisions sur ces benchmarks spécifiques aux tâches sont augmentées.
2	50.88000000000004	0.2854475975036621	augmentent	régulièrement.
2	51.84000000000004	0.4174621105194092	Mais nous avons-nous	
2	52.80000000000004	0.41234922409057617		nous avons-nous
2	53.76000000000004	0.6384997367858887	savons-nous ce que les modèles ont réellement appris ?	
2	54.72000000000004	0.49080872535705566	réellement appris ?	
2	55.68000000000004	0.14798307418823242		réellement appris ?
2	56.64000000000004	0.1408681869506836		
2	57.600000000000044	0.35039329528808594	Qu'est-ce qui	
2	58.560000000000045	0.6080164909362793	et l'ancrage de phrases. Nous avons donc reçu un message : les précisions sur ces benchmarks spécifiques aux tâches augmentent régulièrement. Mais savons-nous ce que les modèles ont réellement appris ? Qu'est-ce qu'un modèle de vision et de langage	qui
2	59.520000000000046	0.5681519508361816	qu'un comprend ?	et l'ancrage de phrases. Nous avons donc reçu un message : les précisions sur ces benchmarks spécifiques aux tâches augmentent régulièrement. Mais savons-nous ce que les modèles ont réellement appris ? Qu'est-ce qu'un modèle de vision et de langage
2	60.48000000000005	0.569195032119751	transformateur de vision et de langage compris ?	comprend ?
2	61.44000000000005	0.46020936965942383	comprend lorsqu'il est assigné ?	compris ?
2	62.40000000000005	0.4738612174987793	attribue une haute	est assigné ?
2	63.36000000000005	0.4977576732635498	score élevé pour cela ?	une haute
2	64.32000000000005	0.47972536087036133	un score élevé pour cette image ?	score élevé pour cela ?
2	65.28000000000004	0.42133021354675293	image et cette phrase ?	?
2	66.24000000000004	0.5711114406585693	et cette phrase ?	image et cette phrase ?
2	67.20000000000003	0.3692023754119873	afin de les faire correspondre	?
2	68.16000000000003	0.4797818660736084	un score faible pour quoi ?	
2	69.12000000000002	0.5034265518188477	Et un score faible pour pour celle-ci ?	un score faible pour quoi ?
2	70.08000000000001	0.2483844757080078		pour celle-ci ?
2	71.04	0.3121297359466553	vision	
2	72.0	0.609581470489502	langage, telles que la réponse aux questions visuelles, le raisonnement commun sensuel visuel, la récupération d'images et l'ancrage de phrases. Nous avons donc reçu un message : les précisions sur ces benchmarks spécifiques aux tâches augmentent régulièrement. Mais savons-nous ce que les modèles ont réellement appris ? Qu'est-ce qu'un transformateur de vision et de langage comprend lorsqu'il attribue un score élevé pour cette image et cette phrase afin de les faire correspondre ? Et un score faible pour celle-ci ? Les modèles de vision et de langage comprennent-ils	vision
2	72.96	0.6799962520599365	concentrent les modèles de vision et de langage ?	langage, telles que la réponse aux questions visuelles, le raisonnement commun sensuel visuel, la récupération d'images et l'ancrage de phrases. Nous avons donc reçu un message : les précisions sur ces benchmarks spécifiques aux tâches augmentent régulièrement. Mais savons-nous ce que les modèles ont réellement appris ? Qu'est-ce qu'un transformateur de vision et de langage comprend lorsqu'il attribue un score élevé pour cette image et cette phrase afin de les faire correspondre ? Et un score faible pour celle-ci ? Les modèles de vision et de langage comprennent-ils
2	73.91999999999999	0.8209631443023682	sur la bonne chose ?	concentrent les modèles de vision et de langage ?
2	74.87999999999998	0.9172964096069336	Les modèles de vision et de langage se concentrent-ils sur la bonne concentrent-ils sur la bonne chose, ou non ?	sur la bonne chose ?
2	75.83999999999997	0.5870585441589355	chose, ou concentrent-ils sur	concentrent-ils sur la bonne chose, ou non ?
2	76.79999999999997	0.5783407688140869	se biais ?	concentrent-ils sur
2	77.75999999999996	0.6656758785247803	des biais, comme l'ont montré les précédents ?	biais ?
2	78.71999999999996	0.6587579250335693	travaux précédents ?	précédents ?
2	79.67999999999995	0.291248083114624		
2	80.63999999999994	0.39751482009887695	Pour jeter plus	travaux précédents ?
2	81.59999999999994	0.6343576908111572	lumière sur cet aspect ?	
2	82.55999999999993	0.5225310325622559	de lumière sur cet aspect, nous	lumière sur cet aspect ?
2	83.51999999999992	0.5340926647186279	plus	
2	84.47999999999992	0.5156817436218262	proposons	plus
2	85.43999999999991	0.748969316482544	une tâche plus tâche plus agnostique par rapport à la tâche.	
2	86.3999999999999	0.48647570610046387	agnostique.	tâche plus agnostique par rapport à la tâche.
2	87.3599999999999	0.5724258422851562	afin de les faire correspondre ? Et un score faible pour celle-ci ? Les modèles de vision et de langage se concentrent-ils sur la bonne chose, ou se concentrent-ils sur des biais, comme l'ont montré les travaux précédents ? Pour jeter plus de lumière sur cet aspect, nous proposons une tâche plus agnostique et introduisons.	agnostique.
2	88.3199999999999	0.6512730121612549	agnostique et introduisons des valves qui	afin de les faire correspondre ? Et un score faible pour celle-ci ? Les modèles de vision et de langage se concentrent-ils sur la bonne chose, ou se concentrent-ils sur des biais, comme l'ont montré les travaux précédents ? Pour jeter plus de lumière sur cet aspect, nous proposons une tâche plus agnostique et introduisons.
2	89.27999999999989	0.615715742111206	les	
2	90.23999999999988	0.547619104385376	testent sensibilité de	les
2	91.19999999999987	0.6633899211883545	la langage.	sensibilité de
2	92.15999999999987	0.618981122970581	la vision et langage.	langage.
2	93.11999999999986	0.673224687576294	des modèles de spécificités.	langage.
2	94.07999999999986	0.6215898990631104	langage spécifiques.	spécificités.
2	95.03999999999985	0.5922777652740479	aux phénomènes linguistiques langage se concentrent-ils sur la bonne chose, ou se concentrent-ils sur des biais, comme l'ont montré les travaux précédents ? Pour jeter plus de lumière sur cet aspect, nous proposons une tâche plus agnostique et introduisons des valves qui testent la sensibilité de la vision et des modèles de langage aux phénomènes linguistiques spécifiques.	spécifiques.
2	95.99999999999984	0.3510582447052002	spécifiques.	langage se concentrent-ils sur la bonne chose, ou se concentrent-ils sur des biais, comme l'ont montré les travaux précédents ? Pour jeter plus de lumière sur cet aspect, nous proposons une tâche plus agnostique et introduisons des valves qui testent la sensibilité de la vision et des modèles de langage aux phénomènes linguistiques spécifiques.
2	96.95999999999984	0.3809652328491211	Les modèles de vision et de langage se concentrent-ils sur la bonne chose, ou se concentrent-ils sur des biais, comme l'ont montré les travaux précédents ? Pour jeter plus de lumière sur cet aspect, nous proposons une tâche plus agnostique et introduisons des valves qui testent la sensibilité de la vision et des modèles de langage aux phénomènes linguistiques spécifiques.	spécifiques.
2	97.91999999999983	0.34861111640930176	linguistiques spécifiques.	Les modèles de vision et de langage se concentrent-ils sur la bonne chose, ou se concentrent-ils sur des biais, comme l'ont montré les travaux précédents ? Pour jeter plus de lumière sur cet aspect, nous proposons une tâche plus agnostique et introduisons des valves qui testent la sensibilité de la vision et des modèles de langage aux phénomènes linguistiques spécifiques.
2	98.87999999999982	1.0192742347717285	visuelles.	linguistiques spécifiques.
2	99.83999999999982	0.729762077331543	linguistiques spécifiques qui affectent à la fois les modalités linguistiques et	visuelles.
2	100.79999999999981	0.15239763259887695		
2	101.7599999999998	0.6233501434326172	l'existence.	
2	102.7199999999998	0.7877380847930908	Nous ciblons biais, comme l'ont montré les travaux précédents ? Pour jeter plus de lumière sur cet aspect, nous proposons une tâche plus agnostique et introduisons des valves qui testent la sensibilité de la vision et des modèles de langage aux phénomènes linguistiques spécifiques qui affectent à la fois les modalités linguistiques et visuelles. Nous ciblons l'existence, la pluriel,	l'existence.
2	103.6799999999998	0.9392051696777344	concentrent-ils sur des biais, comme l'ont montré les travaux précédents ? Pour jeter plus de lumière sur cet aspect, nous proposons une tâche plus agnostique et introduisons des valves qui testent la sensibilité de la vision et des modèles de langage aux phénomènes linguistiques spécifiques qui affectent à la fois les modalités linguistiques et visuelles. Nous ciblons l'existence, la pluriel, le comptage et l'espace.	biais, comme l'ont montré les travaux précédents ? Pour jeter plus de lumière sur cet aspect, nous proposons une tâche plus agnostique et introduisons des valves qui testent la sensibilité de la vision et des modèles de langage aux phénomènes linguistiques spécifiques qui affectent à la fois les modalités linguistiques et visuelles. Nous ciblons l'existence, la pluriel,
2	104.63999999999979	0.6562678813934326	le comptage et relations spatiales.	concentrent-ils sur des biais, comme l'ont montré les travaux précédents ? Pour jeter plus de lumière sur cet aspect, nous proposons une tâche plus agnostique et introduisons des valves qui testent la sensibilité de la vision et des modèles de langage aux phénomènes linguistiques spécifiques qui affectent à la fois les modalités linguistiques et visuelles. Nous ciblons l'existence, la pluriel, le comptage et l'espace.
2	105.59999999999978	0.7738583087921143	les relations relations spatiales, les actions et l'énergie.	relations spatiales.
2	106.55999999999977	0.8842809200286865	spatiales, les actions et co-référence d'entités.	relations spatiales, les actions et l'énergie.
2	107.51999999999977	0.6380393505096436	d'entités.	co-référence d'entités.
2	108.47999999999976	0.9892809391021729	co-référence d'entités. Mais comment procédons-nous pour tester ?	d'entités.
2	109.43999999999976	0.9837319850921631	la co-référence d'entités. Mais comment la sensibilité de la vision et des modèles de langage aux phénomènes linguistiques spécifiques qui affectent à la fois les modalités linguistiques et visuelles. Nous ciblons l'existence, la pluriel, le comptage et les relations spatiales, les actions et la co-référence d'entités. Mais comment testons-nous si la	co-référence d'entités. Mais comment procédons-nous pour tester ?
2	110.39999999999975	0.8219420909881592	testons-nous si ? Pour jeter plus de lumière sur cet aspect, nous proposons une tâche plus agnostique et introduisons des valves qui testent la sensibilité de la vision et des modèles de langage aux phénomènes linguistiques spécifiques qui affectent à la fois les modalités linguistiques et visuelles. Nous ciblons l'existence, la pluriel, le comptage et les relations spatiales, les actions et la co-référence d'entités. Mais comment testons-nous si les modèles de vision et de langage ?	la sensibilité de la vision et des modèles de langage aux phénomènes linguistiques spécifiques qui affectent à la fois les modalités linguistiques et visuelles. Nous ciblons l'existence, la pluriel, le comptage et les relations spatiales, les actions et la co-référence d'entités. Mais comment testons-nous si la
2	111.35999999999974	0.745990514755249	les modèles de vision et de langage modèles de langage aux phénomènes linguistiques spécifiques qui affectent à la fois les modalités linguistiques et visuelles. Nous ciblons l'existence, la pluriel, le comptage et les relations spatiales, les actions et la co-référence d'entités. Mais comment testons-nous si les modèles de vision et de langage ont capturé ?	? Pour jeter plus de lumière sur cet aspect, nous proposons une tâche plus agnostique et introduisons des valves qui testent la sensibilité de la vision et des modèles de langage aux phénomènes linguistiques spécifiques qui affectent à la fois les modalités linguistiques et visuelles. Nous ciblons l'existence, la pluriel, le comptage et les relations spatiales, les actions et la co-référence d'entités. Mais comment testons-nous si les modèles de vision et de langage ?
2	112.31999999999974	0.5929553508758545	ont capturé testent la sensibilité de la vision et des modèles de langage aux phénomènes linguistiques spécifiques qui affectent à la fois les modalités linguistiques et visuelles. Nous ciblons l'existence, la pluriel, le comptage et les relations spatiales, les actions et la co-référence d'entités. Mais comment testons-nous si les modèles de vision et de langage ont capturé ces phénomènes ?	modèles de langage aux phénomènes linguistiques spécifiques qui affectent à la fois les modalités linguistiques et visuelles. Nous ciblons l'existence, la pluriel, le comptage et les relations spatiales, les actions et la co-référence d'entités. Mais comment testons-nous si les modèles de vision et de langage ont capturé ?
2	113.27999999999973	0.29241275787353516		testent la sensibilité de la vision et des modèles de langage aux phénomènes linguistiques spécifiques qui affectent à la fois les modalités linguistiques et visuelles. Nous ciblons l'existence, la pluriel, le comptage et les relations spatiales, les actions et la co-référence d'entités. Mais comment testons-nous si les modèles de vision et de langage ont capturé ces phénomènes ?
2	114.23999999999972	0.3946857452392578	Par	
2	115.19999999999972	0.5263419151306152	FOILant.	Par
2	116.15999999999971	0.7186591625213623	FOILing, une méthode précédemment.	FOILant.
2	117.1199999999997	0.833000659942627	Par FOILing, une méthode pour.	FOILing, une méthode précédemment.
2	118.0799999999997	0.7942445278167725	précédemment appliquée vision et des modèles de langage aux phénomènes linguistiques spécifiques qui affectent à la fois les modalités linguistiques et visuelles. Nous ciblons l'existence, la pluriel, le comptage et les relations spatiales, les actions et la co-référence d'entités. Mais comment testons-nous si les modèles de vision et de langage ont capturé ces phénomènes ? Par FOILing, une méthode précédemment appliquée aux modèles de vision et de langage.	pour.
2	119.0399999999997	0.6798303127288818	modèles de langage aux phénomènes linguistiques spécifiques qui affectent à la fois les modalités linguistiques et visuelles. Nous ciblons l'existence, la pluriel, le comptage et les relations spatiales, les actions et la co-référence d'entités. Mais comment testons-nous si les modèles de vision et de langage ont capturé ces phénomènes ? Par FOILing, une méthode précédemment appliquée uniquement aux modèles de vision et de langage.	vision et des modèles de langage aux phénomènes linguistiques spécifiques qui affectent à la fois les modalités linguistiques et visuelles. Nous ciblons l'existence, la pluriel, le comptage et les relations spatiales, les actions et la co-référence d'entités. Mais comment testons-nous si les modèles de vision et de langage ont capturé ces phénomènes ? Par FOILing, une méthode précédemment appliquée aux modèles de vision et de langage.
2	119.99999999999969	0.8282406330108643	uniquement co-référence d'entités. Mais comment testons-nous si les modèles de vision et de langage ont capturé ces phénomènes ? Par FOILing, une méthode précédemment appliquée uniquement pour les modèles de vision et de langage non-cadrés.	modèles de langage aux phénomènes linguistiques spécifiques qui affectent à la fois les modalités linguistiques et visuelles. Nous ciblons l'existence, la pluriel, le comptage et les relations spatiales, les actions et la co-référence d'entités. Mais comment testons-nous si les modèles de vision et de langage ont capturé ces phénomènes ? Par FOILing, une méthode précédemment appliquée uniquement aux modèles de vision et de langage.
2	120.95999999999968	0.9644286632537842	pour les modèles de vision et de langage Raviche.	co-référence d'entités. Mais comment testons-nous si les modèles de vision et de langage ont capturé ces phénomènes ? Par FOILing, une méthode précédemment appliquée uniquement pour les modèles de vision et de langage non-cadrés.
2	121.91999999999967	0.8453001976013184	pour les groupes nominaux par Ravi Shekhar, et	Raviche.
2	122.87999999999967	0.701014518737793	d'entités. Mais comment testons-nous si les modèles de vision et de langage ont capturé ces phénomènes ? Par FOILing, une méthode précédemment appliquée uniquement pour les modèles de vision et de langage pour les groupes nominaux par Ravi Shekhar et ses collaborateurs.	Shekhar, et
2	123.83999999999966	0.8336865901947021	Shekhar et ses affectent à la fois les modalités linguistiques et visuelles. Nous ciblons l'existence, la pluriel, le comptage et les relations spatiales, les actions et la co-référence d'entités. Mais comment testons-nous si les modèles de vision et de langage ont capturé ces phénomènes ? Par FOILing, une méthode précédemment appliquée uniquement pour les modèles de vision et de langage pour les groupes nominaux par Ravi Shekhar et ses collaborateurs, et sur le comptage.	d'entités. Mais comment testons-nous si les modèles de vision et de langage ont capturé ces phénomènes ? Par FOILing, une méthode précédemment appliquée uniquement pour les modèles de vision et de langage pour les groupes nominaux par Ravi Shekhar et ses collaborateurs.
2	124.79999999999966	0.7333879470825195	collaborateurs, et affectent à la fois les modalités linguistiques et visuelles. Nous ciblons l'existence, la pluriel, le comptage et les relations spatiales, les actions et la co-référence d'entités. Mais comment testons-nous si les modèles de vision et de langage ont capturé ces phénomènes ? Par FOILing, une méthode précédemment appliquée uniquement pour les modèles de vision et de langage pour les groupes nominaux par Ravi Shekhar et ses collaborateurs, et pour le comptage en utilisant.	affectent à la fois les modalités linguistiques et visuelles. Nous ciblons l'existence, la pluriel, le comptage et les relations spatiales, les actions et la co-référence d'entités. Mais comment testons-nous si les modèles de vision et de langage ont capturé ces phénomènes ? Par FOILing, une méthode précédemment appliquée uniquement pour les modèles de vision et de langage pour les groupes nominaux par Ravi Shekhar et ses collaborateurs, et sur le comptage.
2	125.75999999999965	0.8038349151611328	pour le comptage précédents ? Pour jeter plus de lumière sur cet aspect, nous proposons une tâche plus agnostique et introduisons des valves qui testent la sensibilité de la vision et des modèles de langage aux phénomènes linguistiques spécifiques qui affectent à la fois les modalités linguistiques et visuelles. Nous ciblons l'existence, la pluriel, le comptage et les relations spatiales, les actions et la co-référence d'entités. Mais comment testons-nous si les modèles de vision et de langage ont capturé ces phénomènes ? Par FOILing, une méthode précédemment appliquée uniquement pour les modèles de vision et de langage pour les groupes nominaux par Ravi Shekhar et ses collaborateurs, et pour le comptage par nous dans des travaux précédents.	affectent à la fois les modalités linguistiques et visuelles. Nous ciblons l'existence, la pluriel, le comptage et les relations spatiales, les actions et la co-référence d'entités. Mais comment testons-nous si les modèles de vision et de langage ont capturé ces phénomènes ? Par FOILing, une méthode précédemment appliquée uniquement pour les modèles de vision et de langage pour les groupes nominaux par Ravi Shekhar et ses collaborateurs, et pour le comptage en utilisant.
2	126.71999999999964	0.43761539459228516		précédents ? Pour jeter plus de lumière sur cet aspect, nous proposons une tâche plus agnostique et introduisons des valves qui testent la sensibilité de la vision et des modèles de langage aux phénomènes linguistiques spécifiques qui affectent à la fois les modalités linguistiques et visuelles. Nous ciblons l'existence, la pluriel, le comptage et les relations spatiales, les actions et la co-référence d'entités. Mais comment testons-nous si les modèles de vision et de langage ont capturé ces phénomènes ? Par FOILing, une méthode précédemment appliquée uniquement pour les modèles de vision et de langage pour les groupes nominaux par Ravi Shekhar et ses collaborateurs, et pour le comptage par nous dans des travaux précédents.
2	127.67999999999964	0.566295862197876		
2	128.63999999999965	0.6806278228759766	nous	
2	129.59999999999965	0.8990004062652588	FOILer signifie essentiellement que l'existence, la pluriel, le comptage et les relations spatiales, les actions et la co-référence d'entités. Mais comment testons-nous si les modèles de vision et de langage ont capturé ces phénomènes ? Par FOILing, une méthode précédemment appliquée uniquement pour les modèles de vision et de langage pour les groupes nominaux par Ravi Shekhar et ses collaborateurs, et pour le comptage par nous dans des travaux précédents. FOILer signifie essentiellement que nous prenons la légende.	nous
2	130.55999999999966	0.7212185859680176	prenons la d'une image.	l'existence, la pluriel, le comptage et les relations spatiales, les actions et la co-référence d'entités. Mais comment testons-nous si les modèles de vision et de langage ont capturé ces phénomènes ? Par FOILing, une méthode précédemment appliquée uniquement pour les modèles de vision et de langage pour les groupes nominaux par Ravi Shekhar et ses collaborateurs, et pour le comptage par nous dans des travaux précédents. FOILer signifie essentiellement que nous prenons la légende.
2	131.51999999999967	0.7163717746734619	légende d'une image et produisons.	d'une image.
2	132.47999999999968	0.653109073638916	un foil.	produisons.
2	133.43999999999969	0.6718618869781494	produisons un par Ravi Shekhar et ses collaborateurs, et pour le comptage par nous dans des travaux précédents. FOILer signifie essentiellement que nous prenons la légende d'une image et produisons un FOIL alternatif.	un foil.
2	134.3999999999997	0.6886396408081055	la légende.	par Ravi Shekhar et ses collaborateurs, et pour le comptage par nous dans des travaux précédents. FOILer signifie essentiellement que nous prenons la légende d'une image et produisons un FOIL alternatif.
2	135.3599999999997	0.4293186664581299	foil en modifiant	la légende.
2	136.3199999999997	0.5557436943054199	sorte qu'il	
2	137.27999999999972	0.7777447700500488	De sorte ne s'affiche pas.	sorte qu'il
2	138.23999999999972	0.7013034820556641	qu'elle ne l'image.	ne s'affiche pas.
2	139.19999999999973	0.5957436561584473	décrit l'image.	l'image.
2	140.15999999999974	0.7614033222198486	plus Et nous faisons cela.	l'image.
2	141.11999999999975	0.792290210723877	d'entités. Mais comment testons-nous si les modèles de vision et de langage ont capturé ces phénomènes ? Par FOILing, une méthode précédemment appliquée uniquement pour les modèles de vision et de langage pour les groupes nominaux par Ravi Shekhar et ses collaborateurs, et pour le comptage par nous dans des travaux précédents. FOILer signifie essentiellement que nous prenons la légende d'une image et produisons un foil en modifiant la légende. De sorte qu'elle ne décrit plus l'image. Et nous effectuons ces altérations de phrases.	faisons cela.
2	142.07999999999976	0.8513267040252686	effectuons ces altérations de	d'entités. Mais comment testons-nous si les modèles de vision et de langage ont capturé ces phénomènes ? Par FOILing, une méthode précédemment appliquée uniquement pour les modèles de vision et de langage pour les groupes nominaux par Ravi Shekhar et ses collaborateurs, et pour le comptage par nous dans des travaux précédents. FOILer signifie essentiellement que nous prenons la légende d'une image et produisons un foil en modifiant la légende. De sorte qu'elle ne décrit plus l'image. Et nous effectuons ces altérations de phrases.
2	143.03999999999976	0.7352724075317383	phrases en nous	
2	143.99999999999977	0.673722505569458	concentrant sur six spécifiques qui affectent à la fois les modalités linguistiques et visuelles. Nous ciblons l'existence, la pluriel, le comptage et les relations spatiales, les actions et la co-référence d'entités. Mais comment testons-nous si les modèles de vision et de langage ont capturé ces phénomènes ? Par FOILing, une méthode précédemment appliquée uniquement pour les modèles de vision et de langage pour les groupes nominaux par Ravi Shekhar et ses collaborateurs, et pour le comptage par nous dans des travaux précédents. FOILer signifie essentiellement que nous prenons la légende d'une image et produisons un foil en modifiant la légende. De sorte qu'elle ne décrit plus l'image. Et nous effectuons ces altérations de phrases en nous concentrant sur six éléments spécifiques.	
2	144.95999999999978	0.6399726867675781	éléments	spécifiques qui affectent à la fois les modalités linguistiques et visuelles. Nous ciblons l'existence, la pluriel, le comptage et les relations spatiales, les actions et la co-référence d'entités. Mais comment testons-nous si les modèles de vision et de langage ont capturé ces phénomènes ? Par FOILing, une méthode précédemment appliquée uniquement pour les modèles de vision et de langage pour les groupes nominaux par Ravi Shekhar et ses collaborateurs, et pour le comptage par nous dans des travaux précédents. FOILer signifie essentiellement que nous prenons la légende d'une image et produisons un foil en modifiant la légende. De sorte qu'elle ne décrit plus l'image. Et nous effectuons ces altérations de phrases en nous concentrant sur six éléments spécifiques.
2	145.9199999999998	0.7015273571014404	spécifiques, tels l'existence, la pluriel, le comptage et les relations spatiales, les actions et la co-référence d'entités. Mais comment testons-nous si les modèles de vision et de langage ont capturé ces phénomènes ? Par FOILing, une méthode précédemment appliquée uniquement pour les modèles de vision et de langage pour les groupes nominaux par Ravi Shekhar et ses collaborateurs, et pour le comptage par nous dans des travaux précédents. FOILer signifie essentiellement que nous prenons la légende d'une image et produisons un foil en modifiant la légende. De sorte qu'elle ne décrit plus l'image. Et nous effectuons ces altérations de phrases en nous concentrant sur six éléments spécifiques, tels que l'existence.	
2	146.8799999999998	0.7834880352020264	que l'existence, la pluriel, le comptage et les relations spatiales, les actions et la co-référence d'entités. Mais comment testons-nous si les modèles de vision et de langage ont capturé ces phénomènes ? Par FOILing, une méthode précédemment appliquée uniquement pour les modèles de vision et de langage pour les groupes nominaux par Ravi Shekhar et ses collaborateurs, et pour le comptage par nous dans des travaux précédents. FOILer signifie essentiellement que nous prenons la légende d'une image et produisons un foil en modifiant la légende. De sorte qu'elle ne décrit plus l'image. Et nous effectuons ces altérations de phrases en nous concentrant sur six éléments spécifiques, tels que l'existence et le pluriel.	l'existence, la pluriel, le comptage et les relations spatiales, les actions et la co-référence d'entités. Mais comment testons-nous si les modèles de vision et de langage ont capturé ces phénomènes ? Par FOILing, une méthode précédemment appliquée uniquement pour les modèles de vision et de langage pour les groupes nominaux par Ravi Shekhar et ses collaborateurs, et pour le comptage par nous dans des travaux précédents. FOILer signifie essentiellement que nous prenons la légende d'une image et produisons un foil en modifiant la légende. De sorte qu'elle ne décrit plus l'image. Et nous effectuons ces altérations de phrases en nous concentrant sur six éléments spécifiques, tels que l'existence.
2	147.8399999999998	0.8673396110534668	l'existence, la pluriel, le comptage et les relations spatiales, les actions et la co-référence d'entités. Mais comment testons-nous si les modèles de vision et de langage ont capturé ces phénomènes ? Par FOILing, une méthode précédemment appliquée uniquement pour les modèles de vision et de langage pour les groupes nominaux par Ravi Shekhar et ses collaborateurs, et pour le comptage par nous dans des travaux précédents. FOILer signifie essentiellement que nous prenons la légende d'une image et produisons un foil en modifiant la légende. De sorte qu'elle ne décrit plus l'image. Et nous effectuons ces altérations de phrases en nous concentrant sur six éléments spécifiques, tels que l'existence, le pluriel et le comptage.	l'existence, la pluriel, le comptage et les relations spatiales, les actions et la co-référence d'entités. Mais comment testons-nous si les modèles de vision et de langage ont capturé ces phénomènes ? Par FOILing, une méthode précédemment appliquée uniquement pour les modèles de vision et de langage pour les groupes nominaux par Ravi Shekhar et ses collaborateurs, et pour le comptage par nous dans des travaux précédents. FOILer signifie essentiellement que nous prenons la légende d'une image et produisons un foil en modifiant la légende. De sorte qu'elle ne décrit plus l'image. Et nous effectuons ces altérations de phrases en nous concentrant sur six éléments spécifiques, tels que l'existence et le pluriel.
2	148.7999999999998	1.029158592224121	le relations spatiales, les actions et la co-référence d'entités. Mais comment testons-nous si les modèles de vision et de langage ont capturé ces phénomènes ? Par FOILing, une méthode précédemment appliquée uniquement pour les modèles de vision et de langage pour les groupes nominaux par Ravi Shekhar et ses collaborateurs, et pour le comptage par nous dans des travaux précédents. FOILer signifie essentiellement que nous prenons la légende d'une image et produisons un foil en modifiant la légende. De sorte qu'elle ne décrit plus l'image. Et nous effectuons ces altérations de phrases en nous concentrant sur six éléments spécifiques, tels que l'existence, le pluriel, le comptage et les relations spatiales.	la pluriel, le comptage et les relations spatiales, les actions et la co-référence d'entités. Mais comment testons-nous si les modèles de vision et de langage ont capturé ces phénomènes ? Par FOILing, une méthode précédemment appliquée uniquement pour les modèles de vision et de langage pour les groupes nominaux par Ravi Shekhar et ses collaborateurs, et pour le comptage par nous dans des travaux précédents. FOILer signifie essentiellement que nous prenons la légende d'une image et produisons un foil en modifiant la légende. De sorte qu'elle ne décrit plus l'image. Et nous effectuons ces altérations de phrases en nous concentrant sur six éléments spécifiques, tels que l'existence, le pluriel et le comptage.
2	149.75999999999982	0.9859888553619385	pluriel, le relations spatiales, les actions et la co-référence d'entités. Mais comment testons-nous si les modèles de vision et de langage ont capturé ces phénomènes ? Par FOILing, une méthode précédemment appliquée uniquement pour les modèles de vision et de langage pour les groupes nominaux par Ravi Shekhar et ses collaborateurs, et pour le comptage par nous dans des travaux précédents. FOILer signifie essentiellement que nous prenons la légende d'une image et produisons un foil en modifiant la légende. De sorte qu'elle ne décrit plus l'image. Et nous effectuons ces altérations de phrases en nous concentrant sur six éléments spécifiques, tels que l'existence, le pluriel, le comptage, les relations spatiales et les actions.	relations spatiales, les actions et la co-référence d'entités. Mais comment testons-nous si les modèles de vision et de langage ont capturé ces phénomènes ? Par FOILing, une méthode précédemment appliquée uniquement pour les modèles de vision et de langage pour les groupes nominaux par Ravi Shekhar et ses collaborateurs, et pour le comptage par nous dans des travaux précédents. FOILer signifie essentiellement que nous prenons la légende d'une image et produisons un foil en modifiant la légende. De sorte qu'elle ne décrit plus l'image. Et nous effectuons ces altérations de phrases en nous concentrant sur six éléments spécifiques, tels que l'existence, le pluriel, le comptage et les relations spatiales.
2	150.71999999999983	0.9528672695159912	comptage, les relations	relations spatiales, les actions et la co-référence d'entités. Mais comment testons-nous si les modèles de vision et de langage ont capturé ces phénomènes ? Par FOILing, une méthode précédemment appliquée uniquement pour les modèles de vision et de langage pour les groupes nominaux par Ravi Shekhar et ses collaborateurs, et pour le comptage par nous dans des travaux précédents. FOILer signifie essentiellement que nous prenons la légende d'une image et produisons un foil en modifiant la légende. De sorte qu'elle ne décrit plus l'image. Et nous effectuons ces altérations de phrases en nous concentrant sur six éléments spécifiques, tels que l'existence, le pluriel, le comptage, les relations spatiales et les actions.
2	151.67999999999984	0.9746580123901367	spatiales, les actions et co-référence d'entités. Mais comment testons-nous si les modèles de vision et de langage ont capturé ces phénomènes ? Par FOILing, une méthode précédemment appliquée uniquement pour les modèles de vision et de langage pour les groupes nominaux par Ravi Shekhar et ses collaborateurs, et pour le comptage par nous dans des travaux précédents. FOILer signifie essentiellement que nous prenons la légende d'une image et produisons un foil en modifiant la légende. De sorte qu'elle ne décrit plus l'image. Et nous effectuons ces altérations de phrases en nous concentrant sur six éléments spécifiques, tels que l'existence, le pluriel, le comptage, les relations spatiales, les actions et la co-référence d'entités.	
2	152.63999999999984	0.8797698020935059	la co-référence spatiales, les actions et la co-référence d'entités. Mais comment testons-nous si les modèles de vision et de langage ont capturé ces phénomènes ? Par FOILing, une méthode précédemment appliquée uniquement pour les modèles de vision et de langage pour les groupes nominaux par Ravi Shekhar et ses collaborateurs, et pour le comptage par nous dans des travaux précédents. FOILer signifie essentiellement que nous prenons la légende d'une image et produisons un foil en modifiant la légende. De sorte qu'elle ne décrit plus l'image. Et nous effectuons ces altérations de phrases en nous concentrant sur six éléments spécifiques, tels que l'existence, le pluriel, le comptage, les relations spatiales, les actions et la co-référence d'entités, où chaque élément	co-référence d'entités. Mais comment testons-nous si les modèles de vision et de langage ont capturé ces phénomènes ? Par FOILing, une méthode précédemment appliquée uniquement pour les modèles de vision et de langage pour les groupes nominaux par Ravi Shekhar et ses collaborateurs, et pour le comptage par nous dans des travaux précédents. FOILer signifie essentiellement que nous prenons la légende d'une image et produisons un foil en modifiant la légende. De sorte qu'elle ne décrit plus l'image. Et nous effectuons ces altérations de phrases en nous concentrant sur six éléments spécifiques, tels que l'existence, le pluriel, le comptage, les relations spatiales, les actions et la co-référence d'entités.
2	153.59999999999985	0.8372969627380371		spatiales, les actions et la co-référence d'entités. Mais comment testons-nous si les modèles de vision et de langage ont capturé ces phénomènes ? Par FOILing, une méthode précédemment appliquée uniquement pour les modèles de vision et de langage pour les groupes nominaux par Ravi Shekhar et ses collaborateurs, et pour le comptage par nous dans des travaux précédents. FOILer signifie essentiellement que nous prenons la légende d'une image et produisons un foil en modifiant la légende. De sorte qu'elle ne décrit plus l'image. Et nous effectuons ces altérations de phrases en nous concentrant sur six éléments spécifiques, tels que l'existence, le pluriel, le comptage, les relations spatiales, les actions et la co-référence d'entités, où chaque élément
2	154.55999999999986	0.6479642391204834	peut de vision et de langage pour les groupes nominaux par Ravi Shekhar et ses collaborateurs, et pour le comptage par nous dans des travaux précédents. FOILer signifie essentiellement que nous prenons la légende d'une image et produisons un foil en modifiant la légende. De sorte qu'elle ne décrit plus l'image. Et nous effectuons ces altérations de phrases en nous concentrant sur six éléments spécifiques, tels que l'existence, le pluriel, le comptage, les relations spatiales, les actions et la co-référence d'entités, où chaque élément peut consister en un.	
2	155.51999999999987	0.7030606269836426	consister en précédents. FOILer signifie essentiellement que nous prenons la légende d'une image et produisons un foil en modifiant la légende. De sorte qu'elle ne décrit plus l'image. Et nous effectuons ces altérations de phrases en nous concentrant sur six éléments spécifiques, tels que l'existence, le pluriel, le comptage, les relations spatiales, les actions et la co-référence d'entités, où chaque élément peut consister en une ou plusieurs instances.	de vision et de langage pour les groupes nominaux par Ravi Shekhar et ses collaborateurs, et pour le comptage par nous dans des travaux précédents. FOILer signifie essentiellement que nous prenons la légende d'une image et produisons un foil en modifiant la légende. De sorte qu'elle ne décrit plus l'image. Et nous effectuons ces altérations de phrases en nous concentrant sur six éléments spécifiques, tels que l'existence, le pluriel, le comptage, les relations spatiales, les actions et la co-référence d'entités, où chaque élément peut consister en un.
2	156.47999999999988	0.6144027709960938	phrases. Nous avons donc reçu un message : les précisions sur ces benchmarks spécifiques aux tâches augmentent régulièrement. Mais savons-nous ce que les modèles ont réellement appris ? Qu'est-ce qu'un transformateur de vision et de langage comprend lorsqu'il attribue un score élevé pour cette image et cette phrase afin de les faire correspondre ? Et un score faible pour celle-ci ? Les modèles de vision et de langage se concentrent-ils sur la bonne chose, ou se concentrent-ils sur des biais, comme l'ont montré les travaux précédents ? Pour jeter plus de lumière sur cet aspect, nous proposons une tâche plus agnostique et introduisons des valves qui testent la sensibilité de la vision et des modèles de langage aux phénomènes linguistiques spécifiques qui affectent à la fois les modalités linguistiques et visuelles. Nous ciblons l'existence, la pluriel, le comptage et les relations spatiales, les actions et la co-référence d'entités. Mais comment testons-nous si les modèles de vision et de langage ont capturé ces phénomènes ? Par FOILing, une méthode précédemment appliquée uniquement pour les modèles de vision et de langage pour les groupes nominaux par Ravi Shekhar et ses collaborateurs, et pour le comptage par nous dans des travaux précédents. FOILer signifie essentiellement que nous prenons la légende d'une image et produisons un foil en modifiant la légende. De sorte qu'elle ne décrit plus l'image. Et nous effectuons ces altérations de phrases en nous concentrant sur six éléments spécifiques, tels que l'existence, le pluriel, le comptage, les relations spatiales, les actions et la co-référence d'entités, où chaque élément peut consister en un ou plusieurs instruments.	précédents. FOILer signifie essentiellement que nous prenons la légende d'une image et produisons un foil en modifiant la légende. De sorte qu'elle ne décrit plus l'image. Et nous effectuons ces altérations de phrases en nous concentrant sur six éléments spécifiques, tels que l'existence, le pluriel, le comptage, les relations spatiales, les actions et la co-référence d'entités, où chaque élément peut consister en une ou plusieurs instances.
2	157.43999999999988	0.9510905742645264	dans des travaux précédents. FOILer signifie essentiellement que nous prenons la légende d'une image et produisons un foil en modifiant la légende. De sorte qu'elle ne décrit plus l'image. Et nous effectuons ces altérations de phrases en nous concentrant sur six éléments spécifiques, tels que l'existence, le pluriel, le comptage, les relations spatiales, les actions et la co-référence d'entités, où chaque élément peut consister en un ou plusieurs instruments. Dans le cas où nous en trouvons plus.	phrases. Nous avons donc reçu un message : les précisions sur ces benchmarks spécifiques aux tâches augmentent régulièrement. Mais savons-nous ce que les modèles ont réellement appris ? Qu'est-ce qu'un transformateur de vision et de langage comprend lorsqu'il attribue un score élevé pour cette image et cette phrase afin de les faire correspondre ? Et un score faible pour celle-ci ? Les modèles de vision et de langage se concentrent-ils sur la bonne chose, ou se concentrent-ils sur des biais, comme l'ont montré les travaux précédents ? Pour jeter plus de lumière sur cet aspect, nous proposons une tâche plus agnostique et introduisons des valves qui testent la sensibilité de la vision et des modèles de langage aux phénomènes linguistiques spécifiques qui affectent à la fois les modalités linguistiques et visuelles. Nous ciblons l'existence, la pluriel, le comptage et les relations spatiales, les actions et la co-référence d'entités. Mais comment testons-nous si les modèles de vision et de langage ont capturé ces phénomènes ? Par FOILing, une méthode précédemment appliquée uniquement pour les modèles de vision et de langage pour les groupes nominaux par Ravi Shekhar et ses collaborateurs, et pour le comptage par nous dans des travaux précédents. FOILer signifie essentiellement que nous prenons la légende d'une image et produisons un foil en modifiant la légende. De sorte qu'elle ne décrit plus l'image. Et nous effectuons ces altérations de phrases en nous concentrant sur six éléments spécifiques, tels que l'existence, le pluriel, le comptage, les relations spatiales, les actions et la co-référence d'entités, où chaque élément peut consister en un ou plusieurs instruments.
2	158.3999999999999	0.8181424140930176	Dans le cas où nous en trouvons	dans des travaux précédents. FOILer signifie essentiellement que nous prenons la légende d'une image et produisons un foil en modifiant la légende. De sorte qu'elle ne décrit plus l'image. Et nous effectuons ces altérations de phrases en nous concentrant sur six éléments spécifiques, tels que l'existence, le pluriel, le comptage, les relations spatiales, les actions et la co-référence d'entités, où chaque élément peut consister en un ou plusieurs instruments. Dans le cas où nous en trouvons plus.
2	159.3599999999999	0.5963795185089111	plus	
2	160.3199999999999	0.7086126804351807		
2	161.27999999999992	0.8408908843994141	précédents. FOILer signifie essentiellement que nous prenons la légende d'une image et produisons un foil en modifiant la légende. De sorte qu'elle ne décrit plus l'image. Et nous effectuons ces altérations de phrases en nous concentrant sur six éléments spécifiques, tels que l'existence, le pluriel, le comptage, les relations spatiales, les actions et la co-référence d'entités, où chaque élément peut consister en un ou plusieurs instruments. Dans le cas où nous en trouvons plus d'un moyen intéressant de créer des instruments de foils.	
2	162.23999999999992	0.8478527069091797	précédents. FOILer signifie essentiellement que nous prenons la légende d'une image et produisons un foil en modifiant la légende. De sorte qu'elle ne décrit plus l'image. Et nous effectuons ces altérations de phrases en nous concentrant sur six éléments spécifiques, tels que l'existence, le pluriel, le comptage, les relations spatiales, les actions et la co-référence d'entités, où chaque élément peut consister en un ou plusieurs instruments. Dans le cas où nous en trouvons plus d'une façon intéressante de créer des instances FOIL.	précédents. FOILer signifie essentiellement que nous prenons la légende d'une image et produisons un foil en modifiant la légende. De sorte qu'elle ne décrit plus l'image. Et nous effectuons ces altérations de phrases en nous concentrant sur six éléments spécifiques, tels que l'existence, le pluriel, le comptage, les relations spatiales, les actions et la co-référence d'entités, où chaque élément peut consister en un ou plusieurs instruments. Dans le cas où nous en trouvons plus d'un moyen intéressant de créer des instruments de foils.
2	163.19999999999993	0.9277210235595703		précédents. FOILer signifie essentiellement que nous prenons la légende d'une image et produisons un foil en modifiant la légende. De sorte qu'elle ne décrit plus l'image. Et nous effectuons ces altérations de phrases en nous concentrant sur six éléments spécifiques, tels que l'existence, le pluriel, le comptage, les relations spatiales, les actions et la co-référence d'entités, où chaque élément peut consister en un ou plusieurs instruments. Dans le cas où nous en trouvons plus d'une façon intéressante de créer des instances FOIL.
2	164.15999999999994	0.6353051662445068	Par exemple, dans des travaux précédents. FOILer signifie essentiellement que nous prenons la légende d'une image et produisons un foil en modifiant la légende. De sorte qu'elle ne décrit plus l'image. Et nous effectuons ces altérations de phrases en nous concentrant sur six éléments spécifiques, tels que l'existence, le pluriel, le comptage, les relations spatiales, les actions et la co-référence d'entités, où chaque élément peut consister en un ou plusieurs instruments. Dans le cas où nous en trouvons plus d'une façon intéressante de créer des instances FOIL. Par exemple, dans le cas	
2	165.11999999999995	0.6134510040283203		des travaux précédents. FOILer signifie essentiellement que nous prenons la légende d'une image et produisons un foil en modifiant la légende. De sorte qu'elle ne décrit plus l'image. Et nous effectuons ces altérations de phrases en nous concentrant sur six éléments spécifiques, tels que l'existence, le pluriel, le comptage, les relations spatiales, les actions et la co-référence d'entités, où chaque élément peut consister en un ou plusieurs instruments. Dans le cas où nous en trouvons plus d'une façon intéressante de créer des instances FOIL. Par exemple, dans le cas
2	166.07999999999996	0.6529617309570312	de	
2	167.03999999999996	0.7931525707244873	l'élément actions, nous prenons la légende d'une image et produisons un foil en modifiant la légende. De sorte qu'elle ne décrit plus l'image. Et nous effectuons ces altérations de phrases en nous concentrant sur six éléments spécifiques, tels que l'existence, le pluriel, le comptage, les relations spatiales, les actions et la co-référence d'entités, où chaque élément peut consister en un ou plusieurs instruments. Dans le cas où nous en trouvons plus d'une façon intéressante de créer des instances FOIL. Par exemple, dans le cas de l'élément actions, nous avons deux instances.	
2	167.99999999999997	0.6272144317626953	avons deux précédents. FOILer signifie essentiellement que nous prenons la légende d'une image et produisons un foil en modifiant la légende. De sorte qu'elle ne décrit plus l'image. Et nous effectuons ces altérations de phrases en nous concentrant sur six éléments spécifiques, tels que l'existence, le pluriel, le comptage, les relations spatiales, les actions et la co-référence d'entités, où chaque élément peut consister en un ou plusieurs instruments. Dans le cas où nous en trouvons plus d'une façon intéressante de créer des instances FOIL. Par exemple, dans le cas de l'élément actions, nous avons deux instruments.	prenons la légende d'une image et produisons un foil en modifiant la légende. De sorte qu'elle ne décrit plus l'image. Et nous effectuons ces altérations de phrases en nous concentrant sur six éléments spécifiques, tels que l'existence, le pluriel, le comptage, les relations spatiales, les actions et la co-référence d'entités, où chaque élément peut consister en un ou plusieurs instruments. Dans le cas où nous en trouvons plus d'une façon intéressante de créer des instances FOIL. Par exemple, dans le cas de l'élément actions, nous avons deux instances.
2	168.95999999999998	0.7335255146026611	l'image. Et nous effectuons ces altérations de phrases en nous concentrant sur six éléments spécifiques, tels que l'existence, le pluriel, le comptage, les relations spatiales, les actions et la co-référence d'entités, où chaque élément peut consister en un ou plusieurs instruments. Dans le cas où nous en trouvons plus d'une façon intéressante de créer des instances FOIL. Par exemple, dans le cas de l'élément actions, nous avons deux instruments, l'un dans lequel les actions	précédents. FOILer signifie essentiellement que nous prenons la légende d'une image et produisons un foil en modifiant la légende. De sorte qu'elle ne décrit plus l'image. Et nous effectuons ces altérations de phrases en nous concentrant sur six éléments spécifiques, tels que l'existence, le pluriel, le comptage, les relations spatiales, les actions et la co-référence d'entités, où chaque élément peut consister en un ou plusieurs instruments. Dans le cas où nous en trouvons plus d'une façon intéressante de créer des instances FOIL. Par exemple, dans le cas de l'élément actions, nous avons deux instruments.
2	169.92	0.849071741104126	instruments, l'un dans lequel	l'image. Et nous effectuons ces altérations de phrases en nous concentrant sur six éléments spécifiques, tels que l'existence, le pluriel, le comptage, les relations spatiales, les actions et la co-référence d'entités, où chaque élément peut consister en un ou plusieurs instruments. Dans le cas où nous en trouvons plus d'une façon intéressante de créer des instances FOIL. Par exemple, dans le cas de l'élément actions, nous avons deux instruments, l'un dans lequel les actions
2	170.88	0.7362642288208008	le verbe d'action est modifiant la légende. De sorte qu'elle ne décrit plus l'image. Et nous effectuons ces altérations de phrases en nous concentrant sur six éléments spécifiques, tels que l'existence, le pluriel, le comptage, les relations spatiales, les actions et la co-référence d'entités, où chaque élément peut consister en un ou plusieurs instruments. Dans le cas où nous en trouvons plus d'une façon intéressante de créer des instances FOIL. Par exemple, dans le cas de l'élément actions, nous avons deux instruments, l'un dans lequel le verbe d'action est changé avec un	
2	171.84	0.6776282787322998	changé	modifiant la légende. De sorte qu'elle ne décrit plus l'image. Et nous effectuons ces altérations de phrases en nous concentrant sur six éléments spécifiques, tels que l'existence, le pluriel, le comptage, les relations spatiales, les actions et la co-référence d'entités, où chaque élément peut consister en un ou plusieurs instruments. Dans le cas où nous en trouvons plus d'une façon intéressante de créer des instances FOIL. Par exemple, dans le cas de l'élément actions, nous avons deux instruments, l'un dans lequel le verbe d'action est changé avec un
2	172.8	0.7852909564971924	par un autre collaborateurs, et pour le comptage par nous dans des travaux précédents. FOILer signifie essentiellement que nous prenons la légende d'une image et produisons un foil en modifiant la légende. De sorte qu'elle ne décrit plus l'image. Et nous effectuons ces altérations de phrases en nous concentrant sur six éléments spécifiques, tels que l'existence, le pluriel, le comptage, les relations spatiales, les actions et la co-référence d'entités, où chaque élément peut consister en un ou plusieurs instruments. Dans le cas où nous en trouvons plus d'une façon intéressante de créer des instances FOIL. Par exemple, dans le cas de l'élément actions, nous avons deux instruments, l'un dans lequel le verbe d'action est changé par un autre action, et l'autre dans lequel	
2	173.76000000000002	0.8190340995788574	modifiant la légende. De sorte qu'elle ne décrit plus l'image. Et nous effectuons ces altérations de phrases en nous concentrant sur six éléments spécifiques, tels que l'existence, le pluriel, le comptage, les relations spatiales, les actions et la co-référence d'entités, où chaque élément peut consister en un ou plusieurs instruments. Dans le cas où nous en trouvons plus d'une façon intéressante de créer des instances FOIL. Par exemple, dans le cas de l'élément actions, nous avons deux instruments, l'un dans lequel le verbe d'action est changé par un autre action, et l'autre dans lequel les actants.	collaborateurs, et pour le comptage par nous dans des travaux précédents. FOILer signifie essentiellement que nous prenons la légende d'une image et produisons un foil en modifiant la légende. De sorte qu'elle ne décrit plus l'image. Et nous effectuons ces altérations de phrases en nous concentrant sur six éléments spécifiques, tels que l'existence, le pluriel, le comptage, les relations spatiales, les actions et la co-référence d'entités, où chaque élément peut consister en un ou plusieurs instruments. Dans le cas où nous en trouvons plus d'une façon intéressante de créer des instances FOIL. Par exemple, dans le cas de l'élément actions, nous avons deux instruments, l'un dans lequel le verbe d'action est changé par un autre action, et l'autre dans lequel
2	174.72000000000003	0.6988258361816406	les modifiant la légende. De sorte qu'elle ne décrit plus l'image. Et nous effectuons ces altérations de phrases en nous concentrant sur six éléments spécifiques, tels que l'existence, le pluriel, le comptage, les relations spatiales, les actions et la co-référence d'entités, où chaque élément peut consister en un ou plusieurs instruments. Dans le cas où nous en trouvons plus d'une façon intéressante de créer des instances FOIL. Par exemple, dans le cas de l'élément actions, nous avons deux instruments, l'un dans lequel le verbe d'action est changé par un autre action, et l'autre dans lequel les actants sont échangés.	modifiant la légende. De sorte qu'elle ne décrit plus l'image. Et nous effectuons ces altérations de phrases en nous concentrant sur six éléments spécifiques, tels que l'existence, le pluriel, le comptage, les relations spatiales, les actions et la co-référence d'entités, où chaque élément peut consister en un ou plusieurs instruments. Dans le cas où nous en trouvons plus d'une façon intéressante de créer des instances FOIL. Par exemple, dans le cas de l'élément actions, nous avons deux instruments, l'un dans lequel le verbe d'action est changé par un autre action, et l'autre dans lequel les actants.
2	175.68000000000004	0.37157750129699707		modifiant la légende. De sorte qu'elle ne décrit plus l'image. Et nous effectuons ces altérations de phrases en nous concentrant sur six éléments spécifiques, tels que l'existence, le pluriel, le comptage, les relations spatiales, les actions et la co-référence d'entités, où chaque élément peut consister en un ou plusieurs instruments. Dans le cas où nous en trouvons plus d'une façon intéressante de créer des instances FOIL. Par exemple, dans le cas de l'élément actions, nous avons deux instruments, l'un dans lequel le verbe d'action est changé par un autre action, et l'autre dans lequel les actants sont échangés.
2	176.64000000000004	0.7550039291381836	l'image. Et nous effectuons ces altérations de phrases en nous concentrant sur six éléments spécifiques, tels que l'existence, le pluriel, le comptage, les relations spatiales, les actions et la co-référence d'entités, où chaque élément peut consister en un ou plusieurs instruments. Dans le cas où nous en trouvons plus d'une façon intéressante de créer des instances FOIL. Par exemple, dans le cas de l'élément actions, nous avons deux instruments, l'un dans lequel le verbe d'action est changé par un autre action, et l'autre dans lequel les actants sont échangés. Comptage et co-référence.	
2	177.60000000000005	0.8270082473754883		l'image. Et nous effectuons ces altérations de phrases en nous concentrant sur six éléments spécifiques, tels que l'existence, le pluriel, le comptage, les relations spatiales, les actions et la co-référence d'entités, où chaque élément peut consister en un ou plusieurs instruments. Dans le cas où nous en trouvons plus d'une façon intéressante de créer des instances FOIL. Par exemple, dans le cas de l'élément actions, nous avons deux instruments, l'un dans lequel le verbe d'action est changé par un autre action, et l'autre dans lequel les actants sont échangés. Comptage et co-référence.
2	178.56000000000006	0.9865245819091797	Le comptage et la co-référence sont également qu'elle ne décrit plus l'image. Et nous effectuons ces altérations de phrases en nous concentrant sur six éléments spécifiques, tels que l'existence, le pluriel, le comptage, les relations spatiales, les actions et la co-référence d'entités, où chaque élément peut consister en un ou plusieurs instruments. Dans le cas où nous en trouvons plus d'une façon intéressante de créer des instances FOIL. Par exemple, dans le cas de l'élément actions, nous avons deux instruments, l'un dans lequel le verbe d'action est changé par un autre action, et l'autre dans lequel les actants sont échangés. Le comptage et la co-référence sont également des éléments qui ont.	
2	179.52000000000007	0.7518565654754639	des éléments qui plus l'image. Et nous effectuons ces altérations de phrases en nous concentrant sur six éléments spécifiques, tels que l'existence, le pluriel, le comptage, les relations spatiales, les actions et la co-référence d'entités, où chaque élément peut consister en un ou plusieurs instruments. Dans le cas où nous en trouvons plus d'une façon intéressante de créer des instances FOIL. Par exemple, dans le cas de l'élément actions, nous avons deux instruments, l'un dans lequel le verbe d'action est changé par un autre action, et l'autre dans lequel les actants sont échangés. Le comptage et la co-référence sont également des éléments qui ont plus d'une instance.	qu'elle ne décrit plus l'image. Et nous effectuons ces altérations de phrases en nous concentrant sur six éléments spécifiques, tels que l'existence, le pluriel, le comptage, les relations spatiales, les actions et la co-référence d'entités, où chaque élément peut consister en un ou plusieurs instruments. Dans le cas où nous en trouvons plus d'une façon intéressante de créer des instances FOIL. Par exemple, dans le cas de l'élément actions, nous avons deux instruments, l'un dans lequel le verbe d'action est changé par un autre action, et l'autre dans lequel les actants sont échangés. Le comptage et la co-référence sont également des éléments qui ont.
2	180.48000000000008	0.6304512023925781	ont plus	plus l'image. Et nous effectuons ces altérations de phrases en nous concentrant sur six éléments spécifiques, tels que l'existence, le pluriel, le comptage, les relations spatiales, les actions et la co-référence d'entités, où chaque élément peut consister en un ou plusieurs instruments. Dans le cas où nous en trouvons plus d'une façon intéressante de créer des instances FOIL. Par exemple, dans le cas de l'élément actions, nous avons deux instruments, l'un dans lequel le verbe d'action est changé par un autre action, et l'autre dans lequel les actants sont échangés. Le comptage et la co-référence sont également des éléments qui ont plus d'une instance.
2	181.44000000000008	0.7914562225341797	d'un instrument. Et nous effectuons ces altérations de phrases en nous concentrant sur six éléments spécifiques, tels que l'existence, le pluriel, le comptage, les relations spatiales, les actions et la co-référence d'entités, où chaque élément peut consister en un ou plusieurs instruments. Dans le cas où nous en trouvons plus d'une façon intéressante de créer des instances FOIL. Par exemple, dans le cas de l'élément actions, nous avons deux instruments, l'un dans lequel le verbe d'action est changé par un autre action, et l'autre dans lequel les actants sont échangés. Le comptage et la co-référence sont également des éléments qui ont plus d'un instrument. Et nous créons ces.	
2	182.4000000000001	0.7342579364776611	créons	effectuons ces altérations de phrases en nous concentrant sur six éléments spécifiques, tels que l'existence, le pluriel, le comptage, les relations spatiales, les actions et la co-référence d'entités, où chaque élément peut consister en un ou plusieurs instruments. Dans le cas où nous en trouvons plus d'une façon intéressante de créer des instances FOIL. Par exemple, dans le cas de l'élément actions, nous avons deux instruments, l'un dans lequel le verbe d'action est changé par un autre action, et l'autre dans lequel les actants sont échangés. Le comptage et la co-référence sont également des éléments qui ont plus d'un instrument. Et nous créons ces.
2	183.3600000000001	0.7418994903564453	ces foils en	
2	184.3200000000001	0.822167158126831	nous assurant qu'ils	
2	185.28000000000011	0.726931095123291	échouent à	
2	186.24000000000012	0.8398289680480957	décrire	
2	187.20000000000013	0.8375632762908936	l'image, qu'ils	
2	188.16000000000014	0.7411174774169922	sont grammaticaux et	
2	189.12000000000015	0.6276717185974121	autrement	
2	190.08000000000015	0.3149986267089844	des phrases valides.	
2	191.04000000000016	0.699077844619751		
2	192.00000000000017	0.7460641860961914	Ce n'est pas facile à	
2	192.96000000000018	0.6147682666778564	faire	
2	193.9200000000002	0.7044427394866943	car un	
2	194.8800000000002	0.7092912197113037	légende foilée	
2	195.8400000000002	0.6794908046722412	peut être	
2	196.8000000000002	0.6966845989227295	moins probable que la	
2	197.76000000000022	0.29831790924072266	légende originale.	
2	198.72000000000023	0.5850284099578857		
2	199.68000000000023	0.8181483745574951	Par exemple,	
2	200.64000000000024	0.7834231853485107	bien que ce ne soit pas	
2	201.60000000000025	0.6980001926422119	impossible,	
2	202.56000000000026	0.709787130355835	il est statistiquement	
2	203.52000000000027	0.6202754974365234	moins probable	
2	204.48000000000027	0.7220923900604248	que	
2	205.44000000000028	0.8623592853546143	des plantes coupent un	
2	206.4000000000003	0.7053883075714111	homme qu'un homme coupe	
2	207.3600000000003	0.6078536510467529	des	
2	208.3200000000003	0.8287544250488281		
2	209.2800000000003	0.8732931613922119	plantes, et	
2	210.24000000000032	0.8933987617492676	les grands modèles de vision et de langage	
2	211.20000000000033	0.3227214813232422	pourraient en tirer parti.	
2	212.16000000000034	0.6131870746612549		
2	213.12000000000035	0.8256704807281494	Par conséquent, pour obtenir	
2	214.08000000000035	0.8018677234649658	des foils valides,	
2	215.04000000000036	0.5699882507324219	nous devons	
2	216.00000000000037	0.22771167755126953	agir.	
2	216.96000000000038	0.64133620262146		
2	217.92000000000039	0.7978227138519287	D'abord, nous	
2	218.8800000000004	0.7567503452301025	utilisons des	
2	219.8400000000004	0.7276394367218018	modèles de langage	
2	220.8000000000004	0.7134749889373779	puissants pour	
2	221.76000000000042	0.739701509475708	proposer des foils.	
2	222.72000000000043	0.6831173896789551	Ensuite, nous	
2	223.68000000000043	0.8119134902954102	utilisons	
2	224.64000000000044	0.8169412612915039	l'inférence	
2	225.60000000000045	0.7226555347442627		
2	226.56000000000046	0.8603670597076416		
2	227.52000000000046	0.7806088924407959		
2	228.48000000000047	0.9369311332702637	du langage naturel pour filtrer les	
2	229.44000000000048	0.7797219753265381	foils qui pourraient encore	
2	230.4000000000005	0.6678621768951416	décrire	
2	231.3600000000005	0.8428316116333008	l'image, car	
2	232.3200000000005	0.8053958415985107	lors de la construction des foils,	
2	233.2800000000005	0.6987693309783936	nous devons	
2	234.24000000000052	0.8671455383300781	nous assurer	
2	235.20000000000053	0.532890796661377	qu'ils échouent à décrire l'image.	
2	236.16000000000054	0.6175198554992676		
2	237.12000000000054	0.6949639320373535	Pour tester cela	
2	238.08000000000055	0.9664623737335205	automatiquement, nous	
2	239.04000000000056	0.8273637294769287	appliquons l'inférence du langage	
2	240.00000000000057	0.6423816680908203	naturel avec	
2	240.96000000000058	0.6218545436859131	le	
2	241.92000000000058	0.7320263385772705	raisonnement suivant.	
2	242.8800000000006	0.6438357830047607	Nous considérons	
2	243.8400000000006	0.6594524383544922	une image	
2	244.8000000000006	0.7420055866241455	comme	
2	245.76000000000062	0.7049801349639893	prémisse et sa	
2	246.72000000000062	0.7534651756286621	légende,	
2	247.68000000000063	0.36566925048828125	son hypothèse implicite.	
2	248.64000000000064	0.552271842956543		
2	249.60000000000065	0.802523136138916	En outre,	
2	250.56000000000066	0.8369369506835938	nous considérons la	
2	251.52000000000066	0.7351269721984863	légende comme la	
2	252.48000000000067	0.9144256114959717		
2	253.44000000000068	0.5604116916656494	prémisse, et le	
2	254.4000000000007	0.74192214012146	foil est son hypothèse.	
2	255.3600000000007	0.6998300552368164	Si un	
2	256.3200000000007	0.7254965305328369	modèle NLI	
2	257.28000000000065	0.7092339992523193	prédit	
2	258.24000000000063	0.7602627277374268	que le FOIL contredit	
2	259.2000000000006	0.7903525829315186	ou est	
2	260.1600000000006	0.7844545841217041	neutre par rapport	
2	261.1200000000006	0.7480626106262207	à la légende,	
2	262.08000000000055	0.763430118560791	nous prenons	
2	263.04000000000053	0.7468357086181641	cela comme	
2	264.0000000000005	0.7214756011962891		
2	264.9600000000005	0.504133939743042	indicateur d'un	
2	265.92000000000047	0.8153679370880127	FOIL valide.	
2	266.88000000000045	0.6701300144195557	Si un	
2	267.84000000000043	0.8082008361816406	NLI prédit	
2	268.8000000000004	0.931340217590332	que le	
2	269.7600000000004	0.5068554878234863	FOIL est implicite par la légende,	
2	270.72000000000037	0.7085800170898438		
2	271.68000000000035	0.8157398700714111	il ne peut pas être	
2	272.6400000000003	0.7954299449920654	un bon foil	
2	273.6000000000003	0.8508539199829102		
2	274.5600000000003	0.936352014541626	car, par transitivité, il	
2	275.52000000000027	0.7359068393707275		
2	276.48000000000025	0.7855069637298584		
2	277.4400000000002	1.024115800857544	donnerait une description vraie de l'image et	
2	278.4000000000002	0.7225933074951172	nous filtrons ces foils.	
2	279.3600000000002	0.1539936065673828		
2	280.32000000000016	0.8112061023712158		
2	281.28000000000014	0.7574758529663086	Mais cette procédure n'est pas	
2	282.2400000000001	0.7802386283874512		
2	283.2000000000001	0.8476784229278564	parfaite, c'est juste un	
2	284.1600000000001	0.7595384120941162	indicateur de	
2	285.12000000000006	0.7594137191772461	foils	
2	286.08000000000004	0.9240474700927734	valides, donc, comme	
2	287.04	0.9202518463134766	une troisième mesure pour	
2	288.0	0.8568384647369385	générer des foils	
2	288.96	0.8482158184051514	valides, nous employons	
2	289.91999999999996	0.7490863800048828	des annotateurs	
2	290.87999999999994	0.7298729419708252	humains pour	
2	291.8399999999999	0.7762410640716553	valider les	
2	292.7999999999999	0.6832354068756104	données utilisées dans	
2	293.7599999999999	0.624363899230957	les valves.	
2	294.71999999999986	0.7223556041717529		
2	295.67999999999984	0.7764098644256592	Donc, après	
2	296.6399999999998	0.7623074054718018	filtrage et évaluation humaine,	
2	297.5999999999998	0.7050025463104248	nous avons	
2	298.5599999999998	0.732229471206665	autant	
2	299.51999999999975	0.7981252670288086	d'instances de	
2	300.47999999999973	0.7569658756256104	test que	
2	301.4399999999997	0.688835859298706	décrites dans ce	
2	302.3999999999997	0.7489690780639648	tableau.	
2	303.3599999999997	0.829798698425293	Notez que	
2	304.31999999999965	0.8168461322784424	valve ne	
2	305.27999999999963	0.9225232601165771	fournit aucune donnée	
2	306.2399999999996	0.8182406425476074	d'entraînement mais seulement des	
2	307.1999999999996	0.7224397659301758	données de	
2	308.15999999999957	0.9322407245635986	test, car il	
2	309.11999999999955	0.8269205093383789	s'agit d'un	
2	310.07999999999953	0.7997951507568359		
2	311.0399999999995	0.4712514877319336	benchmark de test à zéro-shot uniquement.	
2	311.9999999999995	0.6876890659332275		
2	312.95999999999947	0.7557888031005859	Il est conçu pour	
2	313.91999999999945	0.7224173545837402	exploiter les	
2	314.8799999999994	0.7484855651855469	capacités	
2	315.8399999999994	0.8220829963684082	existantes	
2	316.7999999999994	0.823667049407959	des modèles de vision et de	
2	317.75999999999937	0.7115201950073242	langage après	
2	318.71999999999935	0.29888010025024414	pré-entraînement.	
2	319.6799999999993	0.7639486789703369		
2	320.6399999999993	0.8956551551818848	Le fine-tuning	
2	321.5999999999993	0.8459031581878662	permettrait seulement aux modèles	
2	322.55999999999926	0.888812780380249	d'exploiter	
2	323.51999999999924	0.8004064559936523	des artefacts ou des	
2	324.4799999999992	0.697120189666748	biais statistiques	
2	325.4399999999992	0.8902428150177002	dans les	
2	326.3999999999992	0.8981587886810303		
2	327.35999999999916	1.0233869552612305	données. Et nous savons tous que ces modèles aiment	
2	328.31999999999914	0.8048269748687744	tricher et	
2	329.2799999999991	0.9689877033233643	prendre des	
2	330.2399999999991	1.0651040077209473		
2	331.1999999999991	1.163771390914917	raccourcis. Et comme nous l'avons dit, nous sommes	
2	332.15999999999906	0.7662181854248047	intéressés à	
2	333.11999999999904	0.7293984889984131	évaluer quelles	
2	334.079999999999	0.8243374824523926	capacités	
2	335.039999999999	0.8878240585327148	les modèles de vision et de langage	
2	335.999999999999	0.7395870685577393	possèdent	
2	336.95999999999896	0.3291339874267578	après pré-entraînement.	
2	337.91999999999894	0.6273095607757568		
2	338.8799999999989	0.7434794902801514	Nous expérimentons	
2	339.8399999999989	0.7801709175109863	avec	
2	340.7999999999989	0.8237934112548828	cinq modèles de vision et de	
2	341.75999999999885	0.8017401695251465	langage sur	
2	342.71999999999883	0.8248817920684814		
2	343.6799999999988	0.9130685329437256	les valves, à savoir avec	
2	344.6399999999988	0.897709846496582	Clip,	
2	345.5999999999988	1.0071656703948975		
2	346.55999999999875	1.1072289943695068	AlexMert, Vilbert,	
2	347.51999999999873	0.8904838562011719	Vilbert12in1 et	
2	348.4799999999987	0.9116172790527344		
2	349.4399999999987	1.072669267654419	VisualBirt. Deux de nos	
2	350.39999999999867	0.8888101577758789		
2	351.35999999999865	0.9334344863891602	métriques d'évaluation les plus importantes	
2	352.31999999999863	0.7350549697875977	sont la	
2	353.2799999999986	0.7704665660858154	précision des	
2	354.2399999999986	0.9172282218933105	modèles dans la	
2	355.19999999999857	1.020707607269287	classification	
2	356.15999999999855	0.9365320205688477	de paires	
2	357.1199999999985	0.9653174877166748	d'images-phrases en légendes et	
2	358.0799999999985	0.8418734073638916	en foils.	
2	359.0399999999985	0.816720724105835	Peut-être plus	
2	359.99999999999847	0.8325583934783936	pertinent pour cette	
2	360.95999999999844	0.7763767242431641	vidéo, nous allons	
2	361.9199999999984	0.858126163482666	présenter	
2	362.8799999999984	0.8878235816955566		
2	363.8399999999984	0.9678201675415039	notre métrique plus permissive, la	
2	364.79999999999836	0.7441284656524658	précision par	
2	365.75999999999834	0.7401745319366455	paire, qui mesure	
2	366.7199999999983	0.6668143272399902	si	
2	367.6799999999983	0.7896983623504639		
2	368.6399999999983	0.9434022903442383		
2	369.59999999999826	1.0350980758666992	le score d'alignement image-phrase est	
2	370.55999999999824	0.819464921951294	supérieur pour	
2	371.5199999999982	0.796546459197998	la	
2	372.4799999999982	0.9052016735076904	paire image-texte	
2	373.4399999999982	0.85257887840271	correcte que pour sa	
2	374.39999999999816	0.8683691024780273	paire foilée.	
2	375.35999999999814	0.8631095886230469	Pour plus de	
2	376.3199999999981	0.9212079048156738	métriques et de résultats sur	
2	377.2799999999981	0.7505362033843994	elles,	
2	378.2399999999981	0.7811028957366943	consultez notre papier.	
2	379.19999999999806	0.7959318161010742	Les résultats avec	
2	380.15999999999804	0.8392925262451172	la précision par	
2	381.119999999998	0.9654562473297119	paire sont montrés	
2	382.079999999998	0.929351806640625	ici et ils sont	
2	383.039999999998	1.0516533851623535	cohérents avec les	
2	383.99999999999795	0.9140973091125488	résultats que nous avons obtenus	
2	384.95999999999793	0.33624815940856934	des autres métriques.	
2	385.9199999999979	0.861309289932251		
2	386.8799999999979	1.0322561264038086	C'est	
2	387.8399999999979	1.0530321598052979	que la meilleure performance à zéro-shot est	
2	388.79999999999785	0.9447245597839355	atteinte par	
2	389.75999999999783	0.957122802734375	Vilbert 12 in	
2	390.7199999999978	0.9210147857666016	1, suivie par	
2	391.6799999999978	0.9203870296478271		
2	392.63999999999777	0.9847021102905273	Vilbert, Alex	
2	393.59999999999775	0.7418196201324463		
2	394.55999999999773	0.9010128974914551	Clip et enfin	
2	395.5199999999977	0.893247127532959	Visual Bird. C'est notable	
2	396.4799999999977	0.8932816982269287	comment les	
2	397.43999999999767	0.8455820083618164	instruments centrés sur	
2	398.39999999999765	0.8592336177825928	les objets individuels comme	
2	399.3599999999976	0.8843164443969727		
2	400.3199999999976	0.9409060478210449	l'existence et les groupes	
2	401.2799999999976	0.8206660747528076	nominaux	
2	402.23999999999756	0.8335831165313721	sont presque	
2	403.19999999999754	0.9535739421844482	résolus par	
2	404.1599999999975	1.0566082000732422	Vilbert	
2	405.1199999999975	1.0624213218688965	12-in-1, soulignant que les	
2	406.0799999999975	0.806624174118042	modèles sont	
2	407.03999999999746	0.9153592586517334	capables	
2	407.99999999999744	0.9451954364776611	d'identifier des objets	
2	408.9599999999974	0.8891026973724365	nommés et leur	
2	409.9199999999974	0.34406423568725586	présence dans les images.	
2	410.8799999999974	0.6435656547546387		
2	411.83999999999736	0.834691047668457	Cependant, aucun	
2	412.79999999999734	0.8711032867431641	des éléments	
2	413.7599999999973	0.9839389324188232	restants ne peut être	
2	414.7199999999973	0.954472541809082	résolue de manière fiable dans notre	
2	415.6799999999973	0.7740252017974854		
2	416.63999999999726	0.9218645095825195	configuration de foilage adversaire.	
2	417.59999999999724	0.7971429824829102	Nous voyons	
2	418.5599999999972	0.9844644069671631		
2	419.5199999999972	1.0506772994995117		
2	420.4799999999972	1.2913093566894531	dans les instruments de pluriel et de comptage que	
2	421.43999999999716	0.9317564964294434	les modèles de vision et de langage	
2	422.39999999999714	0.8092138767242432	ont	
2	423.3599999999971	0.8895869255065918	du mal à	
2	424.3199999999971	0.932304859161377	distinguer les références à	
2	425.2799999999971	0.8357462882995605	un	
2	426.23999999999705	0.9013218879699707	objet unique versus plusieurs	
2	427.19999999999703	0.9171736240386963	objets ou à	
2	428.159999999997	0.37226128578186035	les compter dans une image.	
2	429.119999999997	0.7485480308532715		
2	430.07999999999697	0.9000644683837891	La pièce de	
2	431.03999999999695	0.9567902088165283	relation montre qu'ils	
2	431.99999999999693	0.8605806827545166	ont des difficultés à	
2	432.9599999999969	0.8093597888946533		
2	433.9199999999969	0.941737174987793	classer correctement	
2	434.87999999999687	0.9280974864959717	une relation spatiale nommée	
2	435.83999999999685	0.8163726329803467	entre des	
2	436.7999999999968	0.9623725414276123	objets dans une image.	
2	437.7599999999968	0.8634786605834961	Ils ont aussi du	
2	438.7199999999968	0.8536686897277832	mal à distinguer	
2	439.67999999999677	0.760312557220459	les	
2	440.63999999999675	0.7987899780273438	actions et à	
2	441.5999999999967	0.7895667552947998	identifier leurs	
2	442.5599999999967	0.9301900863647461	participants, même	
2	443.5199999999967	0.9771487712860107	s'ils sont soutenus	
2	444.47999999999666	0.9121403694152832	par	
2	445.43999999999664	1.1248009204864502	des biais de plausibilité, comme nous	
2	446.3999999999966	0.8860390186309814	le voyons dans	
2	447.3599999999966	0.8281927108764648	la pièce des actions.	
2	448.3199999999966	0.9285843372344971	De la	
2	449.27999999999656	1.059194564819336	pièce de co-référence, nous	
2	450.23999999999654	0.7545747756958008	apprenons	
2	451.1999999999965	0.7543857097625732	que tracer	
2	452.1599999999965	0.8506700992584229	plusieurs références	
2	453.1199999999965	0.8625104427337646	au même objet dans	
2	454.07999999999646	0.8859500885009766	une image en utilisant	
2	455.03999999999644	0.8288211822509766	des	
2	455.9999999999964	0.8959064483642578	pronoms est	
2	456.9599999999964	0.9583475589752197	également difficile pour	
2	457.9199999999964	0.8887503147125244	les modèles de vision et de langage.	
2	458.87999999999636	0.8169982433319092	Comme	
2	459.83999999999634	1.0227441787719727	une vérification de santé,	
2	460.7999999999963	0.9322009086608887	et parce que c'est	
2	461.7599999999963	0.8272500038146973	une expérience intéressante,	
2	462.7199999999963	0.9564521312713623	nous	
2	463.67999999999626	1.0453612804412842	avons également mis à l'épreuve deux	
2	464.63999999999623	0.9314465522766113	modèles de texte	
2	465.5999999999962	0.9892456531524658		
2	466.5599999999962	1.1203603744506836		
2	467.5199999999962	1.0264947414398193	uniquement,	
2	468.47999999999615	1.2195391654968262		
2	469.43999999999613	1.4784314632415771	GPT-1 et	
2	470.3999999999961	1.2929003238677979		
2	471.3599999999961	1.4090814590454102	GPT-2, pour évaluer si Volse est soluble par ces modèles unimodaux	
2	472.31999999999607	0.8400554656982422	en calculant	
2	473.27999999999605	0.770920991897583	la	
2	474.23999999999603	0.989814281463623	perplexité	
2	475.199999999996	1.075160264968872	de la	
2	476.159999999996	1.233642578125	légende correcte et	
2	477.11999999999597	1.0266408920288086		
2	478.07999999999595	1.1482954025268555	par défaut, sans image ici, et en prédisant	
2	479.0399999999959	0.9507644176483154	l'entrée avec la	
2	479.9999999999959	0.3811671733856201	perplexité la plus basse.	
2	480.9599999999959	0.8730480670928955		
2	481.91999999999587	0.9843337535858154	Si la perplexité est	
2	482.87999999999585	0.8893182277679443	plus élevée pour le	
2	483.8399999999958	0.9482738971710205	foil, nous prenons	
2	484.7999999999958	0.7999346256256104	cela comme une	
2	485.7599999999958	0.8648743629455566	indication	
2	486.71999999999576	0.9197583198547363	que la légende	
2	487.67999999999574	0.939380407333374	foilée peut	
2	488.6399999999957	1.024611234664917	souffrir de	
2	489.5999999999957	0.9910683631896973	biais de plausibilité ou	
2	490.5599999999957	0.8008379936218262	d'autres biais linguistiques.	
2	491.51999999999566	0.1741163730621338		
2	492.47999999999564	0.8331940174102783		
2	493.4399999999956	0.9644427299499512	Et c'est intéressant de	
2	494.3999999999956	0.9075098037719727	voir que dans certains	
2	495.3599999999956	0.8745479583740234		
2	496.31999999999556	1.032700538635254	cas,	
2	497.27999999999554	1.0953187942504883	les modèles de texte GPT ont	
2	498.2399999999955	0.900752067565918	capturé la	
2	499.1999999999955	0.897284746170044	plausibilité du	
2	500.1599999999955	0.9962308406829834	monde mieux que les	
2	501.11999999999546	0.4162299633026123	modèles de vision et de langage.	
2	502.07999999999544	0.1766054630279541		
2	503.0399999999954	0.8463623523712158		
2	503.9999999999954	1.0001952648162842	Donc, pour	
2	504.9599999999954	1.0060796737670898	résumer, valse est un	
2	505.91999999999535	0.8843371868133545	benchmark qui	
2	506.87999999999533	0.9399833679199219	utilise la	
2	507.8399999999953	0.9512419700622559	lentille	
2	508.7999999999953	1.0158312320709229	des constructions linguistiques pour	
2	509.7599999999953	0.9143161773681641	aider la communauté à	
2	510.71999999999525	0.958397388458252	améliorer	
2	511.67999999999523	1.0481481552124023	les modèles de vision et de	
2	512.6399999999952	0.890484094619751	langage	
2	513.5999999999952	1.0355477333068848	en testant difficilement	
2	514.5599999999953	0.9237420558929443		
2	515.5199999999953	0.4792358875274658	leurs capacités d'ancrage visuel.	
2	516.4799999999954	0.7901277542114258		
2	517.4399999999954	1.0103785991668701	Nos expériences	
2	518.3999999999954	1.0092487335205078	montrent que les modèles de vision et de langage	
2	519.3599999999955	0.8353335857391357	identifient	
2	520.3199999999955	0.9565832614898682	des	
2	521.2799999999955	1.066925287246704	objets nommés dans leur	
2	522.2399999999956	0.9839980602264404	présence dans les images	
2	523.1999999999956	0.9439690113067627	bien, comme montré	
2	524.1599999999956	0.8731586933135986	par	
2	525.1199999999957	1.0435707569122314	la pièce	
2	526.0799999999957	1.088719367980957	d'existence, mais peinent à	
2	527.0399999999958	0.9303386211395264	ancrer leur	
2	527.9999999999958	0.8997786045074463		
2	528.9599999999958	1.0778844356536865	interdépendance et leurs	
2	529.9199999999959	1.136544942855835	relations dans des scènes visuelles	
2	530.8799999999959	1.0778758525848389	lorsqu'ils sont forcés de	
2	531.8399999999959	0.886322021484375	respecter des	
2	532.799999999996	0.3420228958129883	indicateurs linguistiques.	
2	533.759999999996	0.8903203010559082		
2	534.719999999996	0.9873473644256592	Nous aimerions vraiment	
2	535.6799999999961	0.9766523838043213	encourager la communauté	
2	536.6399999999961	0.9998552799224854	à utiliser les valves	
2	537.5999999999962	0.9692459106445312	pour mesurer les	
2	538.5599999999962	0.958251953125	progrès vers	
2	539.5199999999962	1.093541145324707	l'ancrage	
2	540.4799999999963	0.9914247989654541	linguistique avec	
2	541.4399999999963	0.4322342872619629	les modèles de vision et de langage.	
2	542.3999999999963	0.8369197845458984		
2	543.3599999999964	0.9957165718078613	Et encore plus,	
2	544.3199999999964	1.0278093814849854	les valves pourraient être utilisées comme	
2	545.2799999999964	0.9779489040374756	une évaluation	
2	546.2399999999965	1.0128626823425293	indirecte des	
2	547.1999999999965	1.0643608570098877		
2	548.1599999999966	1.1042592525482178	ensembles de données, car les modèles pourraient être	
2	549.1199999999966	0.9425203800201416	évalués avant et	
2	550.0799999999966	0.9895946979522705	après	
2	551.0399999999967	1.037752628326416	l'entraînement ou le	
2	551.9999999999967	1.034393548965454	fine-tuning pour voir	
2	552.9599999999967	0.9388463497161865	si un ensemble de données	
2	553.9199999999968	0.9345574378967285	aide les	
2	554.8799999999968	1.0125532150268555	modèles à	
2	555.8399999999968	0.9236040115356445		
2	556.7999999999969	1.0210254192352295	améliorer l'un des aspects	
2	557.7599999999969	1.059230089187622	testés par les valves.	
2	558.719999999997	0.9490301609039307	Si vous êtes	
2	559.679999999997	0.9426777362823486	intéressé,	
2	560.639999999997	0.9205942153930664	consultez les données de	
2	561.5999999999971	1.037707805633545	Valve sur	
2	562.5599999999971	1.1532835960388184		
2	563.5199999999971	1.2256457805633545	GitHub. Et si vous avez des questions, n'hésitez	
2	564.4799999999972	0.8192448616027832	pas à	
2	565.4399999999972	0.27934741973876953	nous contacter.	
2	566.3999999999972	0.19302654266357422		
2	567.3599999999973	0.18548965454101562		
2	567.8079999999973	0.5258629322052002	nous contacter.	
