docid	audio_s	compute_s	generated	deleted
0	1.04	0.037255048751831055		
0	2.08	0.2947242259979248	Okay.	
0	3.12	0.2478032112121582	Hallo an alle	Okay.
0	4.16	0.3643929958343506	zusammen, heute werde ich	an alle
0	5.2	0.5050485134124756	meine Forschungsarbeit vorstellen.	
0	6.24	0.5199379920959473	"Forschungsarbeit „Reasoning lernen"" vorstellen."	meine Forschungsarbeit vorstellen.
0	7.28	0.57602858543396	"unsere Forschungsarbeit „Deduktives Lernen"" vorstellen."	"Forschungsarbeit „Reasoning lernen"" vorstellen."
0	8.32	0.7385754585266113	"„Deduktives Lernen zum Problemlösen im Metro-System"" vorstellen."	"Lernen"" vorstellen."
0	9.36	0.6811027526855469	"als komplexe regionale Aufgabe"" vorstellen."	"„Deduktives Lernen zum Problemlösen im Metro-System"" vorstellen."
0	10.399999999999999	0.9991152286529541	"Schlussfolgerungs-Extrahieren"" vorstellen."	"als komplexe regionale Aufgabe"" vorstellen."
0	11.439999999999998	1.0744879245758057	Ich bin Alan von Biden's.	"Schlussfolgerungs-Extrahieren"" vorstellen."
0	12.479999999999997	1.2923543453216553	"Lernen: Metro-Problemlösung als komplexes räumliches Extrahieren"" vorstellen. Ich bin Alan AI-Labor von Biden, und dies ist"	Ich bin Alan von Biden's.
0	13.519999999999996	0.7537057399749756	aus dem eine gemeinsame Arbeit mit zwei weiteren.	AI-Labor von Biden, und dies ist
0	14.559999999999995	0.5002851486206055	Thierry von der Universität von	zwei weiteren.
0	15.599999999999994	0.420987606048584	Texas an	Universität von
0	16.639999999999993	0.3528275489807129	Austin.	Texas an
0	17.679999999999993	0.5766868591308594	Austin und Weiru von SUDD.	Austin.
0	18.71999999999999	0.553943395614624	University of Texas at	Austin und Weiru von SUDD.
0	19.75999999999999	0.37880706787109375	möchte ich über	
0	20.79999999999999	0.524810791015625	Zuerst unsere Motivation sprechen.	möchte ich über
0	21.83999999999999	0.45418334007263184	Reasoning sprechen.	sprechen.
0	22.87999999999999	0.5860381126403809	für das Hier zeigen wir ein Beispiel.	Reasoning sprechen.
0	23.919999999999987	0.47953152656555176	Beispiel, bei dem mein	Beispiel.
0	24.959999999999987	0.6370229721069336	"Metro-Problemlösung als komplexes räumliches Extrahieren"" vorstellen. Ich bin Alan aus dem AI-Labor von Biden, und dies ist eine gemeinsame Arbeit mit Thierry von der University of Texas at Austin und Weiru von SUDD. Zuerst möchte ich über unsere Motivation für das Reasoning sprechen. Hier zeigen wir ein Beispiel, bei dem mehrstufiges Reasoning erforderlich ist."	mein
0	25.999999999999986	0.4808337688446045	mehrstufiges Reasoning hilfreich ist.	"Metro-Problemlösung als komplexes räumliches Extrahieren"" vorstellen. Ich bin Alan aus dem AI-Labor von Biden, und dies ist eine gemeinsame Arbeit mit Thierry von der University of Texas at Austin und Weiru von SUDD. Zuerst möchte ich über unsere Motivation für das Reasoning sprechen. Hier zeigen wir ein Beispiel, bei dem mehrstufiges Reasoning erforderlich ist."
0	27.039999999999985	0.5023214817047119	Diese Abbildung stammt aus	
0	28.079999999999984	0.5993537902832031	dem PELM-Paper.	
0	29.119999999999983	0.5947816371917725	PELM-Paper, wo sie bevorzugen	PELM-Paper.
0	30.159999999999982	0.6906225681304932	zur Lösung durchführen.	wo sie bevorzugen
0	31.19999999999998	0.6232960224151611	in dem sie zur Lösung des Metro-Problems durchführen.	zur Lösung durchführen.
0	32.23999999999998	0.5997731685638428	Prompting zur Lösung des Methodenproblems in der Welt durchführen.	zur Lösung des Metro-Problems durchführen.
0	33.27999999999998	0.5671405792236328	Method-Problems in wenigen kurzen Lernsystemen durchführen.	Methodenproblems in der Welt durchführen.
0	34.31999999999998	0.7720870971679688	Method-Problem-Problems in einem Few-Shot-Learning-Szenario durchführen.	Method-Problems in wenigen kurzen Lernsystemen durchführen.
0	35.35999999999998	0.864044189453125	Auf dem NetPen.	Method-Problem-Problems in einem Few-Shot-Learning-Szenario durchführen.
0	36.39999999999998	1.0511481761932373	PELM-Paper, in dem sie Prompting zur Lösung des Method-Problem-Problems in einem Few-Shot-Learning-Szenario durchführen. Auf der NetPen-Seite sehen wir	Auf dem NetPen.
0	37.439999999999976	1.0936470031738281	ob wir	PELM-Paper, in dem sie Prompting zur Lösung des Method-Problem-Problems in einem Few-Shot-Learning-Szenario durchführen. Auf der NetPen-Seite sehen wir
0	38.479999999999976	1.1761219501495361	Method-Problems in einem Few-Shot-Learning-Szenario durchführen. Auf der NetPen-Seite sehen wir, Beispiele mit	ob wir
0	39.519999999999975	0.5287866592407227	einige Beispiele mit nur Frage und Antwort geben.	Beispiele mit
0	40.559999999999974	0.50974440574646	nur Beispiele mit nur Fragen und Antworten geben, möglicherweise nicht	Beispiele mit nur Frage und Antwort geben.
0	41.59999999999997	0.5608477592468262	Fragen und Antworten geben, möglicherweise nicht die	Beispiele mit nur Fragen und Antworten geben, möglicherweise nicht
0	42.63999999999997	0.5559048652648926	können wir möglicherweise Method-Problems in einem Few-Shot-Learning-Szenario durchführen. Auf der NetPen-Seite sehen wir, ob wir einige Beispiele mit nur Fragen und Antworten geben, können wir möglicherweise keine korrekten Antworten erhalten.	möglicherweise nicht die
0	43.67999999999997	0.562889575958252	Aber wenn wir einige	Method-Problems in einem Few-Shot-Learning-Szenario durchführen. Auf der NetPen-Seite sehen wir, ob wir einige Beispiele mit nur Fragen und Antworten geben, können wir möglicherweise keine korrekten Antworten erhalten.
0	44.71999999999997	0.5111846923828125	mehr Reasoning hinzufügen,	einige
0	45.75999999999997	0.6299111843109131	Reasoning-Beschreibungen geben, ist das Modell	mehr Reasoning hinzufügen,
0	46.79999999999997	0.672631025314331	weitere Reasoning-Beschreibungen geben, vorhersagen	Reasoning-Beschreibungen geben, ist das Modell
0	47.83999999999997	0.6422197818756104	kann das Modell die Reasoning-Beschreibung vorhersagen.	vorhersagen
0	48.87999999999997	0.5868725776672363	Reasoning-Beschreibung vorhersagen und auch	vorhersagen.
0	49.919999999999966	0.5233709812164307	eine korrekte	Reasoning-Beschreibung vorhersagen und auch
0	50.959999999999965	0.5435798168182373	hier eine korrekte Vorhersage treffen.	eine korrekte
0	51.999999999999964	0.47788500785827637		
0	53.039999999999964	0.14212274551391602		hier eine korrekte Vorhersage treffen.
0	54.07999999999996	0.4227921962738037	Es ist gut, dass	
0	55.11999999999996	0.7835111618041992	haben.	dass
0	56.15999999999996	0.605994701385498	interpretierbares mehrstufiges Reasoning Reasoning als unser	haben.
0	57.19999999999996	0.3995852470397949	als Ausgabe zu haben.	Reasoning als unser
0	58.23999999999996	0.7267742156982422	Und wir denken auch an Multi-Speaking.	
0	59.27999999999996	0.6164641380310059	Method-Problem	auch an Multi-Speaking.
0	60.31999999999996	0.593742847442627	auch, dass das mehrstufiges Reasoning als Ausgabe zu haben. Und wir denken auch, dass das Method-Problem einfach ist.	Method-Problem
0	61.35999999999996	0.47556424140930176	mehrstufiges Reasoning als Ausgabe zu haben. Und wir denken auch, dass das Method-Problem eine einfache Anwendung für jedes ist.	mehrstufiges Reasoning als Ausgabe zu haben. Und wir denken auch, dass das Method-Problem einfach ist.
0	62.399999999999956	0.6434288024902344	eine einfache Anwendung einige zu evaluieren.	mehrstufiges Reasoning als Ausgabe zu haben. Und wir denken auch, dass das Method-Problem eine einfache Anwendung für jedes ist.
0	63.439999999999955	0.6201262474060059	ist, um solches Reasoning zu evaluieren.	einige zu evaluieren.
0	64.47999999999996	0.5476369857788086	Reasoning-Fähigkeiten zu bewerten.	solches Reasoning zu evaluieren.
0	65.51999999999997	0.5816311836242676	solche Reasoning-Fähigkeiten zu bewerten.	Reasoning-Fähigkeiten zu bewerten.
0	66.55999999999997	0.4244391918182373	Also hier in unserem	Reasoning-Fähigkeiten zu bewerten.
0	67.59999999999998	0.48467326164245605	Problemsetup,	hier in unserem
0	68.63999999999999	0.5705022811889648	gegeben die Frage.	Problemsetup,
0	69.67999999999999	0.7469758987426758	Fragen, müssen wir das Problem lösen.	gegeben die Frage.
0	70.72	0.915515661239624	in unserem Problemsetup, gegeben die Fragen, müssen wir diese Frage lösen und das Problem erhalten.	Fragen, müssen wir das Problem lösen.
0	71.76	0.651817798614502	erhalten.	das Problem erhalten.
0	72.80000000000001	0.531585693359375	Reasoning-Fähigkeiten zu bewerten. Also in unserem Problemsetup, gegeben die Fragen, müssen wir diese Frage lösen und die numerischen Antworten erhalten.	erhalten.
0	73.84000000000002	0.6629328727722168	Also in unserem Problemsetup, gegeben die Fragen, müssen wir diese Frage lösen und die numerischen Antworten erhalten. In unseren Daten	Reasoning-Fähigkeiten zu bewerten. Also in unserem Problemsetup, gegeben die Fragen, müssen wir diese Frage lösen und die numerischen Antworten erhalten.
0	74.88000000000002	0.5610947608947754	In unseren Problemsetup, gegeben die Fragen, müssen wir diese Frage lösen und die numerischen Antworten erhalten. In unseren Datensätzen sind wir	Also in unserem Problemsetup, gegeben die Fragen, müssen wir diese Frage lösen und die numerischen Antworten erhalten. In unseren Daten
0	75.92000000000003	0.6662354469299316	Datensätzen auch die Methode gegeben.	Problemsetup, gegeben die Fragen, müssen wir diese Frage lösen und die numerischen Antworten erhalten. In unseren Datensätzen sind wir
0	76.96000000000004	0.6309733390808105	mathematischen Ausdruck.	auch die Methode gegeben.
0	78.00000000000004	0.7609395980834961	Ausdruck gegeben, der führt zu	mathematischen Ausdruck.
0	79.04000000000005	0.8881747722625732	wird uns auch der mathematische Ausdruck gegeben, der uh	Ausdruck gegeben, der führt zu
0	80.08000000000006	0.516207218170166	zu bestimmten führt.	uh
0	81.12000000000006	0.501276969909668	Antworten erhalten. In unseren Datensätzen wird uns auch der mathematische Ausdruck gegeben, der zu dieser bestimmten Antwort führt.	bestimmten führt.
0	82.16000000000007	0.3340747356414795		Antworten erhalten. In unseren Datensätzen wird uns auch der mathematische Ausdruck gegeben, der zu dieser bestimmten Antwort führt.
0	83.20000000000007	0.4761958122253418	Also bestimmte Annahmen	
0	84.24000000000008	0.49517154693603516		bestimmte Annahmen
0	85.28000000000009	0.5678317546844482	auch der mathematische Ausdruck gegeben, der zu dieser bestimmten Antwort führt. Also gelten bestimmte Annahmen auch wie in	
0	86.32000000000009	0.6408488750457764	gelten bestimmte Annahmen auch der mathematische Ausdruck gegeben, der zu dieser bestimmten Antwort führt. Also gelten bestimmte Annahmen wie in früheren Arbeiten.	auch der mathematische Ausdruck gegeben, der zu dieser bestimmten Antwort führt. Also gelten bestimmte Annahmen auch wie in
0	87.3600000000001	0.8278594017028809	gegeben, der zu dieser bestimmten Antwort führt. Also gelten bestimmte Annahmen , wie in früheren Arbeiten. Wir gehen davon aus, dass das Verfahren	auch der mathematische Ausdruck gegeben, der zu dieser bestimmten Antwort führt. Also gelten bestimmte Annahmen wie in früheren Arbeiten.
0	88.4000000000001	1.0713529586791992	, wie in früheren Arbeiten. Wir gehen davon aus, dass Präzision der Größen bekannt ist.	gegeben, der zu dieser bestimmten Antwort führt. Also gelten bestimmte Annahmen , wie in früheren Arbeiten. Wir gehen davon aus, dass das Verfahren
0	89.44000000000011	0.7009391784667969	die Präzision der Größen bekannt bekannt ist und wir auch	Präzision der Größen bekannt ist.
0	90.48000000000012	0.5442001819610596	ist und wir betrachten nur	bekannt ist und wir auch
0	91.52000000000012	0.6530964374542236	Annahmen , wie in früheren Arbeiten. Wir gehen davon aus, dass die Präzision der Größen bekannt ist und wir nur grundlegende Operatoren betrachten, wie	betrachten nur
0	92.56000000000013	0.6717545986175537	Annahmen , wie in früheren Arbeiten. Wir gehen davon aus, dass die Präzision der Größen bekannt ist und wir betrachten nur grundlegende Operatoren wie Addition,	Annahmen , wie in früheren Arbeiten. Wir gehen davon aus, dass die Präzision der Größen bekannt ist und wir nur grundlegende Operatoren betrachten, wie
0	93.60000000000014	0.9604909420013428	Subtraktion, Subtraktion,	Annahmen , wie in früheren Arbeiten. Wir gehen davon aus, dass die Präzision der Größen bekannt ist und wir betrachten nur grundlegende Operatoren wie Addition,
0	94.64000000000014	0.7952589988708496	Addition, Subtraktion, Multiplikation, Division und die Division.	Subtraktion,
0	95.68000000000015	0.6282854080200195	Multiplikation, Division und Addition, Subtraktion, Multiplikation, Division und Exploration.	Addition, Subtraktion, Multiplikation, Division und die Division.
0	96.72000000000016	0.4915909767150879	und Exponentiation.	Addition, Subtraktion, Multiplikation, Division und Exploration.
0	97.76000000000016	0.5938913822174072	Ferner,	und Exponentiation.
0	98.80000000000017	0.7436447143554688	können komplexe Operatoren dies ebenfalls tun.	Ferner,
0	99.84000000000017	0.626227855682373	Darüber hinaus können tatsächlich	können komplexe Operatoren dies ebenfalls tun.
0	100.88000000000018	0.6197059154510498	komplizierte Operatoren diese speziellen	tatsächlich
0	101.92000000000019	0.7005171775817871	in diese werden.	diese speziellen
0	102.96000000000019	0.4521975517272949	grundlegenden Operatoren zerlegt	werden.
0	104.0000000000002	0.5207216739654541	Also frühere Arbeiten in	
0	105.0400000000002	0.7960910797119141	Method-Problems lösend.	in
0	106.08000000000021	0.7051937580108643	im Bereich des Method-Problems und	Method-Problems lösend.
0	107.12000000000022	0.4945497512817383	lösenden können komplizierte Operatoren tatsächlich in diese grundlegenden Operatoren zerlegt werden. Also frühere Arbeiten im Bereich des Method-Problems lösenden können	und
0	108.16000000000022	0.5152537822723389	kategorisieren	komplizierte Operatoren tatsächlich in diese grundlegenden Operatoren zerlegt werden. Also frühere Arbeiten im Bereich des Method-Problems lösenden können
0	109.20000000000023	0.5374343395233154	tatsächlich Sequenzen von	kategorisieren
0	110.24000000000024	0.6696608066558838	in Sequence-to-Sequence und Sequence-to-	Sequenzen von
0	111.28000000000024	1.023627519607544	Modelle kategorisiert werden.	Sequence-to-Sequence und Sequence-to-
0	112.32000000000025	0.7827601432800293	sequenz-zu-sequenz und sequenz-zu-baum	Modelle kategorisiert werden.
0	113.36000000000026	0.7227401733398438	Also frühere Arbeiten im Bereich des Method-Problems lösenden können tatsächlich in sequenz-zu-sequenz und sequenz-zu-baum Modelle kategorisiert werden. Also traditionelle sequenz-zu-sequenz	
0	114.40000000000026	0.7770648002624512	sequenz-zu-sequenz und sequenz-zu-baum Modelle kategorisiert werden. Also traditionelle sequenz-zu-sequenz Modelle.	frühere Arbeiten im Bereich des Method-Problems lösenden können tatsächlich in sequenz-zu-sequenz und sequenz-zu-baum Modelle kategorisiert werden. Also traditionelle sequenz-zu-sequenz
0	115.44000000000027	0.6309852600097656	Modelle kategorisiert werden. Also traditionelle sequenz-zu-sequenz Modelle konvertieren den Ausdruck.	sequenz-zu-sequenz und sequenz-zu-baum Modelle kategorisiert werden. Also traditionelle sequenz-zu-sequenz Modelle.
0	116.48000000000027	0.8240907192230225	konvertieren den sequenz-zu-sequenz und sequenz-zu-baum Modelle kategorisiert werden. Also traditionelle sequenz-zu-sequenz Modelle konvertieren den Ausdruck in eine spezifische Sequenz.	kategorisiert werden. Also traditionelle sequenz-zu-sequenz Modelle konvertieren den Ausdruck.
0	117.52000000000028	0.7978694438934326	Ausdruck in eine spezifische sequenz-zu-sequenz und sequenz-zu-baum Modelle kategorisiert werden. Also traditionelle sequenz-zu-sequenz Modelle konvertieren den Ausdruck in eine spezifische Sequenz für die Generierung.	sequenz-zu-sequenz und sequenz-zu-baum Modelle kategorisiert werden. Also traditionelle sequenz-zu-sequenz Modelle konvertieren den Ausdruck in eine spezifische Sequenz.
0	118.56000000000029	0.7797462940216064	Sequenz für die Generierung, und es ist ziemlich	sequenz-zu-sequenz und sequenz-zu-baum Modelle kategorisiert werden. Also traditionelle sequenz-zu-sequenz Modelle konvertieren den Ausdruck in eine spezifische Sequenz für die Generierung.
0	119.60000000000029	0.7935280799865723	einfach zu implementieren.	
0	120.6400000000003	0.6463820934295654	implementieren und es kann	implementieren.
0	121.6800000000003	0.7767722606658936		
0	122.72000000000031	0.7308685779571533	viele verschiedene verallgemeinern.	implementieren und es kann
0	123.76000000000032	0.6066417694091797	sich auf viele verschiedene verschiedene Kom	viele verschiedene verallgemeinern.
0	124.80000000000032	0.7253079414367676	Modelle konvertieren den Ausdruck in eine spezifische Sequenz für die Generierung, und es ist ziemlich einfach zu implementieren und es kann sich auf viele verschiedene komplizierte Probleme verallgemeinern.	verschiedene Kom
0	125.84000000000033	0.8413190841674805	Aber die Schwäche	Modelle konvertieren den Ausdruck in eine spezifische Sequenz für die Generierung, und es ist ziemlich einfach zu implementieren und es kann sich auf viele verschiedene komplizierte Probleme verallgemeinern.
0	126.88000000000034	0.6478855609893799	Modelle konvertieren den Ausdruck in eine spezifische Sequenz für die Generierung, und es ist ziemlich einfach zu implementieren und es kann sich auf viele verschiedene komplizierte Probleme verallgemeinern. Aber die Nachteile sind die Leistung ist	Schwäche
0	127.92000000000034	0.6574904918670654	Nachteile der Leistung sind eigentlich gener	Modelle konvertieren den Ausdruck in eine spezifische Sequenz für die Generierung, und es ist ziemlich einfach zu implementieren und es kann sich auf viele verschiedene komplizierte Probleme verallgemeinern. Aber die Nachteile sind die Leistung ist
0	128.96000000000035	0.7512705326080322	nicht schlecht.	gener
0	130.00000000000034	0.8135325908660889	im Allgemeinen nicht die Generierung, und es ist ziemlich einfach zu implementieren und es kann sich auf viele verschiedene komplizierte Probleme verallgemeinern. Aber die Nachteile der Leistung sind eigentlich im Allgemeinen nicht besser als die strukturellen Modelle.	nicht schlecht.
0	131.04000000000033	0.8221883773803711	besser als die strukturellen Generierung, und es ist ziemlich einfach zu implementieren und es kann sich auf viele verschiedene komplizierte Probleme verallgemeinern. Aber die Nachteile der Leistung sind eigentlich im Allgemeinen nicht besser als die strukturellen Modelle, und es ist	die Generierung, und es ist ziemlich einfach zu implementieren und es kann sich auf viele verschiedene komplizierte Probleme verallgemeinern. Aber die Nachteile der Leistung sind eigentlich im Allgemeinen nicht besser als die strukturellen Modelle.
0	132.08000000000033	0.6656234264373779	Modelle, und es fehlt an der	Generierung, und es ist ziemlich einfach zu implementieren und es kann sich auf viele verschiedene komplizierte Probleme verallgemeinern. Aber die Nachteile der Leistung sind eigentlich im Allgemeinen nicht besser als die strukturellen Modelle, und es ist
0	133.12000000000032	0.6383605003356934	interpretierbares mehrstufiges Reasoning als Ausgabe zu haben. Und wir denken auch, dass das Method-Problem eine einfache Anwendung ist, um solche Reasoning-Fähigkeiten zu bewerten. Also in unserem Problemsetup, gegeben die Fragen, müssen wir diese Frage lösen und die numerischen Antworten erhalten. In unseren Datensätzen wird uns auch der mathematische Ausdruck gegeben, der zu dieser bestimmten Antwort führt. Also gelten bestimmte Annahmen , wie in früheren Arbeiten. Wir gehen davon aus, dass die Präzision der Größen bekannt ist und wir betrachten nur grundlegende Operatoren wie Addition, Subtraktion, Multiplikation, Division und Exponentiation. Darüber hinaus können komplizierte Operatoren tatsächlich in diese grundlegenden Operatoren zerlegt werden. Also frühere Arbeiten im Bereich des Method-Problems lösenden können tatsächlich in sequenz-zu-sequenz und sequenz-zu-baum Modelle kategorisiert werden. Also traditionelle sequenz-zu-sequenz Modelle konvertieren den Ausdruck in eine spezifische Sequenz für die Generierung, und es ist ziemlich einfach zu implementieren und es kann sich auf viele verschiedene komplizierte Probleme verallgemeinern. Aber die Nachteile der Leistung sind eigentlich im Allgemeinen nicht besser als die strukturellen Modelle, und es fehlt an Interpretierbarkeit für	der
0	134.1600000000003	0.7124898433685303	Generierung, und es ist ziemlich einfach zu implementieren und es kann sich auf viele verschiedene komplizierte Probleme verallgemeinern. Aber die Nachteile der Leistung sind eigentlich im Allgemeinen nicht besser als die strukturellen Modelle, und es fehlt an Interpretierbarkeit für die Vorhersage.	interpretierbares mehrstufiges Reasoning als Ausgabe zu haben. Und wir denken auch, dass das Method-Problem eine einfache Anwendung ist, um solche Reasoning-Fähigkeiten zu bewerten. Also in unserem Problemsetup, gegeben die Fragen, müssen wir diese Frage lösen und die numerischen Antworten erhalten. In unseren Datensätzen wird uns auch der mathematische Ausdruck gegeben, der zu dieser bestimmten Antwort führt. Also gelten bestimmte Annahmen , wie in früheren Arbeiten. Wir gehen davon aus, dass die Präzision der Größen bekannt ist und wir betrachten nur grundlegende Operatoren wie Addition, Subtraktion, Multiplikation, Division und Exponentiation. Darüber hinaus können komplizierte Operatoren tatsächlich in diese grundlegenden Operatoren zerlegt werden. Also frühere Arbeiten im Bereich des Method-Problems lösenden können tatsächlich in sequenz-zu-sequenz und sequenz-zu-baum Modelle kategorisiert werden. Also traditionelle sequenz-zu-sequenz Modelle konvertieren den Ausdruck in eine spezifische Sequenz für die Generierung, und es ist ziemlich einfach zu implementieren und es kann sich auf viele verschiedene komplizierte Probleme verallgemeinern. Aber die Nachteile der Leistung sind eigentlich im Allgemeinen nicht besser als die strukturellen Modelle, und es fehlt an Interpretierbarkeit für
0	135.2000000000003	0.6629195213317871	Aber eigentlich	Generierung, und es ist ziemlich einfach zu implementieren und es kann sich auf viele verschiedene komplizierte Probleme verallgemeinern. Aber die Nachteile der Leistung sind eigentlich im Allgemeinen nicht besser als die strukturellen Modelle, und es fehlt an Interpretierbarkeit für die Vorhersage.
0	136.2400000000003	0.7280030250549316	ist diese Richtung immer noch	
0	137.28000000000029	0.7545473575592041	noch sehr beliebt, weil	
0	138.32000000000028	0.591813325881958	weil	noch sehr beliebt, weil
0	139.36000000000027	0.5507683753967285		weil
0	140.40000000000026	0.6205451488494873	des Modelle, und es fehlt an Interpretierbarkeit für die Vorhersage. Aber eigentlich ist diese Richtung immer noch sehr beliebt, weil des Transformer-Modells.	
0	141.44000000000025	0.3216135501861572		Modelle, und es fehlt an Interpretierbarkeit für die Vorhersage. Aber eigentlich ist diese Richtung immer noch sehr beliebt, weil des Transformer-Modells.
0	142.48000000000025	0.5669407844543457		
0	143.52000000000024	0.7472338676452637	Also in Method-Problems lösenden können tatsächlich in sequenz-zu-sequenz und sequenz-zu-baum Modelle kategorisiert werden. Also traditionelle sequenz-zu-sequenz Modelle konvertieren den Ausdruck in eine spezifische Sequenz für die Generierung, und es ist ziemlich einfach zu implementieren und es kann sich auf viele verschiedene komplizierte Probleme verallgemeinern. Aber die Nachteile der Leistung sind eigentlich im Allgemeinen nicht besser als die strukturellen Modelle, und es fehlt an Interpretierbarkeit für die Vorhersage. Aber eigentlich ist diese Richtung immer noch sehr beliebt, weil des Transformer-Modells. Also in baumbasierten Modellen.	
0	144.56000000000023	0.8519299030303955		Method-Problems lösenden können tatsächlich in sequenz-zu-sequenz und sequenz-zu-baum Modelle kategorisiert werden. Also traditionelle sequenz-zu-sequenz Modelle konvertieren den Ausdruck in eine spezifische Sequenz für die Generierung, und es ist ziemlich einfach zu implementieren und es kann sich auf viele verschiedene komplizierte Probleme verallgemeinern. Aber die Nachteile der Leistung sind eigentlich im Allgemeinen nicht besser als die strukturellen Modelle, und es fehlt an Interpretierbarkeit für die Vorhersage. Aber eigentlich ist diese Richtung immer noch sehr beliebt, weil des Transformer-Modells. Also in baumbasierten Modellen.
0	145.60000000000022	0.9647293090820312	baum-basierten Modelle, und es fehlt an Interpretierbarkeit für die Vorhersage. Aber eigentlich ist diese Richtung immer noch sehr beliebt, weil des Transformer-Modells. Also in baum-basierten Modellen strukturieren wir diese Ausdrücke tatsächlich.	
0	146.6400000000002	0.9019834995269775	Modellen strukturieren wir diese Ausdrücke in eine spezifische Sequenz für die Generierung, und es ist ziemlich einfach zu implementieren und es kann sich auf viele verschiedene komplizierte Probleme verallgemeinern. Aber die Nachteile der Leistung sind eigentlich im Allgemeinen nicht besser als die strukturellen Modelle, und es fehlt an Interpretierbarkeit für die Vorhersage. Aber eigentlich ist diese Richtung immer noch sehr beliebt, weil des Transformer-Modells. Also in baum-basierten Modellen strukturieren wir diese Ausdrücke tatsächlich in einem Baum.	Modelle, und es fehlt an Interpretierbarkeit für die Vorhersage. Aber eigentlich ist diese Richtung immer noch sehr beliebt, weil des Transformer-Modells. Also in baum-basierten Modellen strukturieren wir diese Ausdrücke tatsächlich.
0	147.6800000000002	0.6711556911468506		in eine spezifische Sequenz für die Generierung, und es ist ziemlich einfach zu implementieren und es kann sich auf viele verschiedene komplizierte Probleme verallgemeinern. Aber die Nachteile der Leistung sind eigentlich im Allgemeinen nicht besser als die strukturellen Modelle, und es fehlt an Interpretierbarkeit für die Vorhersage. Aber eigentlich ist diese Richtung immer noch sehr beliebt, weil des Transformer-Modells. Also in baum-basierten Modellen strukturieren wir diese Ausdrücke tatsächlich in einem Baum.
0	148.7200000000002	0.8651084899902344	in einer Baumform und folgen	
0	149.7600000000002	0.8554873466491699	einer	
0	150.80000000000018	0.8622114658355713	Vorhersage. Aber eigentlich ist diese Richtung immer noch sehr beliebt, weil des Transformer-Modells. Also in baum-basierten Modellen strukturieren wir diese Ausdrücke in einer Baumform und folgen einer vorläufigen Durchlauf in Baumgenerierungen. Also hier	
0	151.84000000000017	1.0497527122497559		Vorhersage. Aber eigentlich ist diese Richtung immer noch sehr beliebt, weil des Transformer-Modells. Also in baum-basierten Modellen strukturieren wir diese Ausdrücke in einer Baumform und folgen einer vorläufigen Durchlauf in Baumgenerierungen. Also hier
0	152.88000000000017	0.6969671249389648		
0	153.92000000000016	0.8021161556243896		
0	154.96000000000015	1.0853791236877441	generieren wir weiterhin die Operatoren, bis wir	
0	156.00000000000014	0.4832651615142822	die Blätter erreichen, die die Größen sind.	
0	157.04000000000013	0.6228115558624268		
0	158.08000000000013	0.7384476661682129	Also hier ist das Gute, dass	
0	159.12000000000012	0.5899388790130615	es	
0	160.1600000000001	0.7420995235443115	uns tatsächlich diese	
0	161.2000000000001	0.6550869941711426	binäre Baumstruktur	
0	162.2400000000001	0.5886929035186768	gibt und es	
0	163.2800000000001	0.599069356918335	ist	
0	164.32000000000008	0.7681632041931152	aber aber aber eigentlich	
0	165.36000000000007	0.694528341293335	ziemlich	
0	166.40000000000006	0.8039357662200928	kontraintuitiv, weil	
0	167.44000000000005	0.5755763053894043	wir	
0	168.48000000000005	0.7162525653839111		
0	169.52000000000004	0.7772033214569092	zuerst den Operator generieren und dann am	
0	170.56000000000003	0.6380796432495117	Ende	
0	171.60000000000002	0.3226602077484131	die Größen generieren.	
0	172.64000000000001	0.5983192920684814		
0	173.68	0.7701535224914551	Und die zweite Sache	
0	174.72	0.803551197052002	ist, dass es auch	
0	175.76	0.7771844863891602	einige	
0	176.79999999999998	0.7583093643188477	wiederholte Berechnungen enthält.	
0	177.83999999999997	0.7347602844238281	Also	
0	178.87999999999997	0.7436316013336182	hier, wenn wir diesen Ausdruck	
0	179.91999999999996	0.7654328346252441		
0	180.95999999999995	0.846977949142456		
0	181.99999999999994	0.9644312858581543		
0	183.03999999999994	1.029637336730957	ansehen, a mal drei plus drei, es wird tatsächlich zweimal generiert.	
0	184.07999999999993	0.6043641567230225	Aber uh	
0	185.11999999999992	0.7384061813354492	eigentlich sollten wir	
0	186.1599999999999	0.33451151847839355	die Ergebnisse wiederverwenden.	
0	187.1999999999999	0.15802264213562012		
0	188.2399999999999	0.6696391105651855		
0	189.2799999999999	0.7901768684387207	Also in unserem	
0	190.31999999999988	0.6986129283905029	vorgeschlagenen Ansatz wollen wir	
0	191.35999999999987	0.617499589920044		
0	192.39999999999986	0.7505037784576416	diese Probleme	
0	193.43999999999986	0.6087672710418701		
0	194.47999999999985	0.7778823375701904		
0	195.51999999999984	0.8216273784637451	auf schrittweise und interpretierbare Weise lösen.	
0	196.55999999999983	0.6806449890136719	Also	
0	197.59999999999982	0.7225806713104248	zum Beispiel, hier im zweiten	
0	198.63999999999982	0.640385627746582	Schritt, uh	
0	199.6799999999998	0.6532649993896484	können wir	
0	200.7199999999998	0.704277515411377		
0	201.7599999999998	0.8996334075927734		
0	202.79999999999978	0.8917951583862305	diesen uh Divisor erhalten, der uh	
0	203.83999999999978	0.8669013977050781	27 ist.	
0	204.87999999999977	0.8724520206451416	Und wir können auch	
0	205.91999999999976	0.8547215461730957		
0	206.95999999999975	0.9027807712554932	zurück auf die ursprünglichen Fragen verweisen, um	
0	207.99999999999974	0.6897928714752197	die relevanten	
0	209.03999999999974	0.8273653984069824		
0	210.07999999999973	0.9203412532806396	uh Inhalte zu finden. Und in diesen	
0	211.11999999999972	0.7588217258453369		
0	212.1599999999997	0.76436448097229	Schritten	
0	213.1999999999997	0.7682535648345947		
0	214.2399999999997	0.9484114646911621	, uh erhalten wir die	
0	215.2799999999997	0.8467836380004883		
0	216.31999999999968	1.178795337677002	Divisoren.	
0	217.35999999999967	0.7313568592071533		
0	218.39999999999966	1.1341822147369385		
0	219.43999999999966	1.3710041046142578	Also und dann in diesem dritten Schritt, erhalten wir tatsächlich den Quotienten. Alles	
0	220.47999999999965	0.7950515747070312		
0	221.51999999999964	0.9998319149017334		
0	222.55999999999963	1.0650696754455566		
0	223.59999999999962	1.157128095626831	. Und nach diesen drei Schritten können wir tatsächlich die Ergebnisse vom zweiten Schritt	
0	224.63999999999962	0.6800642013549805	wiederverwenden und dann uh	
0	225.6799999999996	0.5457143783569336	den	
0	226.7199999999996	0.5687541961669922	uh	
0	227.7599999999996	0.7402369976043701	Ergebnisse des	
0	228.79999999999959	0.8127150535583496	vierten Schritts	
0	229.83999999999958	0.7215366363525391	erhalten. Und dann	
0	230.87999999999957	0.7487094402313232	können wir schließlich	
0	231.91999999999956	0.667762279510498		
0	232.95999999999955	0.716210126876831	den uh Dividenden erhalten.	
0	233.99999999999955	0.6096880435943604		
0	235.03999999999954	0.7808160781860352	Also hier	
0	236.07999999999953	0.7208244800567627	generieren wir	
0	237.11999999999952	0.7452738285064697	den gesamten Ausdruck	
0	238.1599999999995	0.591364860534668		
0	239.1999999999995	0.648442268371582	direkt statt eines einzelnen	
0	240.2399999999995	0.5866575241088867		
0	241.2799999999995	0.7328484058380127	Operators oder Größen.	
0	242.31999999999948	0.6664667129516602		
0	243.35999999999947	0.3438732624053955	Das macht den Prozess genauer.	
0	244.39999999999947	0.5321688652038574		
0	245.43999999999946	0.6388304233551025	Also	
0	246.47999999999945	0.7592000961303711	in unserem deduktiven	
0	247.51999999999944	0.6650145053863525	System	
0	248.55999999999943	0.7510809898376465	beginnen wir zunächst mit	
0	249.59999999999943	0.8568921089172363	einer Reihe von	
0	250.63999999999942	0.768566370010376	Größen, die in	
0	251.6799999999994	0.8619203567504883	den Fragen	
0	252.7199999999994	0.9505081176757812	präsentiert	
0	253.7599999999994	1.0267980098724365	werden, und auch einige Konstanten als unsere	
0	254.7999999999994	0.8122529983520508		
0	255.83999999999938	0.7846784591674805		
0	256.87999999999937	0.9775123596191406	initiale initiale Zustands. Der Ausdruck	
0	257.9199999999994	0.7352011203765869	wird durch	
0	258.9599999999994	0.6364946365356445		
0	259.99999999999943	0.839228630065918	Eij OP	
0	261.03999999999945	0.6958146095275879	dargestellt, wo wir	
0	262.0799999999995	0.7718899250030518	Operator von	
0	263.1199999999995	0.8368148803710938	QI zu	
0	264.1599999999995	0.9192299842834473	QJ durchführen, und solcher	
0	265.19999999999953	0.6832594871520996	Ausdruck ist eigentlich	
0	266.23999999999955	0.7033786773681641	gerichtet.	
0	267.2799999999996	0.7323775291442871	Also haben wir auch	
0	268.3199999999996	0.6774063110351562		
0	269.3599999999996	0.8815293312072754	hier Subtraktion	
0	270.39999999999964	0.9039838314056396	Reverse, um	
0	271.43999999999966	0.973747968673706	die entgegengesetzte Richtung darzustellen.	
0	272.4799999999997	0.7872302532196045		
0	273.5199999999997	0.4841501712799072	Das ist ziemlich ähnlich zur Relationsextraktion.	
0	274.5599999999997	0.7473657131195068		
0	275.59999999999974	0.7936429977416992	Also in einem formellen	
0	276.63999999999976	0.7905666828155518	deduktiven System,	
0	277.6799999999998	0.638533353805542	zum Zeitpunkt	
0	278.7199999999998	0.7845735549926758		
0	279.7599999999998	0.7536516189575195		
0	280.79999999999984	0.9916961193084717		
0	281.83999999999986	1.0686581134796143	t, uh wenden wir den Operator zwischen dem uh qi und qj	
0	282.8799999999999	0.8099238872528076	Paar	
0	283.9199999999999	0.8139011859893799	an, und dann erhalten wir	
0	284.9599999999999	0.8538527488708496	diesen neuen Ausdruck.	
0	285.99999999999994	0.7394962310791016	Wir fügen ihn	
0	287.03999999999996	0.7483072280883789	zum uh	
0	288.08	0.8715364933013916	zum nächsten Zustand hinzu, um	
0	289.12	0.3661201000213623	eine neue Größe zu werden.	
0	290.16	0.5575747489929199		
0	291.20000000000005	0.6267197132110596	Also	
0	292.24000000000007	0.819920539855957		
0	293.2800000000001	0.8595213890075684	diese Slides visualisieren tatsächlich die	
0	294.3200000000001	0.7086167335510254	Evolution	
0	295.3600000000001	0.7598350048065186	der Zustände, wo wir	
0	296.40000000000015	0.798403263092041		
0	297.44000000000017	0.8959670066833496		
0	298.4800000000002	0.8773112297058105		
0	299.5200000000002	1.0751795768737793	den Ausdruck kontinuierlich zu den aktuellen Zuständen hinzufügen.	
0	300.56000000000023	0.8197267055511475	Also in	
0	301.60000000000025	0.9995250701904297	unseren Modellimplementierungen verwenden wir zuerst	
0	302.64000000000027	1.0153253078460693	ein vortrainiertes	
0	303.6800000000003	0.8398594856262207	Sprachmodell, das sein	
0	304.7200000000003	0.8156642913818359	kann birds oder	
0	305.76000000000033	0.8817887306213379		
0	306.80000000000035	1.0253169536590576	robotheads, und dann kodieren wir einen	
0	307.8400000000004	0.8534481525421143	Satz und dann erhalten wir	
0	308.8800000000004	0.7041008472442627	diese	
0	309.9200000000004	0.7489702701568604	Größenrepräsentationen.	
0	310.96000000000043	0.8069279193878174	Also sobald wir	
0	312.00000000000045	0.7917277812957764	die	
0	313.0400000000005	0.9115474224090576	Größenrepräsentationen erhalten, können wir	
0	314.0800000000005	0.8741340637207031	mit Inferenz beginnen.	
0	315.1200000000005	0.788992166519165	Hier zeigen wir ein	
0	316.16000000000054	0.7178916931152344	Beispiel von	
0	317.20000000000056	0.9717276096343994		
0	318.2400000000006	1.043506145477295	Q1, um die Repräsentation für Q1	
0	319.2800000000006	0.9387125968933105		
0	320.3200000000006	0.9428088665008545	geteilt durch Q2 und dann mal	
0	321.36000000000064	0.31487035751342773	Q3 zu erhalten.	
0	322.40000000000066	0.6672992706298828		
0	323.4400000000007	0.9316005706787109	Zuerst erhalten wir	
0	324.4800000000007	0.7893457412719727		
0	325.5200000000007	1.0605461597442627	das Paardarstellung, was	
0	326.56000000000074	0.8287680149078369	im Wesentlichen nur die Verkettung	
0	327.60000000000076	0.8164887428283691	uh zwischen	
0	328.6400000000008	0.8886651992797852	Q1 und Q2	
0	329.6800000000008	0.9461081027984619	ist, und dann wenden wir	
0	330.7200000000008	0.8580722808837891		
0	331.76000000000084	0.988349199295044	ein Feedforward-Netzwerk an,	
0	332.80000000000086	0.9314124584197998	das	
0	333.8400000000009	0.5409367084503174		
0	334.8800000000009	1.114438533782959	durch den Operator parametrisiert ist.	
0	335.9200000000009	0.8641133308410645	Und dann erhalten wir schließlich	
0	336.96000000000095	0.9783289432525635	die	
0	338.00000000000097	0.9299664497375488	Ausdruckrepräsentation	
0	339.040000000001	0.9064710140228271	Q1 geteilt durch	
0	340.080000000001	0.8867959976196289	q2. Aber uh	
0	341.120000000001	0.8610570430755615	in fret uh in der	
0	342.16000000000105	0.8000502586364746		
0	343.20000000000107	0.8098564147949219	Praxis in der Inferenzphase könnten wir	
0	344.2400000000011	0.7076787948608398		
0	345.2800000000011	0.8104953765869141		
0	346.32000000000113	0.8260495662689209	möglicherweise die falsche	
0	347.36000000000115	0.8258152008056641	repräsent uh falschen Ausdruck	
0	348.40000000000117	0.25243330001831055	auch erhalten.	
0	349.4400000000012	0.5883646011352539		
0	350.4800000000012	0.8319017887115479	Also hier	
0	351.52000000000123	0.6594178676605225	alle möglichen	
0	352.56000000000125	0.6921544075012207	Ausdruck uh	
0	353.6000000000013	0.7397725582122803	ist	
0	354.6400000000013	0.805701732635498	gleich	
0	355.6800000000013	0.41167664527893066	dreimal die Anzahl der Operatoren.	
0	356.72000000000133	0.689284086227417		
0	357.76000000000136	0.7708241939544678		
0	358.8000000000014	0.7825417518615723		
0	359.8400000000014	0.9427516460418701	Das Gute hier ist, dass wir leicht	
0	360.8800000000014	0.9131851196289062		
0	361.92000000000144	1.0409250259399414	Einschränkungen hinzufügen können, um	
0	362.96000000000146	0.8296093940734863	diese Suche	
0	364.0000000000015	0.9783406257629395	diesen Suchraum zu kontrollieren.	
0	365.0400000000015	0.7565178871154785	Zum Beispiel, wenn dieser Ausdruck	
0	366.0800000000015	0.7605409622192383	nicht	
0	367.12000000000154	0.8382394313812256	erlaubt ist, können wir	
0	368.16000000000156	0.7344052791595459		
0	369.2000000000016	0.8845300674438477	einfach diesen uh Ausdruck in unserem	
0	370.2400000000016	0.7821829319000244	Suchraum entfernen.	
0	371.2800000000016	0.7523972988128662	Also	
0	372.32000000000164	0.8959121704101562	im zweiten	
0	373.36000000000166	1.032475233078003	Schritt machen wir dasselbe, aber	
0	374.4000000000017	0.7892637252807617	der einzige Unterschied ist, dass	
0	375.4400000000017	0.6958949565887451	wir	
0	376.4800000000017	0.8690507411956787		
0	377.52000000000174	0.8953971862792969	die the the einzige Unterschied ist	
0	378.56000000000176	0.866736650466919	eine weitere Quantitäten.	
0	379.6000000000018	0.8895134925842285	Also diese Quantität	
0	380.6400000000018	0.7828989028930664	kommt	
0	381.6800000000018	0.8535194396972656		
0	382.72000000000185	0.8916647434234619	von der vorher berechneten uh Ausdruck.	
0	383.76000000000187	0.7193236351013184	Also	
0	384.8000000000019	0.6828491687774658	schließlich können wir	
0	385.8400000000019	0.7647931575775146	diesen	
0	386.8800000000019	0.8917813301086426	finalen Ausdruck	
0	387.92000000000195	0.5026264190673828		
0	388.96000000000197	0.8740620613098145	q3 mal q4 erhalten.	
0	390.000000000002	0.8105554580688477	Und wir können auch	
0	391.040000000002	0.8079583644866943	die Anzahl	
0	392.08000000000203	0.8555543422698975	aller möglichen	
0	393.12000000000205	0.9594559669494629		
0	394.16000000000207	1.0746345520019531		
0	395.2000000000021	1.2060503959655762	exp uh Ausdrücke ist unterschiedlich vom vorherigen Schritt sehen. Also	
0	396.2400000000021	0.8022894859313965		
0	397.28000000000213	0.829024076461792	solcher Unterschied macht es	
0	398.32000000000215	0.8014905452728271		
0	399.3600000000022	1.1126859188079834	schwierig, Beam Search anzuwenden, weil	
0	400.4000000000022	0.8872168064117432	die	
0	401.4400000000022	0.9383468627929688	Wahrscheinlichkeitsverteilung zwischen	
0	402.48000000000224	0.9154436588287354	diesen beiden	
0	403.52000000000226	0.4929845333099365	Schritten uh unbalanciert ist.	
0	404.5600000000023	0.1657695770263672		
0	405.6000000000023	0.6785390377044678		
0	406.6400000000023	0.8498544692993164	Also das Trainingsverfahren	
0	407.68000000000234	1.0348589420318604	ist ähnlich zum	
0	408.72000000000236	0.9613804817199707	Training eines sequenz-zu-sequenz	
0	409.7600000000024	0.8856618404388428		
0	410.8000000000024	0.9879536628723145	-Modells, wo wir den Verlust	
0	411.8400000000024	0.8418328762054443	an jedem Zeitpunkt	
0	412.88000000000244	0.8702473640441895	optimieren, und hier	
0	413.92000000000246	0.8523914813995361	verwenden wir auch	
0	414.9600000000025	0.7183620929718018	dieses tau, um	
0	416.0000000000025	0.8054497241973877		
0	417.0400000000025	0.9164111614227295	darzustellen, wann wir	
0	418.08000000000254	0.8307933807373047		
0	419.12000000000256	0.8553745746612549	diese	
0	420.1600000000026	0.9280004501342773		
0	421.2000000000026	0.9848141670227051		
0	422.2400000000026	1.1124067306518555	Generierungsprozess beenden sollten. Und hier ist der Raum	
0	423.28000000000264	0.9240267276763916	anders als	
0	424.32000000000266	0.9319467544555664		
0	425.3600000000027	1.1676290035247803		
0	426.4000000000027	1.181377649307251	sequenz-zu-sequenz, weil der Raum ist anders an jedem	
0	427.4400000000027	1.0175955295562744	Zeitpunkt	
0	428.48000000000275	1.0039167404174805		
0	429.52000000000277	1.1603193283081055	, während in traditionellen sequenz-zu-sequenz Modell uh	
0	430.5600000000028	0.9190526008605957	es ist die Anzahl	
0	431.6000000000028	0.8074395656585693	des Vokabulars.	
0	432.64000000000283	0.5689449310302734		
0	433.68000000000285	0.7851042747497559		
0	434.72000000000287	1.0634753704071045	Und es erlaubt	
0	435.7600000000029	1.003892421722412	uns	
0	436.8000000000029	1.056452751159668	auch gewisse Einschränkungen von Prior von Prior	
0	437.84000000000293	0.8712859153747559	Wissen aufzuerlegen.	
0	438.88000000000295	0.8037614822387695	Also	
0	439.920000000003	0.8334076404571533	führen wir Experimente	
0	440.960000000003	0.83058762550354	auf dem	
0	442.000000000003	0.9784228801727295	häufig verwendeten uh	
0	443.04000000000303	0.9102632999420166		
0	444.08000000000305	1.128976821899414		
0	445.1200000000031	1.4342401027679443	Method-Problems-Datensätzen, MAWPS,	
0	446.1600000000031	0.9813096523284912	Math23K, MathQA, und	
0	447.2000000000031	0.31386899948120117	SWAM durch.	
0	448.24000000000314	0.6715764999389648		
0	449.28000000000316	0.7696363925933838	Und hier	
0	450.3200000000032	0.8612093925476074	zeigen wir kurz	
0	451.3600000000032	0.8609685897827148	die Ergebnisse	
0	452.4000000000032	0.9164912700653076	im Vergleich	
0	453.44000000000324	0.9898207187652588	zu den vorher besten Ansätzen.	
0	454.48000000000326	0.850724458694458	Also	
0	455.5200000000033	0.9573233127593994	unser beste performierende	
0	456.5600000000033	0.8359241485595703		
0	457.6000000000033	0.9941296577453613	Variante ist Roberta Deductive	
0	458.64000000000334	0.9680697917938232	Reasoner, und	
0	459.68000000000336	0.9069435596466064	uh eigentlich verwenden wir	
0	460.7200000000034	0.8668718338012695	kein Beam Search im	
0	461.7600000000034	0.9250900745391846		
0	462.8000000000034	0.9437515735626221	Gegensatz,	
0	463.84000000000344	0.6200292110443115	offensichtliche Ansätze mit	
0	464.88000000000346	0.7632977962493896	Beamsearch.	
0	465.9200000000035	0.7859785556793213		
0	466.9600000000035	0.9592421054840088	Okay, also uh	
0	468.0000000000035	0.8504588603973389	die besten Ansätze sind	
0	469.04000000000354	0.8805229663848877	oft	
0	470.08000000000357	0.39961814880371094	uh baumbasierte Modelle.	
0	471.1200000000036	0.17509818077087402		
0	472.1600000000036	0.6160030364990234		
0	473.2000000000036	0.789588212966919	Also	
0	474.24000000000365	0.8803074359893799	insgesamt	
0	475.28000000000367	0.9560768604278564	ist unser Reasoner in der Lage,	
0	476.3200000000037	0.741370439529419	uh	
0	477.3600000000037	0.9557287693023682		
0	478.40000000000373	1.136169195175171	signifikant uh	
0	479.44000000000375	1.1024830341339111	signifikant diesen baumbasierten Modell zu	
0	480.48000000000377	0.9655849933624268	überholen, aber wir können	
0	481.5200000000038	0.7269282341003418	die absolute	
0	482.5600000000038	0.7800562381744385	Zahl uh	
0	483.60000000000383	0.8708539009094238	auf	
0	484.64000000000385	0.9416325092315674	Math QE oder SWAM	
0	485.6800000000039	0.8817620277404785	sind nicht wirklich	
0	486.7200000000039	1.0114147663116455	hoch. Also	
0	487.7600000000039	0.9666924476623535	untersuchen wir weiter die Ergebnisse auf	
0	488.80000000000393	0.8192338943481445	SWAM und	
0	489.84000000000395	0.9435014724731445	dieser Datensatz ist	
0	490.880000000004	0.8549654483795166	herausfordernd, weil	
0	491.920000000004	0.8483865261077881	der Autor versucht	
0	492.960000000004	0.8321132659912109	hat, uh manuell	
0	494.00000000000404	1.0764391422271729		
0	495.04000000000406	1.2626416683197021		
0	496.0800000000041	1.4222309589385986		
0	497.1200000000041	1.694814920425415		
0	498.1600000000041	1.6340916156768799		
0	499.20000000000414	1.7289023399353027	uh etwas hinzuzufügen, um das NLP-Modell zu verwirren, wie solche	
0	500.24000000000416	1.0387635231018066		
0	501.2800000000042	1.2579095363616943		
0	502.3200000000042	1.398808240890503	wie das Hinzufügen	
0	503.3600000000042	1.4261460304260254	irrelevanter Informationen und zusätzliche Quantitäten. Also in unserer Vorhersage finden	
0	504.40000000000424	0.9845504760742188	wir, dass einige der Zwischenwerte	
0	505.44000000000426	0.29976344108581543	tatsächlich negativ sind.	
0	506.4800000000043	0.6898939609527588		
0	507.5200000000043	0.8978109359741211	Zum	
0	508.5600000000043	0.9654214382171631	Beispiel,	
0	509.60000000000434	1.002162218093872		
0	510.64000000000436	1.1676509380340576	in dieser Frage, fragen wir, wie viele Äpfel	
0	511.6800000000044	0.8804178237915039	hat Jake, aber wir	
0	512.7200000000043	0.8776674270629883	haben einige	
0	513.7600000000043	0.9270331859588623	zusätzliche Informationen wie	
0	514.8000000000043	0.8651149272918701	17	
0	515.8400000000042	0.8692700862884521		
0	516.8800000000042	0.9296064376831055	wenige Pitch und Steven hat acht	
0	517.9200000000042	0.8414919376373291	Pitch, was	
0	518.9600000000041	0.8528006076812744	völlig irrelevant ist.	
0	520.0000000000041	0.8424463272094727	Also	
0	521.040000000004	1.0145981311798096	macht unser Modell einige uh	
0	522.080000000004	1.0297799110412598	Vorhersage wie	
0	523.120000000004	0.8965733051300049	diese, die uh	
0	524.160000000004	0.7870237827301025		
0	525.2000000000039	0.8674101829528809		
0	526.2400000000039	1.0217375755310059	negative Werte produziert, und wir	
0	527.2800000000038	0.9121785163879395	beobachten diese zwei	
0	528.3200000000038	0.862332820892334	repräsent uh diese	
0	529.3600000000038	0.902179479598999	zwei	
0	530.4000000000037	0.9406633377075195	Ausdrücke haben tatsächlich ähnliche Scores.	
0	531.4400000000037	0.7647738456726074	Also	
0	532.4800000000037	0.8360676765441895	können wir tatsächlich	
0	533.5200000000036	0.9874498844146729		
0	534.5600000000036	1.1119561195373535	diesen Suchraum einschränken, indem wir	
0	535.6000000000035	0.8351209163665771	wie diese	
0	536.6400000000035	0.8753247261047363	Ergebnisse negativ entfernen.	
0	537.6800000000035	0.7569468021392822		
0	538.7200000000034	0.8312227725982666		
0	539.7600000000034	1.023855447769165	so dass wir den uh uh	
0	540.8000000000034	0.3638648986816406	die Antwort korrekt machen können.	
0	541.8400000000033	0.1815507411956787		
0	542.8800000000033	0.6586916446685791		
0	543.9200000000033	0.7242569923400879		
0	544.9600000000032	0.965388298034668	Also um wir	
0	546.0000000000032	0.8726038932800293	finden weiter solche	
0	547.0400000000031	0.8119635581970215	Einschränkung tatsächlich	
0	548.0800000000031	0.7829067707061768	verbessert uh	
0	549.1200000000031	0.8584115505218506	ziemlich viel für	
0	550.160000000003	0.9881761074066162	für einige	
0	551.200000000003	1.0137267112731934	Modelle. Zum Beispiel, für	
0	552.240000000003	0.897071123123169	birds, verbessern wir	
0	553.2800000000029	0.8614218235015869	sieben Punkt und dann	
0	554.3200000000029	0.8962547779083252	für	
0	555.3600000000029	0.9960415363311768		
0	556.4000000000028	0.9969921112060547		
0	557.4400000000028	1.236295223236084		
0	558.4800000000027	1.482698917388916	das Roberta-basierte	
0	559.5200000000027	1.2352962493896484		
0	560.5600000000027	1.43833589553833	Modell verbessern wir tatsächlich zwei uh Punkte.	
0	561.6000000000026	1.2429687976837158		
0	562.6400000000026	1.2900164127349854	Also besseres Sprachmodell hat eine bessere Sprachverständnis Fähigkeit, so dass	
0	563.6800000000026	0.9488236904144287	die Zahl uh hier ist uh	
0	564.7200000000025	0.9370698928833008	höher für Roberta	
0	565.7600000000025	1.0256657600402832	und niedriger für für	
0	566.8000000000025	1.043440818786621	birds. Und wir versuchen	
0	567.8400000000024	0.9747359752655029	auch, die	
0	568.8800000000024	0.9605569839477539	Schwierigkeit	
0	569.9200000000023	1.0105135440826416	hinter diesem	
0	570.9600000000023	1.2083377838134766	hinter allen	
0	572.0000000000023	1.384124755859375		
0	573.0400000000022	1.4284465312957764		
0	574.0800000000022	1.6095056533813477	diesen Datensatz zu analysieren. Wir gehen davon aus, dass die Anzahl der ungenutzten Quantität	
0	575.1200000000022	0.9304430484771729	als irrelevant Information	
0	576.1600000000021	0.8653054237365723	hier betrachtet werden kann.	
0	577.2000000000021	0.8984172344207764	Also uh	
0	578.240000000002	0.9473798274993896	hier können wir sehen, dass	
0	579.280000000002	0.8377397060394287	uh wir	
0	580.320000000002	0.7638771533966064		
0	581.360000000002	1.3236119747161865		
0	582.4000000000019	1.2475454807281494		
0	583.4400000000019	1.411949872970581	die num die die Prozentsatz der Proben mit ungenutzten Quantitäten und	
0	584.4800000000018	1.049971103668213	der	
0	585.5200000000018	1.0929224491119385	SWAM-Datensatz hat	
0	586.5600000000018	1.0297977924346924	den größten Anteil. Und	
0	587.6000000000017	0.9689671993255615	hier zeigen wir auch die	
0	588.6400000000017	0.7818028926849365	allgemeine Leistung.	
0	589.6800000000017	0.469602108001709		
0	590.7200000000016	0.843822717666626		
0	591.7600000000016	1.065317153930664	Für diese Proben ohne	
0	592.8000000000015	1.0845110416412354	ungenutzte Quantitäten.	
0	593.8400000000015	0.9275538921356201	Also die allgemeine	
0	594.8800000000015	0.9062871932983398	Leistung ist eigentlich	
0	595.9200000000014	0.9437658786773682	höher als	
0	596.9600000000014	1.0082042217254639		
0	598.0000000000014	1.021686315536499		
0	599.0400000000013	1.2230489253997803	die Leistung ist eigentlich höher als die allgemeine Leistung.	
0	600.0800000000013	1.0414469242095947	Aber mit diesen Proben,	
0	601.1200000000013	0.9870567321777344	die mit	
0	602.1600000000012	1.1389658451080322		
0	603.2000000000012	1.1665046215057373	ungenutzter	
0	604.2400000000011	1.1457545757293701	Quantität ist	
0	605.2800000000011	1.0827012062072754	eigentlich viel schlechter als der viel schlechter	
0	606.3200000000011	0.9032201766967773	als der uh	
0	607.360000000001	0.9144575595855713	die allgemeine	
0	608.400000000001	1.047605037689209		
0	609.440000000001	1.195479154586792	Leistung. Für	
0	610.4800000000009	1.2298426628112793		
0	611.5200000000009	1.366999864578247		
0	612.5600000000009	1.412977695465088		
0	613.6000000000008	1.466787338256836		
0	614.6400000000008	1.4407334327697754		
0	615.6800000000007	1.539318323135376	mwps haben wir nicht wir wir haben nicht wirklich uh zu viele Disk Fälle also ich nur uh ignoriere diesen	
0	616.7200000000007	0.9213755130767822	Teil. Also	
0	617.7600000000007	0.9968316555023193	uh schließlich wollen wir	
0	618.8000000000006	0.8956618309020996	die	
0	619.8400000000006	1.077387809753418	Interpretierbarkeit durch	
0	620.8800000000006	0.9613721370697021	einen Crash und	
0	621.9200000000005	0.9233732223510742	Teilnahme Beispiel zeigen. Also	
0	622.9600000000005	0.8708925247192383	hier	
0	624.0000000000005	0.8689780235290527	macht unser Modell tatsächlich	
0	625.0400000000004	0.9076662063598633	eine	
0	626.0800000000004	1.0268521308898926	falsche	
0	627.1200000000003	1.094465732574463	Vorhersage uh an der	
0	628.1600000000003	1.0291919708251953	at der ersten Schritt. Also	
0	629.2000000000003	0.8400812149047852	können wir tatsächlich	
0	630.2400000000002	0.8536837100982666	uh	
0	631.2800000000002	0.9685685634613037	korrelieren	
0	632.3200000000002	0.9423990249633789	die this Ausdruck mit	
0	633.3600000000001	0.8868422508239746	dem Satz hier.	
0	634.4000000000001	1.0086054801940918		
0	635.44	1.1022040843963623	Okay. Also denken wir, dieser Satz könnte	
0	636.48	0.8949050903320312		
0	637.52	0.9889905452728271	das Modell	
0	638.56	1.1088082790374756		
0	639.5999999999999	1.1384303569793701	irreführen zu uh eine falsche Vorhersage.	
0	640.6399999999999	1.031383752822876	Also hier	
0	641.6799999999998	0.963979959487915	pflanzen wir einen weiteren	
0	642.7199999999998	0.9723305702209473		
0	643.7599999999998	0.9790403842926025		
0	644.7999999999997	1.1535303592681885		
0	645.8399999999997	1.3034894466400146	dreißigfünf macht das Modell das Modell denkt es sollte ein	
0	646.8799999999997	0.9215333461761475	Addition Operatoren.	
0	647.9199999999996	1.032379388809204	Also versuchen	
0	648.9599999999996	1.1715037822723389	wir, den Satz zu	
0	649.9999999999995	1.1591176986694336	überarbeiten, um etwas wie	
0	651.0399999999995	1.1698384284973145	die Anzahl der Paarpalmen	
0	652.0799999999995	1.0711281299591064	sind 35 weniger	
0	653.1199999999994	0.9177234172821045	als die Apfelbäume.	
0	654.1599999999994	0.9241266250610352		
0	655.1999999999994	0.949495792388916	Also	
0	656.2399999999993	1.1584365367889404	machen wir	
0	657.2799999999993	1.3179492950439453	es, um mehr genaue Semantik zu vermitteln,	
0	658.3199999999993	1.0131971836090088	so dass das Modell in der Lage ist,	
0	659.3599999999992	0.8561229705810547	die	
0	660.3999999999992	1.021362066268921	um Vorhersage	
0	661.4399999999991	1.2444424629211426	korrekt zu machen. Also	
0	662.4799999999991	0.8501780033111572	diese Studie	
0	663.5199999999991	0.9201085567474365	zeigt, wie	
0	664.559999999999	0.9485797882080078	die	
0	665.599999999999	1.022933006286621	interpretierbaren	
0	666.639999999999	1.0827994346618652	Vorhersagen uns	
0	667.6799999999989	0.4483966827392578	helfen, das Modellverhalten zu verstehen.	
0	668.7199999999989	0.185563325881958		
0	669.7599999999989	0.7644622325897217		
0	670.7999999999988	0.9373290538787842	Also	
0	671.8399999999988	1.075620412826538	um unsere Arbeit zu	
0	672.8799999999987	1.1472976207733154	schließen, also zuerst ist unser Modell	
0	673.9199999999987	1.1075444221496582	eigentlich ziemlich	
0	674.9599999999987	1.079345941543579	effizient und wir sind in der	
0	675.9999999999986	0.9350039958953857	Lage, uh	
0	677.0399999999986	0.904454231262207	interpretierbare	
0	678.0799999999986	1.034364938735962	uh	
0	679.1199999999985	1.0926706790924072		
0	680.1599999999985	1.197997808456421	Lösungsprozedur zu	
0	681.1999999999985	1.2426416873931885		
0	682.2399999999984	1.4048280715942383		
0	683.2799999999984	1.5104565620422363		
0	684.3199999999983	1.520282506942749		
0	685.3599999999983	1.7533586025238037	bieten, und wir können leicht einige Prior Wissen als Einschränkung einfügen, was helfen kann, die Leistung zu verbessern.	
0	686.3999999999983	1.1233289241790771	Und uh die letzte Sache	
0	687.4399999999982	1.1671149730682373	ist, dass die	
0	688.4799999999982	1.1342968940734863		
0	689.5199999999982	1.4556927680969238	zugrundeliegende Mechanismus nicht nur auf uh	
0	690.5599999999981	1.188619613647461	mapwork Problemlösung	
0	691.5999999999981	1.129983901977539	Aufgaben	
0	692.639999999998	1.3953959941864014	anwendet, sondern auch andere Aufgaben, die	
0	693.679999999998	0.5269854068756104	mehrstufiges Reasoning beinhalten.	
0	694.719999999998	0.9105315208435059		
0	695.759999999998	1.0033960342407227	Aber wir haben auch gewisse	
0	696.7999999999979	0.9933943748474121		
0	697.8399999999979	1.1655566692352295	Einschränkungen. Wenn wir eine	
0	698.8799999999978	1.0040619373321533	große Anzahl von	
0	699.9199999999978	1.1400375366210938	Operatoren oder	
0	700.9599999999978	1.0926711559295654		
0	701.9999999999977	1.0729284286499023	Inhalt oder Konstanten haben,	
0	703.0399999999977	0.9937331676483154	könnte der	
0	704.0799999999977	1.0228769779205322	Speicherverbrauch pretty hoch sein.	
0	705.1199999999976	0.9546253681182861	Und die zweite	
0	706.1599999999976	0.9869310855865479	Sache ist, dass	
0	707.1999999999975	1.1840381622314453	uh wie erwähnt,	
0	708.2399999999975	1.1642825603485107	weil die	
0	709.2799999999975	1.213076114654541	Wahrscheinlichkeitsverteilung	
0	710.3199999999974	1.223440408706665	ist unbalanciert zwischen uh	
0	711.3599999999974	1.1150169372558594	at	
0	712.3999999999974	1.1935184001922607	it an verschiedenen Zeitpunkten,	
0	713.4399999999973	1.1553246974945068	also ist es auch pretty	
0	714.4799999999973	0.8996484279632568	schwierig,	
0	715.5199999999973	1.0968647003173828	Beam Search	
0	716.5599999999972	1.0627105236053467	s uh s Beam Search	
0	717.5999999999972	0.3554713726043701	Strategie anzuwenden.	
0	718.6399999999971	1.0122931003570557		
0	719.6799999999971	1.004969835281372	Also ist das das Ende der	
0	720.7199999999971	0.9862797260284424	Rede und	
0	721.759999999997	0.9378397464752197		
0	722.799999999997	0.37616920471191406	Fragen sind willkommen. Danke.	
0	723.0229374999969	0.31677961349487305		
1	1.04	0.0420074462890625		
1	2.08	0.20850419998168945	Hallo.	
1	3.12	0.45991015434265137	Hallo, mein Name ist Antoine und ich komme aus	Hallo.
1	4.16	0.6961400508880615	Universität Maastricht.	aus
1	5.2	0.47641682624816895	von der Ich werde	Universität Maastricht.
1	6.24	0.3994572162628174	meine John Wood präsentieren.	
1	7.28	0.44776272773742676	mit Jerry vorstellen.	John Wood präsentieren.
1	8.32	0.49034833908081055	über neue Datensätze vorlegen.	mit Jerry vorstellen.
1	9.36	0.8189923763275146	einen neuen Datensatz für Statutory Art handelt.	über neue Datensätze vorlegen.
1	10.399999999999999	0.7550873756408691	Abrufung gesetzlicher Artikel vorstellen.	einen neuen Datensatz für Statutory Art handelt.
1	11.439999999999998	0.743798017501831	Arbeit mit Jerry über ein neues Datensatz für die	Abrufung gesetzlicher Artikel vorstellen.
1	12.479999999999997	0.3023650646209717	Rechtliche Themen sind	
1	13.519999999999996	0.44832658767700195	Rechtsfragen sind ein integraler Bestandteil von	Rechtliche Themen sind
1	14.559999999999995	0.5545036792755127	Lebens vieler Menschen.	von
1	15.599999999999994	0.34218358993530273	des Lebens vieler Menschen.	Lebens vieler Menschen.
1	16.639999999999993	0.3748743534088135	Die Mehrheit der Bürger jedoch	
1	17.679999999999993	0.5029499530792236	Die Mehrheit der Bürger Lebens vieler Menschen. Die Mehrheit der Bürger hat jedoch wenig bis nichts	Lebens vieler Menschen. Die Mehrheit der Bürger jedoch
1	18.71999999999999	0.44962286949157715	hat jedoch wenig bis Lebens vieler Menschen. Die Mehrheit der Bürger hat jedoch wenig bis keine Kenntnisse darüber.	Lebens vieler Menschen. Die Mehrheit der Bürger hat jedoch wenig bis nichts
1	19.75999999999999	0.3796577453613281	keine Kenntnisse über ihre Rechte.	Lebens vieler Menschen. Die Mehrheit der Bürger hat jedoch wenig bis keine Kenntnisse darüber.
1	20.79999999999999	0.5712430477142334	Rechte und grundlegenden rechtlichen Fragen.	Rechte.
1	21.83999999999999	0.45379185676574707	Verfahren.	grundlegenden rechtlichen Fragen.
1	22.87999999999999	0.41698312759399414	grundlegende rechtliche Daher	Verfahren.
1	23.919999999999987	0.4737379550933838	viele verwundbare	Daher
1	24.959999999999987	0.6182003021240234	Infolgedessen können viele verwundbare Bürger, die	viele verwundbare
1	25.999999999999986	0.8069412708282471	nicht leisten können, keinen Zugang zu	können viele verwundbare Bürger, die
1	27.039999999999985	0.9959011077880859	haben viele verwundbare Bürger, die sich die teure Hilfe eines Anwalts nicht leisten können, Schwierigkeiten.	nicht leisten können, keinen Zugang zu
1	28.079999999999984	0.6726179122924805	Rechtsexperten nicht leisten können, Schwierigkeiten.	Hilfe eines Anwalts nicht leisten können, Schwierigkeiten.
1	29.119999999999983	0.5870578289031982	Unterstützung eines Rechtsexperten nicht leisten können, Schutz.	Rechtsexperten nicht leisten können, Schwierigkeiten.
1	30.159999999999982	0.4222710132598877	keinen oder schlimmer noch.	Schutz.
1	31.19999999999998	0.6026434898376465	Schutz oder schlimmsten Fall werden sie ausgenutzt.	oder schlimmer noch.
1	32.23999999999998	0.47914552688598633	im	schlimmsten Fall werden sie ausgenutzt.
1	33.27999999999998	0.45379185676574707	Oder die Arbeit zielt darauf ab	
1	34.31999999999998	0.6237115859985352	Unsere Arbeit zielt darauf ab, diese Lücke zu schließen.	Oder die Arbeit zielt darauf ab
1	35.35999999999998	0.6413757801055908	zwischen Menschen und	diese Lücke zu schließen.
1	36.39999999999998	0.6441249847412109	die Lücke Recht zu schließen, indem wir	zwischen Menschen und
1	37.439999999999976	0.5883018970489502	dem effektive Lösungen entwickeln.	Recht zu schließen, indem wir
1	38.479999999999976	0.5842800140380859	Retrieval-Systeme für entwickeln.	Lösungen entwickeln.
1	39.519999999999975	0.5451366901397705	Retrieval-Systeme für gesetzliche Artikel entwickeln.	entwickeln.
1	40.559999999999974	0.2814469337463379		Retrieval-Systeme für gesetzliche Artikel entwickeln.
1	41.59999999999997	0.3677024841308594	Ein solches System könnte	
1	42.63999999999997	0.5853316783905029	eine kostenlose, kompetente	
1	43.67999999999997	0.47260475158691406	professionelle Rechtsberatung bieten.	kompetente
1	44.71999999999997	0.42911744117736816	professionelle Rechtsberatungsleistung für	Rechtsberatung bieten.
1	45.75999999999997	0.627091646194458	Menschen bieten.	professionelle Rechtsberatungsleistung für
1	46.79999999999997	0.39449071884155273	unerfahrene	Menschen bieten.
1	47.83999999999997	0.3165559768676758	Bevor wir in	
1	48.87999999999997	0.5320959091186523	der Universität Maastricht. Ich werde meine Arbeit mit Jerry über ein neues Datensatz für die Abrufung gesetzlicher Artikel vorstellen. Rechtsfragen sind ein integraler Bestandteil des Lebens vieler Menschen. Die Mehrheit der Bürger hat jedoch wenig bis keine Kenntnisse über ihre Rechte und grundlegende rechtliche Verfahren. Infolgedessen haben viele verwundbare Bürger, die sich die teure Unterstützung eines Rechtsexperten nicht leisten können, keinen Schutz oder im schlimmsten Fall werden sie ausgenutzt. Unsere Arbeit zielt darauf ab, die Lücke zwischen Menschen und dem Recht zu schließen, indem wir effektive Retrieval-Systeme für gesetzliche Artikel entwickeln. Ein solches System könnte eine kostenlose, professionelle Rechtsberatungsleistung für unerfahrene Menschen bieten. Bevor wir in den Hauptbeitrag eintauchen,	
1	49.919999999999966	0.5003376007080078	den Hauptbeitrag könnte eine kostenlose, professionelle Rechtsberatungsleistung für unerfahrene Menschen bieten. Bevor wir in den Hauptbeitrag dieser Arbeit eintauchen,	der Universität Maastricht. Ich werde meine Arbeit mit Jerry über ein neues Datensatz für die Abrufung gesetzlicher Artikel vorstellen. Rechtsfragen sind ein integraler Bestandteil des Lebens vieler Menschen. Die Mehrheit der Bürger hat jedoch wenig bis keine Kenntnisse über ihre Rechte und grundlegende rechtliche Verfahren. Infolgedessen haben viele verwundbare Bürger, die sich die teure Unterstützung eines Rechtsexperten nicht leisten können, keinen Schutz oder im schlimmsten Fall werden sie ausgenutzt. Unsere Arbeit zielt darauf ab, die Lücke zwischen Menschen und dem Recht zu schließen, indem wir effektive Retrieval-Systeme für gesetzliche Artikel entwickeln. Ein solches System könnte eine kostenlose, professionelle Rechtsberatungsleistung für unerfahrene Menschen bieten. Bevor wir in den Hauptbeitrag eintauchen,
1	50.959999999999965	0.607180118560791	beschreiben wir zunächst das	könnte eine kostenlose, professionelle Rechtsberatungsleistung für unerfahrene Menschen bieten. Bevor wir in den Hauptbeitrag dieser Arbeit eintauchen,
1	51.999999999999964	0.5565476417541504	Problem der gesetzlichen Artikel.	
1	53.039999999999964	0.5532248020172119	Artikel.	gesetzlichen Artikel.
1	54.07999999999996	0.3823971748352051	Abrufung gesetzlicher	Artikel.
1	55.11999999999996	0.44172048568725586	Gegeben ein einfacher Frage,	
1	56.15999999999996	0.6042640209197998	Rechtsberatungsleistung für unerfahrene Menschen bieten. Bevor wir in den Hauptbeitrag dieser Arbeit eintauchen, beschreiben wir zunächst das Problem der Abrufung gesetzlicher Artikel. Gegeben ein einfacher Fragestellung zu einem Rechtsproblem,	Frage,
1	57.19999999999996	0.5740072727203369	wie zum Beispiel	Rechtsberatungsleistung für unerfahrene Menschen bieten. Bevor wir in den Hauptbeitrag dieser Arbeit eintauchen, beschreiben wir zunächst das Problem der Abrufung gesetzlicher Artikel. Gegeben ein einfacher Fragestellung zu einem Rechtsproblem,
1	58.23999999999996	0.4726231098175049	Was soll ich	Beispiel
1	59.27999999999996	0.5670678615570068	Beispiel: Was wenn ich	Was soll ich
1	60.31999999999996	0.6845695972442627	riskiere ich, verletze?	wenn ich
1	61.35999999999996	0.5782995223999023	die	verletze?
1	62.399999999999956	0.7047233581542969	verletze? Ein Modell ist	
1	63.439999999999955	0.8956279754638672	Berufsschweigewidrig verletze? zu einem Rechtsproblem, wie zum Beispiel: Was riskiere ich, wenn ich die Berufsschweigewidrig verletze? Ist ein Modell erforderlich, um zu abrufen.	verletze? Ein Modell ist
1	64.47999999999996	0.5497398376464844	Ist ein Modell erforderlich, um riskiere ich, wenn ich die Berufsschweigewidrig verletze? Ist ein Modell erforderlich, um alle relevanten	zu einem Rechtsproblem, wie zum Beispiel: Was riskiere ich, wenn ich die Berufsschweigewidrig verletze? Ist ein Modell erforderlich, um zu abrufen.
1	65.51999999999997	0.5509076118469238	Artikel abzurufen.	riskiere ich, wenn ich die Berufsschweigewidrig verletze? Ist ein Modell erforderlich, um alle relevanten
1	66.55999999999997	0.6226084232330322	gesetzlichen Artikel Artikel. Gegeben ein einfacher Fragestellung zu einem Rechtsproblem, wie zum Beispiel: Was riskiere ich, wenn ich die Berufsschweigewidrig verletze? Ist ein Modell erforderlich, um alle relevanten gesetzlichen Artikel aus einer großen Menge von Artikeln zu abrufen.	Artikel abzurufen.
1	67.59999999999998	0.6501510143280029	aus Gesetzen abzurufen.	Artikel. Gegeben ein einfacher Fragestellung zu einem Rechtsproblem, wie zum Beispiel: Was riskiere ich, wenn ich die Berufsschweigewidrig verletze? Ist ein Modell erforderlich, um alle relevanten gesetzlichen Artikel aus einer großen Menge von Artikeln zu abrufen.
1	68.63999999999999	0.5120959281921387	einem großen Korpus von	Gesetzen abzurufen.
1	69.67999999999999	0.3903803825378418	Diese Informationseretrie	
1	70.72	0.45287084579467773	kommt mit	Informationseretrie
1	71.76	0.7138030529022217	Informationssuche ihre eigene Reihe von Herausforderungen mit sich.	kommt mit
1	72.80000000000001	0.5631475448608398	bringt ihre Herausforderungen mit sich.	ihre eigene Reihe von Herausforderungen mit sich.
1	73.84000000000002	0.38442444801330566	eigenen	Herausforderungen mit sich.
1	74.88000000000002	0.5046777725219727	es darum, mit	
1	75.92000000000003	0.5886843204498291	Erstens geht es von Gesetzen abzurufen. Diese Informationssuche bringt ihre eigenen Herausforderungen mit sich. Erstens geht es um zwei Sprachtypen.	es darum, mit
1	76.96000000000004	0.345703125		von Gesetzen abzurufen. Diese Informationssuche bringt ihre eigenen Herausforderungen mit sich. Erstens geht es um zwei Sprachtypen.
1	78.00000000000004	0.47141313552856445	natürliche Sprache.	
1	79.04000000000005	0.5652077198028564	Sprache für die Fragen.	natürliche Sprache.
1	80.08000000000006	0.6758527755737305	sich. Erstens geht es um zwei Sprachtypen. Eine natürliche Sprache für die Fragen und eine komplexe.	Sprache für die Fragen.
1	81.12000000000006	0.87235426902771	Eine gesetzlichen Artikel aus einem großen Korpus von Gesetzen abzurufen. Diese Informationssuche bringt ihre eigenen Herausforderungen mit sich. Erstens geht es um zwei Sprachtypen. Eine alltägliche natürliche Sprache für die Fragen und eine komplexe juristische Sprache.	sich. Erstens geht es um zwei Sprachtypen. Eine natürliche Sprache für die Fragen und eine komplexe.
1	82.16000000000007	0.9142801761627197	Sprache für die Gesetze.	gesetzlichen Artikel aus einem großen Korpus von Gesetzen abzurufen. Diese Informationssuche bringt ihre eigenen Herausforderungen mit sich. Erstens geht es um zwei Sprachtypen. Eine alltägliche natürliche Sprache für die Fragen und eine komplexe juristische Sprache.
1	83.20000000000007	0.7295799255371094	gemeinsame natürliche Sprache für die Fragen und eine komplexe juristische	Sprache für die Gesetze.
1	84.24000000000008	0.48732638359069824	Unterschied in der Sprache	
1	85.28000000000009	0.6307132244110107	Dieser Unterschied in Sprachtypen. Eine gemeinsame natürliche Sprache für die Fragen und eine komplexe juristische Sprache für die Gesetze. Dieser Unterschied in den Sprachverteilungen.	Unterschied in der Sprache
1	86.32000000000009	0.6330745220184326	den Sprachtypen. Eine gemeinsame natürliche Sprache für die Fragen und eine komplexe juristische Sprache für die Gesetze. Dieser Unterschied in den Sprachverteilungen macht es schwieriger für	Sprachtypen. Eine gemeinsame natürliche Sprache für die Fragen und eine komplexe juristische Sprache für die Gesetze. Dieser Unterschied in den Sprachverteilungen.
1	87.3600000000001	0.6775155067443848	Sprachverteilungen macht es ein System schwieriger,	Sprachtypen. Eine gemeinsame natürliche Sprache für die Fragen und eine komplexe juristische Sprache für die Gesetze. Dieser Unterschied in den Sprachverteilungen macht es schwieriger für
1	88.4000000000001	0.5952932834625244	für relevante	ein System schwieriger,
1	89.44000000000011	0.570195198059082	Gesetze. Dieser Unterschied in den Sprachverteilungen macht es für ein System schwieriger, relevante Kandidaten abzurufen.	
1	90.48000000000012	0.6930727958679199	Kandidaten Gesetze. Dieser Unterschied in den Sprachverteilungen macht es für ein System schwieriger, relevante Kandidaten abzurufen, da es indirekt	Gesetze. Dieser Unterschied in den Sprachverteilungen macht es für ein System schwieriger, relevante Kandidaten abzurufen.
1	91.52000000000012	0.6611292362213135	abzurufen, da eine	Gesetze. Dieser Unterschied in den Sprachverteilungen macht es für ein System schwieriger, relevante Kandidaten abzurufen, da es indirekt
1	92.56000000000013	0.6994457244873047	dies eine inhärente Fähigkeit erfordert,	eine
1	93.60000000000014	0.7707726955413818	implizit erfordert.	eine inhärente Fähigkeit erfordert,
1	94.64000000000014	0.738562822341919	ein inhärentes Interpretationssystem Interpretationssystem erfordert, das	erfordert.
1	95.68000000000015	0.5471880435943604	eine nicht-	Interpretationssystem erfordert, das
1	96.72000000000016	0.6096537113189697	natürliche Frage übersetzen kann.	nicht-
1	97.76000000000016	0.715740442276001	ein System schwieriger, relevante Kandidaten abzurufen, da dies implizit ein inhärentes Interpretationssystem erfordert, das eine natürliche Frage in eine juristische Sprache übersetzen kann.	übersetzen kann.
1	98.80000000000017	0.7689344882965088	in eine juristische übereinstimmt.	ein System schwieriger, relevante Kandidaten abzurufen, da dies implizit ein inhärentes Interpretationssystem erfordert, das eine natürliche Frage in eine juristische Sprache übersetzen kann.
1	99.84000000000017	0.8551139831542969	Frage übersetzt, die Kandidaten abzurufen, da dies implizit ein inhärentes Interpretationssystem erfordert, das eine natürliche Frage in eine juristische Frage übersetzt, die mit der Terminologie des Status übereinstimmt.	übereinstimmt.
1	100.88000000000018	0.7536344528198242	mit der Terminologie Gesetzen abzurufen. Diese Informationssuche bringt ihre eigenen Herausforderungen mit sich. Erstens geht es um zwei Sprachtypen. Eine gemeinsame natürliche Sprache für die Fragen und eine komplexe juristische Sprache für die Gesetze. Dieser Unterschied in den Sprachverteilungen macht es für ein System schwieriger, relevante Kandidaten abzurufen, da dies implizit ein inhärentes Interpretationssystem erfordert, das eine natürliche Frage in eine juristische Frage übersetzt, die mit der Terminologie der Gesetze übereinstimmt.	Kandidaten abzurufen, da dies implizit ein inhärentes Interpretationssystem erfordert, das eine natürliche Frage in eine juristische Frage übersetzt, die mit der Terminologie des Status übereinstimmt.
1	101.92000000000019	0.6507937908172607	Darüber hinaus	Gesetzen abzurufen. Diese Informationssuche bringt ihre eigenen Herausforderungen mit sich. Erstens geht es um zwei Sprachtypen. Eine gemeinsame natürliche Sprache für die Fragen und eine komplexe juristische Sprache für die Gesetze. Dieser Unterschied in den Sprachverteilungen macht es für ein System schwieriger, relevante Kandidaten abzurufen, da dies implizit ein inhärentes Interpretationssystem erfordert, das eine natürliche Frage in eine juristische Frage übersetzt, die mit der Terminologie der Gesetze übereinstimmt.
1	102.96000000000019	0.5309247970581055	Interpretationssystem erfordert, das eine natürliche Frage in eine juristische Frage übersetzt, die mit der Terminologie der Gesetze übereinstimmt. Darüber hinaus ist das Gesetz	
1	104.0000000000002	0.7208700180053711	ist das Informationen.	Interpretationssystem erfordert, das eine natürliche Frage in eine juristische Frage übersetzt, die mit der Terminologie der Gesetze übereinstimmt. Darüber hinaus ist das Gesetz
1	105.0400000000002	0.7276825904846191	Statutrecht Artikel.	Informationen.
1	106.08000000000021	0.8559229373931885	nicht ein Stapel unabhängiger das eine natürliche Frage in eine juristische Frage übersetzt, die mit der Terminologie der Gesetze übereinstimmt. Darüber hinaus ist das Statutrecht nicht ein Stapel unabhängiger Artikel, die als solche behandelt werden können.	Artikel.
1	107.12000000000022	0.7311680316925049	Artikel, die als eine juristische Frage übersetzt, die mit der Terminologie der Gesetze übereinstimmt. Darüber hinaus ist das Statutrecht nicht ein Stapel unabhängiger Artikel, die als vollständige Quelle behandelt werden können.	das eine natürliche Frage in eine juristische Frage übersetzt, die mit der Terminologie der Gesetze übereinstimmt. Darüber hinaus ist das Statutrecht nicht ein Stapel unabhängiger Artikel, die als solche behandelt werden können.
1	108.16000000000022	0.6302282810211182	vollständige der Gesetze übereinstimmt. Darüber hinaus ist das Statutrecht nicht ein Stapel unabhängiger Artikel, die als vollständige Informationsquelle behandelt werden können.	eine juristische Frage übersetzt, die mit der Terminologie der Gesetze übereinstimmt. Darüber hinaus ist das Statutrecht nicht ein Stapel unabhängiger Artikel, die als vollständige Quelle behandelt werden können.
1	109.20000000000023	0.8345513343811035	Informationsquelle Ne	der Gesetze übereinstimmt. Darüber hinaus ist das Statutrecht nicht ein Stapel unabhängiger Artikel, die als vollständige Informationsquelle behandelt werden können.
1	110.24000000000024	0.9289340972900391	für sich übersetzt, die mit der Terminologie der Gesetze übereinstimmt. Darüber hinaus ist das Statutrecht nicht ein Stapel unabhängiger Artikel, die als vollständige Informationsquelle für sich genommen behandelt werden können, im Gegensatz zu Nachrichten oder Rezepten zum Beispiel.	Ne
1	111.28000000000024	0.6487629413604736		übersetzt, die mit der Terminologie der Gesetze übereinstimmt. Darüber hinaus ist das Statutrecht nicht ein Stapel unabhängiger Artikel, die als vollständige Informationsquelle für sich genommen behandelt werden können, im Gegensatz zu Nachrichten oder Rezepten zum Beispiel.
1	112.32000000000025	0.5376346111297607	Darüber hinaus ist das Statutrecht nicht ein Stapel unabhängiger Artikel, die als vollständige Informationsquelle für sich genommen behandelt werden können, im Gegensatz zu Nachrichten oder Rezepten zum Beispiel. Stattdessen ist es	
1	113.36000000000026	0.7869882583618164	ein Stapel unabhängiger Artikel, die als vollständige Informationsquelle für sich genommen behandelt werden können, im Gegensatz zu Nachrichten oder Rezepten zum Beispiel. Stattdessen ist es eine strukturierte Zusammenarbeit.	Darüber hinaus ist das Statutrecht nicht ein Stapel unabhängiger Artikel, die als vollständige Informationsquelle für sich genommen behandelt werden können, im Gegensatz zu Nachrichten oder Rezepten zum Beispiel. Stattdessen ist es
1	114.40000000000026	0.7193253040313721	eine strukturierte vollständige Informationsquelle für sich genommen behandelt werden können, im Gegensatz zu Nachrichten oder Rezepten zum Beispiel. Stattdessen ist es eine strukturierte Sammlung von Rechtsverfahren.	ein Stapel unabhängiger Artikel, die als vollständige Informationsquelle für sich genommen behandelt werden können, im Gegensatz zu Nachrichten oder Rezepten zum Beispiel. Stattdessen ist es eine strukturierte Zusammenarbeit.
1	115.44000000000027	0.6936445236206055	Sammlung von die als vollständige Informationsquelle für sich genommen behandelt werden können, im Gegensatz zu Nachrichten oder Rezepten zum Beispiel. Stattdessen ist es eine strukturierte Sammlung von Rechtsvorschriften, die eine ganze	vollständige Informationsquelle für sich genommen behandelt werden können, im Gegensatz zu Nachrichten oder Rezepten zum Beispiel. Stattdessen ist es eine strukturierte Sammlung von Rechtsverfahren.
1	116.48000000000027	0.8599679470062256	Rechtsvorschriften, die vollständige Informationsquelle für sich genommen behandelt werden können, im Gegensatz zu Nachrichten oder Rezepten zum Beispiel. Stattdessen ist es eine strukturierte Sammlung von Rechtsvorschriften, die nur für einen bestimmten Kontext Sinn ergeben.	die als vollständige Informationsquelle für sich genommen behandelt werden können, im Gegensatz zu Nachrichten oder Rezepten zum Beispiel. Stattdessen ist es eine strukturierte Sammlung von Rechtsvorschriften, die eine ganze
1	117.52000000000028	0.815239429473877	nur Sprachverteilungen macht es für ein System schwieriger, relevante Kandidaten abzurufen, da dies implizit ein inhärentes Interpretationssystem erfordert, das eine natürliche Frage in eine juristische Frage übersetzt, die mit der Terminologie der Gesetze übereinstimmt. Darüber hinaus ist das Statutrecht nicht ein Stapel unabhängiger Artikel, die als vollständige Informationsquelle für sich genommen behandelt werden können, im Gegensatz zu Nachrichten oder Rezepten zum Beispiel. Stattdessen ist es eine strukturierte Sammlung von Rechtsvorschriften, die nur dann eine ganze Bedeutung haben, wenn sie im Kontext der	vollständige Informationsquelle für sich genommen behandelt werden können, im Gegensatz zu Nachrichten oder Rezepten zum Beispiel. Stattdessen ist es eine strukturierte Sammlung von Rechtsvorschriften, die nur für einen bestimmten Kontext Sinn ergeben.
1	118.56000000000029	0.9084339141845703	die als vollständige Informationsquelle für sich genommen behandelt werden können, im Gegensatz zu Nachrichten oder Rezepten zum Beispiel. Stattdessen ist es eine strukturierte Sammlung von Rechtsvorschriften, die nur einen ganzen Sinn haben, wenn sie im Gesamtkontext betrachtet werden.	Sprachverteilungen macht es für ein System schwieriger, relevante Kandidaten abzurufen, da dies implizit ein inhärentes Interpretationssystem erfordert, das eine natürliche Frage in eine juristische Frage übersetzt, die mit der Terminologie der Gesetze übereinstimmt. Darüber hinaus ist das Statutrecht nicht ein Stapel unabhängiger Artikel, die als vollständige Informationsquelle für sich genommen behandelt werden können, im Gegensatz zu Nachrichten oder Rezepten zum Beispiel. Stattdessen ist es eine strukturierte Sammlung von Rechtsvorschriften, die nur dann eine ganze Bedeutung haben, wenn sie im Kontext der
1	119.60000000000029	1.0310461521148682	Das heißt zusammen.	
1	120.6400000000003	0.7262890338897705	Das können, im Gegensatz zu Nachrichten oder Rezepten zum Beispiel. Stattdessen ist es eine strukturierte Sammlung von Rechtsvorschriften, die nur einen ganzen Sinn haben, wenn sie im Gesamtkontext betrachtet werden. Das heißt, zusammen mit den Ergänzungen.	die als vollständige Informationsquelle für sich genommen behandelt werden können, im Gegensatz zu Nachrichten oder Rezepten zum Beispiel. Stattdessen ist es eine strukturierte Sammlung von Rechtsvorschriften, die nur einen ganzen Sinn haben, wenn sie im Gesamtkontext betrachtet werden. Das heißt zusammen.
1	121.6800000000003	0.7845065593719482	heißt, zusammen mit den Informationen aus dem	können, im Gegensatz zu Nachrichten oder Rezepten zum Beispiel. Stattdessen ist es eine strukturierte Sammlung von Rechtsvorschriften, die nur einen ganzen Sinn haben, wenn sie im Gesamtkontext betrachtet werden. Das heißt, zusammen mit den Ergänzungen.
1	122.72000000000031	0.8144810199737549	ergänzenden Informationen aus Artikel, die als vollständige Informationsquelle für sich genommen behandelt werden können, im Gegensatz zu Nachrichten oder Rezepten zum Beispiel. Stattdessen ist es eine strukturierte Sammlung von Rechtsvorschriften, die nur einen ganzen Sinn haben, wenn sie im Gesamtkontext betrachtet werden. Das heißt, zusammen mit den ergänzenden Informationen aus den benachbarten Artikeln.	Informationen aus dem
1	123.76000000000032	0.76416015625	den benachbarten Artikel, die als vollständige Informationsquelle für sich genommen behandelt werden können, im Gegensatz zu Nachrichten oder Rezepten zum Beispiel. Stattdessen ist es eine strukturierte Sammlung von Rechtsvorschriften, die nur einen ganzen Sinn haben, wenn sie im Gesamtkontext betrachtet werden. Das heißt, zusammen mit den ergänzenden Informationen aus den benachbarten Artikeln, den Feldern und	Artikel, die als vollständige Informationsquelle für sich genommen behandelt werden können, im Gegensatz zu Nachrichten oder Rezepten zum Beispiel. Stattdessen ist es eine strukturierte Sammlung von Rechtsvorschriften, die nur einen ganzen Sinn haben, wenn sie im Gesamtkontext betrachtet werden. Das heißt, zusammen mit den ergänzenden Informationen aus den benachbarten Artikeln.
1	124.80000000000032	0.9291646480560303	Retrieval-Systeme für gesetzliche Artikel entwickeln. Ein solches System könnte eine kostenlose, professionelle Rechtsberatungsleistung für unerfahrene Menschen bieten. Bevor wir in den Hauptbeitrag dieser Arbeit eintauchen, beschreiben wir zunächst das Problem der Abrufung gesetzlicher Artikel. Gegeben ein einfacher Fragestellung zu einem Rechtsproblem, wie zum Beispiel: Was riskiere ich, wenn ich die Berufsschweigewidrig verletze? Ist ein Modell erforderlich, um alle relevanten gesetzlichen Artikel aus einem großen Korpus von Gesetzen abzurufen. Diese Informationssuche bringt ihre eigenen Herausforderungen mit sich. Erstens geht es um zwei Sprachtypen. Eine gemeinsame natürliche Sprache für die Fragen und eine komplexe juristische Sprache für die Gesetze. Dieser Unterschied in den Sprachverteilungen macht es für ein System schwieriger, relevante Kandidaten abzurufen, da dies implizit ein inhärentes Interpretationssystem erfordert, das eine natürliche Frage in eine juristische Frage übersetzt, die mit der Terminologie der Gesetze übereinstimmt. Darüber hinaus ist das Statutrecht nicht ein Stapel unabhängiger Artikel, die als vollständige Informationsquelle für sich genommen behandelt werden können, im Gegensatz zu Nachrichten oder Rezepten zum Beispiel. Stattdessen ist es eine strukturierte Sammlung von Rechtsvorschriften, die nur einen ganzen Sinn haben, wenn sie im Gesamtkontext betrachtet werden. Das heißt, zusammen mit den ergänzenden Informationen aus den benachbarten Artikeln, den Feldern und Unterfeldern, denen sie angehören.	Artikel, die als vollständige Informationsquelle für sich genommen behandelt werden können, im Gegensatz zu Nachrichten oder Rezepten zum Beispiel. Stattdessen ist es eine strukturierte Sammlung von Rechtsvorschriften, die nur einen ganzen Sinn haben, wenn sie im Gesamtkontext betrachtet werden. Das heißt, zusammen mit den ergänzenden Informationen aus den benachbarten Artikeln, den Feldern und
1	125.84000000000033	0.7793161869049072	Unterfeldern, denen sie Rechtsvorschriften, die nur einen ganzen Sinn haben, wenn sie im Gesamtkontext betrachtet werden. Das heißt, zusammen mit den ergänzenden Informationen aus den benachbarten Artikeln, den Feldern und Unterfeldern, denen sie angehören, und den	Retrieval-Systeme für gesetzliche Artikel entwickeln. Ein solches System könnte eine kostenlose, professionelle Rechtsberatungsleistung für unerfahrene Menschen bieten. Bevor wir in den Hauptbeitrag dieser Arbeit eintauchen, beschreiben wir zunächst das Problem der Abrufung gesetzlicher Artikel. Gegeben ein einfacher Fragestellung zu einem Rechtsproblem, wie zum Beispiel: Was riskiere ich, wenn ich die Berufsschweigewidrig verletze? Ist ein Modell erforderlich, um alle relevanten gesetzlichen Artikel aus einem großen Korpus von Gesetzen abzurufen. Diese Informationssuche bringt ihre eigenen Herausforderungen mit sich. Erstens geht es um zwei Sprachtypen. Eine gemeinsame natürliche Sprache für die Fragen und eine komplexe juristische Sprache für die Gesetze. Dieser Unterschied in den Sprachverteilungen macht es für ein System schwieriger, relevante Kandidaten abzurufen, da dies implizit ein inhärentes Interpretationssystem erfordert, das eine natürliche Frage in eine juristische Frage übersetzt, die mit der Terminologie der Gesetze übereinstimmt. Darüber hinaus ist das Statutrecht nicht ein Stapel unabhängiger Artikel, die als vollständige Informationsquelle für sich genommen behandelt werden können, im Gegensatz zu Nachrichten oder Rezepten zum Beispiel. Stattdessen ist es eine strukturierte Sammlung von Rechtsvorschriften, die nur einen ganzen Sinn haben, wenn sie im Gesamtkontext betrachtet werden. Das heißt, zusammen mit den ergänzenden Informationen aus den benachbarten Artikeln, den Feldern und Unterfeldern, denen sie angehören.
1	126.88000000000034	0.7402181625366211	angehören, und ihrer Position in der Struktur.	Rechtsvorschriften, die nur einen ganzen Sinn haben, wenn sie im Gesamtkontext betrachtet werden. Das heißt, zusammen mit den ergänzenden Informationen aus den benachbarten Artikeln, den Feldern und Unterfeldern, denen sie angehören, und den
1	127.92000000000034	0.6786596775054932	Struktur des Rechts.	Struktur.
1	128.96000000000035	0.27601122856140137		
1	130.00000000000034	0.6136109828948975	Schließlich, statutorial.	Struktur des Rechts.
1	131.04000000000033	0.6712791919708252	gesetzliche Artikel nicht glatt.	Schließlich, statutorial.
1	132.08000000000033	0.7219071388244629	Schließlich sind gesetzliche Artikel kleinen Absätze.	gesetzliche Artikel nicht glatt.
1	133.12000000000032	0.7472507953643799	keine kleinen Unterfeldern, denen sie angehören, und ihrer Position in der Struktur des Rechts. Schließlich sind gesetzliche Artikel keine kleinen Absätze, die normalerweise bestimmt werden.	kleinen Absätze.
1	134.1600000000003	0.9879899024963379	Absätze, was normalerweise der typische Einsatzfall für die Abrufung ist.	Unterfeldern, denen sie angehören, und ihrer Position in der Struktur des Rechts. Schließlich sind gesetzliche Artikel keine kleinen Absätze, die normalerweise bestimmt werden.
1	135.2000000000003	1.0540130138397217	Unterfeldern, denen sie angehören, und ihrer Position in der Struktur des Rechts. Schließlich sind gesetzliche Artikel keine kleinen Absätze, was normalerweise die typische Retrieval-Einheit in den meisten Retrieval-Systemen ist.	der typische Einsatzfall für die Abrufung ist.
1	136.2400000000003	1.0030133724212646	die typische Retrieval-Einheit in den meisten Retrieval-Arbeiten ist.	Unterfeldern, denen sie angehören, und ihrer Position in der Struktur des Rechts. Schließlich sind gesetzliche Artikel keine kleinen Absätze, was normalerweise die typische Retrieval-Einheit in den meisten Retrieval-Systemen ist.
1	137.28000000000029	0.728928804397583	Hier,	
1	138.32000000000028	0.6182312965393066	sie angehören, und ihrer Position in der Struktur des Rechts. Schließlich sind gesetzliche Artikel keine kleinen Absätze, was normalerweise die typische Retrieval-Einheit in den meisten Retrieval-Arbeiten ist. Hier sind es lange Dokumente.	Hier,
1	139.36000000000027	0.715308427810669	Hier sind Dokumente, die möglicherweise	sie angehören, und ihrer Position in der Struktur des Rechts. Schließlich sind gesetzliche Artikel keine kleinen Absätze, was normalerweise die typische Retrieval-Einheit in den meisten Retrieval-Arbeiten ist. Hier sind es lange Dokumente.
1	140.40000000000026	1.0277254581451416	6.000 Zeilen erreichen können.	Dokumente, die möglicherweise
1	141.44000000000025	1.0552153587341309	es lange Dokumente, die bis zu 6.000 6.000 Wörter umfassen können.	6.000 Zeilen erreichen können.
1	142.48000000000025	0.3521449565887451		6.000 Wörter umfassen können.
1	143.52000000000024	0.6636703014373779	Die jüngsten Fortschritte in	
1	144.56000000000023	0.8867740631103516	jüngsten Fortschritte im Bereich NLP haben ausgelöst	in
1	145.60000000000022	0.8447544574737549	im Bereich NLP haben kleinen Absätze, was normalerweise die typische Retrieval-Einheit in den meisten Retrieval-Arbeiten ist. Hier sind es lange Dokumente, die bis zu 6.000 Wörter umfassen können. Die jüngsten Fortschritte im Bereich NLP haben großes Interesse bei vielen geweckt.	jüngsten Fortschritte im Bereich NLP haben ausgelöst
1	146.6400000000002	0.7716541290283203	großes Interesse bei vielen Rechtsvorschriften, die nur einen ganzen Sinn haben, wenn sie im Gesamtkontext betrachtet werden. Das heißt, zusammen mit den ergänzenden Informationen aus den benachbarten Artikeln, den Feldern und Unterfeldern, denen sie angehören, und ihrer Position in der Struktur des Rechts. Schließlich sind gesetzliche Artikel keine kleinen Absätze, was normalerweise die typische Retrieval-Einheit in den meisten Retrieval-Arbeiten ist. Hier sind es lange Dokumente, die bis zu 6.000 Wörter umfassen können. Die jüngsten Fortschritte im Bereich NLP haben großes Interesse bei vielen juristischen Aufgaben geweckt.	kleinen Absätze, was normalerweise die typische Retrieval-Einheit in den meisten Retrieval-Arbeiten ist. Hier sind es lange Dokumente, die bis zu 6.000 Wörter umfassen können. Die jüngsten Fortschritte im Bereich NLP haben großes Interesse bei vielen geweckt.
1	147.6800000000002	0.8615336418151855	juristischen Aufgaben Rechtsvorschriften, die nur einen ganzen Sinn haben, wenn sie im Gesamtkontext betrachtet werden. Das heißt, zusammen mit den ergänzenden Informationen aus den benachbarten Artikeln, den Feldern und Unterfeldern, denen sie angehören, und ihrer Position in der Struktur des Rechts. Schließlich sind gesetzliche Artikel keine kleinen Absätze, was normalerweise die typische Retrieval-Einheit in den meisten Retrieval-Arbeiten ist. Hier sind es lange Dokumente, die bis zu 6.000 Wörter umfassen können. Die jüngsten Fortschritte im Bereich NLP haben großes Interesse bei vielen juristischen Aufgaben geweckt, wie z.B. Justiz.	Rechtsvorschriften, die nur einen ganzen Sinn haben, wenn sie im Gesamtkontext betrachtet werden. Das heißt, zusammen mit den ergänzenden Informationen aus den benachbarten Artikeln, den Feldern und Unterfeldern, denen sie angehören, und ihrer Position in der Struktur des Rechts. Schließlich sind gesetzliche Artikel keine kleinen Absätze, was normalerweise die typische Retrieval-Einheit in den meisten Retrieval-Arbeiten ist. Hier sind es lange Dokumente, die bis zu 6.000 Wörter umfassen können. Die jüngsten Fortschritte im Bereich NLP haben großes Interesse bei vielen juristischen Aufgaben geweckt.
1	148.7200000000002	0.9889836311340332	geweckt, wie z.B. Retrieval-Arbeiten ist. Hier sind es lange Dokumente, die bis zu 6.000 Wörter umfassen können. Die jüngsten Fortschritte im Bereich NLP haben großes Interesse bei vielen juristischen Aufgaben geweckt, wie z.B. der Vorhersage von Gerichtsentscheidungen.	Rechtsvorschriften, die nur einen ganzen Sinn haben, wenn sie im Gesamtkontext betrachtet werden. Das heißt, zusammen mit den ergänzenden Informationen aus den benachbarten Artikeln, den Feldern und Unterfeldern, denen sie angehören, und ihrer Position in der Struktur des Rechts. Schließlich sind gesetzliche Artikel keine kleinen Absätze, was normalerweise die typische Retrieval-Einheit in den meisten Retrieval-Arbeiten ist. Hier sind es lange Dokumente, die bis zu 6.000 Wörter umfassen können. Die jüngsten Fortschritte im Bereich NLP haben großes Interesse bei vielen juristischen Aufgaben geweckt, wie z.B. Justiz.
1	149.7600000000002	0.9143106937408447	Fortschritte im Bereich NLP haben großes Interesse bei vielen juristischen Aufgaben geweckt, wie z.B. die Vorhersage von Gerichtsentscheidungen oder automatischer Kontakt.	Retrieval-Arbeiten ist. Hier sind es lange Dokumente, die bis zu 6.000 Wörter umfassen können. Die jüngsten Fortschritte im Bereich NLP haben großes Interesse bei vielen juristischen Aufgaben geweckt, wie z.B. der Vorhersage von Gerichtsentscheidungen.
1	150.80000000000018	0.9463269710540771	die Vorhersage von Gerichtsentscheidungen oder	Fortschritte im Bereich NLP haben großes Interesse bei vielen juristischen Aufgaben geweckt, wie z.B. die Vorhersage von Gerichtsentscheidungen oder automatischer Kontakt.
1	151.84000000000017	0.769434928894043	die	
1	152.88000000000017	0.7569277286529541	Fortschritte im Bereich NLP haben großes Interesse bei vielen juristischen Aufgaben geweckt, wie z.B. die Vorhersage von Gerichtsentscheidungen oder die automatisierte Vertragsprüfung. Aber das Statutrecht	
1	153.92000000000016	0.8982863426208496	automatisierte Vertragsprüfung. Aber	Fortschritte im Bereich NLP haben großes Interesse bei vielen juristischen Aufgaben geweckt, wie z.B. die Vorhersage von Gerichtsentscheidungen oder die automatisierte Vertragsprüfung. Aber das Statutrecht
1	154.96000000000015	0.7688803672790527	die Abrufung gesetzlicher Artikel	
1	156.00000000000014	0.635106086730957	ist den meisten Retrieval-Arbeiten ist. Hier sind es lange Dokumente, die bis zu 6.000 Wörter umfassen können. Die jüngsten Fortschritte im Bereich NLP haben großes Interesse bei vielen juristischen Aufgaben geweckt, wie z.B. die Vorhersage von Gerichtsentscheidungen oder die automatisierte Vertragsprüfung. Aber die Abrufung gesetzlicher Artikel ist aufgrund des Mangels an	
1	157.04000000000013	0.6602725982666016		den meisten Retrieval-Arbeiten ist. Hier sind es lange Dokumente, die bis zu 6.000 Wörter umfassen können. Die jüngsten Fortschritte im Bereich NLP haben großes Interesse bei vielen juristischen Aufgaben geweckt, wie z.B. die Vorhersage von Gerichtsentscheidungen oder die automatisierte Vertragsprüfung. Aber die Abrufung gesetzlicher Artikel ist aufgrund des Mangels an
1	158.08000000000013	0.7706172466278076	großen und Retrieval-Einheit in den meisten Retrieval-Arbeiten ist. Hier sind es lange Dokumente, die bis zu 6.000 Wörter umfassen können. Die jüngsten Fortschritte im Bereich NLP haben großes Interesse bei vielen juristischen Aufgaben geweckt, wie z.B. die Vorhersage von Gerichtsentscheidungen oder die automatisierte Vertragsprüfung. Aber die Abrufung gesetzlicher Artikel ist aufgrund des Mangels an großen und hochwertigen Labels hauptsächlich unberührt geblieben.	
1	159.12000000000012	0.8620624542236328	hochwertigen Fortschritte im Bereich NLP haben großes Interesse bei vielen juristischen Aufgaben geweckt, wie z.B. die Vorhersage von Gerichtsentscheidungen oder die automatisierte Vertragsprüfung. Aber die Abrufung gesetzlicher Artikel ist aufgrund des Mangels an großen und hochwertigen gelabelten Datensätzen hauptsächlich unberührt geblieben.	Retrieval-Einheit in den meisten Retrieval-Arbeiten ist. Hier sind es lange Dokumente, die bis zu 6.000 Wörter umfassen können. Die jüngsten Fortschritte im Bereich NLP haben großes Interesse bei vielen juristischen Aufgaben geweckt, wie z.B. die Vorhersage von Gerichtsentscheidungen oder die automatisierte Vertragsprüfung. Aber die Abrufung gesetzlicher Artikel ist aufgrund des Mangels an großen und hochwertigen Labels hauptsächlich unberührt geblieben.
1	160.1600000000001	0.548062801361084		Fortschritte im Bereich NLP haben großes Interesse bei vielen juristischen Aufgaben geweckt, wie z.B. die Vorhersage von Gerichtsentscheidungen oder die automatisierte Vertragsprüfung. Aber die Abrufung gesetzlicher Artikel ist aufgrund des Mangels an großen und hochwertigen gelabelten Datensätzen hauptsächlich unberührt geblieben.
1	161.2000000000001	0.6607506275177002		
1	162.2400000000001	0.7914183139801025	In dieser Arbeit präsentieren wir ein	
1	163.2800000000001	0.6858668327331543		
1	164.32000000000008	1.0125656127929688		
1	165.36000000000007	1.1338696479797363		
1	166.40000000000006	1.3836278915405273		
1	167.44000000000005	1.451082706451416		
1	168.48000000000005	1.7284960746765137	neues französisch-sprachiges,	
1	169.52000000000004	1.5455994606018066	zivilgesellschaftlich zentriertes Datensatz, um zu untersuchen, ob ein Retrieval-Modell die Effizienz	
1	170.56000000000003	0.42350101470947266	und Zuverlässigkeit approximieren kann.	
1	171.60000000000002	0.6612575054168701		
1	172.64000000000001	0.7590541839599609		
1	173.68	0.966449499130249	eines Rechtsexperten für die	
1	174.72	0.7339246273040771	Aufgabe der Abrufung gesetzlicher Artikel.	
1	175.76	0.1540074348449707		
1	176.79999999999998	0.15056657791137695		
1	177.83999999999997	0.1545565128326416		
1	178.87999999999997	0.3895106315612793		
1	179.91999999999996	1.1067357063293457		
1	180.95999999999995	1.241572380065918	Unser belgischer Datensatz zur Abrufung gesetzlicher Artikel besteht	
1	181.99999999999994	0.8052763938903809	aus mehr als	
1	183.03999999999994	0.8270018100738525		
1	184.07999999999993	1.138528823852539	1.100 juristischen	
1	185.11999999999992	0.5715820789337158	Fragen, die von belgischen Bürgern gestellt wurden.	
1	186.1599999999999	0.5802366733551025		
1	187.1999999999999	0.8104133605957031	Diese Fragen	
1	188.2399999999999	1.0180048942565918	decken	
1	189.2799999999999	0.9370229244232178	ein breites Spektrum von Themen ab,	
1	190.31999999999988	0.6987748146057129	von Familie, Wohnen,	
1	191.35999999999987	0.7770118713378906		
1	192.39999999999986	0.7608520984649658	Geld bis hin zu Arbeit und	
1	193.43999999999986	0.24722051620483398	Sozialversicherung.	
1	194.47999999999985	0.6636137962341309		
1	195.51999999999984	0.8233802318572998	Jeder wurde	
1	196.55999999999983	0.7258360385894775	von erfahrenen	
1	197.59999999999982	0.7303321361541748	Juristen	
1	198.63999999999982	0.9032540321350098	mit	
1	199.6799999999998	0.9946684837341309	Verweisen auf relevante Artikel aus	
1	200.7199999999998	0.9989891052246094	einem Korpus von mehr als	
1	201.7599999999998	0.7795648574829102		
1	202.79999999999978	0.8976845741271973	22.600	
1	203.83999999999978	0.8246996402740479	juristischen Artikeln	
1	204.87999999999977	0.8826348781585693	aus	
1	205.91999999999976	0.5416765213012695	belgischen Gesetzbüchern gelabelt.	
1	206.95999999999975	0.7448573112487793		
1	207.99999999999974	0.9235494136810303	Lassen Sie uns nun darüber sprechen,	
1	209.03999999999974	0.7525198459625244	wie wir diesen	
1	210.07999999999973	0.935990571975708	Datensatz gesammelt haben.	
1	211.11999999999972	0.7921130657196045	Zuerst haben wir	
1	212.1599999999997	0.8291306495666504		
1	213.1999999999997	0.9294395446777344	mit der Kompilierung eines großen Korpus	
1	214.2399999999997	0.3505561351776123	von juristischen Artikeln begonnen.	
1	215.2799999999997	0.6369690895080566		
1	216.31999999999968	0.7987697124481201	Wir haben 32	
1	217.35999999999967	0.7828137874603271	öffentlich verfügbare	
1	218.39999999999966	0.8110933303833008	belgische	
1	219.43999999999966	0.9462325572967529	Gesetzbücher berücksichtigt und alle	
1	220.47999999999965	0.6158301830291748	ihre Artikel	
1	221.51999999999964	0.8196744918823242	sowie die entsprechenden	
1	222.55999999999963	0.40519285202026367	Abschnittsüberschriften extrahiert.	
1	223.59999999999962	0.4938361644744873		
1	224.63999999999962	0.6112804412841797	Dann	
1	225.6799999999996	0.7009472846984863	haben wir juristische	
1	226.7199999999996	0.666187047958374	Fragen	
1	227.7599999999996	0.7633278369903564	mit Verweisen	
1	228.79999999999959	0.8435075283050537	auf relevante Gesetze gesammelt.	
1	229.83999999999958	0.7830796241760254	Um dies zu tun,	
1	230.87999999999957	1.0014629364013672	haben wir	
1	231.91999999999956	1.1363554000854492	mit einer belgischen Anwaltskanzlei	
1	232.95999999999955	0.761275053024292	zusammengearbeitet, die	
1	233.99999999999955	0.9190261363983154	jedes Jahr rund	
1	235.03999999999954	0.9918224811553955	4.000 E-Mails	
1	236.07999999999953	0.7747902870178223	von belgischen	
1	237.11999999999952	0.7994763851165771	Bürgern erhält, die	
1	238.1599999999995	0.7796032428741455	nach Beratung	
1	239.1999999999995	0.3843386173248291	zu einem persönlichen Rechtsproblem fragen.	
1	240.2399999999995	0.6478605270385742		
1	241.2799999999995	0.8833498954772949	Wir hatten das Glück,	
1	242.31999999999948	0.7691740989685059	Zugang zu	
1	243.35999999999947	0.8069314956665039	ihren Websites zu erhalten, wo	
1	244.39999999999947	0.7118303775787354	ihr Team	
1	245.43999999999946	0.9054396152496338		
1	246.47999999999945	1.0748155117034912	von erfahrenen Juristen	
1	247.51999999999944	0.5899417400360107	die häufigsten belgischen Rechtsprobleme adressiert.	
1	248.55999999999943	0.6317050457000732		
1	249.59999999999943	0.8071334362030029	Wir haben	
1	250.63999999999942	1.0203497409820557	Tausende von Fragen	
1	251.6799999999994	0.80322265625	gesammelt,	
1	252.7199999999994	0.7570853233337402	die mit	
1	253.7599999999994	0.9054462909698486	Kategorien,	
1	254.7999999999994	0.9818606376647949	Unterkategorien und	
1	255.83999999999938	0.8810539245605469	rechtlichen Verweisen auf relevante	
1	256.87999999999937	0.3668375015258789	Gesetze annotiert wurden.	
1	257.9199999999994	0.628281831741333		
1	258.9599999999994	0.8681085109710693	Schließlich haben wir	
1	259.99999999999943	0.8571841716766357	die rechtlichen Verweise	
1	261.03999999999945	0.7096841335296631		
1	262.0799999999995	0.780501127243042	übergeben und	
1	263.1199999999995	0.8055019378662109	die Fragen	
1	264.1599999999995	0.8341574668884277	gefiltert, deren	
1	265.19999999999953	0.9192149639129639	Verweise keine Artikel	
1	266.23999999999955	0.9550929069519043	in einem der	
1	267.2799999999996	0.8720531463623047	von uns	
1	268.3199999999996	0.48603034019470215	berücksichtigten Gesetzbücher waren.	
1	269.3599999999996	0.7296311855316162		
1	270.39999999999964	0.8705203533172607	Die verbleibenden Verweise	
1	271.43999999999966	0.953657865524292	wurden abgeglichen und	
1	272.4799999999997	0.7618372440338135	in die	
1	273.5199999999997	0.7480461597442627	entsprechenden	
1	274.5599999999997	0.8125567436218262	Artikel-IDs	
1	275.59999999999974	0.814643144607544		
1	276.63999999999976	0.26810240745544434		
1	277.6799999999998	0.9254097938537598		
1	278.7199999999998	1.2010934352874756	aus dem O-Korpus konvertiert.	
1	279.7599999999998	0.8797428607940674		
1	280.79999999999984	0.8479201793670654	Schließlich kamen wir auf 1.108 Fragen.	
1	281.83999999999986	0.7831857204437256		
1	282.8799999999999	0.9228470325469971	Jede wurde sorgfältig	
1	283.9199999999999	0.8424434661865234	mit den IDs	
1	284.9599999999999	0.9273998737335205	der relevanten Artikel	
1	285.99999999999994	0.9150276184082031	aus unserem großen Korpus	
1	287.03999999999996	0.8887803554534912	von	
1	288.08	0.8577873706817627		
1	289.12	0.9197506904602051	22.633	
1	290.16	0.36750340461730957	gesetzlichen Artikeln gelabelt.	
1	291.20000000000005	0.5675680637359619		
1	292.24000000000007	0.6146013736724854	Darüber	
1	293.2800000000001	0.8517880439758301	hinaus	
1	294.3200000000001	0.933751106262207	kommt jede Frage mit	
1	295.3600000000001	0.8006446361541748	einer Hauptkategorie und einer	
1	296.40000000000015	0.7036371231079102	Kette von	
1	297.44000000000017	0.679419755935669		
1	298.4800000000002	0.9130589962005615	Unterkategorien, und	
1	299.5200000000002	0.7709145545959473	jeder Artikel kommt mit einer	
1	300.56000000000023	0.7092678546905518	Kette	
1	301.60000000000025	0.8627803325653076	ihrer	
1	302.64000000000027	0.8281817436218262	sequenziellen Überschriften in der Struktur	
1	303.6800000000003	0.7196524143218994	des Rechts.	
1	304.7200000000003	0.7123639583587646	Diese zusätzliche	
1	305.76000000000033	0.8983895778656006	Information wird	
1	306.80000000000035	0.8238480091094971	in der vorliegenden Arbeit nicht verwendet,	
1	307.8400000000004	0.8292338848114014	könnte aber für	
1	308.8800000000004	0.8750066757202148	zukünftige Forschung	
1	309.9200000000004	0.8692865371704102		
1	310.96000000000043	1.0733072757720947	im Bereich der juristischen	
1	312.00000000000045	0.5800225734710693	Informationssuche oder juristischen Textklassifikation von Interesse sein.	
1	313.0400000000005	0.17176032066345215		
1	314.0800000000005	0.746119499206543		
1	315.1200000000005	0.8596255779266357	Schauen wir uns einige Merkmale	
1	316.16000000000054	0.3669459819793701	unseres Datensatzes an.	
1	317.20000000000056	0.688575029373169		
1	318.2400000000006	0.8937246799468994	Die Fragen	
1	319.2800000000006	0.9752616882324219	sind zwischen 5 und 44 Wörter	
1	320.3200000000006	0.955967903137207	lang, mit einer	
1	321.36000000000064	0.5011582374572754	Medianlänge von 40 Wörtern.	
1	322.40000000000066	0.6820142269134521		
1	323.4400000000007	0.8898253440856934	Die Artikel sind viel	
1	324.4800000000007	0.905968189239502	länger, mit	
1	325.5200000000007	0.9038722515106201	einer Medianlänge von	
1	326.56000000000074	0.9524836540222168	77	
1	327.60000000000076	0.8822667598724365	Wörtern, mit	
1	328.6400000000008	0.9005897045135498		
1	329.6800000000008	1.172691822052002	142 davon, die	
1	330.7200000000008	0.5662007331848145	mehr als 1.000 Wörter überschreiten.	
1	331.76000000000084	0.17242836952209473		
1	332.80000000000086	0.8712053298950195		
1	333.8400000000009	1.0495188236236572	Die Länge eines	
1	334.8800000000009	0.8320562839508057		
1	335.9200000000009	0.9131484031677246		
1	336.96000000000095	0.5595738887786865	davon beträgt bis zu 5.790 Wörter.	
1	338.00000000000097	0.6629600524902344		
1	339.040000000001	0.774000883102417	Wie zuvor erwähnt,	
1	340.080000000001	0.9338624477386475		
1	341.120000000001	0.9498844146728516		
1	342.16000000000105	1.1059048175811768	decken die Fragen ein breites Spektrum von Themen	
1	343.20000000000107	0.827333927154541	ab,	
1	344.2400000000011	0.9445676803588867	wobei rund	
1	345.2800000000011	0.9238729476928711	85 % entweder über	
1	346.32000000000113	0.7559795379638672		
1	347.36000000000115	0.9470839500427246	Familie, Wohnen, Geld oder	
1	348.40000000000117	0.7845442295074463	Gerechtigkeit	
1	349.4400000000012	0.9444670677185059	gehen, während	
1	350.4800000000012	1.0715305805206299	die verbleibenden 15 %	
1	351.52000000000123	0.6767215728759766	entweder	
1	352.56000000000125	0.740680456161499		
1	353.6000000000013	0.8503692150115967	soziale Sicherheit, Ausländer oder	
1	354.6400000000013	0.288179874420166	Arbeit betreffen.	
1	355.6800000000013	0.16282296180725098		
1	356.72000000000133	0.8278818130493164		
1	357.76000000000136	0.9313399791717529	Die Artikel sind	
1	358.8000000000014	1.007627010345459	auch sehr vielfältig, da sie	
1	359.8400000000014	0.951411247253418	aus 32	
1	360.8800000000014	0.9322562217712402	verschiedenen belgischen	
1	361.92000000000144	0.9215092658996582	Gesetzbüchern stammen, die	
1	362.96000000000146	0.8933305740356445	eine große Anzahl von	
1	364.0000000000015	0.9379680156707764	illegalen Themen abdecken.	
1	365.0400000000015	0.8215334415435791	Hier ist die	
1	366.0800000000015	0.8526227474212646	Gesamtzahl der	
1	367.12000000000154	1.0581297874450684	gesammelten Artikel aus	
1	368.16000000000156	0.5436670780181885	jedem dieser belgischen Gesetzbücher.	
1	369.2000000000016	0.16779327392578125		
1	370.2400000000016	0.8607652187347412		
1	371.2800000000016	0.9256646633148193	Von den	
1	372.32000000000164	0.8677370548248291	22.633	
1	373.36000000000166	0.90152907371521		
1	374.4000000000017	0.8085083961486816	Artikeln	
1	375.4400000000017	0.934889554977417		
1	376.4800000000017	0.9150304794311523	werden nur 1.612	
1	377.52000000000174	0.6623775959014893	als	
1	378.56000000000176	0.7830851078033447	relevant für	
1	379.6000000000018	0.7969474792480469	mindestens eine Frage	
1	380.6400000000018	0.32048964500427246	im Datensatz bezeichnet.	
1	381.6800000000018	0.750624418258667		
1	382.72000000000185	0.9179167747497559	Und rund 80 %	
1	383.76000000000187	0.7899312973022461		
1	384.8000000000019	1.0584256649017334	dieser zitierten Artikel kommen	
1	385.8400000000019	1.1039471626281738	entweder aus dem	
1	386.8800000000019	1.3972194194793701		
1	387.92000000000195	1.391523838043213	Zivilgesetzbuch, dem	
1	388.96000000000197	1.5065393447875977	Justizgesetzbuch, dem Strafuntersuchungsgesetzbuch oder	
1	390.000000000002	0.9332723617553711	dem Strafrechtsgesetzbuch.	
1	391.040000000002	0.7114615440368652		
1	392.08000000000203	0.8385770320892334	Gleichzeitig	
1	393.12000000000205	1.022815227508545		
1	394.16000000000207	1.1674644947052002	haben 18 von 32 Gesetzbüchern	
1	395.2000000000021	0.9277293682098389	weniger als 5	
1	396.2400000000021	0.9164648056030273	Artikel, die als relevant	
1	397.28000000000213	0.8613743782043457	für mindestens eine Frage	
1	398.32000000000215	0.7699975967407227	im Datensatz genannt	
1	399.3600000000022	0.9439723491668701	werden, was	
1	400.4000000000022	1.04341721534729	durch die Tatsache erklärt werden kann, dass	
1	401.4400000000022	1.0966949462890625	diese Gesetzbücher	
1	402.48000000000224	0.8447377681732178	weniger auf Einzelpersonen	
1	403.52000000000226	0.8169586658477783	und ihre	
1	404.5600000000023	0.33289456367492676	Anliegen fokussieren.	
1	405.6000000000023	0.740515947341919		
1	406.6400000000023	0.7920145988464355		
1	407.68000000000234	0.8999307155609131	Insgesamt ist die Medianzahl der	
1	408.72000000000236	0.8548729419708252	Zitate für diese	
1	409.7600000000024	0.7967758178710938	zitierten	
1	410.8000000000024	0.9013078212738037	Artikel	
1	411.8400000000024	0.9245302677154541	2, und weniger als	
1	412.88000000000244	0.9073491096496582	25 %	
1	413.92000000000246	0.9490959644317627	davon werden	
1	414.9600000000025	0.8545172214508057	mehr als 5	
1	416.0000000000025	0.3207871913909912	Mal zitiert.	
1	417.0400000000025	0.6195268630981445		
1	418.08000000000254	0.7199747562408447	Mit	
1	419.12000000000256	0.8292205333709717	unseren Datensätzen	
1	420.1600000000026	0.8592939376831055	bewerten wir	
1	421.2000000000026	0.9451961517333984	mehrere	
1	422.2400000000026	1.133847713470459	Retrieval-Ansätze, einschließlich	
1	423.28000000000264	0.5371713638305664	lexikaler und dichter Architekturen.	
1	424.32000000000266	0.839780330657959		
1	425.3600000000027	1.0305838584899902	Gegeben eine	
1	426.4000000000027	1.027895212173462	Abfrage und	
1	427.4400000000027	1.0538647174835205	einen	
1	428.48000000000275	1.248469352722168	Artikel weist ein lexikalisches Modell eine Punktzahl	
1	429.52000000000277	1.0620999336242676		
1	430.5600000000028	1.1451377868652344	auf die	
1	431.6000000000028	1.2954585552215576	Abfrage-Artikel-Paar, indem es die Summe	
1	432.64000000000283	0.980543851852417	über die Abfrage-Terme	
1	433.68000000000285	0.8385193347930908	der Gewichte	
1	434.72000000000287	0.8417396545410156	jedes dieser Terme	
1	435.7600000000029	0.3252866268157959	in diesem Artikel berechnet.	
1	436.8000000000029	0.8222787380218506		
1	437.84000000000293	1.0080993175506592	Wir experimentieren mit dem	
1	438.88000000000295	0.9594957828521729	Standard-TF-IDF und	
1	439.920000000003	0.8463022708892822		
1	440.960000000003	0.9305281639099121	BM25-Rangierungsfunktionen.	
1	442.000000000003	0.8490188121795654	Das Hauptproblem	
1	443.04000000000303	0.8234150409698486	mit diesen	
1	444.08000000000305	0.9778895378112793	Ansätzen ist, dass sie	
1	445.1200000000031	0.8012349605560303	nur Artikel abrufen	
1	446.1600000000031	0.9940364360809326	können, die	
1	447.2000000000031	1.0285770893096924	Schlüsselwörter enthalten, die	
1	448.24000000000314	0.422731876373291	in der Abfrage vorhanden sind.	
1	449.28000000000316	0.8670196533203125		
1	450.3200000000032	0.9372162818908691	Um diese Einschränkung zu überwinden,	
1	451.3600000000032	0.932863712310791	experimentieren wir	
1	452.4000000000032	0.8215594291687012	mit	
1	453.44000000000324	0.8470797538757324	einer neuronalen Architektur,	
1	454.48000000000326	0.7814433574676514	die	
1	455.5200000000033	1.003751516342163	semantische Beziehungen zwischen	
1	456.5600000000033	0.43860673904418945	Abfragen und Artikeln erfassen kann.	
1	457.6000000000033	0.7552852630615234		
1	458.64000000000334	0.9580378532409668	Wir verwenden	
1	459.68000000000336	1.013962745666504	ein	
1	460.7200000000034	1.0934271812438965		
1	461.7600000000034	1.3698201179504395		
1	462.8000000000034	1.3719937801361084		
1	463.84000000000344	1.36116623878479		
1	464.88000000000346	1.6423354148864746		
1	465.9200000000035	1.9011051654815674	BERT-Encoder-Modell, das Abfragen und Artikel in dichte Vektorrepräsentationen abbildet und eine Relevanzpunktzahl	
1	466.9600000000035	0.9768974781036377	zwischen	
1	468.0000000000035	1.1432783603668213	einem Abfrage-Artikel-Paar	
1	469.04000000000354	0.9930946826934814	berechnet, basierend auf der Ähnlichkeit	
1	470.08000000000357	0.29988574981689453	ihrer Embeddings.	
1	471.1200000000036	0.8194267749786377		
1	472.1600000000036	1.0146005153656006	Diese Embeddings	
1	473.2000000000036	0.974015474319458	resultieren typischerweise aus	
1	474.24000000000365	0.9054510593414307	einer	
1	475.28000000000367	1.0317492485046387	Pooling-Operation auf dem Ausgang eines	
1	476.3200000000037	0.3652160167694092	Wortembedding-Modells.	
1	477.3600000000037	0.6949067115783691		
1	478.40000000000373	0.8912296295166016		
1	479.44000000000375	1.0671474933624268	Zuerst untersuchen wir	
1	480.48000000000377	1.078291654586792	die Wirksamkeit von	
1	481.5200000000038	1.1823699474334717	Siameschen	
1	482.5600000000038	1.2352807521820068	B-Encodern in	
1	483.60000000000383	1.1643424034118652	einem Zero-Shot-Bewertungseinstellung, was	
1	484.64000000000385	0.9105446338653564	bedeutet, dass	
1	485.6800000000039	1.016080617904663	vortrainierte	
1	486.7200000000039	0.9418094158172607	Wortembedding-Modelle	
1	487.7600000000039	0.9095594882965088		
1	488.80000000000393	1.0027563571929932	ohne	
1	489.84000000000395	0.543565034866333	weitere Feinabstimmung direkt angewendet werden.	
1	490.880000000004	0.8518409729003906		
1	491.920000000004	0.985224723815918	Wir experimentieren mit	
1	492.960000000004	0.9134113788604736		
1	494.00000000000404	0.9076919555664062		
1	495.04000000000406	1.1305599212646484		
1	496.0800000000041	1.2007250785827637	kontextunabhängigen Textencodern, nämlich	
1	497.1200000000041	1.0986559391021729	Word2Vec und	
1	498.1600000000041	0.9272289276123047	FastText, und	
1	499.20000000000414	0.9527406692504883		
1	500.24000000000416	1.1149158477783203	kontextabhängigen	
1	501.2800000000042	1.0458168983459473	Embedding-Modellen, nämlich	
1	502.3200000000042	0.9898955821990967		
1	503.3600000000042	1.3419666290283203		
1	504.40000000000424	1.313206672668457	RoBERTa und insbesondere CamemBERT, was ein französisches RoBERTa-Modell ist.	
1	505.44000000000426	0.7913718223571777		
1	506.4800000000043	0.8467652797698975	Zusätzlich trainieren	
1	507.5200000000043	0.9962389469146729	wir unsere	
1	508.5600000000043	0.9112644195556641		
1	509.60000000000434	1.096071481704712	eigene CamemBERT-basierte	
1	510.64000000000436	1.0735516548156738	Modell,	
1	511.6800000000044	1.0438714027404785	uh B-Encodern, auf	
1	512.7200000000043	1.055762529373169	unseren Datensätzen.	
1	513.7600000000043	0.9455454349517822	Beachten Sie, dass	
1	514.8000000000043	1.0119338035583496	wir für das Training mit	
1	515.8400000000042	1.0513279438018799	den beiden	
1	516.8800000000042	1.0100452899932861	Varianten der Beyond-Coder-Architektur experimentieren.	
1	517.9200000000042	0.7795145511627197		
1	518.9600000000041	0.8259024620056152		
1	520.0000000000041	1.1486473083496094	Siamesisch, das	
1	521.040000000004	0.9209465980529785		
1	522.080000000004	1.151994228363037		
1	523.120000000004	1.1825029850006104	ein einzigartiges Wortembedding-Modell verwendet, das die	
1	524.160000000004	0.9899652004241943	Abfrage und den Artikel	
1	525.2000000000039	1.0289812088012695	gemeinsam in einem	
1	526.2400000000039	0.48938751220703125	gemeinsamen dichten Vektorraum abbildet.	
1	527.2800000000038	0.7707889080047607		
1	528.3200000000038	0.8706467151641846	Und	
1	529.3600000000038	1.074864387512207		
1	530.4000000000037	1.1386961936950684	Tutora, das zwei unabhängige Wortembedding-Modelle	
1	531.4400000000037	1.031529426574707	verwendet, die	
1	532.4800000000037	1.0639872550964355	Abfrage und den Artikel	
1	533.5200000000036	0.9746875762939453	separat in	
1	534.5600000000036	0.4439089298248291	verschiedene Embedding-Räume kodieren.	
1	535.6000000000035	0.17471694946289062		
1	536.6400000000035	0.893500804901123		
1	537.6800000000035	1.143415927886963	Wir experimentieren mit	
1	538.7200000000034	1.0822985172271729	Mean-, Max- und	
1	539.7600000000034	1.0748672485351562	CLS-Pooling sowie	
1	540.8000000000034	1.0774741172790527	Punktprodukt und	
1	541.8400000000033	0.9998621940612793	Kosinus	
1	542.8800000000033	0.43427062034606934	zur Berechnung von Ähnlichkeiten.	
1	543.9200000000033	0.17061424255371094		
1	544.9600000000032	0.7659702301025391		
1	546.0000000000032	1.0940093994140625	Hier sind die Ergebnisse unserer	
1	547.0400000000031	1.0299553871154785	Baseline auf dem	
1	548.0800000000031	1.038933515548706		
1	549.1200000000031	1.3533592224121094		
1	550.160000000003	1.8827447891235352	Testdatensatz, mit den oben genannten lexikalischen Methoden,	
1	551.200000000003	1.3525581359863281	den Siameschen B-Encodern, die in	
1	552.240000000003	1.0914697647094727	einer Zero-Shot-Einstellung bewertet	
1	553.2800000000029	1.2453947067260742		
1	554.3200000000029	1.266756534576416		
1	555.3600000000029	0.7787938117980957	werden, in der Mitte, und den feingestützten Beyond-Codern unten.	
1	556.4000000000028	0.967045783996582		
1	557.4400000000028	1.1024656295776367	Insgesamt	
1	558.4800000000027	1.186279058456421		
1	559.5200000000027	1.252734661102295		
1	560.5600000000027	1.6598210334777832	überlegen die feingestützten Beyond-Codern alle anderen Baselines deutlich.	
1	561.6000000000026	1.1254844665527344	Das Zwei-Türm-Modell	
1	562.6400000000026	1.0645546913146973	verbessert sich gegenüber seiner	
1	563.6800000000026	1.1167850494384766		
1	564.7200000000025	1.2550468444824219	Siamese-Variante bei Recall bei	
1	565.7600000000025	1.0665605068206787	100, aber	
1	566.8000000000025	1.0163438320159912	performt ähnlich	
1	567.8400000000024	0.3942239284515381	bei den anderen Metriken.	
1	568.8800000000024	0.9032275676727295		
1	569.9200000000023	1.205061674118042	Obwohl BM25	
1	570.9600000000023	1.131380319595337		
1	572.0000000000023	1.1786401271820068	die trainierten Beyond-Coder signifikant unterlegen	
1	573.0400000000022	1.0501015186309814	war,	
1	574.0800000000022	1.221529245376587	deutete seine Leistung darauf hin, dass es	
1	575.1200000000022	1.174767017364502	immer noch eine starke Baseline	
1	576.1600000000021	0.9769291877746582	für	
1	577.2000000000021	0.5900130271911621		
1	578.240000000002	1.042712926864624	Domänenabruf ist.	
1	579.280000000002	1.1700153350830078	Bezüglich	
1	580.320000000002	1.1612107753753662	der Zero-Shot-Bewertung von	
1	581.360000000002	1.0359315872192383	Siameschen	
1	582.4000000000019	0.9627964496612549	Biancodern finden wir, dass	
1	583.4400000000019	1.098999261856079	das direkte	
1	584.4800000000018	1.2212085723876953	Verwenden der Embeddings eines vortrainierten	
1	585.5200000000018	0.9456934928894043		
1	586.5600000000018	1.0690443515777588	CamemBERT-Modells ohne Optimierung	
1	587.6000000000017	0.972327470779419	für die	
1	588.6400000000017	1.0415878295898438		
1	589.6800000000017	1.027329683303833	Informationssuchenaufgabe schlechte Ergebnisse liefert.	
1	590.7200000000016	1.0073738098144531		
1	591.7600000000016	0.975468635559082	Dies ist konsistent mit	
1	592.8000000000015	0.3123207092285156	früheren Befunden.	
1	593.8400000000015	0.9220898151397705		
1	594.8800000000015	1.0159547328948975	Darüber hinaus	
1	595.9200000000014	1.0676093101501465	beobachten wir, dass das	
1	596.9600000000014	1.3024771213531494		
1	598.0000000000014	1.11897611618042		
1	599.0400000000013	1.444749355316162		
1	600.0800000000013	1.5040981769561768		
1	601.1200000000013	1.5758016109466553	auf Word2Vec basierende B-Encoder-Modell	
1	602.1600000000012	1.5648536682128906	das FastExt und bird-basierte Modell signifikant	
1	603.2000000000012	1.3650758266448975	übertraf, was darauf hindeutet, dass vielleicht	
1	604.2400000000011	1.0706350803375244	vortrainierte	
1	605.2800000000011	1.0686132907867432	wortspezifische	
1	606.3200000000011	1.0093510150909424	Embeddings	
1	607.360000000001	1.1542744636535645	für die Aufgabe angemessener	
1	608.400000000001	0.9533441066741943	sind als	
1	609.440000000001	1.0637593269348145		
1	610.4800000000009	1.0724453926086426	charakterbasierte oder	
1	611.5200000000009	1.2070362567901611		
1	612.5600000000009	1.155838966369629	Subwort-basierte Embeddings, wenn sie	
1	613.6000000000008	0.34959959983825684	direkt angewendet werden.	
1	614.6400000000008	0.1745738983154297		
1	615.6800000000007	0.9928100109100342		
1	616.7200000000007	1.1899049282073975	Obwohl vielversprechend,	
1	617.7600000000007	1.017543077468872	deuten diese Ergebnisse auf	
1	618.8000000000006	0.9593949317932129	ample Möglichkeiten zur Verbesserung	
1	619.8400000000006	0.9445164203643799	im Vergleich zu einem	
1	620.8800000000006	0.9096145629882812		
1	621.9200000000005	0.9255545139312744	qualifizierten Experten hin, der schließlich	
1	622.9600000000005	0.9477944374084473	alle	
1	624.0000000000005	1.022850751876831	relevanten Artikel	
1	625.0400000000004	0.983431339263916	zu jeder Frage abrufen	
1	626.0800000000004	0.9118037223815918		
1	627.1200000000003	0.4012773036956787	und somit perfekte Scores erzielen kann.	
1	628.1600000000003	0.17073512077331543		
1	629.2000000000003	0.965477466583252		
1	630.2400000000002	1.1485490798950195	Lassen Sie uns abschließend zwei	
1	631.2800000000002	0.9394667148590088	Einschränkungen unserer	
1	632.3200000000002	0.9301292896270752	Datensätze diskutieren.	
1	633.3600000000001	0.9391658306121826		
1	634.4000000000001	1.0086390972137451	Erstens ist das	
1	635.44	1.1800870895385742	Artikelkorpus	
1	636.48	1.2586925029754639	auf diejenigen beschränkt, die aus	
1	637.52	1.3189003467559814	den 32 berücksichtigten	
1	638.56	1.1982033252716064	belgischen Gesetzbüchern gesammelt	
1	639.5999999999999	0.9008004665374756	wurden, was	
1	640.6399999999999	1.1407935619354248	das gesamte	
1	641.6799999999998	1.3223645687103271	belgische Recht nicht abdeckt,	
1	642.7199999999998	1.039639949798584	da Artikel aus	
1	643.7599999999998	1.0921716690063477	Dekreten,	
1	644.7999999999997	0.9920945167541504	Richtlinien und Verordnungen fehlen.	
1	645.8399999999997	0.7510321140289307		
1	646.8799999999997	1.0054771900177002	Während	
1	647.9199999999996	1.0544588565826416	der	
1	648.9599999999996	1.180269718170166	Datensatzkonstruktion wurden alle Verweise	
1	649.9999999999995	1.0923571586608887	auf diese	
1	651.0399999999995	1.044684648513794	nicht gesammelten Artikel	
1	652.0799999999995	1.1019549369812012	ignoriert, was	
1	653.1199999999994	1.1061365604400635	dazu führt, dass einige Fragen	
1	654.1599999999994	1.0842063426971436	nur einen Bruchteil	
1	655.1999999999994	1.0278558731079102		
1	656.2399999999993	0.47384047508239746	der ursprünglichen Anzahl relevanter Artikel haben.	
1	657.2799999999993	0.7940165996551514		
1	658.3199999999993	1.0000889301300049		
1	659.3599999999992	1.0581448078155518	Dieser Informationsverlust impliziert, dass	
1	660.3999999999992	1.042048454284668	die	
1	661.4399999999991	1.1814141273498535		
1	662.4799999999991	1.1903557777404785	Antwort in den verbleibenden relevanten Artikeln	
1	663.5199999999991	0.9292747974395752		
1	664.559999999999	1.172905683517456	unvollständig sein	
1	665.599999999999	1.0368175506591797	könnte, obwohl sie	
1	666.639999999999	0.37482261657714844	dennoch vollständig angemessen ist.	
1	667.6799999999989	0.18668079376220703		
1	668.7199999999989	1.0249714851379395		
1	669.7599999999989	1.175086259841919	Zweitens sollten wir beachten, dass nicht alle	
1	670.7999999999988	0.9162826538085938	juristischen	
1	671.8399999999988	1.064197063446045	Fragen	
1	672.8799999999987	1.102583408355713	allein mit Gesetzen beantwortet werden können.	
1	673.9199999999987	0.893779993057251	Zum	
1	674.9599999999987	1.1278610229492188		
1	675.9999999999986	1.2801268100738525	Beispiel, die Frage: Kann ich	
1	677.0399999999986	1.1553802490234375	meine Mieter kündigen, wenn sie zu viel	
1	678.0799999999986	1.0329113006591797	Lärm	
1	679.1199999999985	1.168274164199829	machen, hat möglicherweise keine detaillierte	
1	680.1599999999985	0.9653909206390381	Antwort innerhalb	
1	681.1999999999985	1.020555019378662	des	
1	682.2399999999984	0.9868361949920654	Statutrechts, die	
1	683.2799999999984	1.1316275596618652	eine spezifische	
1	684.3199999999983	1.2789196968078613	Lärmschwelle	
1	685.3599999999983	0.5437414646148682	quantifiziert, bei der eine Kündigung erlaubt ist.	
1	686.3999999999983	0.9132263660430908		
1	687.4399999999982	0.9957277774810791	Stattdessen	
1	688.4799999999982	1.0401625633239746	sollte der Vermieter wahrscheinlich eher	
1	689.5199999999982	1.2364108562469482	auf die Rechtsprechung	
1	690.5599999999981	1.3929829597473145	zurückgreifen und Präzedenzfälle	
1	691.5999999999981	0.5338149070739746	finden, die seiner aktuellen Situation ähneln.	
1	692.639999999998	0.9372155666351318		
1	693.679999999998	1.0051307678222656	Zum Beispiel,	
1	694.719999999998	1.1659224033355713	der Mieter macht zwei	
1	695.759999999998	0.7072970867156982	Parteien pro Woche bis 2 Uhr morgens.	
1	696.7999999999979	0.872704267501831		
1	697.8399999999979	0.9526329040527344	Daher	
1	698.8799999999978	0.9902665615081787	sind einige Fragen	
1	699.9199999999978	1.148022174835205	besser geeignet als andere für	
1	700.9599999999978	1.0449025630950928	die	
1	701.9999999999977	1.0932157039642334	Aufgabe der Abrufung gesetzlicher	
1	703.0399999999977	1.1425728797912598	Artikel, und das	
1	704.0799999999977	1.0274851322174072	Feld der weniger geeigneten	
1	705.1199999999976	0.30739927291870117	bleibt zu bestimmen.	
1	706.1599999999976	0.19406962394714355		
1	707.1999999999975	0.9537844657897949		
1	708.2399999999975	1.05080246925354	Wir hoffen, dass alle	
1	709.2799999999975	1.0460429191589355	Arbeiten Interesse	
1	710.3199999999974	0.897484540939331	wecken,	
1	711.3599999999974	0.9863519668579102	praktische und	
1	712.3999999999974	1.1531753540039062	zuverlässige	
1	713.4399999999973	1.108372449874878		
1	714.4799999999973	1.2287406921386719	Modelle für die Abrufung gesetzlicher Artikel zu entwickeln.	
1	715.5199999999973	0.9057366847991943		
1	716.5599999999972	1.194155216217041	Die	
1	717.5999999999972	1.1548216342926025	helfen, den Zugang zur Gerechtigkeit für alle zu verbessern.	
1	718.6399999999971	1.013167142868042		
1	719.6799999999971	1.1929504871368408	Sie können unsere	
1	720.7199999999971	1.2522578239440918		
1	721.759999999997	1.2211527824401855		
1	722.0012499999971	1.0538642406463623	Paper, Dataset und Code an den folgenden Links überprüfen. Vielen Dank.	
2	1.04	0.20899224281311035	Hallo!	
2	2.08	0.36502981185913086	Hallo, wir freuen uns darauf,	Hallo!
2	3.12	0.4092404842376709	unsere	uns darauf,
2	4.16	0.43602728843688965	uns, Ihnen Arbeit über vorzustellen.	unsere
2	5.2	0.40674686431884766	Vokale vorzustellen.	vorzustellen.
2	6.24	0.5137770175933838	Vokale vorzustellen, eine Aufgabe im Bereich der	vorzustellen.
2	7.28	0.5235991477966309	vorzustellen, eine unabhängige Benchmarker-Aufgabe.	Vokale vorzustellen, eine Aufgabe im Bereich der
2	8.32	0.444077730178833	ist.	unabhängige Benchmarker-Aufgabe.
2	9.36	0.37264156341552734	zur Prüfung.	ist.
2	10.399999999999999	0.610440731048584	Aufgaben-Benchmark zur Prüfung von Vision- und Sprachmodellen.	zur Prüfung.
2	11.439999999999998	0.4443395137786865	Sprachmodellen mit	Prüfung von Vision- und Sprachmodellen.
2	12.479999999999997	0.5148673057556152	Überprüfung von Vision- und spezifischen	Sprachmodellen mit
2	13.519999999999996	0.44478297233581543	linguistischen Phänomenen.	
2	14.559999999999995	0.3640756607055664		
2	15.599999999999994	0.2576866149902344	Warum haben wir	linguistischen Phänomenen.
2	16.639999999999993	0.45557284355163574	spezifischen linguistischen Phänomenen. Warum haben wir uns diese Mühe gemacht?	
2	17.679999999999993	0.509265661239624	uns dies aufzubauen?	spezifischen linguistischen Phänomenen. Warum haben wir uns diese Mühe gemacht?
2	18.71999999999999	0.4909095764160156	die Mühe gemacht, diese Benchmark aufzubauen?	dies aufzubauen?
2	19.75999999999999	0.30979251861572266		
2	20.79999999999999	0.38044047355651855	die Mühe gemacht, diese Benchmark aufzubauen? Nun, im vergangenen Jahr.	diese Benchmark aufzubauen?
2	21.83999999999999	0.42911624908447266	Nun, haben wir uns die Mühe gemacht, diese Benchmark aufzubauen? Nun, in den letzten Jahren haben wir	die Mühe gemacht, diese Benchmark aufzubauen? Nun, im vergangenen Jahr.
2	22.87999999999999	0.4651334285736084	gesehen, dass	haben wir uns die Mühe gemacht, diese Benchmark aufzubauen? Nun, in den letzten Jahren haben wir
2	23.919999999999987	0.3269174098968506	von Vision- und Sprachmodellen mit spezifischen linguistischen Phänomenen. Warum haben wir uns die Mühe gemacht, diese Benchmark aufzubauen? Nun, in den letzten Jahren haben wir eine Explosion beobachtet,	gesehen, dass
2	24.959999999999987	0.5747983455657959	eine Explosion Transformer-basierten Modellen beobachtet.	von Vision- und Sprachmodellen mit spezifischen linguistischen Phänomenen. Warum haben wir uns die Mühe gemacht, diese Benchmark aufzubauen? Nun, in den letzten Jahren haben wir eine Explosion beobachtet,
2	25.999999999999986	0.6160612106323242	von Transformer-basierten Transformer-basierten Vision- und Sprachmodellen beobachtet.	Transformer-basierten Modellen beobachtet.
2	27.039999999999985	0.4774627685546875		
2	28.079999999999984	0.18513154983520508		
2	29.119999999999983	0.1807270050048828	beobachtet.	Transformer-basierten Vision- und Sprachmodellen beobachtet.
2	30.159999999999982	0.18805170059204102	Transformer-basierten Vision- und Sprachmodellen beobachtet.	beobachtet.
2	31.19999999999998	0.7304873466491699	Phänomenen. Warum haben wir uns die Mühe gemacht, diese Benchmark aufzubauen? Nun, in den letzten Jahren haben wir eine Explosion von Transformer-basierten Vision- und Sprachmodellen beobachtet. Diese wurden auf großen Mengen an Bild-Text-Paaren vortrainiert.	Transformer-basierten Vision- und Sprachmodellen beobachtet.
2	32.23999999999998	0.8858072757720947	Diese Diese Modelle sind auf großen Mengen an Bild-Text-Paaren vortrainiert worden. Jeder dieser Modelle	Phänomenen. Warum haben wir uns die Mühe gemacht, diese Benchmark aufzubauen? Nun, in den letzten Jahren haben wir eine Explosion von Transformer-basierten Vision- und Sprachmodellen beobachtet. Diese wurden auf großen Mengen an Bild-Text-Paaren vortrainiert.
2	33.27999999999998	0.941627025604248	sind auf großen Mengen an Bild-Text-Paaren vortrainiert worden. Modelle sind auf großen Mengen an Bild-Text-Paaren vortrainiert worden. Jedes dieser Modelle treibt.	Diese Modelle sind auf großen Mengen an Bild-Text-Paaren vortrainiert worden. Jeder dieser Modelle
2	34.31999999999998	0.4935007095336914	Jedes dieser Modelle Stand der Technik neu.	Modelle sind auf großen Mengen an Bild-Text-Paaren vortrainiert worden. Jedes dieser Modelle treibt.
2	35.35999999999998	0.6289505958557129	setzt den Stand der Technik auf großen Mengen an Bild-Text-Paaren vortrainiert worden. Jedes dieser Modelle setzt den Stand der Technik für Vision- und Sprachmodelle neu.	Stand der Technik neu.
2	36.39999999999998	0.4439976215362549	Vision- und Sprachmodellen beobachtet. Diese Modelle sind auf großen Mengen an Bild-Text-Paaren vortrainiert worden. Jedes dieser Modelle setzt den Stand der Technik bei Vision- und Sprachaufgaben neu.	auf großen Mengen an Bild-Text-Paaren vortrainiert worden. Jedes dieser Modelle setzt den Stand der Technik für Vision- und Sprachmodelle neu.
2	37.439999999999976	0.7016656398773193	bei Vision- und Modelle sind auf großen Mengen an Bild-Text-Paaren vortrainiert worden. Jedes dieser Modelle setzt den Stand der Technik bei Vision- und Sprachaufgaben, wie zum Beispiel bei Vision, neu.	Vision- und Sprachmodellen beobachtet. Diese Modelle sind auf großen Mengen an Bild-Text-Paaren vortrainiert worden. Jedes dieser Modelle setzt den Stand der Technik bei Vision- und Sprachaufgaben neu.
2	38.479999999999976	0.5726668834686279	visuellen Fragen-Antworten weiter.	Modelle sind auf großen Mengen an Bild-Text-Paaren vortrainiert worden. Jedes dieser Modelle setzt den Stand der Technik bei Vision- und Sprachaufgaben, wie zum Beispiel bei Vision, neu.
2	39.519999999999975	0.7144827842712402	Sprachaufgaben wie Kommentierung neu.	visuellen Fragen-Antworten weiter.
2	40.559999999999974	0.8231246471405029	visueller Frage-Antwort oder visueller neu.	Kommentierung neu.
2	41.59999999999997	0.696965217590332	Alltagslogik-Reasoning sowie Bildabruf voran.	neu.
2	42.63999999999997	0.69561767578125	Grounding neu.	Alltagslogik-Reasoning sowie Bildabruf voran.
2	43.67999999999997	0.740217924118042	Commonsense-Raumung, Bildabruf und Phrase-Grounding neu.	Grounding neu.
2	44.71999999999997	0.46324992179870605	wir haben eine Nachricht erhalten.	Phrase-Grounding neu.
2	45.75999999999997	0.7256743907928467	Commonsense-Raumung, Bildabruf und Phrase-Grounding. Daher haben wir die Nachricht erhalten: Die Genauigkeit.	wir haben eine Nachricht erhalten.
2	46.79999999999997	0.8437325954437256	Phrase-Grounding. Daher haben wir die Nachricht Commonsense-Raumung, Bildabruf und Phrase-Grounding. Daher haben wir die Nachricht erhalten, dass die Genauigkeiten bei diesen Arten	Commonsense-Raumung, Bildabruf und Phrase-Grounding. Daher haben wir die Nachricht erhalten: Die Genauigkeit.
2	47.83999999999997	0.6757810115814209	Transformer-basierten Vision- und Sprachmodellen beobachtet. Diese Modelle sind auf großen Mengen an Bild-Text-Paaren vortrainiert worden. Jedes dieser Modelle setzt den Stand der Technik bei Vision- und Sprachaufgaben wie visueller Frage-Antwort oder visueller Commonsense-Raumung, Bildabruf und Phrase-Grounding. Daher haben wir die Nachricht erhalten: Die Genauigkeiten auf diesen aufgabenbezogenen Basen.	Commonsense-Raumung, Bildabruf und Phrase-Grounding. Daher haben wir die Nachricht erhalten, dass die Genauigkeiten bei diesen Arten
2	48.87999999999997	0.7210249900817871	erhalten: Die Genauigkeiten sind auf großen Mengen an Bild-Text-Paaren vortrainiert worden. Jedes dieser Modelle setzt den Stand der Technik bei Vision- und Sprachaufgaben wie visueller Frage-Antwort oder visueller Commonsense-Raumung, Bildabruf und Phrase-Grounding. Daher haben wir die Nachricht erhalten: Die Genauigkeiten bei diesen aufgabenbezogenen Benchmarks steigen.	Transformer-basierten Vision- und Sprachmodellen beobachtet. Diese Modelle sind auf großen Mengen an Bild-Text-Paaren vortrainiert worden. Jedes dieser Modelle setzt den Stand der Technik bei Vision- und Sprachaufgaben wie visueller Frage-Antwort oder visueller Commonsense-Raumung, Bildabruf und Phrase-Grounding. Daher haben wir die Nachricht erhalten: Die Genauigkeiten auf diesen aufgabenbezogenen Basen.
2	49.919999999999966	0.6417825222015381	bei diesen aufgabenbezogenen Benchmarks steigen stetig.	sind auf großen Mengen an Bild-Text-Paaren vortrainiert worden. Jedes dieser Modelle setzt den Stand der Technik bei Vision- und Sprachaufgaben wie visueller Frage-Antwort oder visueller Commonsense-Raumung, Bildabruf und Phrase-Grounding. Daher haben wir die Nachricht erhalten: Die Genauigkeiten bei diesen aufgabenbezogenen Benchmarks steigen.
2	50.959999999999965	0.28803229331970215		
2	51.999999999999964	0.4245164394378662	Aber wissen wir das wirklich?	steigen stetig.
2	53.039999999999964	0.38712167739868164	die Nachricht erhalten: Die Genauigkeiten bei diesen aufgabenbezogenen Benchmarks steigen stetig. Aber wissen wir, was	wir das wirklich?
2	54.07999999999996	0.4678337574005127	haben wir die Nachricht erhalten: Die Genauigkeiten bei diesen aufgabenbezogenen Benchmarks steigen stetig. Aber wissen wir, was die Modelle tatsächlich können?	die Nachricht erhalten: Die Genauigkeiten bei diesen aufgabenbezogenen Benchmarks steigen stetig. Aber wissen wir, was
2	55.11999999999996	0.4122488498687744	die Modelle tatsächlich tatsächlich gelernt haben?	haben wir die Nachricht erhalten: Die Genauigkeiten bei diesen aufgabenbezogenen Benchmarks steigen stetig. Aber wissen wir, was die Modelle tatsächlich können?
2	56.15999999999996	0.2501804828643799		tatsächlich gelernt haben?
2	57.19999999999996	0.3508162498474121	Was ist es?	
2	58.23999999999996	0.5196168422698975	es, das ein Vision- und	es?
2	59.27999999999996	0.5329258441925049		
2	60.31999999999996	0.45402979850769043	Sprach-Transformer hat?	es, das ein Vision- und
2	61.35999999999996	0.5457069873809814	bei diesen aufgabenbezogenen Benchmarks steigen stetig. Aber wissen wir, was die Modelle tatsächlich gelernt haben? Was ist es, das ein Vision- und Sprach-Transformer versteht, wenn er zugewiesen wird?	hat?
2	62.399999999999956	0.5292139053344727	eine hohe	bei diesen aufgabenbezogenen Benchmarks steigen stetig. Aber wissen wir, was die Modelle tatsächlich gelernt haben? Was ist es, das ein Vision- und Sprach-Transformer versteht, wenn er zugewiesen wird?
2	63.439999999999955	0.7337493896484375	verstanden hat, wenn er Bild eine hohe Punktzahl zuweist?	eine hohe
2	64.47999999999996	0.5459480285644531	diesem Bild Bild und diesem einen hohen Score zuweist?	Bild eine hohe Punktzahl zuweist?
2	65.51999999999997	0.7370407581329346	und diesem diesem Satz eine hohe Punktzahl für Mathematik zuerteilt?	Bild und diesem einen hohen Score zuweist?
2	66.55999999999997	0.7710597515106201	Satz eine hohe Punktzahl für zuerteilt?	diesem Satz eine hohe Punktzahl für Mathematik zuerteilt?
2	67.59999999999998	0.7350316047668457	hohe Punktzahl für Übereinstimmung zuerteilt – und eine niedrige Punktzahl?	zuerteilt?
2	68.63999999999999	0.6741583347320557	Übereinstimmung zuerteilt haben? Was ist es, das ein Vision- und Sprach-Transformer verstanden hat, wenn er diesem Bild und diesem Satz eine hohe Punktzahl für Übereinstimmung zuerteilt und diesem einen eine niedrige?	hohe Punktzahl für Übereinstimmung zuerteilt – und eine niedrige Punktzahl?
2	69.67999999999999	0.3637380599975586		haben? Was ist es, das ein Vision- und Sprach-Transformer verstanden hat, wenn er diesem Bild und diesem Satz eine hohe Punktzahl für Übereinstimmung zuerteilt und diesem einen eine niedrige?
2	70.72	0.13634371757507324		
2	71.76	0.5019707679748535	Vision- und Sprach-Transformer verstanden hat, wenn er diesem Bild und diesem Satz eine hohe Punktzahl für Übereinstimmung zuerteilt und diesem einen eine niedrige? Verstehen Vision- und Sprachmodelle	
2	72.80000000000001	0.6325318813323975	Satz eine hohe Punktzahl für Übereinstimmung zuerteilt und diesem einen eine niedrige? Konzentrieren sich Vision- und Sprachmodelle?	Vision- und Sprach-Transformer verstanden hat, wenn er diesem Bild und diesem Satz eine hohe Punktzahl für Übereinstimmung zuerteilt und diesem einen eine niedrige? Verstehen Vision- und Sprachmodelle
2	73.84000000000002	0.7487335205078125	Konzentrieren sich Vision- und das Richtige?	Satz eine hohe Punktzahl für Übereinstimmung zuerteilt und diesem einen eine niedrige? Konzentrieren sich Vision- und Sprachmodelle?
2	74.88000000000002	0.5991091728210449	Sprachmodelle auf das hat, wenn er diesem Bild und diesem Satz eine hohe Punktzahl für Übereinstimmung zuerteilt und diesem einen eine niedrige? Konzentrieren sich Vision- und Sprachmodelle auf das Richtige oder nicht?	das Richtige?
2	75.92000000000003	0.5576491355895996	Richtige oder auf	hat, wenn er diesem Bild und diesem Satz eine hohe Punktzahl für Übereinstimmung zuerteilt und diesem einen eine niedrige? Konzentrieren sich Vision- und Sprachmodelle auf das Richtige oder nicht?
2	76.96000000000004	0.5703659057617188	verstanden hat, wenn er diesem Bild und diesem Satz eine hohe Punktzahl für Übereinstimmung zuerteilt und diesem einen eine niedrige? Konzentrieren sich Vision- und Sprachmodelle auf das Richtige oder auf Biases, die behauptet werden?	auf
2	78.00000000000004	0.8027658462524414	zuvor gezeigt wurden?	verstanden hat, wenn er diesem Bild und diesem Satz eine hohe Punktzahl für Übereinstimmung zuerteilt und diesem einen eine niedrige? Konzentrieren sich Vision- und Sprachmodelle auf das Richtige oder auf Biases, die behauptet werden?
2	79.04000000000005	0.8539555072784424	konzentrieren sie sich auf Verzerrungen, wie sie früheren Arbeiten gezeigt wurden?	zuvor gezeigt wurden?
2	80.08000000000006	0.6291353702545166	in Um dies zu klären	früheren Arbeiten gezeigt wurden?
2	81.12000000000006	0.3935563564300537	mehr Licht auf	dies zu klären
2	82.16000000000007	0.6266484260559082	dieses Aspekt zu werfen, um	
2	83.20000000000007	0.6776981353759766	wir vor, eine	um
2	84.24000000000008	0.46688032150268555	schlagen wir	wir vor, eine
2	85.28000000000009	0.5650758743286133	eine aufgabenagnostischere Lösung vor.	
2	86.32000000000009	0.5251307487487793	Richtung vor.	Lösung vor.
2	87.3600000000001	0.46480822563171387	Vision- und Sprachmodelle auf das Richtige oder konzentrieren sie sich auf Verzerrungen, wie sie in früheren Arbeiten gezeigt wurden? Um mehr Licht auf dieses Aspekt zu werfen, schlagen wir eine aufgabenagnostischere Richtung vor und stellen vor.	vor.
2	88.4000000000001	0.5471532344818115	vor und Richtung vor und führen Valves ein, die	Vision- und Sprachmodelle auf das Richtige oder konzentrieren sie sich auf Verzerrungen, wie sie in früheren Arbeiten gezeigt wurden? Um mehr Licht auf dieses Aspekt zu werfen, schlagen wir eine aufgabenagnostischere Richtung vor und stellen vor.
2	89.44000000000011	0.7043404579162598	spezifischen linguistischen Phänomenen. Warum haben wir uns die Mühe gemacht, diese Benchmark aufzubauen? Nun, in den letzten Jahren haben wir eine Explosion von Transformer-basierten Vision- und Sprachmodellen beobachtet. Diese Modelle sind auf großen Mengen an Bild-Text-Paaren vortrainiert worden. Jedes dieser Modelle setzt den Stand der Technik bei Vision- und Sprachaufgaben wie visueller Frage-Antwort oder visueller Commonsense-Raumung, Bildabruf und Phrase-Grounding. Daher haben wir die Nachricht erhalten: Die Genauigkeiten bei diesen aufgabenbezogenen Benchmarks steigen stetig. Aber wissen wir, was die Modelle tatsächlich gelernt haben? Was ist es, das ein Vision- und Sprach-Transformer verstanden hat, wenn er diesem Bild und diesem Satz eine hohe Punktzahl für Übereinstimmung zuerteilt und diesem einen eine niedrige? Konzentrieren sich Vision- und Sprachmodelle auf das Richtige oder konzentrieren sie sich auf Verzerrungen, wie sie in früheren Arbeiten gezeigt wurden? Um mehr Licht auf dieses Aspekt zu werfen, schlagen wir eine aufgabenagnostischere Richtung vor und führen Valves ein, die die Sensitivität testen.	Richtung vor und führen Valves ein, die
2	90.48000000000012	0.5830950736999512	die Sensitivität von Vision- und Sprachmodellen mit spezifischen linguistischen Phänomenen. Warum haben wir uns die Mühe gemacht, diese Benchmark aufzubauen? Nun, in den letzten Jahren haben wir eine Explosion von Transformer-basierten Vision- und Sprachmodellen beobachtet. Diese Modelle sind auf großen Mengen an Bild-Text-Paaren vortrainiert worden. Jedes dieser Modelle setzt den Stand der Technik bei Vision- und Sprachaufgaben wie visueller Frage-Antwort oder visueller Commonsense-Raumung, Bildabruf und Phrase-Grounding. Daher haben wir die Nachricht erhalten: Die Genauigkeiten bei diesen aufgabenbezogenen Benchmarks steigen stetig. Aber wissen wir, was die Modelle tatsächlich gelernt haben? Was ist es, das ein Vision- und Sprach-Transformer verstanden hat, wenn er diesem Bild und diesem Satz eine hohe Punktzahl für Übereinstimmung zuerteilt und diesem einen eine niedrige? Konzentrieren sich Vision- und Sprachmodelle auf das Richtige oder konzentrieren sie sich auf Verzerrungen, wie sie in früheren Arbeiten gezeigt wurden? Um mehr Licht auf dieses Aspekt zu werfen, schlagen wir eine aufgabenagnostischere Richtung vor und führen Valves ein, die die Sensitivität von Vision testen.	spezifischen linguistischen Phänomenen. Warum haben wir uns die Mühe gemacht, diese Benchmark aufzubauen? Nun, in den letzten Jahren haben wir eine Explosion von Transformer-basierten Vision- und Sprachmodellen beobachtet. Diese Modelle sind auf großen Mengen an Bild-Text-Paaren vortrainiert worden. Jedes dieser Modelle setzt den Stand der Technik bei Vision- und Sprachaufgaben wie visueller Frage-Antwort oder visueller Commonsense-Raumung, Bildabruf und Phrase-Grounding. Daher haben wir die Nachricht erhalten: Die Genauigkeiten bei diesen aufgabenbezogenen Benchmarks steigen stetig. Aber wissen wir, was die Modelle tatsächlich gelernt haben? Was ist es, das ein Vision- und Sprach-Transformer verstanden hat, wenn er diesem Bild und diesem Satz eine hohe Punktzahl für Übereinstimmung zuerteilt und diesem einen eine niedrige? Konzentrieren sich Vision- und Sprachmodelle auf das Richtige oder konzentrieren sie sich auf Verzerrungen, wie sie in früheren Arbeiten gezeigt wurden? Um mehr Licht auf dieses Aspekt zu werfen, schlagen wir eine aufgabenagnostischere Richtung vor und führen Valves ein, die die Sensitivität testen.
2	91.52000000000012	0.6321103572845459	Vision- und Sprachmodelle auf das Richtige oder konzentrieren sie sich auf Verzerrungen, wie sie in früheren Arbeiten gezeigt wurden? Um mehr Licht auf dieses Aspekt zu werfen, schlagen wir eine aufgabenagnostischere Richtung vor und führen Valves ein, die die Sensitivität von Vision- und Sprachmodellen testen.	Vision- und Sprachmodellen mit spezifischen linguistischen Phänomenen. Warum haben wir uns die Mühe gemacht, diese Benchmark aufzubauen? Nun, in den letzten Jahren haben wir eine Explosion von Transformer-basierten Vision- und Sprachmodellen beobachtet. Diese Modelle sind auf großen Mengen an Bild-Text-Paaren vortrainiert worden. Jedes dieser Modelle setzt den Stand der Technik bei Vision- und Sprachaufgaben wie visueller Frage-Antwort oder visueller Commonsense-Raumung, Bildabruf und Phrase-Grounding. Daher haben wir die Nachricht erhalten: Die Genauigkeiten bei diesen aufgabenbezogenen Benchmarks steigen stetig. Aber wissen wir, was die Modelle tatsächlich gelernt haben? Was ist es, das ein Vision- und Sprach-Transformer verstanden hat, wenn er diesem Bild und diesem Satz eine hohe Punktzahl für Übereinstimmung zuerteilt und diesem einen eine niedrige? Konzentrieren sich Vision- und Sprachmodelle auf das Richtige oder konzentrieren sie sich auf Verzerrungen, wie sie in früheren Arbeiten gezeigt wurden? Um mehr Licht auf dieses Aspekt zu werfen, schlagen wir eine aufgabenagnostischere Richtung vor und führen Valves ein, die die Sensitivität von Vision testen.
2	92.56000000000013	0.6123335361480713	Sprachmodellen Sprachmodellen gegenüber testen.	Sprachmodelle auf das Richtige oder konzentrieren sie sich auf Verzerrungen, wie sie in früheren Arbeiten gezeigt wurden? Um mehr Licht auf dieses Aspekt zu werfen, schlagen wir eine aufgabenagnostischere Richtung vor und führen Valves ein, die die Sensitivität von Vision- und Sprachmodellen testen.
2	93.60000000000014	0.539862871170044	gegenüber konzentrieren sie sich auf Verzerrungen, wie sie in früheren Arbeiten gezeigt wurden? Um mehr Licht auf dieses Aspekt zu werfen, schlagen wir eine aufgabenagnostischere Richtung vor und führen Valves ein, die die Sensitivität von Vision- und Sprachmodellen gegenüber spezifisch testen.	Sprachmodellen gegenüber testen.
2	94.64000000000014	0.6385612487792969	spezifischen linguistischen Phänomenen testen.	konzentrieren sie sich auf Verzerrungen, wie sie in früheren Arbeiten gezeigt wurden? Um mehr Licht auf dieses Aspekt zu werfen, schlagen wir eine aufgabenagnostischere Richtung vor und führen Valves ein, die die Sensitivität von Vision- und Sprachmodellen gegenüber spezifisch testen.
2	95.68000000000015	0.7434432506561279	Phänomenen testen, die beeinflussen.	testen.
2	96.72000000000016	0.8167369365692139	testen, die die linguistische als auch die visuelle Komponente beeinflussen.	Phänomenen testen, die beeinflussen.
2	97.76000000000016	0.5419571399688721	sowohl die linguistische als auch die linguistische als auch die	die linguistische als auch die visuelle Komponente beeinflussen.
2	98.80000000000017	0.5206286907196045	visuelle Modalität beeinflussen.	linguistische als auch die
2	99.84000000000017	0.4947676658630371	beeinflussen.	
2	100.88000000000018	0.5105412006378174	Wir richten uns an die	beeinflussen.
2	101.92000000000019	0.7019288539886475	schlagen wir eine aufgabenagnostischere Richtung vor und führen Valves ein, die die Sensitivität von Vision- und Sprachmodellen gegenüber spezifischen linguistischen Phänomenen testen, die sowohl die linguistische als auch die visuelle Modalität beeinflussen. Wir zielen auf Existenz und Plural ab.	richten uns an die
2	102.96000000000019	0.8038501739501953	zielen auf Pluralität und Kontrast ab.	schlagen wir eine aufgabenagnostischere Richtung vor und führen Valves ein, die die Sensitivität von Vision- und Sprachmodellen gegenüber spezifischen linguistischen Phänomenen testen, die sowohl die linguistische als auch die visuelle Modalität beeinflussen. Wir zielen auf Existenz und Plural ab.
2	104.0000000000002	0.8865094184875488	Existenz, werfen, schlagen wir eine aufgabenagnostischere Richtung vor und führen Valves ein, die die Sensitivität von Vision- und Sprachmodellen gegenüber spezifischen linguistischen Phänomenen testen, die sowohl die linguistische als auch die visuelle Modalität beeinflussen. Wir zielen auf Existenz, Pluralität, Zählen und räumliche Beziehungen ab.	Pluralität und Kontrast ab.
2	105.0400000000002	0.8444931507110596	Pluralität, aufgabenagnostischere Richtung vor und führen Valves ein, die die Sensitivität von Vision- und Sprachmodellen gegenüber spezifischen linguistischen Phänomenen testen, die sowohl die linguistische als auch die visuelle Modalität beeinflussen. Wir zielen auf Existenz, Pluralität, Zählen, räumliche Beziehungen und Aktionen ab.	werfen, schlagen wir eine aufgabenagnostischere Richtung vor und führen Valves ein, die die Sensitivität von Vision- und Sprachmodellen gegenüber spezifischen linguistischen Phänomenen testen, die sowohl die linguistische als auch die visuelle Modalität beeinflussen. Wir zielen auf Existenz, Pluralität, Zählen und räumliche Beziehungen ab.
2	106.08000000000021	0.8872194290161133	Zählen, räumliche Aktionen und Entitätskorrektur ab.	aufgabenagnostischere Richtung vor und führen Valves ein, die die Sensitivität von Vision- und Sprachmodellen gegenüber spezifischen linguistischen Phänomenen testen, die sowohl die linguistische als auch die visuelle Modalität beeinflussen. Wir zielen auf Existenz, Pluralität, Zählen, räumliche Beziehungen und Aktionen ab.
2	107.12000000000022	0.7834968566894531	Beziehungen, Aktionen und Entitätsko-Referenzierung ab.	Aktionen und Entitätskorrektur ab.
2	108.16000000000022	0.8201792240142822	Aber wie gehen wir vor?	Entitätsko-Referenzierung ab.
2	109.20000000000023	0.8210570812225342	Entitätsko-Referenz ab. Aber wie	Aber wie gehen wir vor?
2	110.24000000000024	0.709608793258667	testen wir, ob Vision- und Sprachmodellen gegenüber spezifischen linguistischen Phänomenen testen, die sowohl die linguistische als auch die visuelle Modalität beeinflussen. Wir zielen auf Existenz, Pluralität, Zählen, räumliche Beziehungen, Aktionen und Entitätsko-Referenz ab. Aber wie testen wir, ob die Vision- und Sprachmodelle	
2	111.28000000000024	0.686741828918457	spezifischen linguistischen Phänomenen testen, die sowohl die linguistische als auch die visuelle Modalität beeinflussen. Wir zielen auf Existenz, Pluralität, Zählen, räumliche Beziehungen, Aktionen und Entitätsko-Referenz ab. Aber wie testen wir, ob die Vision- und Sprachmodelle erfasst haben?	Vision- und Sprachmodellen gegenüber spezifischen linguistischen Phänomenen testen, die sowohl die linguistische als auch die visuelle Modalität beeinflussen. Wir zielen auf Existenz, Pluralität, Zählen, räumliche Beziehungen, Aktionen und Entitätsko-Referenz ab. Aber wie testen wir, ob die Vision- und Sprachmodelle
2	112.32000000000025	0.6147723197937012	gegenüber spezifischen linguistischen Phänomenen testen, die sowohl die linguistische als auch die visuelle Modalität beeinflussen. Wir zielen auf Existenz, Pluralität, Zählen, räumliche Beziehungen, Aktionen und Entitätsko-Referenz ab. Aber wie testen wir, ob die Vision- und Sprachmodelle diese Phänomene erfasst haben?	spezifischen linguistischen Phänomenen testen, die sowohl die linguistische als auch die visuelle Modalität beeinflussen. Wir zielen auf Existenz, Pluralität, Zählen, räumliche Beziehungen, Aktionen und Entitätsko-Referenz ab. Aber wie testen wir, ob die Vision- und Sprachmodelle erfasst haben?
2	113.36000000000026	0.42766332626342773		gegenüber spezifischen linguistischen Phänomenen testen, die sowohl die linguistische als auch die visuelle Modalität beeinflussen. Wir zielen auf Existenz, Pluralität, Zählen, räumliche Beziehungen, Aktionen und Entitätsko-Referenz ab. Aber wie testen wir, ob die Vision- und Sprachmodelle diese Phänomene erfasst haben?
2	114.40000000000026	0.3866422176361084	Durch	
2	115.44000000000027	0.5410027503967285	eines	
2	116.48000000000027	0.7987868785858154	testen, die sowohl die linguistische als auch die visuelle Modalität beeinflussen. Wir zielen auf Existenz, Pluralität, Zählen, räumliche Beziehungen, Aktionen und Entitätsko-Referenz ab. Aber wie testen wir, ob die Vision- und Sprachmodelle diese Phänomene erfasst haben? Durch FOILing, eine Methode, die zuvor angewendet wurde.	eines
2	117.52000000000028	0.8369569778442383	FOILing, eine Methode, die zuvor für Vision- und	testen, die sowohl die linguistische als auch die visuelle Modalität beeinflussen. Wir zielen auf Existenz, Pluralität, Zählen, räumliche Beziehungen, Aktionen und Entitätsko-Referenz ab. Aber wie testen wir, ob die Vision- und Sprachmodelle diese Phänomene erfasst haben? Durch FOILing, eine Methode, die zuvor angewendet wurde.
2	118.56000000000029	0.7458879947662354		
2	119.60000000000029	0.5537233352661133	Sprachmodelle für Vision- und Sprachmodelle nur für	für Vision- und
2	120.6400000000003	0.7228643894195557	Sprachmodelle diese Phänomene erfasst haben? Durch FOILing, eine Methode, die zuvor für Vision- und Sprachmodelle nur für Nomenphrasen angewendet wurde durch	für Vision- und Sprachmodelle nur für
2	121.6800000000003	0.8506419658660889	Nomenphrasen Ravi Shekhar angewendet wurde.	Sprachmodelle diese Phänomene erfasst haben? Durch FOILing, eine Methode, die zuvor für Vision- und Sprachmodelle nur für Nomenphrasen angewendet wurde durch
2	122.72000000000031	0.7984700202941895	von Ravi Shekhar beeinflussen. Wir zielen auf Existenz, Pluralität, Zählen, räumliche Beziehungen, Aktionen und Entitätsko-Referenz ab. Aber wie testen wir, ob die Vision- und Sprachmodelle diese Phänomene erfasst haben? Durch FOILing, eine Methode, die zuvor für Vision- und Sprachmodelle nur für Nomenphrasen von Ravi Shekhar und Mitarbeitern angewendet wurde.	Ravi Shekhar angewendet wurde.
2	123.76000000000032	0.7395291328430176	und Mitarbeitern auf Existenz, Pluralität, Zählen, räumliche Beziehungen, Aktionen und Entitätsko-Referenz ab. Aber wie testen wir, ob die Vision- und Sprachmodelle diese Phänomene erfasst haben? Durch FOILing, eine Methode, die zuvor für Vision- und Sprachmodelle nur für Nomenphrasen von Ravi Shekhar und Mitarbeitern sowie beim Zählen angewendet wurde.	beeinflussen. Wir zielen auf Existenz, Pluralität, Zählen, räumliche Beziehungen, Aktionen und Entitätsko-Referenz ab. Aber wie testen wir, ob die Vision- und Sprachmodelle diese Phänomene erfasst haben? Durch FOILing, eine Methode, die zuvor für Vision- und Sprachmodelle nur für Nomenphrasen von Ravi Shekhar und Mitarbeitern angewendet wurde.
2	124.80000000000032	0.7147736549377441	sowie beim Zählen wurde.	auf Existenz, Pluralität, Zählen, räumliche Beziehungen, Aktionen und Entitätsko-Referenz ab. Aber wie testen wir, ob die Vision- und Sprachmodelle diese Phänomene erfasst haben? Durch FOILing, eine Methode, die zuvor für Vision- und Sprachmodelle nur für Nomenphrasen von Ravi Shekhar und Mitarbeitern sowie beim Zählen angewendet wurde.
2	125.84000000000033	0.6811888217926025	uns in früheren Arbeiten angewendet wurde.	wurde.
2	126.88000000000034	0.45920300483703613	von	uns in früheren Arbeiten angewendet wurde.
2	127.92000000000034	0.701531171798706	Pluralität, Zählen, räumliche Beziehungen, Aktionen und Entitätsko-Referenz ab. Aber wie testen wir, ob die Vision- und Sprachmodelle diese Phänomene erfasst haben? Durch FOILing, eine Methode, die zuvor für Vision- und Sprachmodelle nur für Nomenphrasen von Ravi Shekhar und Mitarbeitern sowie beim Zählen von uns in früheren Arbeiten angewendet wurde. FOILing bedeutet im Wesentlichen.	
2	128.96000000000035	0.7366893291473389	FOILing bedeutet im bedeutet im Wesentlichen, dass wir	Pluralität, Zählen, räumliche Beziehungen, Aktionen und Entitätsko-Referenz ab. Aber wie testen wir, ob die Vision- und Sprachmodelle diese Phänomene erfasst haben? Durch FOILing, eine Methode, die zuvor für Vision- und Sprachmodelle nur für Nomenphrasen von Ravi Shekhar und Mitarbeitern sowie beim Zählen von uns in früheren Arbeiten angewendet wurde. FOILing bedeutet im Wesentlichen.
2	130.00000000000034	0.6965765953063965	nehmen.	bedeutet im Wesentlichen, dass wir
2	131.04000000000033	0.6236786842346191	die von Ravi Shekhar und Mitarbeitern sowie beim Zählen von uns in früheren Arbeiten angewendet wurde. FOILing bedeutet im Wesentlichen, dass wir die Bildunterschrift nehmen und	nehmen.
2	132.08000000000033	0.7449970245361328	Bildunterschrift erfasst haben? Durch FOILing, eine Methode, die zuvor für Vision- und Sprachmodelle nur für Nomenphrasen von Ravi Shekhar und Mitarbeitern sowie beim Zählen von uns in früheren Arbeiten angewendet wurde. FOILing bedeutet im Wesentlichen, dass wir die Bildunterschrift eines Bildes nehmen und eine	von Ravi Shekhar und Mitarbeitern sowie beim Zählen von uns in früheren Arbeiten angewendet wurde. FOILing bedeutet im Wesentlichen, dass wir die Bildunterschrift nehmen und
2	133.12000000000032	0.7625548839569092	Zählen, räumliche Beziehungen, Aktionen und Entitätsko-Referenz ab. Aber wie testen wir, ob die Vision- und Sprachmodelle diese Phänomene erfasst haben? Durch FOILing, eine Methode, die zuvor für Vision- und Sprachmodelle nur für Nomenphrasen von Ravi Shekhar und Mitarbeitern sowie beim Zählen von uns in früheren Arbeiten angewendet wurde. FOILing bedeutet im Wesentlichen, dass wir die Bildunterschrift nehmen und ein FOIL erzeugen, indem wir	erfasst haben? Durch FOILing, eine Methode, die zuvor für Vision- und Sprachmodelle nur für Nomenphrasen von Ravi Shekhar und Mitarbeitern sowie beim Zählen von uns in früheren Arbeiten angewendet wurde. FOILing bedeutet im Wesentlichen, dass wir die Bildunterschrift eines Bildes nehmen und eine
2	134.1600000000003	0.7625257968902588	nehmen und ein die	Zählen, räumliche Beziehungen, Aktionen und Entitätsko-Referenz ab. Aber wie testen wir, ob die Vision- und Sprachmodelle diese Phänomene erfasst haben? Durch FOILing, eine Methode, die zuvor für Vision- und Sprachmodelle nur für Nomenphrasen von Ravi Shekhar und Mitarbeitern sowie beim Zählen von uns in früheren Arbeiten angewendet wurde. FOILing bedeutet im Wesentlichen, dass wir die Bildunterschrift nehmen und ein FOIL erzeugen, indem wir
2	135.2000000000003	0.7912166118621826	Foil erzeugen, indem wir ändern.	die
2	136.2400000000003	0.6473174095153809	Unterschrift so ändern, dass sie	ändern.
2	137.28000000000029	0.7015514373779297	erfasst haben? Durch FOILing, eine Methode, die zuvor für Vision- und Sprachmodelle nur für Nomenphrasen von Ravi Shekhar und Mitarbeitern sowie beim Zählen von uns in früheren Arbeiten angewendet wurde. FOILing bedeutet im Wesentlichen, dass wir die Bildunterschrift nehmen und ein Foil erzeugen, indem wir die Unterschrift so ändern, dass sie nicht anzeigt.	
2	138.32000000000028	0.5652732849121094	erfasst haben? Durch FOILing, eine Methode, die zuvor für Vision- und Sprachmodelle nur für Nomenphrasen von Ravi Shekhar und Mitarbeitern sowie beim Zählen von uns in früheren Arbeiten angewendet wurde. FOILing bedeutet im Wesentlichen, dass wir die Bildunterschrift nehmen und ein Foil erzeugen, indem wir die Unterschrift so ändern, dass sie das Bild nicht beschreibt.	erfasst haben? Durch FOILing, eine Methode, die zuvor für Vision- und Sprachmodelle nur für Nomenphrasen von Ravi Shekhar und Mitarbeitern sowie beim Zählen von uns in früheren Arbeiten angewendet wurde. FOILing bedeutet im Wesentlichen, dass wir die Bildunterschrift nehmen und ein Foil erzeugen, indem wir die Unterschrift so ändern, dass sie nicht anzeigt.
2	139.36000000000027	0.6618847846984863	das Bild nicht Bild nicht mehr beschreibt.	erfasst haben? Durch FOILing, eine Methode, die zuvor für Vision- und Sprachmodelle nur für Nomenphrasen von Ravi Shekhar und Mitarbeitern sowie beim Zählen von uns in früheren Arbeiten angewendet wurde. FOILing bedeutet im Wesentlichen, dass wir die Bildunterschrift nehmen und ein Foil erzeugen, indem wir die Unterschrift so ändern, dass sie das Bild nicht beschreibt.
2	140.40000000000026	0.68239426612854	Und wir machen dies.	Bild nicht mehr beschreibt.
2	141.44000000000025	0.6859169006347656	Phraseänderungen durch.	machen dies.
2	142.48000000000025	0.8073718547821045	führen diese Phraseänderungen Phraseänderungen durch, indem wir uns auf	Phraseänderungen durch.
2	143.52000000000024	0.8705863952636719	auf Existenz, Pluralität, Zählen, räumliche Beziehungen, Aktionen und Entitätsko-Referenz ab. Aber wie testen wir, ob die Vision- und Sprachmodelle diese Phänomene erfasst haben? Durch FOILing, eine Methode, die zuvor für Vision- und Sprachmodelle nur für Nomenphrasen von Ravi Shekhar und Mitarbeitern sowie beim Zählen von uns in früheren Arbeiten angewendet wurde. FOILing bedeutet im Wesentlichen, dass wir die Bildunterschrift nehmen und ein Foil erzeugen, indem wir die Unterschrift so ändern, dass sie das Bild nicht mehr beschreibt. Und wir führen diese Phraseänderungen durch, indem wir uns auf sechs Spezifikationen konzentrieren.	Phraseänderungen durch, indem wir uns auf
2	144.56000000000023	0.7198412418365479	sechs Teile konzentrieren.	auf Existenz, Pluralität, Zählen, räumliche Beziehungen, Aktionen und Entitätsko-Referenz ab. Aber wie testen wir, ob die Vision- und Sprachmodelle diese Phänomene erfasst haben? Durch FOILing, eine Methode, die zuvor für Vision- und Sprachmodelle nur für Nomenphrasen von Ravi Shekhar und Mitarbeitern sowie beim Zählen von uns in früheren Arbeiten angewendet wurde. FOILing bedeutet im Wesentlichen, dass wir die Bildunterschrift nehmen und ein Foil erzeugen, indem wir die Unterschrift so ändern, dass sie das Bild nicht mehr beschreibt. Und wir führen diese Phraseänderungen durch, indem wir uns auf sechs Spezifikationen konzentrieren.
2	145.60000000000022	0.8851144313812256	spezifische Teile Methode, die zuvor für Vision- und Sprachmodelle nur für Nomenphrasen von Ravi Shekhar und Mitarbeitern sowie beim Zählen von uns in früheren Arbeiten angewendet wurde. FOILing bedeutet im Wesentlichen, dass wir die Bildunterschrift nehmen und ein Foil erzeugen, indem wir die Unterschrift so ändern, dass sie das Bild nicht mehr beschreibt. Und wir führen diese Phraseänderungen durch, indem wir uns auf sechs spezifische Teile konzentrieren, wie zum Beispiel Existenz.	Teile konzentrieren.
2	146.6400000000002	0.8250505924224854	konzentrieren, wie räumliche Beziehungen, Aktionen und Entitätsko-Referenz ab. Aber wie testen wir, ob die Vision- und Sprachmodelle diese Phänomene erfasst haben? Durch FOILing, eine Methode, die zuvor für Vision- und Sprachmodelle nur für Nomenphrasen von Ravi Shekhar und Mitarbeitern sowie beim Zählen von uns in früheren Arbeiten angewendet wurde. FOILing bedeutet im Wesentlichen, dass wir die Bildunterschrift nehmen und ein Foil erzeugen, indem wir die Unterschrift so ändern, dass sie das Bild nicht mehr beschreibt. Und wir führen diese Phraseänderungen durch, indem wir uns auf sechs spezifische Teile konzentrieren, wie Existenz oder Pluralität.	Methode, die zuvor für Vision- und Sprachmodelle nur für Nomenphrasen von Ravi Shekhar und Mitarbeitern sowie beim Zählen von uns in früheren Arbeiten angewendet wurde. FOILing bedeutet im Wesentlichen, dass wir die Bildunterschrift nehmen und ein Foil erzeugen, indem wir die Unterschrift so ändern, dass sie das Bild nicht mehr beschreibt. Und wir führen diese Phraseänderungen durch, indem wir uns auf sechs spezifische Teile konzentrieren, wie zum Beispiel Existenz.
2	147.6800000000002	0.7308485507965088	Pluralität, Zählen, räumliche Beziehungen, Aktionen und Entitätsko-Referenz ab. Aber wie testen wir, ob die Vision- und Sprachmodelle diese Phänomene erfasst haben? Durch FOILing, eine Methode, die zuvor für Vision- und Sprachmodelle nur für Nomenphrasen von Ravi Shekhar und Mitarbeitern sowie beim Zählen von uns in früheren Arbeiten angewendet wurde. FOILing bedeutet im Wesentlichen, dass wir die Bildunterschrift nehmen und ein Foil erzeugen, indem wir die Unterschrift so ändern, dass sie das Bild nicht mehr beschreibt. Und wir führen diese Phraseänderungen durch, indem wir uns auf sechs spezifische Teile konzentrieren, wie Existenz, Pluralität oder Zählen.	räumliche Beziehungen, Aktionen und Entitätsko-Referenz ab. Aber wie testen wir, ob die Vision- und Sprachmodelle diese Phänomene erfasst haben? Durch FOILing, eine Methode, die zuvor für Vision- und Sprachmodelle nur für Nomenphrasen von Ravi Shekhar und Mitarbeitern sowie beim Zählen von uns in früheren Arbeiten angewendet wurde. FOILing bedeutet im Wesentlichen, dass wir die Bildunterschrift nehmen und ein Foil erzeugen, indem wir die Unterschrift so ändern, dass sie das Bild nicht mehr beschreibt. Und wir führen diese Phraseänderungen durch, indem wir uns auf sechs spezifische Teile konzentrieren, wie Existenz oder Pluralität.
2	148.7200000000002	0.8967525959014893	Existenz, Pluralität, Zählen, räumliche Beziehungen, Aktionen und Entitätsko-Referenz ab. Aber wie testen wir, ob die Vision- und Sprachmodelle diese Phänomene erfasst haben? Durch FOILing, eine Methode, die zuvor für Vision- und Sprachmodelle nur für Nomenphrasen von Ravi Shekhar und Mitarbeitern sowie beim Zählen von uns in früheren Arbeiten angewendet wurde. FOILing bedeutet im Wesentlichen, dass wir die Bildunterschrift nehmen und ein Foil erzeugen, indem wir die Unterschrift so ändern, dass sie das Bild nicht mehr beschreibt. Und wir führen diese Phraseänderungen durch, indem wir uns auf sechs spezifische Teile konzentrieren, wie Existenz, Pluralität, Zählen, räumliche Beziehungen.	Pluralität, Zählen, räumliche Beziehungen, Aktionen und Entitätsko-Referenz ab. Aber wie testen wir, ob die Vision- und Sprachmodelle diese Phänomene erfasst haben? Durch FOILing, eine Methode, die zuvor für Vision- und Sprachmodelle nur für Nomenphrasen von Ravi Shekhar und Mitarbeitern sowie beim Zählen von uns in früheren Arbeiten angewendet wurde. FOILing bedeutet im Wesentlichen, dass wir die Bildunterschrift nehmen und ein Foil erzeugen, indem wir die Unterschrift so ändern, dass sie das Bild nicht mehr beschreibt. Und wir führen diese Phraseänderungen durch, indem wir uns auf sechs spezifische Teile konzentrieren, wie Existenz, Pluralität oder Zählen.
2	149.7600000000002	0.8744616508483887		Beziehungen, Aktionen und Entitätsko-Referenz ab. Aber wie testen wir, ob die Vision- und Sprachmodelle diese Phänomene erfasst haben? Durch FOILing, eine Methode, die zuvor für Vision- und Sprachmodelle nur für Nomenphrasen von Ravi Shekhar und Mitarbeitern sowie beim Zählen von uns in früheren Arbeiten angewendet wurde. FOILing bedeutet im Wesentlichen, dass wir die Bildunterschrift nehmen und ein Foil erzeugen, indem wir die Unterschrift so ändern, dass sie das Bild nicht mehr beschreibt. Und wir führen diese Phraseänderungen durch, indem wir uns auf sechs spezifische Teile konzentrieren, wie Existenz, Pluralität, Zählen, räumliche Beziehungen.
2	150.80000000000018	0.7339532375335693		
2	151.84000000000017	0.8115272521972656	Beziehungen, Aktionen und konzentrieren, wie Existenz, Pluralität, Zählen, räumliche Beziehungen, Aktionen und Entitätsko-Referenz, wo	
2	152.88000000000017	0.7366933822631836	Entitätsko-Referenz,	konzentrieren, wie Existenz, Pluralität, Zählen, räumliche Beziehungen, Aktionen und Entitätsko-Referenz, wo
2	153.92000000000016	0.6498203277587891	wobei jeder Teil von Ravi Shekhar und Mitarbeitern sowie beim Zählen von uns in früheren Arbeiten angewendet wurde. FOILing bedeutet im Wesentlichen, dass wir die Bildunterschrift nehmen und ein Foil erzeugen, indem wir die Unterschrift so ändern, dass sie das Bild nicht mehr beschreibt. Und wir führen diese Phraseänderungen durch, indem wir uns auf sechs spezifische Teile konzentrieren, wie Existenz, Pluralität, Zählen, räumliche Beziehungen, Aktionen und Entitätsko-Referenz, wobei jeder Teil bestehen kann aus.	
2	154.96000000000015	0.6530165672302246	von uns in früheren Arbeiten angewendet wurde. FOILing bedeutet im Wesentlichen, dass wir die Bildunterschrift nehmen und ein Foil erzeugen, indem wir die Unterschrift so ändern, dass sie das Bild nicht mehr beschreibt. Und wir führen diese Phraseänderungen durch, indem wir uns auf sechs spezifische Teile konzentrieren, wie Existenz, Pluralität, Zählen, räumliche Beziehungen, Aktionen und Entitätsko-Referenz, wobei jeder Teil aus einem oder mehreren bestehen kann.	von Ravi Shekhar und Mitarbeitern sowie beim Zählen von uns in früheren Arbeiten angewendet wurde. FOILing bedeutet im Wesentlichen, dass wir die Bildunterschrift nehmen und ein Foil erzeugen, indem wir die Unterschrift so ändern, dass sie das Bild nicht mehr beschreibt. Und wir führen diese Phraseänderungen durch, indem wir uns auf sechs spezifische Teile konzentrieren, wie Existenz, Pluralität, Zählen, räumliche Beziehungen, Aktionen und Entitätsko-Referenz, wobei jeder Teil bestehen kann aus.
2	156.00000000000014	0.700549840927124	aus einem oder mehreren Mitarbeitern sowie beim Zählen von uns in früheren Arbeiten angewendet wurde. FOILing bedeutet im Wesentlichen, dass wir die Bildunterschrift nehmen und ein Foil erzeugen, indem wir die Unterschrift so ändern, dass sie das Bild nicht mehr beschreibt. Und wir führen diese Phraseänderungen durch, indem wir uns auf sechs spezifische Teile konzentrieren, wie Existenz, Pluralität, Zählen, räumliche Beziehungen, Aktionen und Entitätsko-Referenz, wobei jeder Teil aus einem oder mehreren Instrumenten bestehen kann.	von uns in früheren Arbeiten angewendet wurde. FOILing bedeutet im Wesentlichen, dass wir die Bildunterschrift nehmen und ein Foil erzeugen, indem wir die Unterschrift so ändern, dass sie das Bild nicht mehr beschreibt. Und wir führen diese Phraseänderungen durch, indem wir uns auf sechs spezifische Teile konzentrieren, wie Existenz, Pluralität, Zählen, räumliche Beziehungen, Aktionen und Entitätsko-Referenz, wobei jeder Teil aus einem oder mehreren bestehen kann.
2	157.04000000000013	0.6807963848114014		Mitarbeitern sowie beim Zählen von uns in früheren Arbeiten angewendet wurde. FOILing bedeutet im Wesentlichen, dass wir die Bildunterschrift nehmen und ein Foil erzeugen, indem wir die Unterschrift so ändern, dass sie das Bild nicht mehr beschreibt. Und wir führen diese Phraseänderungen durch, indem wir uns auf sechs spezifische Teile konzentrieren, wie Existenz, Pluralität, Zählen, räumliche Beziehungen, Aktionen und Entitätsko-Referenz, wobei jeder Teil aus einem oder mehreren Instrumenten bestehen kann.
2	158.08000000000013	0.6943750381469727	Falls wir	
2	159.12000000000012	0.6334137916564941	mehr als ändern, dass sie das Bild nicht mehr beschreibt. Und wir führen diese Phraseänderungen durch, indem wir uns auf sechs spezifische Teile konzentrieren, wie Existenz, Pluralität, Zählen, räumliche Beziehungen, Aktionen und Entitätsko-Referenz, wobei jeder Teil aus einem oder mehreren Instrumenten bestehen kann. Falls wir mehr als ein interessantes gefunden haben.	
2	160.1600000000001	0.7719318866729736	ändern, dass sie das Bild nicht mehr beschreibt. Und wir führen diese Phraseänderungen durch, indem wir uns auf sechs spezifische Teile konzentrieren, wie Existenz, Pluralität, Zählen, räumliche Beziehungen, Aktionen und Entitätsko-Referenz, wobei jeder Teil aus einem oder mehreren Instrumenten bestehen kann. Falls wir mehr als einen interessanten Weg gefunden haben, um zu erstellen	ändern, dass sie das Bild nicht mehr beschreibt. Und wir führen diese Phraseänderungen durch, indem wir uns auf sechs spezifische Teile konzentrieren, wie Existenz, Pluralität, Zählen, räumliche Beziehungen, Aktionen und Entitätsko-Referenz, wobei jeder Teil aus einem oder mehreren Instrumenten bestehen kann. Falls wir mehr als ein interessantes gefunden haben.
2	161.2000000000001	0.9355471134185791	einen interessanten Weg gefunden haben, um	ändern, dass sie das Bild nicht mehr beschreibt. Und wir führen diese Phraseänderungen durch, indem wir uns auf sechs spezifische Teile konzentrieren, wie Existenz, Pluralität, Zählen, räumliche Beziehungen, Aktionen und Entitätsko-Referenz, wobei jeder Teil aus einem oder mehreren Instrumenten bestehen kann. Falls wir mehr als einen interessanten Weg gefunden haben, um zu erstellen
2	162.2400000000001	0.7233610153198242	erzeugen, indem wir die Unterschrift so ändern, dass sie das Bild nicht mehr beschreibt. Und wir führen diese Phraseänderungen durch, indem wir uns auf sechs spezifische Teile konzentrieren, wie Existenz, Pluralität, Zählen, räumliche Beziehungen, Aktionen und Entitätsko-Referenz, wobei jeder Teil aus einem oder mehreren Instrumenten bestehen kann. Falls wir mehr als einen interessanten Weg gefunden haben, um FOIL-Instanzen zu erstellen.	
2	163.2800000000001	0.8196871280670166	Zum Beispiel,	
2	164.32000000000008	0.5560901165008545	Zum	erzeugen, indem wir die Unterschrift so ändern, dass sie das Bild nicht mehr beschreibt. Und wir führen diese Phraseänderungen durch, indem wir uns auf sechs spezifische Teile konzentrieren, wie Existenz, Pluralität, Zählen, räumliche Beziehungen, Aktionen und Entitätsko-Referenz, wobei jeder Teil aus einem oder mehreren Instrumenten bestehen kann. Falls wir mehr als einen interessanten Weg gefunden haben, um FOIL-Instanzen zu erstellen. Zum Beispiel,
2	165.36000000000007	0.632943868637085	Beispiel im Fall die Unterschrift so ändern, dass sie das Bild nicht mehr beschreibt. Und wir führen diese Phraseänderungen durch, indem wir uns auf sechs spezifische Teile konzentrieren, wie Existenz, Pluralität, Zählen, räumliche Beziehungen, Aktionen und Entitätsko-Referenz, wobei jeder Teil aus einem oder mehreren Instrumenten bestehen kann. Falls wir mehr als einen interessanten Weg gefunden haben, um FOIL-Instanzen zu erstellen. Zum Beispiel im Fall der Aktion.	
2	166.40000000000006	0.6666185855865479	erzeugen, indem wir die Unterschrift so ändern, dass sie das Bild nicht mehr beschreibt. Und wir führen diese Phraseänderungen durch, indem wir uns auf sechs spezifische Teile konzentrieren, wie Existenz, Pluralität, Zählen, räumliche Beziehungen, Aktionen und Entitätsko-Referenz, wobei jeder Teil aus einem oder mehreren Instrumenten bestehen kann. Falls wir mehr als einen interessanten Weg gefunden haben, um FOIL-Instanzen zu erstellen. Zum Beispiel im Fall des Aktionsteils, haben wir	die Unterschrift so ändern, dass sie das Bild nicht mehr beschreibt. Und wir führen diese Phraseänderungen durch, indem wir uns auf sechs spezifische Teile konzentrieren, wie Existenz, Pluralität, Zählen, räumliche Beziehungen, Aktionen und Entitätsko-Referenz, wobei jeder Teil aus einem oder mehreren Instrumenten bestehen kann. Falls wir mehr als einen interessanten Weg gefunden haben, um FOIL-Instanzen zu erstellen. Zum Beispiel im Fall der Aktion.
2	167.44000000000005	0.7605018615722656	des	erzeugen, indem wir die Unterschrift so ändern, dass sie das Bild nicht mehr beschreibt. Und wir führen diese Phraseänderungen durch, indem wir uns auf sechs spezifische Teile konzentrieren, wie Existenz, Pluralität, Zählen, räumliche Beziehungen, Aktionen und Entitätsko-Referenz, wobei jeder Teil aus einem oder mehreren Instrumenten bestehen kann. Falls wir mehr als einen interessanten Weg gefunden haben, um FOIL-Instanzen zu erstellen. Zum Beispiel im Fall des Aktionsteils, haben wir
2	168.48000000000005	0.9131345748901367	Aktionsteils haben wir zwei Methode, die zuvor für Vision- und Sprachmodelle nur für Nomenphrasen von Ravi Shekhar und Mitarbeitern sowie beim Zählen von uns in früheren Arbeiten angewendet wurde. FOILing bedeutet im Wesentlichen, dass wir die Bildunterschrift nehmen und ein Foil erzeugen, indem wir die Unterschrift so ändern, dass sie das Bild nicht mehr beschreibt. Und wir führen diese Phraseänderungen durch, indem wir uns auf sechs spezifische Teile konzentrieren, wie Existenz, Pluralität, Zählen, räumliche Beziehungen, Aktionen und Entitätsko-Referenz, wobei jeder Teil aus einem oder mehreren Instrumenten bestehen kann. Falls wir mehr als einen interessanten Weg gefunden haben, um FOIL-Instanzen zu erstellen. Zum Beispiel im Fall des Aktionsteils haben wir zwei Instrumente, eines davon, in dem	
2	169.52000000000004	0.83782958984375	Aktionen und Entitätsko-Referenz ab. Aber wie testen wir, ob die Vision- und Sprachmodelle diese Phänomene erfasst haben? Durch FOILing, eine Methode, die zuvor für Vision- und Sprachmodelle nur für Nomenphrasen von Ravi Shekhar und Mitarbeitern sowie beim Zählen von uns in früheren Arbeiten angewendet wurde. FOILing bedeutet im Wesentlichen, dass wir die Bildunterschrift nehmen und ein Foil erzeugen, indem wir die Unterschrift so ändern, dass sie das Bild nicht mehr beschreibt. Und wir führen diese Phraseänderungen durch, indem wir uns auf sechs spezifische Teile konzentrieren, wie Existenz, Pluralität, Zählen, räumliche Beziehungen, Aktionen und Entitätsko-Referenz, wobei jeder Teil aus einem oder mehreren Instrumenten bestehen kann. Falls wir mehr als einen interessanten Weg gefunden haben, um FOIL-Instanzen zu erstellen. Zum Beispiel im Fall des Aktionsteils haben wir zwei Instrumente, eines davon, in dem die Aktionsversion	Methode, die zuvor für Vision- und Sprachmodelle nur für Nomenphrasen von Ravi Shekhar und Mitarbeitern sowie beim Zählen von uns in früheren Arbeiten angewendet wurde. FOILing bedeutet im Wesentlichen, dass wir die Bildunterschrift nehmen und ein Foil erzeugen, indem wir die Unterschrift so ändern, dass sie das Bild nicht mehr beschreibt. Und wir führen diese Phraseänderungen durch, indem wir uns auf sechs spezifische Teile konzentrieren, wie Existenz, Pluralität, Zählen, räumliche Beziehungen, Aktionen und Entitätsko-Referenz, wobei jeder Teil aus einem oder mehreren Instrumenten bestehen kann. Falls wir mehr als einen interessanten Weg gefunden haben, um FOIL-Instanzen zu erstellen. Zum Beispiel im Fall des Aktionsteils haben wir zwei Instrumente, eines davon, in dem
2	170.56000000000003	0.6125996112823486	ändern, dass sie das Bild nicht mehr beschreibt. Und wir führen diese Phraseänderungen durch, indem wir uns auf sechs spezifische Teile konzentrieren, wie Existenz, Pluralität, Zählen, räumliche Beziehungen, Aktionen und Entitätsko-Referenz, wobei jeder Teil aus einem oder mehreren Instrumenten bestehen kann. Falls wir mehr als einen interessanten Weg gefunden haben, um FOIL-Instanzen zu erstellen. Zum Beispiel im Fall des Aktionsteils haben wir zwei Instrumente, eines davon, in dem das Aktionsverb geändert wird.	Aktionen und Entitätsko-Referenz ab. Aber wie testen wir, ob die Vision- und Sprachmodelle diese Phänomene erfasst haben? Durch FOILing, eine Methode, die zuvor für Vision- und Sprachmodelle nur für Nomenphrasen von Ravi Shekhar und Mitarbeitern sowie beim Zählen von uns in früheren Arbeiten angewendet wurde. FOILing bedeutet im Wesentlichen, dass wir die Bildunterschrift nehmen und ein Foil erzeugen, indem wir die Unterschrift so ändern, dass sie das Bild nicht mehr beschreibt. Und wir führen diese Phraseänderungen durch, indem wir uns auf sechs spezifische Teile konzentrieren, wie Existenz, Pluralität, Zählen, räumliche Beziehungen, Aktionen und Entitätsko-Referenz, wobei jeder Teil aus einem oder mehreren Instrumenten bestehen kann. Falls wir mehr als einen interessanten Weg gefunden haben, um FOIL-Instanzen zu erstellen. Zum Beispiel im Fall des Aktionsteils haben wir zwei Instrumente, eines davon, in dem die Aktionsversion
2	171.60000000000002	0.7904725074768066	das Aktionsverb ändern, dass sie das Bild nicht mehr beschreibt. Und wir führen diese Phraseänderungen durch, indem wir uns auf sechs spezifische Teile konzentrieren, wie Existenz, Pluralität, Zählen, räumliche Beziehungen, Aktionen und Entitätsko-Referenz, wobei jeder Teil aus einem oder mehreren Instrumenten bestehen kann. Falls wir mehr als einen interessanten Weg gefunden haben, um FOIL-Instanzen zu erstellen. Zum Beispiel im Fall des Aktionsteils haben wir zwei Instrumente, eines davon, in dem das Aktionsverb durch ein anderes Aktionsverb ersetzt wird.	ändern, dass sie das Bild nicht mehr beschreibt. Und wir führen diese Phraseänderungen durch, indem wir uns auf sechs spezifische Teile konzentrieren, wie Existenz, Pluralität, Zählen, räumliche Beziehungen, Aktionen und Entitätsko-Referenz, wobei jeder Teil aus einem oder mehreren Instrumenten bestehen kann. Falls wir mehr als einen interessanten Weg gefunden haben, um FOIL-Instanzen zu erstellen. Zum Beispiel im Fall des Aktionsteils haben wir zwei Instrumente, eines davon, in dem das Aktionsverb geändert wird.
2	172.64000000000001	0.8580219745635986	durch ein anderes Aktionsverb ersetzt	ändern, dass sie das Bild nicht mehr beschreibt. Und wir führen diese Phraseänderungen durch, indem wir uns auf sechs spezifische Teile konzentrieren, wie Existenz, Pluralität, Zählen, räumliche Beziehungen, Aktionen und Entitätsko-Referenz, wobei jeder Teil aus einem oder mehreren Instrumenten bestehen kann. Falls wir mehr als einen interessanten Weg gefunden haben, um FOIL-Instanzen zu erstellen. Zum Beispiel im Fall des Aktionsteils haben wir zwei Instrumente, eines davon, in dem das Aktionsverb durch ein anderes Aktionsverb ersetzt wird.
2	173.68	0.7569413185119629	wird, und eines, in dem	
2	174.72	0.795712947845459		
2	175.76	0.4748878479003906	die Akteure ausgetauscht werden.	
2	176.79999999999998	0.7114787101745605	Konzentrieren sich Vision- und Sprachmodelle auf das Richtige oder konzentrieren sie sich auf Verzerrungen, wie sie in früheren Arbeiten gezeigt wurden? Um mehr Licht auf dieses Aspekt zu werfen, schlagen wir eine aufgabenagnostischere Richtung vor und führen Valves ein, die die Sensitivität von Vision- und Sprachmodellen gegenüber spezifischen linguistischen Phänomenen testen, die sowohl die linguistische als auch die visuelle Modalität beeinflussen. Wir zielen auf Existenz, Pluralität, Zählen, räumliche Beziehungen, Aktionen und Entitätsko-Referenz ab. Aber wie testen wir, ob die Vision- und Sprachmodelle diese Phänomene erfasst haben? Durch FOILing, eine Methode, die zuvor für Vision- und Sprachmodelle nur für Nomenphrasen von Ravi Shekhar und Mitarbeitern sowie beim Zählen von uns in früheren Arbeiten angewendet wurde. FOILing bedeutet im Wesentlichen, dass wir die Bildunterschrift nehmen und ein Foil erzeugen, indem wir die Unterschrift so ändern, dass sie das Bild nicht mehr beschreibt. Und wir führen diese Phraseänderungen durch, indem wir uns auf sechs spezifische Teile konzentrieren, wie Existenz, Pluralität, Zählen, räumliche Beziehungen, Aktionen und Entitätsko-Referenz, wobei jeder Teil aus einem oder mehreren Instrumenten bestehen kann. Falls wir mehr als einen interessanten Weg gefunden haben, um FOIL-Instanzen zu erstellen. Zum Beispiel im Fall des Aktionsteils haben wir zwei Instrumente, eines davon, in dem das Aktionsverb durch ein anderes Aktionsverb ersetzt wird, und eines, in dem die Akteure ausgetauscht werden. Zählen und Ko-Referenz.	
2	177.83999999999997	0.8175134658813477	Zählen und Teile konzentrieren, wie Existenz, Pluralität, Zählen, räumliche Beziehungen, Aktionen und Entitätsko-Referenz, wobei jeder Teil aus einem oder mehreren Instrumenten bestehen kann. Falls wir mehr als einen interessanten Weg gefunden haben, um FOIL-Instanzen zu erstellen. Zum Beispiel im Fall des Aktionsteils haben wir zwei Instrumente, eines davon, in dem das Aktionsverb durch ein anderes Aktionsverb ersetzt wird, und eines, in dem die Akteure ausgetauscht werden. Zählen und Ko-Referenz sind ebenfalls Teile.	Konzentrieren sich Vision- und Sprachmodelle auf das Richtige oder konzentrieren sie sich auf Verzerrungen, wie sie in früheren Arbeiten gezeigt wurden? Um mehr Licht auf dieses Aspekt zu werfen, schlagen wir eine aufgabenagnostischere Richtung vor und führen Valves ein, die die Sensitivität von Vision- und Sprachmodellen gegenüber spezifischen linguistischen Phänomenen testen, die sowohl die linguistische als auch die visuelle Modalität beeinflussen. Wir zielen auf Existenz, Pluralität, Zählen, räumliche Beziehungen, Aktionen und Entitätsko-Referenz ab. Aber wie testen wir, ob die Vision- und Sprachmodelle diese Phänomene erfasst haben? Durch FOILing, eine Methode, die zuvor für Vision- und Sprachmodelle nur für Nomenphrasen von Ravi Shekhar und Mitarbeitern sowie beim Zählen von uns in früheren Arbeiten angewendet wurde. FOILing bedeutet im Wesentlichen, dass wir die Bildunterschrift nehmen und ein Foil erzeugen, indem wir die Unterschrift so ändern, dass sie das Bild nicht mehr beschreibt. Und wir führen diese Phraseänderungen durch, indem wir uns auf sechs spezifische Teile konzentrieren, wie Existenz, Pluralität, Zählen, räumliche Beziehungen, Aktionen und Entitätsko-Referenz, wobei jeder Teil aus einem oder mehreren Instrumenten bestehen kann. Falls wir mehr als einen interessanten Weg gefunden haben, um FOIL-Instanzen zu erstellen. Zum Beispiel im Fall des Aktionsteils haben wir zwei Instrumente, eines davon, in dem das Aktionsverb durch ein anderes Aktionsverb ersetzt wird, und eines, in dem die Akteure ausgetauscht werden. Zählen und Ko-Referenz.
2	178.87999999999997	0.8046531677246094	Ko-Referenz sind ebenfalls Teile konzentrieren, wie Existenz, Pluralität, Zählen, räumliche Beziehungen, Aktionen und Entitätsko-Referenz, wobei jeder Teil aus einem oder mehreren Instrumenten bestehen kann. Falls wir mehr als einen interessanten Weg gefunden haben, um FOIL-Instanzen zu erstellen. Zum Beispiel im Fall des Aktionsteils haben wir zwei Instrumente, eines davon, in dem das Aktionsverb durch ein anderes Aktionsverb ersetzt wird, und eines, in dem die Akteure ausgetauscht werden. Zählen und Ko-Referenz sind ebenfalls Teile, die mehr haben.	Teile konzentrieren, wie Existenz, Pluralität, Zählen, räumliche Beziehungen, Aktionen und Entitätsko-Referenz, wobei jeder Teil aus einem oder mehreren Instrumenten bestehen kann. Falls wir mehr als einen interessanten Weg gefunden haben, um FOIL-Instanzen zu erstellen. Zum Beispiel im Fall des Aktionsteils haben wir zwei Instrumente, eines davon, in dem das Aktionsverb durch ein anderes Aktionsverb ersetzt wird, und eines, in dem die Akteure ausgetauscht werden. Zählen und Ko-Referenz sind ebenfalls Teile.
2	179.91999999999996	0.7306532859802246	Teile, die mehr Beziehungen, Aktionen und Entitätsko-Referenz, wobei jeder Teil aus einem oder mehreren Instrumenten bestehen kann. Falls wir mehr als einen interessanten Weg gefunden haben, um FOIL-Instanzen zu erstellen. Zum Beispiel im Fall des Aktionsteils haben wir zwei Instrumente, eines davon, in dem das Aktionsverb durch ein anderes Aktionsverb ersetzt wird, und eines, in dem die Akteure ausgetauscht werden. Zählen und Ko-Referenz sind ebenfalls Teile, die mehr als ein Instrument haben.	Teile konzentrieren, wie Existenz, Pluralität, Zählen, räumliche Beziehungen, Aktionen und Entitätsko-Referenz, wobei jeder Teil aus einem oder mehreren Instrumenten bestehen kann. Falls wir mehr als einen interessanten Weg gefunden haben, um FOIL-Instanzen zu erstellen. Zum Beispiel im Fall des Aktionsteils haben wir zwei Instrumente, eines davon, in dem das Aktionsverb durch ein anderes Aktionsverb ersetzt wird, und eines, in dem die Akteure ausgetauscht werden. Zählen und Ko-Referenz sind ebenfalls Teile, die mehr haben.
2	180.95999999999995	0.7107715606689453	Und wir führen diese Phraseänderungen durch, indem wir uns auf sechs spezifische Teile konzentrieren, wie Existenz, Pluralität, Zählen, räumliche Beziehungen, Aktionen und Entitätsko-Referenz, wobei jeder Teil aus einem oder mehreren Instrumenten bestehen kann. Falls wir mehr als einen interessanten Weg gefunden haben, um FOIL-Instanzen zu erstellen. Zum Beispiel im Fall des Aktionsteils haben wir zwei Instrumente, eines davon, in dem das Aktionsverb durch ein anderes Aktionsverb ersetzt wird, und eines, in dem die Akteure ausgetauscht werden. Zählen und Ko-Referenz sind ebenfalls Teile, die mehr als ein Instrument haben. Und wir erstellen	Beziehungen, Aktionen und Entitätsko-Referenz, wobei jeder Teil aus einem oder mehreren Instrumenten bestehen kann. Falls wir mehr als einen interessanten Weg gefunden haben, um FOIL-Instanzen zu erstellen. Zum Beispiel im Fall des Aktionsteils haben wir zwei Instrumente, eines davon, in dem das Aktionsverb durch ein anderes Aktionsverb ersetzt wird, und eines, in dem die Akteure ausgetauscht werden. Zählen und Ko-Referenz sind ebenfalls Teile, die mehr als ein Instrument haben.
2	181.99999999999994	0.7103233337402344		führen diese Phraseänderungen durch, indem wir uns auf sechs spezifische Teile konzentrieren, wie Existenz, Pluralität, Zählen, räumliche Beziehungen, Aktionen und Entitätsko-Referenz, wobei jeder Teil aus einem oder mehreren Instrumenten bestehen kann. Falls wir mehr als einen interessanten Weg gefunden haben, um FOIL-Instanzen zu erstellen. Zum Beispiel im Fall des Aktionsteils haben wir zwei Instrumente, eines davon, in dem das Aktionsverb durch ein anderes Aktionsverb ersetzt wird, und eines, in dem die Akteure ausgetauscht werden. Zählen und Ko-Referenz sind ebenfalls Teile, die mehr als ein Instrument haben. Und wir erstellen
2	183.03999999999994	0.7256145477294922	diese	
2	184.07999999999993	0.8904616832733154	Foils, indem wir	
2	185.11999999999992	0.7948768138885498	sicherstellen, dass sie	
2	186.1599999999999	0.8844406604766846	das Bild nicht	
2	187.1999999999999	0.8800547122955322	beschreiben, aber grammatikalisch	
2	188.2399999999999	0.6471872329711914	und	
2	189.2799999999999	0.6923177242279053	sonst	
2	190.31999999999988	0.7568137645721436	gültige Sätze sind.	
2	191.35999999999987	0.6751770973205566		
2	192.39999999999986	0.7223341464996338	Das ist nicht einfach zu	
2	193.43999999999986	0.8192863464355469	tun,	
2	194.47999999999985	0.809614896774292	da eine gefoilte	
2	195.51999999999984	0.7818849086761475	Unterschrift	
2	196.55999999999983	0.8008036613464355		
2	197.59999999999982	0.51320481300354	weniger wahrscheinlich sein könnte als die ursprüngliche Unterschrift.	
2	198.63999999999982	0.5654258728027344		
2	199.6799999999998	0.7709102630615234	Zum Beispiel,	
2	200.7199999999998	0.7375266551971436	obwohl es nicht unmöglich	
2	201.7599999999998	0.6728248596191406	ist, ist es	
2	202.79999999999978	0.6884369850158691	statistisch	
2	203.83999999999978	0.731837272644043		
2	204.87999999999977	0.8565082550048828	unwahrscheinlicher, dass Pflanzen	
2	205.91999999999976	0.9115936756134033	einen Mann schneiden, als	
2	206.95999999999975	0.721855640411377	dass ein Mann	
2	207.99999999999974	0.8619844913482666	Pflanzen	
2	209.03999999999974	0.964531421661377	schneidet, und große Vision- und Sprachmodelle	
2	210.07999999999973	0.575458288192749	könnten dies	
2	211.11999999999972	0.22977828979492188	erkennen.	
2	212.1599999999997	0.6276061534881592		
2	213.1999999999997	0.8061532974243164	Daher, um	
2	214.2399999999997	0.8126091957092285	gültige Foils zu	
2	215.2799999999997	0.7039201259613037	erhalten, müssen wir	
2	216.31999999999968	0.28644657135009766	Maßnahmen ergreifen.	
2	217.35999999999967	0.5659985542297363		
2	218.39999999999966	0.6815948486328125	Erstens nutzen wir	
2	219.43999999999966	0.7598021030426025	starke	
2	220.47999999999965	0.7896440029144287	Sprachmodelle, um	
2	221.51999999999964	0.7495486736297607	Foils vorzuschlagen.	
2	222.55999999999963	0.5858800411224365		
2	223.59999999999962	0.7955183982849121	Zweitens	
2	224.63999999999962	0.7253906726837158	verwenden wir natürliche	
2	225.6799999999996	0.7283751964569092		
2	226.7199999999996	0.8523869514465332		
2	227.7599999999996	0.893141508102417		
2	228.79999999999959	1.0254755020141602	Sprachinferenz, um Foils zu filtern, die	
2	229.83999999999958	0.6784567832946777		
2	230.87999999999957	0.8710908889770508	das Bild	
2	231.91999999999956	0.9134674072265625	noch beschreiben könnten, da	
2	232.95999999999955	0.8231229782104492	wir beim Erstellen von Foils	
2	233.99999999999955	0.8387279510498047	sicherstellen müssen, dass	
2	235.03999999999954	0.6457240581512451	sie das Bild nicht beschreiben.	
2	236.07999999999953	0.5686235427856445		
2	237.11999999999952	0.666520357131958	Um dies	
2	238.1599999999995	0.7425332069396973	automatisch zu testen,	
2	239.1999999999995	0.7198460102081299	wenden wir natürliche	
2	240.2399999999995	0.7874808311462402	Sprachinferenz	
2	241.2799999999995	0.7340991497039795	mit folgender	
2	242.31999999999948	0.8006622791290283	Begründung an.	
2	243.35999999999947	0.6399145126342773	Wir betrachten ein	
2	244.39999999999947	0.6446332931518555	Bild als	
2	245.43999999999946	0.7411105632781982		
2	246.47999999999945	0.8874087333679199	Prämisse und seine Unterschrift,	
2	247.51999999999944	0.6811661720275879		
2	248.55999999999943	0.7880880832672119	seine implizierte Hypothese.	
2	249.59999999999943	0.739741325378418		
2	250.63999999999942	0.8457496166229248	Zusätzlich betrachten wir die	
2	251.6799999999994	0.8098411560058594	Unterschrift als	
2	252.7199999999994	0.8818316459655762	Prämisse und das	
2	253.7599999999994	0.4240593910217285	Foil als seine Hypothese.	
2	254.7999999999994	0.576207160949707		
2	255.83999999999938	0.8516943454742432	Wenn	
2	256.87999999999937	0.9409596920013428	ein NLI-Modell vorhersagt, dass	
2	257.9199999999994	0.6628351211547852	das FOIL	
2	258.9599999999994	0.6493496894836426	widerspricht oder	
2	259.99999999999943	0.6886532306671143	neutral	
2	261.03999999999945	0.7290542125701904	bezüglich der Unterschrift ist,	
2	262.0799999999995	0.6813209056854248	nehmen wir	
2	263.1199999999995	0.6268479824066162	dies als	
2	264.1599999999995	0.7850518226623535	Indikator	
2	265.19999999999953	0.41809916496276855	für ein gültiges FOIL.	
2	266.23999999999955	0.8148112297058105		
2	267.2799999999996	0.9002304077148438	Wenn ein	
2	268.3199999999996	0.8672878742218018	NLI das FOIL	
2	269.3599999999996	0.8235185146331787	als	
2	270.39999999999964	0.8880889415740967	durch die Unterschrift impliziert vorhersagt,	
2	271.43999999999966	0.7443804740905762	kann es	
2	272.4799999999997	0.9448444843292236	kein gutes Foil	
2	273.5199999999997	0.8529331684112549	sein, da es	
2	274.5599999999997	0.7780146598815918	durch Transitivität	
2	275.59999999999974	0.7431001663208008	eine	
2	276.63999999999976	0.8943886756896973	wahrheitsgemäße Beschreibung des	
2	277.6799999999998	0.8875939846038818	Bildes geben würde und wir	
2	278.7199999999998	0.7115473747253418	diese Foils	
2	279.7599999999998	0.7249724864959717	herausfiltern.	
2	280.79999999999984	0.7144739627838135	Aber dieses	
2	281.83999999999986	0.8425335884094238	Verfahren ist nicht	
2	282.8799999999999	0.7825920581817627	perfekt, es ist nur ein	
2	283.9199999999999	0.7480154037475586	Indikator	
2	284.9599999999999	0.8043513298034668	für gültige	
2	285.99999999999994	0.8673965930938721	Foils, daher als	
2	287.03999999999996	0.8877458572387695	dritte Maßnahme	
2	288.08	0.8326470851898193	zur Generierung gültiger	
2	289.12	0.8546187877655029	Foils setzen wir	
2	290.16	0.893092155456543	menschliche Annotatoren	
2	291.20000000000005	0.8536124229431152	ein, um	
2	292.24000000000007	0.8205053806304932	die	
2	293.2800000000001	0.45047616958618164	in Valves verwendeten Daten zu validieren.	
2	294.3200000000001	0.7272934913635254		
2	295.3600000000001	0.7476813793182373	Also, nach	
2	296.40000000000015	0.8005661964416504	Filterung und menschlicher	
2	297.44000000000017	0.6978504657745361	Bewertung, haben wir	
2	298.4800000000002	0.7577998638153076	so	
2	299.5200000000002	0.8541858196258545	viele	
2	300.56000000000023	0.8437516689300537		
2	301.60000000000025	0.5186281204223633	Test-Instanzen wie in dieser Tabelle beschrieben.	
2	302.64000000000027	0.7928290367126465		
2	303.6800000000003	0.8607833385467529	Beachten Sie, dass Valves	
2	304.7200000000003	0.7240321636199951	keine	
2	305.76000000000033	0.7846665382385254	Trainingsdaten liefert, sondern nur	
2	306.80000000000035	0.25698089599609375	Testdaten.	
2	307.8400000000004	0.6506609916687012		
2	308.8800000000004	0.813950777053833	Da es ein	
2	309.9200000000004	0.7795031070709229		
2	310.96000000000043	0.447615385055542	Zero-Shot-Test-Benchmark ist.	
2	312.00000000000045	0.73258376121521		
2	313.0400000000005	0.7144215106964111	Es wurde entwickelt, um	
2	314.0800000000005	0.6941747665405273	die bestehenden	
2	315.1200000000005	0.6534621715545654	Fähigkeiten	
2	316.16000000000054	0.8064455986022949	von Vision- und	
2	317.20000000000056	0.8833727836608887	Sprachmodellen	
2	318.2400000000006	0.4542195796966553	nach dem Vortraining zu nutzen.	
2	319.2800000000006	0.6856012344360352		
2	320.3200000000006	0.7444453239440918	Feinabstimmung würde	
2	321.36000000000064	0.791391134262085		
2	322.40000000000066	0.914536714553833		
2	323.4400000000007	1.077507495880127		
2	324.4800000000007	1.1742384433746338	nur Modellen ermöglichen, Artefakte oder statistische Verzerrungen	
2	325.5200000000007	1.0653553009033203	in den Daten	
2	326.56000000000074	0.9224374294281006		
2	327.60000000000076	1.2003607749938965	auszunutzen. Und wir wissen alle, dass diese Modelle gerne	
2	328.6400000000008	0.7982609272003174	betrügen und	
2	329.6800000000008	0.9470353126525879	Abkürzungen nehmen.	
2	330.7200000000008	0.8752233982086182	Und wie gesagt, wir sind	
2	331.76000000000084	0.7516133785247803	daran interessiert,	
2	332.80000000000086	0.630197286605835	welche Fähigkeiten	
2	333.8400000000009	0.7057778835296631	die	
2	334.8800000000009	0.7874283790588379	Vision- und Sprachmodelle	
2	335.9200000000009	0.7512485980987549	nach	
2	336.96000000000095	0.37593626976013184	dem Vortraining haben.	
2	338.00000000000097	0.6403541564941406		
2	339.040000000001	0.7328503131866455	Wir	
2	340.080000000001	0.8416247367858887	experimentieren mit fünf	
2	341.120000000001	0.8237864971160889	Vision- und	
2	342.16000000000105	0.7879612445831299	Sprachmodellen auf	
2	343.20000000000107	0.7878224849700928	Valves, nämlich mit	
2	344.2400000000011	0.7460365295410156		
2	345.2800000000011	1.0158708095550537	Clip,	
2	346.32000000000113	1.083988904953003	AlexMert, Vilbert,	
2	347.36000000000115	0.7936363220214844		
2	348.40000000000117	0.8825066089630127	Vilbert12in1 und VisualBird.	
2	349.4400000000012	0.7528634071350098	Zwei unserer wichtigsten	
2	350.4800000000012	0.7885479927062988		
2	351.52000000000123	0.8526973724365234	Evaluationsmetriken	
2	352.56000000000125	0.7520885467529297	sind die	
2	353.6000000000013	0.8938665390014648	Genauigkeit der Modelle	
2	354.6400000000013	0.9333956241607666	bei der Klassifizierung von	
2	355.6800000000013	0.8410320281982422		
2	356.72000000000133	0.9516479969024658	Bild-Satz-Paaren in	
2	357.76000000000136	0.3505127429962158	Unterschriften und Foils.	
2	358.8000000000014	0.7618334293365479		
2	359.8400000000014	0.850172758102417	Vielleicht relevanter für dieses	
2	360.8800000000014	0.6955101490020752	Video werden wir	
2	361.92000000000144	0.8811943531036377	unsere	
2	362.96000000000146	0.7851908206939697		
2	364.0000000000015	0.9720325469970703	tolerantere Metrik,	
2	365.0400000000015	0.8801572322845459	die paarweise Genauigkeit,	
2	366.0800000000015	0.7726335525512695	präsentieren, die	
2	367.12000000000154	0.7880051136016846	misst, ob	
2	368.16000000000156	0.8500411510467529		
2	369.2000000000016	0.860543966293335		
2	370.2400000000016	1.1705000400543213	der Bild-Satz-Alignment-Score für das	
2	371.2800000000016	0.883080005645752	korrekte	
2	372.32000000000164	0.9651992321014404	Bild-Text-Paar höher	
2	373.36000000000166	0.8317842483520508	ist als für sein	
2	374.4000000000017	0.8744571208953857	gefoiltes Paar.	
2	375.4400000000017	0.8115096092224121	Für weitere Metriken	
2	376.4800000000017	0.822150468826294	und Ergebnisse	
2	377.52000000000174	0.829984188079834		
2	378.56000000000176	1.046323537826538		
2	379.6000000000018	1.143949031829834	zu	
2	380.6400000000018	1.2503867149353027	ihnen schauen Sie sich bitte unsere Paper an. Die Ergebnisse mit paarweiser Genauigkeit sind	
2	381.6800000000018	0.8489136695861816	hier	
2	382.72000000000185	1.1750328540802002	zu sehen und sie sind konsistent	
2	383.76000000000187	1.0662147998809814	mit den Ergebnissen, die wir	
2	384.8000000000019	0.9095814228057861	von den anderen Metriken erhalten haben.	
2	385.8400000000019	0.8691301345825195		
2	386.8800000000019	0.9248433113098145	Ist das die beste	
2	387.92000000000195	0.9600553512573242		
2	388.96000000000197	1.1626486778259277	Zero-Shot-Leistung, die von Vilbert	
2	390.000000000002	1.0186326503753662		
2	391.040000000002	1.139338493347168	12 in 1 erreicht wird, gefolgt von Vilbert	
2	392.08000000000203	0.7620460987091064		
2	393.12000000000205	0.8508367538452148		
2	394.16000000000207	0.9497559070587158		
2	395.2000000000021	1.1111280918121338	Alex Murt Clip und schließlich Visual Bird. Es ist	
2	396.2400000000021	0.9109809398651123	bemerkenswert, wie	
2	397.28000000000213	0.9987661838531494	Instrumente, die sich auf	
2	398.32000000000215	0.9081940650939941	einzelne Objekte	
2	399.3600000000022	1.021822452545166	wie Existenz	
2	400.4000000000022	0.9826343059539795	und Nomenphrasen	
2	401.4400000000022	0.8781249523162842	konzentrieren,	
2	402.48000000000224	1.0719411373138428	fast	
2	403.52000000000226	1.1640088558197021	vollständig von Vilbert	
2	404.5600000000023	1.125680685043335	12-in-1 gelöst werden, was	
2	405.6000000000023	0.8967289924621582	darauf hinweist, dass	
2	406.6400000000023	0.9074130058288574	Modelle in der Lage sind,	
2	407.68000000000234	0.7942905426025391		
2	408.72000000000236	1.051405906677246	benannte Objekte	
2	409.7600000000024	0.5191266536712646	und deren Anwesenheit in Bildern zu identifizieren.	
2	410.8000000000024	0.617926836013794		
2	411.8400000000024	0.8878653049468994	Allerdings	
2	412.88000000000244	0.8458011150360107		
2	413.92000000000246	1.0738344192504883	können keine der verbleibenden Teile zuverlässig	
2	414.9600000000025	0.8798651695251465	in	
2	416.0000000000025	0.948911190032959		
2	417.0400000000025	1.039123296737671	unseren adversarischen Foiling-Einstellungen gelöst werden.	
2	418.08000000000254	0.910637617111206	Wir sehen aus	
2	419.12000000000256	1.051220178604126		
2	420.1600000000026	1.2195689678192139	den Pluralität- und Zählungsinstrumenten, dass	
2	421.2000000000026	0.8647687435150146	Vision- und	
2	422.2400000000026	0.8479881286621094	Sprachmodelle Schwierigkeiten	
2	423.28000000000264	0.739508867263794	haben,	
2	424.32000000000266	0.831925630569458	Referenzen	
2	425.3600000000027	0.8686587810516357	auf einzelne versus mehrere	
2	426.4000000000027	0.850128173828125	Objekte	
2	427.4400000000027	0.9007213115692139		
2	428.48000000000275	0.4829578399658203	zu unterscheiden oder diese in einem Bild zu zählen.	
2	429.52000000000277	0.7720837593078613		
2	430.5600000000028	0.9916253089904785		
2	431.6000000000028	1.11696457862854	Das Relationsstück zeigt, dass sie Schwierigkeiten	
2	432.64000000000283	1.0057976245880127	haben,	
2	433.68000000000285	0.9768385887145996		
2	434.72000000000287	1.083289623260498	eine benannte räumliche Beziehung	
2	435.7600000000029	0.9465785026550293	zwischen Objekten	
2	436.8000000000029	1.0731196403503418	in einem Bild korrekt zu klassifizieren.	
2	437.84000000000293	0.828941822052002	Sie haben auch	
2	438.88000000000295	0.8160507678985596	Schwierigkeiten,	
2	439.920000000003	0.8097124099731445	Aktionen zu unterscheiden	
2	440.960000000003	0.7929389476776123	und	
2	442.000000000003	0.907623291015625	ihre Teilnehmer zu	
2	443.04000000000303	0.8862478733062744	identifizieren, selbst wenn	
2	444.08000000000305	1.0097482204437256	sie	
2	445.1200000000031	1.0851516723632812	durch Plausibilitätsverzerrungen unterstützt	
2	446.1600000000031	0.8844714164733887	werden, wie wir	
2	447.2000000000031	0.9118082523345947	im Actionsstück sehen.	
2	448.24000000000314	0.897174596786499		
2	449.28000000000316	0.9854130744934082	Aus dem Ko-Referenzstück	
2	450.3200000000032	0.9065377712249756	erfahren wir, dass	
2	451.3600000000032	0.6144430637359619	das	
2	452.4000000000032	1.0777223110198975		
2	453.44000000000324	1.07649827003479	Verfolgen mehrerer Referenzen auf dasselbe Objekt in einem Bild	
2	454.48000000000326	0.8945837020874023	durch	
2	455.5200000000033	0.8769259452819824	den Einsatz von Pronomen	
2	456.5600000000033	0.8567075729370117		
2	457.6000000000033	0.9324014186859131	auch für	
2	458.64000000000334	1.030489444732666	Vision- und Sprachmodelle schwierig ist.	
2	459.68000000000336	0.7779557704925537	Als	
2	460.7200000000034	0.9183344841003418	Sanity Check und weil es	
2	461.7600000000034	0.8178269863128662	ein interessantes Experiment ist,	
2	462.8000000000034	0.7606489658355713		
2	463.84000000000344	0.9110093116760254	bewerten wir auch zwei	
2	464.88000000000346	0.9304511547088623		
2	465.9200000000035	1.1114521026611328		
2	466.9600000000035	1.2621033191680908		
2	468.0000000000035	1.3576934337615967	text-only-Modelle, GPT-1 und GPT-2, um zu	
2	469.04000000000354	1.0697758197784424	beurteilen, ob	
2	470.08000000000357	1.0312895774841309	Volves von diesen	
2	471.1200000000036	1.1153993606567383	unimodalen Modellen lösbar	
2	472.1600000000036	0.9688947200775146	ist, indem wir	
2	473.2000000000036	0.8515985012054443	die Perplexität	
2	474.24000000000365	1.0199909210205078		
2	475.28000000000367	1.12086820602417	der korrekten und	
2	476.3200000000037	1.0511887073516846	Standardunterschrift	
2	477.3600000000037	0.9886853694915771	ohne Bild berechnen und	
2	478.40000000000373	0.9452636241912842		
2	479.44000000000375	1.0513131618499756		
2	480.48000000000377	0.6412513256072998	das Eintrag mit der niedrigsten Perplexität vorhersagen.	
2	481.5200000000038	0.8436505794525146		
2	482.5600000000038	0.9652178287506104	Wenn die Perplexität	
2	483.60000000000383	0.9387898445129395	für das	
2	484.64000000000385	0.9420456886291504	FOIL höher ist, nehmen wir dies als	
2	485.6800000000039	0.9471375942230225		
2	486.7200000000039	0.9970746040344238		
2	487.7600000000039	1.1119110584259033		
2	488.80000000000393	1.3841328620910645	Hinweis darauf, dass die gefoilte Unterschrift unter	
2	489.84000000000395	1.181060791015625	Plausibilitätsverzerrung oder anderen	
2	490.880000000004	0.863661527633667	linguistischen Verzerrungen leiden könnte.	
2	491.920000000004	0.7538917064666748		
2	492.960000000004	0.9063985347747803	Und es ist	
2	494.00000000000404	0.8874392509460449	interessant zu sehen, dass in	
2	495.04000000000406	0.8505182266235352	einigen	
2	496.0800000000041	0.9464414119720459	Fällen die	
2	497.1200000000041	1.0492749214172363	text-only-GPT-Modelle	
2	498.1600000000041	0.8822910785675049	die Plausibilität	
2	499.20000000000414	0.9190199375152588	der Welt	
2	500.24000000000416	0.9525830745697021	besser erfasst haben als	
2	501.2800000000042	0.8541436195373535		
2	502.3200000000042	1.0514204502105713	die Vision- und Sprachmodelle.	
2	503.3600000000042	0.8934228420257568	Also, um	
2	504.40000000000424	0.9885406494140625	zusammenzufassen,	
2	505.44000000000426	0.8720695972442627	ist Valves eine	
2	506.4800000000043	1.000821590423584	Benchmark, die	
2	507.5200000000043	0.9469962120056152	Linse	
2	508.5600000000043	1.063385248184204	linguistischer	
2	509.60000000000434	1.0816075801849365	Konstruktionen	
2	510.64000000000436	1.169081687927246		
2	511.6800000000044	1.1730983257293701	nutzt, um der Gemeinschaft zu helfen, Vision- und Sprachmodelle	
2	512.7200000000043	0.9214861392974854	durch harte	
2	513.7600000000043	1.022665023803711	Tests ihrer	
2	514.8000000000043	0.49115562438964844	visuellen Grounding-Fähigkeiten zu verbessern.	
2	515.8400000000042	0.1754767894744873		
2	516.8800000000042	0.8764042854309082		
2	517.9200000000042	1.0402019023895264	Unsere Experimente zeigen, dass	
2	518.9600000000041	0.8791263103485107	Vision- und	
2	520.0000000000041	0.9038078784942627	Sprachmodelle	
2	521.040000000004	1.0597589015960693	benannte Objekte in	
2	522.080000000004	0.9958672523498535		
2	523.120000000004	1.1790201663970947	ihrem Anwesen in Bildern gut identifizieren, wie	
2	524.160000000004	0.8609850406646729		
2	525.2000000000039	1.0859310626983643	vom Existenzstück gezeigt	
2	526.2400000000039	1.191976547241211	wird, aber scheitern	
2	527.2800000000038	0.9180295467376709		
2	528.3200000000038	1.2193772792816162	dabei, ihre Interdependenz	
2	529.3600000000038	1.2482359409332275	und Beziehungen in visuellen	
2	530.4000000000037	1.3384761810302734	Szenen zu verankern, wenn sie	
2	531.4400000000037	1.131117343902588		
2	532.4800000000037	0.6594376564025879	gezwungen sind, linguistische Indikatoren zu respektieren.	
2	533.5200000000036	0.8494715690612793		
2	534.5600000000036	0.9260025024414062	Wir würden	
2	535.6000000000035	1.0457520484924316	die Gemeinschaft wirklich	
2	536.6400000000035	1.1533031463623047	ermutigen, Valves	
2	537.6800000000035	1.0917983055114746	zur Messung	
2	538.7200000000034	1.0489602088928223	des Fortschritts	
2	539.7600000000034	0.9615297317504883	hin	
2	540.8000000000034	1.074704885482788	zu Sprachgrounding mit	
2	541.8400000000033	1.0574636459350586	Vision- und Sprachmodellen zu verwenden.	
2	542.8800000000033	0.9570176601409912	Und	
2	543.9200000000033	1.0459203720092773	noch mehr,	
2	544.9600000000032	1.0233588218688965		
2	546.0000000000032	1.063779592514038	Valves könnte als indirekte	
2	547.0400000000031	1.05598783493042	Bewertung von Datensätzen verwendet	
2	548.0800000000031	0.8553051948547363	werden, da Modelle	
2	549.1200000000031	0.9009122848510742	vor und nach	
2	550.160000000003	1.0220386981964111	dem Training	
2	551.200000000003	1.215855598449707	oder Feinabstimmung	
2	552.240000000003	1.1711328029632568	evaluiert werden können, um zu sehen, ob ein	
2	553.2800000000029	0.94107985496521	Datensatz	
2	554.3200000000029	1.0368921756744385	hilft, Modelle	
2	555.3600000000029	0.9257886409759521	in	
2	556.4000000000028	1.126499891281128	irgendeinem	
2	557.4400000000028	1.0155296325683594	der Aspekte zu verbessern, die von Valves getestet werden.	
2	558.4800000000027	0.8830051422119141		
2	559.5200000000027	1.0876152515411377	Wenn Sie interessiert sind,	
2	560.5600000000027	1.0452711582183838	schauen Sie sich	
2	561.6000000000026	1.1039528846740723	die Valves-Daten auf GitHub	
2	562.6400000000026	1.096975564956665		
2	563.6800000000026	1.2283942699432373	an. Und wenn Sie Fragen haben, zögern Sie	
2	564.7200000000025	0.3708972930908203	nicht, uns zu kontaktieren.	
2	565.7600000000025	0.1717672348022461		
2	566.8000000000025	0.17528820037841797		
2	567.8080000000025	0.5200033187866211	zu kontaktieren.	
